customer_id,age,gender,city,occupation,annual_income,card_type,credit_limit,join_date,recency,frequency,monetary,r_score,f_score,m_score,rfm_score,segment,avg_txn_value,total_spend,credit_utilization,clv_simple,is_outlier_spend,cluster,cluster_label,credit_risk
C00001,59,M,Bangalore,Salaried,53492.97,Platinum,500000,2021-11-10,8,39,300829.65,4,4,3,443,Loyal,7713.58076923077,300829.65,0.6016593,601659.3,False,0,Mid Value,Medium Risk
C00002,31,M,Bangalore,Salaried,85462.99,Platinum,500000,2022-01-28,98,33,302059.2,1,2,3,123,At Risk,9153.309090909092,302059.2,0.6041184,604118.4,False,3,High Value,Medium Risk
C00003,22,M,Lucknow,Business Owner,76992.86,Silver,100000,2021-08-13,1,40,217947.38,5,4,1,541,Loyal,5448.6845,217947.38,1.0,435894.76,False,2,Low Value,High Risk
C00004,64,F,Lucknow,Salaried,73539.84,Silver,100000,2020-04-19,5,38,325621.95,5,4,3,543,Loyal,8568.998684210526,325621.95,1.0,651243.9,False,2,Low Value,High Risk
C00005,36,M,Jaipur,Salaried,62468.68,Gold,250000,2024-03-14,12,43,510728.08,3,5,5,355,Loyal,11877.397209302326,510728.08,1.0,1021456.16,False,1,Premium,High Risk
C00006,27,M,Jaipur,Retired,65083.99,Silver,100000,2019-06-16,36,35,283127.89,1,3,2,132,Regular,8089.368285714286,283127.89,1.0,566255.78,False,2,Low Value,High Risk
C00007,29,M,Delhi,Salaried,93375.78,Gold,250000,2021-02-14,4,46,265221.01,5,5,2,552,Loyal,5765.6741304347825,265221.01,1.0,530442.02,False,2,Low Value,High Risk
C00008,60,M,Lucknow,Business Owner,36967.07,Platinum,500000,2021-10-18,10,32,291779.54,4,2,3,423,New,9118.110625,291779.54,0.58355908,583559.08,False,0,Mid Value,Medium Risk
C00009,49,M,Ahmedabad,Student,92154.0,Silver,100000,2023-10-17,8,26,282219.21,4,1,2,412,New,10854.585000000001,282219.21,1.0,564438.42,False,2,Low Value,High Risk
C00010,38,M,Jaipur,Salaried,75141.05,Gold,250000,2021-03-02,61,32,186052.68,1,2,1,121,At Risk,5814.14625,186052.68,0.74421072,372105.36,False,3,High Value,Medium Risk
C00011,21,M,Bangalore,Self Employed,68693.9,Gold,250000,2020-10-09,16,37,338523.04000000004,3,4,4,344,Loyal,9149.271351351352,338523.04000000004,1.0,677046.0800000001,False,2,Low Value,High Risk
C00012,55,M,Hyderabad,Self Employed,61740.97,Platinum,500000,2020-01-14,15,34,284804.15,3,2,2,322,Regular,8376.592647058824,284804.15,0.5696083000000001,569608.3,False,0,Mid Value,Medium Risk
C00013,48,M,Ahmedabad,Self Employed,79937.9,Silver,100000,2021-12-07,39,36,439348.08,1,3,5,135,Regular,12204.113333333335,439348.08,1.0,878696.1600000001,False,1,Premium,High Risk
C00014,64,M,Kolkata,Retired,99266.35,Gold,250000,2023-04-20,6,39,385217.41,4,4,4,444,Champions,9877.369487179487,385217.41,1.0,770434.82,False,1,Premium,High Risk
C00015,23,M,Lucknow,Salaried,80841.87,Platinum,500000,2021-05-20,24,31,177402.66,2,2,1,221,At Risk,5722.666451612903,177402.66,0.35480532,354805.32,False,0,Mid Value,Low Risk
C00016,33,F,Chennai,Business Owner,116141.1,Silver,100000,2021-05-13,17,36,428766.45999999996,3,3,5,335,Loyal,11910.179444444444,428766.45999999996,1.0,857532.9199999999,False,1,Premium,High Risk
C00017,24,M,Hyderabad,Salaried,63409.84,Gold,250000,2022-04-09,16,33,270551.05,3,2,2,322,Regular,8198.516666666666,270551.05,1.0,541102.1,False,2,Low Value,High Risk
C00018,42,F,Jaipur,Salaried,80713.38,Platinum,500000,2020-11-12,41,27,317102.94,1,1,3,113,At Risk,11744.553333333333,317102.94,0.63420588,634205.88,False,3,High Value,Medium Risk
C00019,48,M,Hyderabad,Student,54107.19,Platinum,500000,2022-09-16,22,34,389965.23,2,2,4,224,At Risk,11469.565588235293,389965.23,0.77993046,779930.46,False,1,Premium,Medium Risk
C00020,59,M,Jaipur,Student,85398.02,Signature,1000000,2022-11-09,1,25,230671.69,5,1,1,511,New,9226.8676,230671.69,0.23067169,461343.38,False,0,Mid Value,Low Risk
C00021,61,M,Bangalore,Salaried,43890.85,Gold,250000,2019-11-14,11,28,279217.27999999997,4,1,2,412,New,9972.045714285714,279217.27999999997,1.0,558434.5599999999,False,2,Low Value,High Risk
C00022,44,M,Ahmedabad,Self Employed,54800.7,Signature,1000000,2022-10-29,24,35,366236.57,2,3,4,234,Regular,10463.902,366236.57,0.36623657,732473.14,False,0,Mid Value,Low Risk
C00023,32,F,Delhi,Retired,69443.48,Silver,100000,2023-07-07,5,31,380325.18,5,2,4,524,New,12268.554193548387,380325.18,1.0,760650.36,False,1,Premium,High Risk
C00024,48,F,Bangalore,Self Employed,19794.86,Silver,100000,2023-10-26,25,31,361250.51,2,2,4,224,At Risk,11653.242258064516,361250.51,1.0,722501.02,False,1,Premium,High Risk
C00025,64,F,Delhi,Self Employed,128951.04,Gold,250000,2023-01-02,34,39,251603.63999999998,2,4,2,242,Regular,6451.375384615384,251603.63999999998,1.0,503207.27999999997,False,2,Low Value,High Risk
C00026,44,F,Delhi,Salaried,15000.0,Gold,250000,2023-06-22,1,29,310169.93,5,1,3,513,New,10695.514827586207,310169.93,1.0,620339.86,False,2,Low Value,High Risk
C00027,26,M,Bangalore,Student,93690.18,Silver,100000,2024-05-09,30,31,226403.66,2,2,1,221,At Risk,7303.343870967742,226403.66,1.0,452807.32,False,2,Low Value,High Risk
C00028,40,F,Ahmedabad,Salaried,82944.68,Gold,250000,2024-01-18,4,33,324253.2,5,2,3,523,New,9825.854545454546,324253.2,1.0,648506.4,False,2,Low Value,High Risk
C00029,38,F,Lucknow,Salaried,84459.37,Platinum,500000,2024-05-23,24,43,345634.37,2,5,4,254,Regular,8038.008604651162,345634.37,0.6912687399999999,691268.74,False,1,Premium,Medium Risk
C00030,36,M,Delhi,Salaried,97793.69,Platinum,500000,2021-10-13,4,29,315229.81,5,1,3,513,New,10869.993448275862,315229.81,0.63045962,630459.62,False,0,Mid Value,Medium Risk
C00031,32,M,Bangalore,Student,100014.57,Silver,100000,2022-06-10,24,24,315749.38,2,1,3,213,At Risk,13156.224166666667,315749.38,1.0,631498.76,False,3,High Value,High Risk
C00032,53,F,Chennai,Student,74572.63,Gold,250000,2020-08-09,33,39,254090.12,2,4,2,242,Regular,6515.131282051282,254090.12,1.0,508180.24,False,2,Low Value,High Risk
C00033,40,M,Mumbai,Business Owner,15000.0,Signature,1000000,2019-06-02,120,23,192780.6,1,1,1,111,At Risk,8381.765217391305,192780.6,0.1927806,385561.2,False,3,High Value,Low Risk
C00034,55,M,Chennai,Salaried,105058.94,Gold,250000,2023-09-01,15,33,399903.0,3,2,5,325,Regular,12118.272727272728,399903.0,1.0,799806.0,False,1,Premium,High Risk
C00035,41,F,Delhi,Business Owner,56124.19,Platinum,500000,2022-05-03,22,38,370188.66,2,4,4,244,Regular,9741.806842105263,370188.66,0.7403773199999999,740377.32,False,1,Premium,Medium Risk
C00036,42,F,Pune,Salaried,36625.08,Silver,100000,2021-01-19,29,35,456576.07,2,3,5,235,Regular,13045.030571428571,456576.07,1.0,913152.14,False,1,Premium,High Risk
C00037,28,F,Delhi,Salaried,106281.46,Gold,250000,2019-10-11,7,36,342907.76,4,3,4,434,Loyal,9525.215555555556,342907.76,1.0,685815.52,False,1,Premium,High Risk
C00038,39,F,Delhi,Retired,86138.8,Gold,250000,2022-04-30,65,31,305320.82,1,2,3,123,At Risk,9849.05870967742,305320.82,1.0,610641.64,False,3,High Value,High Risk
C00039,50,F,Chennai,Salaried,66276.03,Signature,1000000,2022-01-27,12,30,249217.2,3,1,2,312,Regular,8307.24,249217.2,0.2492172,498434.39999999997,False,0,Mid Value,Low Risk
C00040,41,M,Mumbai,Business Owner,92210.22,Silver,100000,2022-03-30,24,42,328710.1,2,5,3,253,Regular,7826.430952380952,328710.1,1.0,657420.2,False,2,Low Value,High Risk
C00041,51,F,Delhi,Student,35568.4,Silver,100000,2020-05-04,2,41,395264.58,5,5,5,555,Champions,9640.599512195122,395264.58,1.0,790529.16,False,1,Premium,High Risk
C00042,29,F,Lucknow,Student,111688.08,Platinum,500000,2022-04-14,6,31,291237.58,4,2,2,422,New,9394.76064516129,291237.58,0.58247516,582475.16,False,0,Mid Value,Medium Risk
C00043,55,M,Chennai,Business Owner,89703.92,Silver,100000,2021-06-21,7,31,272728.06,4,2,2,422,New,8797.67935483871,272728.06,1.0,545456.12,False,2,Low Value,High Risk
C00044,36,M,Mumbai,Salaried,26922.98,Silver,100000,2024-03-21,20,32,182810.03,2,2,1,221,At Risk,5712.8134375,182810.03,1.0,365620.06,False,2,Low Value,High Risk
C00045,43,M,Lucknow,Student,33996.05,Silver,100000,2022-04-28,12,37,266092.03,3,4,2,342,Loyal,7191.676486486487,266092.03,1.0,532184.06,False,2,Low Value,High Risk
C00046,62,M,Kolkata,Business Owner,106041.41,Platinum,500000,2021-12-13,33,41,279900.42,2,5,2,252,Regular,6826.839512195122,279900.42,0.55980084,559800.84,False,0,Mid Value,Medium Risk
C00047,64,M,Bangalore,Business Owner,68570.69,Platinum,500000,2021-09-18,75,32,396309.41,1,2,5,125,At Risk,12384.6690625,396309.41,0.79261882,792618.82,False,3,High Value,Medium Risk
C00048,36,F,Bangalore,Self Employed,85560.83,Signature,1000000,2020-09-27,36,41,318432.49,1,5,3,153,Regular,7766.646097560975,318432.49,0.31843249,636864.98,False,0,Mid Value,Low Risk
C00049,39,M,Jaipur,Self Employed,46224.38,Silver,100000,2019-04-27,18,39,338413.22,3,4,4,344,Loyal,8677.26205128205,338413.22,1.0,676826.44,False,2,Low Value,High Risk
C00050,21,M,Pune,Self Employed,66557.91,Silver,100000,2020-05-27,9,35,318425.13,4,3,3,433,Loyal,9097.860857142858,318425.13,1.0,636850.26,False,2,Low Value,High Risk
C00051,60,F,Pune,Self Employed,75515.67,Gold,250000,2020-12-04,22,32,243020.47,2,2,1,221,At Risk,7594.3896875,243020.47,0.97208188,486040.94,False,2,Low Value,High Risk
C00052,23,M,Pune,Salaried,87336.91,Silver,100000,2023-08-07,44,39,296299.96,1,4,3,143,Regular,7597.434871794872,296299.96,1.0,592599.92,False,2,Low Value,High Risk
C00053,34,M,Hyderabad,Salaried,90972.77,Silver,100000,2022-07-01,36,41,290984.74,1,5,2,152,Regular,7097.188780487804,290984.74,1.0,581969.48,False,2,Low Value,High Risk
C00054,25,M,Lucknow,Retired,87996.9,Platinum,500000,2022-04-18,5,42,393429.81,5,5,5,555,Champions,9367.376428571428,393429.81,0.78685962,786859.6199999999,False,1,Premium,Medium Risk
C00055,52,F,Mumbai,Salaried,82149.27,Silver,100000,2021-03-02,1,31,267585.81,5,2,2,522,New,8631.800322580644,267585.81,1.0,535171.62,False,2,Low Value,High Risk
C00056,52,F,Bangalore,Business Owner,97292.15,Signature,1000000,2023-08-15,9,42,328659.51,4,5,3,453,Loyal,7825.226428571429,328659.51,0.32865951,657319.02,False,0,Mid Value,Low Risk
C00057,53,F,Lucknow,Salaried,84436.53,Gold,250000,2023-05-20,6,36,340772.56,4,3,4,434,Loyal,9465.904444444444,340772.56,1.0,681545.12,False,1,Premium,High Risk
C00058,49,M,Bangalore,Business Owner,84011.72,Silver,100000,2023-06-19,42,37,239449.73,1,4,1,141,Regular,6471.614324324325,239449.73,1.0,478899.4600000001,False,2,Low Value,High Risk
C00059,43,M,Bangalore,Salaried,63756.33,Platinum,500000,2023-06-14,23,33,421382.13,2,2,5,225,At Risk,12769.155454545455,421382.13,0.84276426,842764.26,False,1,Premium,High Risk
C00060,24,F,Ahmedabad,Self Employed,55209.97,Gold,250000,2023-07-08,7,29,284039.27,4,1,2,412,New,9794.457586206898,284039.27,1.0,568078.54,False,2,Low Value,High Risk
C00061,41,F,Delhi,Self Employed,71522.32,Gold,250000,2021-07-08,6,35,341504.82,4,3,4,434,Loyal,9757.280571428571,341504.82,1.0,683009.64,False,1,Premium,High Risk
C00062,56,M,Kolkata,Salaried,84838.0,Gold,250000,2019-04-06,7,34,345380.5,4,2,4,424,New,10158.25,345380.5,1.0,690761.0,False,1,Premium,High Risk
C00063,33,M,Jaipur,Salaried,44121.55,Gold,250000,2024-03-19,3,30,239466.7,5,1,1,511,New,7982.223333333333,239466.7,0.9578668,478933.4,False,2,Low Value,High Risk
C00064,39,F,Bangalore,Salaried,93717.82,Gold,250000,2020-01-31,23,33,281206.1,2,2,2,222,At Risk,8521.396969696969,281206.1,1.0,562412.2,False,2,Low Value,High Risk
C00065,27,F,Kolkata,Salaried,73107.04,Gold,250000,2023-03-10,4,35,436316.74,5,3,5,535,Loyal,12466.192571428572,436316.74,1.0,872633.48,False,1,Premium,High Risk
C00066,32,M,Kolkata,Self Employed,78029.08,Silver,100000,2021-06-09,26,30,224292.11000000002,2,1,1,211,At Risk,7476.403666666667,224292.11000000002,1.0,448584.22000000003,False,2,Low Value,High Risk
C00067,59,M,Bangalore,Student,69632.6,Silver,100000,2022-05-31,7,31,297861.54,4,2,3,423,New,9608.436774193548,297861.54,1.0,595723.08,False,2,Low Value,High Risk
C00068,63,M,Lucknow,Student,43082.37,Platinum,500000,2021-01-20,22,31,382625.14,2,2,4,224,At Risk,12342.746451612904,382625.14,0.7652502800000001,765250.28,False,1,Premium,Medium Risk
C00069,37,M,Kolkata,Salaried,57000.9,Platinum,500000,2020-09-25,1,34,283693.38,5,2,2,522,New,8343.92294117647,283693.38,0.56738676,567386.76,False,0,Mid Value,Medium Risk
C00070,28,F,Delhi,Retired,76114.68,Gold,250000,2024-01-31,32,30,169569.13999999998,2,1,1,211,At Risk,5652.304666666666,169569.13999999998,0.6782765599999999,339138.27999999997,False,0,Mid Value,Medium Risk
C00071,45,F,Pune,Self Employed,17701.44,Platinum,500000,2023-12-16,33,36,338948.09,2,3,4,234,Regular,9415.224722222223,338948.09,0.6778961800000001,677896.18,False,0,Mid Value,Medium Risk
C00072,30,M,Mumbai,Business Owner,102084.34,Signature,1000000,2019-02-08,90,22,148932.4,1,1,1,111,At Risk,6769.654545454545,148932.4,0.1489324,297864.8,False,3,High Value,Low Risk
C00073,40,M,Delhi,Salaried,108134.15,Gold,250000,2019-07-09,31,28,222669.2,2,1,1,211,At Risk,7952.471428571429,222669.2,0.8906768,445338.4,False,2,Low Value,High Risk
C00074,53,F,Kolkata,Salaried,93125.89,Silver,100000,2019-05-14,27,38,450801.7,2,4,5,245,Regular,11863.202631578948,450801.7,1.0,901603.4,False,1,Premium,High Risk
C00075,41,M,Delhi,Business Owner,84208.82,Gold,250000,2022-06-10,52,40,289402.97,1,4,2,142,Regular,7235.07425,289402.97,1.0,578805.94,False,3,High Value,High Risk
C00076,23,F,Lucknow,Retired,71630.52,Signature,1000000,2024-05-30,48,25,232609.26,1,1,1,111,At Risk,9304.3704,232609.26,0.23260926,465218.52,False,0,Mid Value,Low Risk
C00077,28,M,Lucknow,Salaried,43733.15,Silver,100000,2022-02-19,3,37,285546.36,5,4,2,542,Loyal,7717.469189189189,285546.36,1.0,571092.72,False,2,Low Value,High Risk
C00078,48,M,Pune,Salaried,62954.55,Silver,100000,2019-02-10,82,29,217403.5,1,1,1,111,At Risk,7496.672413793103,217403.5,1.0,434807.0,False,3,High Value,High Risk
C00079,29,M,Bangalore,Student,98512.72,Gold,250000,2021-07-13,13,29,263547.57,3,1,2,312,Regular,9087.84724137931,263547.57,1.0,527095.14,False,2,Low Value,High Risk
C00080,38,F,Mumbai,Salaried,52692.89,Gold,250000,2020-12-09,5,30,267191.25,5,1,2,512,New,8906.375,267191.25,1.0,534382.5,False,2,Low Value,High Risk
C00081,50,F,Kolkata,Self Employed,67791.67,Platinum,500000,2019-08-12,9,37,297631.21,4,4,3,443,Loyal,8044.0867567567575,297631.21,0.5952624200000001,595262.42,False,0,Mid Value,Medium Risk
C00082,45,F,Delhi,Business Owner,61533.36,Signature,1000000,2021-03-05,6,39,466939.5,4,4,5,445,Champions,11972.807692307691,466939.5,0.4669395,933878.9999999999,False,1,Premium,Low Risk
C00083,55,F,Kolkata,Business Owner,76560.49,Gold,250000,2023-07-27,1,32,293188.0,5,2,3,523,New,9162.125,293188.0,1.0,586376.0,False,2,Low Value,High Risk
C00084,57,M,Jaipur,Salaried,55468.73,Platinum,500000,2019-03-24,8,43,474802.52,4,5,5,455,Champions,11041.919069767442,474802.52,0.94960504,949605.04,False,1,Premium,High Risk
C00085,33,M,Ahmedabad,Salaried,79995.2,Platinum,500000,2019-02-03,19,38,277189.97,3,4,2,342,Loyal,7294.472894736841,277189.97,0.5543799399999999,554379.94,False,0,Mid Value,Medium Risk
C00086,54,M,Delhi,Business Owner,62262.94,Gold,250000,2021-02-09,4,33,330057.71,5,2,3,523,New,10001.748787878789,330057.71,1.0,660115.42,False,2,Low Value,High Risk
C00087,25,F,Mumbai,Student,53102.24,Gold,250000,2022-06-06,11,41,322938.2,4,5,3,453,Loyal,7876.541463414635,322938.2,1.0,645876.4,False,2,Low Value,High Risk
C00088,59,F,Mumbai,Business Owner,146177.73,Silver,100000,2021-02-02,42,42,236419.1,1,5,1,151,Regular,5629.026190476191,236419.1,1.0,472838.20000000007,False,2,Low Value,High Risk
C00089,50,M,Ahmedabad,Retired,43942.54,Platinum,500000,2019-09-06,17,45,477103.57,3,5,5,355,Loyal,10602.301555555556,477103.57,0.9542071400000001,954207.14,False,1,Premium,High Risk
C00090,50,F,Chennai,Business Owner,73492.33,Gold,250000,2023-05-06,31,41,282652.91000000003,2,5,2,252,Regular,6893.973414634147,282652.91000000003,1.0,565305.8200000001,False,2,Low Value,High Risk
C00091,37,F,Mumbai,Salaried,18898.53,Gold,250000,2020-06-29,62,32,482629.93,1,2,5,125,At Risk,15082.1853125,482629.93,1.0,965259.86,False,1,Premium,High Risk
C00092,63,M,Jaipur,Business Owner,68333.57,Gold,250000,2024-06-17,20,31,252916.14,2,2,2,222,At Risk,8158.585161290323,252916.14,1.0,505832.28,False,2,Low Value,High Risk
C00093,36,F,Mumbai,Business Owner,36962.44,Silver,100000,2022-05-03,3,30,246045.98,5,1,2,512,New,8201.532666666668,246045.98,1.0,492091.9600000001,False,2,Low Value,High Risk
C00094,39,M,Pune,Salaried,84630.2,Platinum,500000,2023-01-29,7,39,304657.64,4,4,3,443,Loyal,7811.73435897436,304657.64,0.60931528,609315.28,False,0,Mid Value,Medium Risk
C00095,21,M,Jaipur,Salaried,15000.0,Platinum,500000,2024-05-22,17,34,394406.55,3,2,5,325,Regular,11600.192647058822,394406.55,0.7888130999999999,788813.0999999999,False,1,Premium,Medium Risk
C00096,42,M,Delhi,Salaried,85388.24,Silver,100000,2019-12-16,6,39,423626.9,4,4,5,445,Champions,10862.228205128205,423626.9,1.0,847253.8,False,1,Premium,High Risk
C00097,21,M,Pune,Salaried,75445.21,Signature,1000000,2019-10-30,17,39,350925.63,3,4,4,344,Loyal,8998.093076923076,350925.63,0.35092563,701851.26,False,0,Mid Value,Low Risk
C00098,48,F,Lucknow,Salaried,46743.05,Gold,250000,2022-05-24,21,38,349170.17,2,4,4,244,Regular,9188.688684210525,349170.17,1.0,698340.3399999999,False,1,Premium,High Risk
C00099,27,M,Lucknow,Salaried,96005.47,Platinum,500000,2023-03-12,1,41,344441.29,5,5,4,554,Champions,8401.007073170731,344441.29,0.6888825799999999,688882.58,False,1,Premium,Medium Risk
C00100,35,M,Lucknow,Business Owner,84131.1,Silver,100000,2023-07-13,15,30,246198.22999999998,3,1,2,312,Regular,8206.607666666667,246198.22999999998,1.0,492396.46,False,2,Low Value,High Risk
C00101,37,M,Jaipur,Self Employed,50602.81,Silver,100000,2019-05-25,21,36,272090.2,2,3,2,232,Regular,7558.061111111111,272090.2,1.0,544180.4,False,2,Low Value,High Risk
C00102,23,M,Pune,Business Owner,37553.56,Gold,250000,2022-03-15,21,37,398274.6,2,4,5,245,Regular,10764.178378378378,398274.6,1.0,796549.2,False,1,Premium,High Risk
C00103,28,M,Lucknow,Business Owner,114383.02,Gold,250000,2020-09-04,9,32,358868.99,4,2,4,424,New,11214.6559375,358868.99,1.0,717737.98,False,1,Premium,High Risk
C00104,26,M,Kolkata,Salaried,129584.09,Gold,250000,2022-08-05,4,34,364189.95,5,2,4,524,New,10711.469117647059,364189.95,1.0,728379.9,False,1,Premium,High Risk
C00105,24,M,Ahmedabad,Self Employed,93924.53,Silver,100000,2019-04-28,11,42,353016.5,4,5,4,454,Champions,8405.154761904761,353016.5,1.0,706033.0,False,1,Premium,High Risk
C00106,22,M,Kolkata,Salaried,74356.12,Gold,250000,2022-11-16,121,29,214213.54,1,1,1,111,At Risk,7386.673793103449,214213.54,0.85685416,428427.08,False,3,High Value,High Risk
C00107,24,F,Pune,Business Owner,78392.72,Silver,100000,2020-07-12,7,29,383539.26,4,1,4,414,New,13225.491724137932,383539.26,1.0,767078.52,False,1,Premium,High Risk
C00108,31,M,Delhi,Salaried,15000.0,Signature,1000000,2021-04-24,5,31,344182.16,5,2,4,524,New,11102.650322580645,344182.16,0.34418215999999996,688364.32,False,0,Mid Value,Low Risk
C00109,30,F,Delhi,Salaried,129910.24,Silver,100000,2022-04-06,10,30,220558.75,4,1,1,411,New,7351.958333333333,220558.75,1.0,441117.5,False,2,Low Value,High Risk
C00110,29,M,Pune,Salaried,129519.76,Platinum,500000,2024-06-17,48,31,142784.1,1,2,1,121,At Risk,4605.93870967742,142784.1,0.2855682,285568.2,False,0,Mid Value,Low Risk
C00111,50,F,Bangalore,Salaried,53207.74,Signature,1000000,2023-01-22,8,37,198399.07,4,4,1,441,Loyal,5362.137027027027,198399.07,0.19839907,396798.14,False,0,Mid Value,Low Risk
C00112,60,F,Ahmedabad,Student,115150.75,Platinum,500000,2023-05-15,10,41,344656.22,4,5,4,454,Champions,8406.249268292682,344656.22,0.6893124399999999,689312.44,False,1,Premium,Medium Risk
C00113,57,M,Lucknow,Retired,55371.81,Silver,100000,2019-01-05,31,35,451184.35,2,3,5,235,Regular,12890.981428571427,451184.35,1.0,902368.7,False,1,Premium,High Risk
C00114,45,F,Ahmedabad,Salaried,57023.25,Platinum,500000,2019-03-30,31,40,321930.92,2,4,3,243,Regular,8048.272999999999,321930.92,0.64386184,643861.84,False,0,Mid Value,Medium Risk
C00115,34,M,Jaipur,Salaried,77505.71,Gold,250000,2020-07-28,21,43,405270.73,2,5,5,255,Regular,9424.900697674419,405270.73,1.0,810541.46,False,1,Premium,High Risk
C00116,22,M,Hyderabad,Salaried,94172.06,Gold,250000,2023-06-28,83,28,308725.45,1,1,3,113,At Risk,11025.908928571429,308725.45,1.0,617450.9,False,3,High Value,High Risk
C00117,26,F,Delhi,Business Owner,106441.66,Gold,250000,2023-03-04,66,37,218974.85,1,4,1,141,Regular,5918.239189189189,218974.85,0.8758994,437949.7,False,3,High Value,High Risk
C00118,59,M,Delhi,Self Employed,43574.09,Gold,250000,2019-06-06,34,29,305730.71,2,1,3,213,At Risk,10542.43827586207,305730.71,1.0,611461.42,False,3,High Value,High Risk
C00119,47,M,Chennai,Business Owner,115293.14,Platinum,500000,2021-05-14,9,33,379525.53,4,2,4,424,New,11500.773636363638,379525.53,0.7590510600000001,759051.06,False,1,Premium,Medium Risk
C00120,35,M,Chennai,Self Employed,82061.03,Platinum,500000,2022-07-08,4,32,327409.13,5,2,3,523,New,10231.5353125,327409.13,0.65481826,654818.26,False,0,Mid Value,Medium Risk
C00121,22,M,Kolkata,Student,70817.94,Gold,250000,2021-03-04,17,31,366332.67,3,2,4,324,Regular,11817.182903225807,366332.67,1.0,732665.34,False,1,Premium,High Risk
C00122,30,M,Lucknow,Retired,65946.99,Silver,100000,2022-03-03,25,36,326454.89999999997,2,3,3,233,Regular,9068.191666666666,326454.89999999997,1.0,652909.7999999999,False,2,Low Value,High Risk
C00123,32,F,Chennai,Retired,61934.97,Platinum,500000,2020-11-13,4,28,316503.62,5,1,3,513,New,11303.700714285715,316503.62,0.63300724,633007.24,False,0,Mid Value,Medium Risk
C00124,25,F,Delhi,Business Owner,56804.07,Signature,1000000,2024-02-07,33,40,412603.16,2,4,5,245,Regular,10315.079,412603.16,0.41260315999999997,825206.32,False,1,Premium,Low Risk
C00125,29,F,Delhi,Salaried,117795.6,Signature,1000000,2023-10-16,10,42,384695.24,4,5,4,454,Champions,9159.410476190476,384695.24,0.38469524,769390.48,False,0,Mid Value,Low Risk
C00126,41,M,Jaipur,Salaried,54663.53,Silver,100000,2020-02-24,27,46,628327.1,2,5,5,255,Regular,13659.284782608695,628327.1,1.0,1256654.2,True,1,Premium,High Risk
C00127,60,F,Kolkata,Business Owner,22497.8,Platinum,500000,2019-07-21,2,27,176282.78,5,1,1,511,New,6528.991851851852,176282.78,0.35256556,352565.56,False,0,Mid Value,Low Risk
C00128,55,F,Pune,Salaried,112464.48,Gold,250000,2020-06-20,1,46,416713.29,5,5,5,555,Champions,9058.984565217392,416713.29,1.0,833426.5800000001,False,1,Premium,High Risk
C00129,38,M,Bangalore,Salaried,95215.82,Gold,250000,2021-08-12,1,42,425338.83999999997,5,5,5,555,Champions,10127.115238095237,425338.83999999997,1.0,850677.6799999999,False,1,Premium,High Risk
C00130,45,M,Delhi,Salaried,68845.25,Gold,250000,2020-12-10,27,39,303902.49,2,4,3,243,Regular,7792.371538461538,303902.49,1.0,607804.98,False,2,Low Value,High Risk
C00131,63,F,Pune,Salaried,39484.23,Signature,1000000,2020-11-19,34,38,373453.33,2,4,4,244,Regular,9827.719210526317,373453.33,0.37345333000000003,746906.66,False,0,Mid Value,Low Risk
C00132,60,M,Hyderabad,Salaried,85500.08,Gold,250000,2023-11-28,1,34,307638.3,5,2,3,523,New,9048.185294117648,307638.3,1.0,615276.6000000001,False,2,Low Value,High Risk
C00133,39,M,Ahmedabad,Business Owner,56559.19,Gold,250000,2023-02-09,49,36,285818.08,1,3,2,132,Regular,7939.391111111112,285818.08,1.0,571636.16,False,3,High Value,High Risk
C00134,21,M,Pune,Salaried,15000.0,Platinum,500000,2022-04-13,11,35,304328.1,4,3,3,433,Loyal,8695.08857142857,304328.1,0.6086562,608656.2,False,0,Mid Value,Medium Risk
C00135,50,M,Bangalore,Salaried,34674.15,Silver,100000,2021-07-13,10,32,317940.52999999997,4,2,3,423,New,9935.641562499999,317940.52999999997,1.0,635881.0599999999,False,2,Low Value,High Risk
C00136,30,M,Hyderabad,Retired,76111.05,Platinum,500000,2019-06-11,16,33,255033.58000000002,3,2,2,322,Regular,7728.290303030303,255033.58000000002,0.5100671600000001,510067.16000000003,False,0,Mid Value,Medium Risk
C00137,52,M,Hyderabad,Self Employed,98070.35,Silver,100000,2021-01-28,2,48,391453.18,5,5,5,555,Champions,8155.274583333333,391453.18,1.0,782906.36,False,1,Premium,High Risk
C00138,28,F,Bangalore,Self Employed,108146.65,Silver,100000,2022-06-16,15,38,261864.62,3,4,2,342,Loyal,6891.174210526316,261864.62,1.0,523729.24,False,2,Low Value,High Risk
C00139,28,F,Chennai,Retired,62790.24,Platinum,500000,2022-02-17,22,34,247755.87,2,2,2,222,At Risk,7286.937352941176,247755.87,0.49551174,495511.74,False,0,Mid Value,Low Risk
C00140,41,F,Hyderabad,Business Owner,58755.38,Gold,250000,2021-04-02,51,40,408691.62,1,4,5,145,Regular,10217.2905,408691.62,1.0,817383.24,False,1,Premium,High Risk
C00141,53,F,Kolkata,Salaried,79783.99,Gold,250000,2020-05-28,20,33,293633.1,2,2,3,223,At Risk,8897.972727272727,293633.1,1.0,587266.2,False,2,Low Value,High Risk
C00142,62,F,Chennai,Business Owner,32466.59,Platinum,500000,2020-12-07,4,45,248391.94,5,5,2,552,Loyal,5519.820888888889,248391.94,0.49678388,496783.88000000006,False,0,Mid Value,Low Risk
C00143,58,F,Pune,Self Employed,51180.68,Platinum,500000,2024-03-05,16,34,430314.9,3,2,5,325,Regular,12656.320588235294,430314.9,0.8606298,860629.8,False,1,Premium,High Risk
C00144,37,F,Hyderabad,Self Employed,107549.54,Platinum,500000,2020-09-23,2,20,169976.14,5,1,1,511,New,8498.807,169976.14,0.33995228000000005,339952.28,False,0,Mid Value,Low Risk
C00145,37,F,Hyderabad,Salaried,138354.36,Platinum,500000,2024-06-08,12,29,201002.18,3,1,1,311,Regular,6931.109655172413,201002.18,0.40200436,402004.36,False,0,Mid Value,Low Risk
C00146,42,M,Mumbai,Salaried,15000.0,Platinum,500000,2019-01-04,62,37,234889.18,1,4,1,141,Regular,6348.356216216216,234889.18,0.46977836,469778.36,False,0,Mid Value,Low Risk
C00147,31,M,Delhi,Salaried,73619.42,Platinum,500000,2019-02-10,1,44,369332.2,5,5,4,554,Champions,8393.913636363637,369332.2,0.7386644,738664.4,False,1,Premium,Medium Risk
C00148,58,M,Pune,Salaried,109362.76,Platinum,500000,2023-06-11,37,36,285562.77,1,3,2,132,Regular,7932.299166666668,285562.77,0.57112554,571125.54,False,0,Mid Value,Medium Risk
C00149,51,M,Delhi,Salaried,77680.89,Gold,250000,2021-03-31,6,37,373451.33,4,4,4,444,Champions,10093.27918918919,373451.33,1.0,746902.66,False,1,Premium,High Risk
C00150,48,M,Pune,Self Employed,99480.73,Platinum,500000,2023-05-01,11,44,284118.81,4,5,2,452,Loyal,6457.245681818182,284118.81,0.56823762,568237.62,False,0,Mid Value,Medium Risk
C00151,56,M,Bangalore,Retired,63249.82,Signature,1000000,2019-07-06,45,40,345423.98,1,4,4,144,Regular,8635.5995,345423.98,0.34542397999999996,690847.96,False,0,Mid Value,Low Risk
C00152,44,M,Lucknow,Salaried,106227.77,Signature,1000000,2019-03-10,9,31,333323.86,4,2,4,424,New,10752.38258064516,333323.86,0.33332385999999997,666647.72,False,0,Mid Value,Low Risk
C00153,40,F,Mumbai,Business Owner,78506.74,Platinum,500000,2023-03-11,3,29,287285.97000000003,5,1,2,512,New,9906.41275862069,287285.97000000003,0.5745719400000001,574571.9400000001,False,0,Mid Value,Medium Risk
C00154,22,M,Delhi,Business Owner,61581.52,Silver,100000,2020-12-13,8,38,347781.06,4,4,4,444,Champions,9152.133157894737,347781.06,1.0,695562.12,False,1,Premium,High Risk
C00155,63,F,Bangalore,Salaried,41659.28,Silver,100000,2023-03-02,25,23,170549.16,2,1,1,211,At Risk,7415.180869565217,170549.16,1.0,341098.32,False,2,Low Value,High Risk
C00156,54,M,Delhi,Salaried,139087.36,Silver,100000,2023-06-25,35,38,212099.69,1,4,1,141,Regular,5581.570789473684,212099.69,1.0,424199.38,False,2,Low Value,High Risk
C00157,30,F,Ahmedabad,Business Owner,76525.24,Silver,100000,2023-06-04,11,33,243678.34,4,2,1,421,New,7384.1921212121215,243678.34,1.0,487356.68,False,2,Low Value,High Risk
C00158,37,F,Ahmedabad,Salaried,128376.14,Gold,250000,2020-01-09,25,31,250448.62,2,2,2,222,At Risk,8078.987741935483,250448.62,1.0,500897.24,False,2,Low Value,High Risk
C00159,45,M,Lucknow,Business Owner,110645.36,Silver,100000,2023-04-11,16,40,280963.72000000003,3,4,2,342,Loyal,7024.093000000001,280963.72000000003,1.0,561927.4400000001,False,2,Low Value,High Risk
C00160,37,M,Hyderabad,Salaried,100859.28,Silver,100000,2021-09-07,4,44,408303.55,5,5,5,555,Champions,9279.626136363637,408303.55,1.0,816607.1000000001,False,1,Premium,High Risk
C00161,27,F,Chennai,Student,83399.19,Signature,1000000,2020-12-27,35,37,325419.89,1,4,3,143,Regular,8795.132162162163,325419.89,0.32541989,650839.78,False,0,Mid Value,Low Risk
C00162,38,M,Ahmedabad,Salaried,63601.83,Gold,250000,2020-09-06,10,40,254218.66,4,4,2,442,Loyal,6355.4665,254218.66,1.0,508437.32000000007,False,2,Low Value,High Risk
C00163,54,M,Ahmedabad,Business Owner,72389.74,Gold,250000,2021-09-09,5,34,260869.44,5,2,2,522,New,7672.630588235294,260869.44,1.0,521738.88,False,2,Low Value,High Risk
C00164,49,F,Lucknow,Student,100399.48,Gold,250000,2022-11-21,22,47,514746.93,2,5,5,255,Regular,10952.062340425531,514746.93,1.0,1029493.8599999999,False,1,Premium,High Risk
C00165,22,M,Delhi,Salaried,91401.99,Platinum,500000,2021-11-28,6,26,238056.07,4,1,1,411,New,9156.002692307693,238056.07,0.47611214,476112.14,False,0,Mid Value,Low Risk
C00166,64,M,Jaipur,Self Employed,71410.52,Gold,250000,2023-01-03,4,36,278568.19,5,3,2,532,Loyal,7738.005277777778,278568.19,1.0,557136.38,False,2,Low Value,High Risk
C00167,45,M,Ahmedabad,Salaried,78609.22,Platinum,500000,2023-09-09,3,42,404984.66,5,5,5,555,Champions,9642.491904761904,404984.66,0.80996932,809969.32,False,1,Premium,High Risk
C00168,24,M,Delhi,Retired,15000.0,Platinum,500000,2019-10-20,5,40,305184.96,5,4,3,543,Loyal,7629.624000000001,305184.96,0.61036992,610369.92,False,0,Mid Value,Medium Risk
C00169,35,F,Kolkata,Self Employed,15000.0,Gold,250000,2022-03-09,139,23,185633.15,1,1,1,111,At Risk,8071.00652173913,185633.15,0.7425326,371266.3,False,3,High Value,Medium Risk
C00170,63,F,Ahmedabad,Business Owner,33778.13,Gold,250000,2021-03-17,14,42,431864.13,3,5,5,355,Loyal,10282.479285714286,431864.13,1.0,863728.26,False,1,Premium,High Risk
C00171,33,F,Lucknow,Salaried,65524.33,Platinum,500000,2022-08-26,3,41,393164.86,5,5,5,555,Champions,9589.386829268293,393164.86,0.78632972,786329.72,False,1,Premium,Medium Risk
C00172,46,F,Pune,Student,50217.6,Silver,100000,2020-05-20,42,31,283359.3,1,2,2,122,At Risk,9140.62258064516,283359.3,1.0,566718.6,False,3,High Value,High Risk
C00173,43,F,Bangalore,Salaried,112615.13,Gold,250000,2019-08-04,27,35,243415.33,2,3,1,231,Regular,6954.723714285714,243415.33,0.9736613199999999,486830.66,False,2,Low Value,High Risk
C00174,45,F,Jaipur,Salaried,52877.61,Gold,250000,2024-04-17,7,32,323681.6,4,2,3,423,New,10115.05,323681.6,1.0,647363.2,False,2,Low Value,High Risk
C00175,48,F,Ahmedabad,Retired,51861.17,Platinum,500000,2019-06-19,20,38,334472.99,2,4,4,244,Regular,8801.920789473685,334472.99,0.6689459799999999,668945.98,False,0,Mid Value,Medium Risk
C00176,31,M,Pune,Salaried,69071.48,Silver,100000,2021-09-10,12,21,86611.59,3,1,1,311,Regular,4124.361428571428,86611.59,0.8661158999999999,173223.18,False,2,Low Value,High Risk
C00177,25,F,Kolkata,Retired,71367.76,Signature,1000000,2023-09-08,4,29,260328.87,5,1,2,512,New,8976.857586206896,260328.87,0.26032887,520657.73999999993,False,0,Mid Value,Low Risk
C00178,60,F,Lucknow,Business Owner,51070.24,Platinum,500000,2019-11-14,38,36,413157.89,1,3,5,135,Regular,11476.608055555556,413157.89,0.82631578,826315.78,False,1,Premium,High Risk
C00179,60,M,Ahmedabad,Salaried,90456.74,Silver,100000,2022-07-09,14,32,225115.02,3,2,1,321,Regular,7034.844375,225115.02,1.0,450230.04,False,2,Low Value,High Risk
C00180,61,F,Lucknow,Salaried,125401.22,Silver,100000,2020-07-10,22,37,555294.71,2,4,5,245,Regular,15007.965135135135,555294.71,1.0,1110589.42,True,1,Premium,High Risk
C00181,47,M,Hyderabad,Salaried,50524.26,Platinum,500000,2021-04-05,9,29,193794.93,4,1,1,411,New,6682.583793103448,193794.93,0.38758986,387589.86,False,0,Mid Value,Low Risk
C00182,52,F,Mumbai,Student,84416.86,Silver,100000,2023-08-21,4,37,294939.63,5,4,3,543,Loyal,7971.3413513513515,294939.63,1.0,589879.26,False,2,Low Value,High Risk
C00183,34,F,Delhi,Business Owner,45676.72,Silver,100000,2023-03-29,3,43,363312.04000000004,5,5,4,554,Champions,8449.117209302327,363312.04000000004,1.0,726624.0800000001,False,1,Premium,High Risk
C00184,60,M,Bangalore,Salaried,95867.89,Silver,100000,2020-11-30,6,27,321030.7,4,1,3,413,New,11890.025925925926,321030.7,1.0,642061.4,False,2,Low Value,High Risk
C00185,39,M,Kolkata,Salaried,77481.51,Signature,1000000,2024-01-29,13,40,383635.64,3,4,4,344,Loyal,9590.891,383635.64,0.38363564,767271.28,False,0,Mid Value,Low Risk
C00186,24,M,Delhi,Self Employed,117323.6,Silver,100000,2020-04-28,7,40,406350.0,4,4,5,445,Champions,10158.75,406350.0,1.0,812700.0,False,1,Premium,High Risk
C00187,37,F,Chennai,Business Owner,15701.23,Gold,250000,2019-07-29,2,33,291648.09,5,2,3,523,New,8837.82090909091,291648.09,1.0,583296.18,False,2,Low Value,High Risk
C00188,32,F,Bangalore,Salaried,98950.45,Silver,100000,2021-06-25,39,43,401907.94,1,5,5,155,Regular,9346.696279069767,401907.94,1.0,803815.88,False,1,Premium,High Risk
C00189,43,M,Hyderabad,Business Owner,18970.19,Signature,1000000,2022-01-27,9,38,302265.64,4,4,3,443,Loyal,7954.3589473684215,302265.64,0.30226564,604531.28,False,0,Mid Value,Low Risk
C00190,49,F,Chennai,Self Employed,57805.21,Gold,250000,2021-06-02,36,39,302902.99,1,4,3,143,Regular,7766.743333333333,302902.99,1.0,605805.98,False,2,Low Value,High Risk
C00191,47,M,Bangalore,Salaried,15000.0,Silver,100000,2021-07-22,7,38,324277.79000000004,4,4,3,443,Loyal,8533.62605263158,324277.79000000004,1.0,648555.5800000001,False,2,Low Value,High Risk
C00192,45,F,Ahmedabad,Salaried,52999.92,Platinum,500000,2023-12-15,30,42,433524.43,2,5,5,255,Regular,10322.010238095238,433524.43,0.86704886,867048.86,False,1,Premium,High Risk
C00193,45,M,Hyderabad,Business Owner,80281.76,Platinum,500000,2023-09-06,46,31,192125.63999999998,1,2,1,121,At Risk,6197.60129032258,192125.63999999998,0.38425128,384251.27999999997,False,0,Mid Value,Low Risk
C00194,64,F,Chennai,Self Employed,83702.6,Silver,100000,2024-01-26,11,31,413760.05,4,2,5,425,New,13347.098387096774,413760.05,1.0,827520.1,False,1,Premium,High Risk
C00195,45,M,Pune,Business Owner,27216.23,Gold,250000,2024-05-21,5,29,248924.5,5,1,2,512,New,8583.603448275862,248924.5,0.995698,497849.0,False,2,Low Value,High Risk
C00196,22,F,Delhi,Salaried,88184.95,Platinum,500000,2020-01-30,29,36,224366.51,2,3,1,231,Regular,6232.4030555555555,224366.51,0.44873302000000004,448733.02,False,0,Mid Value,Low Risk
C00197,38,M,Jaipur,Student,41889.34,Signature,1000000,2019-06-15,9,23,125846.47,4,1,1,411,New,5471.585652173913,125846.47,0.12584647,251692.94,False,0,Mid Value,Low Risk
C00198,58,M,Ahmedabad,Salaried,118564.06,Signature,1000000,2021-02-17,13,34,378386.06,3,3,4,334,Loyal,11129.001764705883,378386.06,0.37838606,756772.12,False,0,Mid Value,Low Risk
C00199,32,F,Mumbai,Salaried,142060.79,Platinum,500000,2020-12-14,32,30,220208.46,2,1,1,211,At Risk,7340.282,220208.46,0.44041692,440416.92,False,0,Mid Value,Low Risk
C00200,22,M,Delhi,Student,69321.91,Gold,250000,2023-11-04,34,35,261812.91999999998,2,3,2,232,Regular,7480.369142857143,261812.91999999998,1.0,523625.84,False,2,Low Value,High Risk
C00201,46,F,Mumbai,Salaried,39951.4,Gold,250000,2023-09-06,97,41,364593.61,1,5,4,154,Regular,8892.527073170731,364593.61,1.0,729187.22,False,3,High Value,High Risk
C00202,64,M,Pune,Business Owner,61566.99,Silver,100000,2024-06-17,38,44,442320.19,1,5,5,155,Regular,10052.73159090909,442320.19,1.0,884640.3799999999,False,1,Premium,High Risk
C00203,29,F,Chennai,Salaried,71788.91,Platinum,500000,2022-07-11,3,34,195208.05,5,3,1,531,Loyal,5741.413235294117,195208.05,0.3904161,390416.1,False,0,Mid Value,Low Risk
C00204,27,M,Lucknow,Self Employed,50591.9,Gold,250000,2019-07-27,6,41,319972.85,4,5,3,453,Loyal,7804.215853658536,319972.85,1.0,639945.7,False,2,Low Value,High Risk
C00205,23,M,Bangalore,Salaried,120569.45,Gold,250000,2023-03-28,18,34,245287.44,3,3,2,332,Loyal,7214.336470588235,245287.44,0.98114976,490574.88,False,2,Low Value,High Risk
C00206,56,F,Hyderabad,Salaried,56191.14,Platinum,500000,2023-10-23,21,30,335596.92,2,1,4,214,At Risk,11186.564,335596.92,0.6711938399999999,671193.84,False,0,Mid Value,Medium Risk
C00207,64,M,Bangalore,Salaried,121826.3,Silver,100000,2022-10-07,55,35,396358.85,1,3,5,135,Regular,11324.538571428571,396358.85,1.0,792717.7,False,3,High Value,High Risk
C00208,55,M,Delhi,Student,83089.71,Silver,100000,2024-05-27,1,41,436714.45,5,5,5,555,Champions,10651.571951219512,436714.45,1.0,873428.9,False,1,Premium,High Risk
C00209,50,M,Chennai,Business Owner,67247.22,Platinum,500000,2021-03-15,59,34,155244.63,1,3,1,131,Regular,4566.018529411765,155244.63,0.31048926,310489.26,False,0,Mid Value,Low Risk
C00210,52,F,Chennai,Student,85083.69,Gold,250000,2022-06-27,40,44,349810.43,1,5,4,154,Regular,7950.237045454545,349810.43,1.0,699620.86,False,1,Premium,High Risk
C00211,54,F,Bangalore,Business Owner,87993.52,Signature,1000000,2019-07-05,16,28,279800.17,3,1,2,312,Regular,9992.863214285713,279800.17,0.27980016999999996,559600.34,False,0,Mid Value,Low Risk
C00212,60,M,Ahmedabad,Salaried,104006.4,Platinum,500000,2023-10-27,2,29,363867.49,5,1,4,514,New,12547.154827586206,363867.49,0.72773498,727734.98,False,1,Premium,Medium Risk
C00213,50,M,Pune,Business Owner,53490.85,Signature,1000000,2020-01-10,4,30,242731.58,5,1,1,511,New,8091.0526666666665,242731.58,0.24273157999999997,485463.16,False,0,Mid Value,Low Risk
C00214,34,F,Pune,Self Employed,49851.3,Gold,250000,2022-01-12,11,30,258159.98,4,1,2,412,New,8605.332666666667,258159.98,1.0,516319.96,False,2,Low Value,High Risk
C00215,45,M,Hyderabad,Business Owner,31159.56,Platinum,500000,2024-05-29,34,27,196948.26,2,1,1,211,At Risk,7294.38,196948.26,0.39389652,393896.52,False,0,Mid Value,Low Risk
C00216,31,M,Lucknow,Salaried,104824.8,Platinum,500000,2020-09-21,8,29,364108.04000000004,4,1,4,414,New,12555.449655172415,364108.04000000004,0.72821608,728216.0800000001,False,1,Premium,Medium Risk
C00217,32,F,Jaipur,Salaried,62222.49,Silver,100000,2023-09-03,16,29,274176.81,3,1,2,312,Regular,9454.37275862069,274176.81,1.0,548353.62,False,2,Low Value,High Risk
C00218,40,F,Kolkata,Business Owner,107010.61,Gold,250000,2022-02-04,34,39,348635.21,2,4,4,244,Regular,8939.364358974359,348635.21,1.0,697270.4199999999,False,1,Premium,High Risk
C00219,64,M,Mumbai,Retired,102843.51,Gold,250000,2022-06-28,17,21,148711.6,3,1,1,311,Regular,7081.504761904762,148711.6,0.5948464,297423.2,False,0,Mid Value,Medium Risk
C00220,29,M,Delhi,Salaried,65163.75,Gold,250000,2021-11-09,5,37,312908.25,5,4,3,543,Loyal,8456.97972972973,312908.25,1.0,625816.5,False,2,Low Value,High Risk
C00221,26,F,Ahmedabad,Self Employed,75728.13,Gold,250000,2019-10-03,26,39,272245.62,2,4,2,242,Regular,6980.656923076923,272245.62,1.0,544491.24,False,2,Low Value,High Risk
C00222,54,F,Ahmedabad,Business Owner,43163.1,Silver,100000,2023-12-26,10,30,195817.62,4,1,1,411,New,6527.254,195817.62,1.0,391635.24,False,2,Low Value,High Risk
C00223,43,M,Mumbai,Salaried,43865.99,Silver,100000,2024-01-11,15,46,316791.16,3,5,3,353,Loyal,6886.764347826086,316791.16,1.0,633582.32,False,2,Low Value,High Risk
C00224,28,F,Pune,Student,82101.7,Signature,1000000,2019-05-09,5,35,368027.48,5,3,4,534,Loyal,10515.070857142857,368027.48,0.36802747999999996,736054.96,False,0,Mid Value,Low Risk
C00225,42,F,Mumbai,Salaried,94155.78,Signature,1000000,2020-03-02,52,26,304484.81,1,1,3,113,At Risk,11710.95423076923,304484.81,0.30448481,608969.62,False,0,Mid Value,Low Risk
C00226,46,F,Ahmedabad,Self Employed,33430.82,Platinum,500000,2021-01-13,12,35,327823.24,3,3,3,333,Loyal,9366.378285714285,327823.24,0.65564648,655646.48,False,0,Mid Value,Medium Risk
C00227,24,F,Jaipur,Salaried,37700.18,Gold,250000,2021-12-12,11,34,255663.02,4,3,2,432,Loyal,7519.500588235293,255663.02,1.0,511326.04,False,2,Low Value,High Risk
C00228,48,M,Jaipur,Student,90052.24,Silver,100000,2020-12-04,18,39,277204.7,3,4,2,342,Loyal,7107.8128205128205,277204.7,1.0,554409.4,False,2,Low Value,High Risk
C00229,45,M,Mumbai,Salaried,79640.72,Gold,250000,2020-05-03,4,38,401921.85,5,4,5,545,Champions,10576.890789473684,401921.85,1.0,803843.7,False,1,Premium,High Risk
C00230,24,F,Jaipur,Salaried,82657.62,Gold,250000,2023-01-17,20,26,326863.13,2,1,3,213,At Risk,12571.658846153847,326863.13,1.0,653726.26,False,1,Premium,High Risk
C00231,31,M,Lucknow,Salaried,25927.61,Gold,250000,2020-12-25,16,27,203742.93,3,1,1,311,Regular,7546.0344444444445,203742.93,0.81497172,407485.86,False,2,Low Value,High Risk
C00232,41,M,Delhi,Business Owner,43025.15,Gold,250000,2020-08-27,7,34,218209.27,4,3,1,431,Loyal,6417.919705882353,218209.27,0.8728370799999999,436418.54,False,2,Low Value,High Risk
C00233,55,M,Kolkata,Student,119260.45,Gold,250000,2021-07-30,4,35,308275.19,5,3,3,533,Loyal,8807.862571428572,308275.19,1.0,616550.38,False,2,Low Value,High Risk
C00234,22,F,Jaipur,Salaried,100294.51,Gold,250000,2020-09-20,14,35,287626.05,3,3,2,332,Loyal,8217.887142857142,287626.05,1.0,575252.1,False,2,Low Value,High Risk
C00235,54,F,Pune,Self Employed,21079.8,Gold,250000,2019-02-12,23,39,407143.85,2,4,5,245,Regular,10439.585897435896,407143.85,1.0,814287.7,False,1,Premium,High Risk
C00236,64,F,Hyderabad,Student,75129.13,Signature,1000000,2021-10-01,63,31,289200.66,1,2,2,122,At Risk,9329.053548387095,289200.66,0.28920066,578401.32,False,0,Mid Value,Low Risk
C00237,35,M,Bangalore,Salaried,73126.03,Silver,100000,2021-02-27,4,36,287152.22000000003,5,3,2,532,Loyal,7976.450555555556,287152.22000000003,1.0,574304.4400000001,False,2,Low Value,High Risk
C00238,24,F,Bangalore,Business Owner,68122.21,Silver,100000,2023-05-07,36,37,411724.43,1,4,5,145,Regular,11127.687297297298,411724.43,1.0,823448.86,False,1,Premium,High Risk
C00239,62,F,Hyderabad,Self Employed,115435.53,Silver,100000,2020-10-05,2,36,452558.39,5,3,5,535,Loyal,12571.066388888888,452558.39,1.0,905116.78,False,1,Premium,High Risk
C00240,30,F,Ahmedabad,Self Employed,93192.5,Platinum,500000,2019-06-08,5,36,321186.73,5,3,3,533,Loyal,8921.85361111111,321186.73,0.64237346,642373.46,False,0,Mid Value,Medium Risk
C00241,62,F,Ahmedabad,Business Owner,65684.63,Silver,100000,2024-01-20,9,33,299158.02,4,2,3,423,New,9065.394545454546,299158.02,1.0,598316.04,False,2,Low Value,High Risk
C00242,33,M,Jaipur,Self Employed,93886.26,Gold,250000,2022-02-15,169,34,428367.77,1,3,5,135,Regular,12599.05205882353,428367.77,1.0,856735.54,False,3,High Value,High Risk
C00243,35,F,Delhi,Salaried,27921.84,Platinum,500000,2020-08-06,24,39,329837.01,2,4,3,243,Regular,8457.35923076923,329837.01,0.65967402,659674.02,False,0,Mid Value,Medium Risk
C00244,57,F,Hyderabad,Self Employed,122487.3,Silver,100000,2020-10-25,2,33,232763.0,5,2,1,521,New,7053.424242424242,232763.0,1.0,465526.0,False,2,Low Value,High Risk
C00245,38,M,Bangalore,Student,52967.35,Gold,250000,2020-08-03,2,40,281993.76,5,4,2,542,Loyal,7049.844,281993.76,1.0,563987.52,False,2,Low Value,High Risk
C00246,53,M,Bangalore,Business Owner,82965.78,Silver,100000,2020-10-23,1,36,360850.87,5,3,4,534,Loyal,10023.635277777777,360850.87,1.0,721701.74,False,1,Premium,High Risk
C00247,52,M,Mumbai,Salaried,30207.38,Gold,250000,2020-03-16,14,45,526895.08,3,5,5,355,Loyal,11708.779555555555,526895.08,1.0,1053790.16,False,1,Premium,High Risk
C00248,27,M,Hyderabad,Self Employed,92581.06,Gold,250000,2024-02-02,18,33,312820.52999999997,3,2,3,323,Regular,9479.41,312820.52999999997,1.0,625641.0599999999,False,2,Low Value,High Risk
C00249,31,F,Chennai,Salaried,79080.56,Gold,250000,2022-04-05,17,47,313421.91,3,5,3,353,Loyal,6668.551276595744,313421.91,1.0,626843.82,False,2,Low Value,High Risk
C00250,53,M,Pune,Salaried,53975.55,Gold,250000,2019-03-14,14,33,226085.02,3,2,1,321,Regular,6851.061212121212,226085.02,0.90434008,452170.04,False,2,Low Value,High Risk
C00251,24,M,Kolkata,Salaried,107156.5,Gold,250000,2020-03-03,68,29,176786.42,1,1,1,111,At Risk,6096.083448275863,176786.42,0.70714568,353572.84,False,3,High Value,Medium Risk
C00252,28,M,Lucknow,Salaried,63552.02,Gold,250000,2021-10-10,32,30,181610.74,2,1,1,211,At Risk,6053.691333333333,181610.74,0.72644296,363221.48,False,2,Low Value,Medium Risk
C00253,26,F,Chennai,Salaried,65694.63,Gold,250000,2024-01-01,16,40,383127.51,3,4,4,344,Loyal,9578.187750000001,383127.51,1.0,766255.02,False,1,Premium,High Risk
C00254,64,M,Jaipur,Salaried,54140.14,Silver,100000,2020-03-28,12,37,273217.79,3,4,2,342,Loyal,7384.264594594594,273217.79,1.0,546435.58,False,2,Low Value,High Risk
C00255,62,M,Ahmedabad,Self Employed,66663.22,Platinum,500000,2020-10-18,18,38,382218.41,3,4,4,344,Loyal,10058.379210526315,382218.41,0.7644368199999999,764436.82,False,1,Premium,Medium Risk
C00256,36,M,Ahmedabad,Salaried,42882.77,Gold,250000,2022-07-26,53,28,384427.31,1,1,4,114,At Risk,13729.546785714285,384427.31,1.0,768854.62,False,3,High Value,High Risk
C00257,40,M,Pune,Salaried,72189.9,Platinum,500000,2019-05-29,7,34,301091.17,4,3,3,433,Loyal,8855.622647058823,301091.17,0.6021823399999999,602182.34,False,0,Mid Value,Medium Risk
C00258,59,F,Pune,Salaried,93402.35,Platinum,500000,2021-10-09,14,28,267233.04,3,1,2,312,Regular,9544.037142857142,267233.04,0.53446608,534466.08,False,0,Mid Value,Medium Risk
C00259,34,M,Jaipur,Business Owner,61275.82,Silver,100000,2019-12-27,3,36,319360.2,5,3,3,533,Loyal,8871.116666666667,319360.2,1.0,638720.4,False,2,Low Value,High Risk
C00260,31,M,Chennai,Student,57765.31,Platinum,500000,2023-09-22,9,42,573659.19,4,5,5,455,Champions,13658.552142857141,573659.19,1.0,1147318.38,True,1,Premium,High Risk
C00261,26,M,Delhi,Salaried,69817.87,Signature,1000000,2022-01-29,22,37,352083.97000000003,2,4,4,244,Regular,9515.782972972975,352083.97000000003,0.35208397,704167.9400000002,False,0,Mid Value,Low Risk
C00262,38,F,Pune,Salaried,95154.72,Gold,250000,2022-03-27,1,38,369149.75,5,4,4,544,Champions,9714.467105263158,369149.75,1.0,738299.5,False,1,Premium,High Risk
C00263,27,M,Bangalore,Salaried,54786.31,Gold,250000,2020-07-31,19,39,291489.87,3,4,2,342,Loyal,7474.09923076923,291489.87,1.0,582979.74,False,2,Low Value,High Risk
C00264,40,F,Jaipur,Business Owner,62909.36,Gold,250000,2019-09-23,16,38,363703.48,3,4,4,344,Loyal,9571.144210526316,363703.48,1.0,727406.96,False,1,Premium,High Risk
C00265,53,F,Chennai,Business Owner,69249.19,Gold,250000,2021-04-01,35,28,348958.71,1,1,4,114,At Risk,12462.811071428572,348958.71,1.0,697917.42,False,3,High Value,High Risk
C00266,61,M,Ahmedabad,Business Owner,94532.99,Platinum,500000,2023-08-04,2,45,483579.57,5,5,5,555,Champions,10746.212666666666,483579.57,0.96715914,967159.14,False,1,Premium,High Risk
C00267,24,F,Chennai,Salaried,85232.73,Gold,250000,2023-08-04,10,31,241637.74,4,2,1,421,New,7794.765806451613,241637.74,0.96655096,483275.48,False,2,Low Value,High Risk
C00268,26,F,Hyderabad,Salaried,71619.65,Silver,100000,2019-02-12,10,35,272674.44,4,3,2,432,Loyal,7790.698285714286,272674.44,1.0,545348.88,False,2,Low Value,High Risk
C00269,25,F,Ahmedabad,Salaried,63596.71,Silver,100000,2023-12-08,16,35,292190.2,3,3,3,333,Loyal,8348.291428571429,292190.2,1.0,584380.4,False,2,Low Value,High Risk
C00270,43,M,Bangalore,Salaried,114721.78,Silver,100000,2022-01-27,42,34,308254.33,1,3,3,133,Regular,9066.303823529412,308254.33,1.0,616508.66,False,3,High Value,High Risk
C00271,36,M,Chennai,Salaried,70470.6,Signature,1000000,2021-02-23,7,37,344764.75,4,4,4,444,Champions,9317.966216216217,344764.75,0.34476475,689529.5,False,0,Mid Value,Low Risk
C00272,56,F,Kolkata,Student,48138.05,Gold,250000,2022-06-08,9,39,332233.86,4,4,3,443,Loyal,8518.816923076924,332233.86,1.0,664467.7200000001,False,2,Low Value,High Risk
C00273,55,M,Kolkata,Salaried,34896.61,Platinum,500000,2023-10-31,35,36,201021.13,1,3,1,131,Regular,5583.920277777778,201021.13,0.40204226,402042.26,False,0,Mid Value,Low Risk
C00274,22,M,Kolkata,Self Employed,15940.59,Silver,100000,2020-02-09,6,28,303625.95,4,1,3,413,New,10843.783928571429,303625.95,1.0,607251.9,False,2,Low Value,High Risk
C00275,59,F,Mumbai,Salaried,24017.94,Platinum,500000,2020-05-07,24,28,315595.01,2,1,3,213,At Risk,11271.250357142857,315595.01,0.63119002,631190.02,False,0,Mid Value,Medium Risk
C00276,52,M,Kolkata,Student,100988.64,Gold,250000,2021-09-21,17,38,319426.27,3,4,3,343,Loyal,8405.95447368421,319426.27,1.0,638852.54,False,2,Low Value,High Risk
C00277,46,M,Pune,Salaried,91970.35,Platinum,500000,2023-10-23,1,31,345491.22000000003,5,2,4,524,New,11144.87806451613,345491.22000000003,0.6909824400000001,690982.4400000001,False,1,Premium,Medium Risk
C00278,62,M,Ahmedabad,Salaried,32851.13,Platinum,500000,2019-04-15,17,29,266571.62,3,1,2,312,Regular,9192.124827586207,266571.62,0.53314324,533143.24,False,0,Mid Value,Medium Risk
C00279,21,M,Hyderabad,Self Employed,79755.3,Silver,100000,2019-08-20,11,54,400889.97,4,5,5,455,Champions,7423.888333333332,400889.97,1.0,801779.94,False,1,Premium,High Risk
C00280,42,F,Hyderabad,Business Owner,64998.28,Gold,250000,2019-03-20,2,28,300108.54000000004,5,1,3,513,New,10718.162142857143,300108.54000000004,1.0,600217.0800000001,False,2,Low Value,High Risk
C00281,39,F,Bangalore,Salaried,51869.83,Silver,100000,2019-03-28,10,38,412110.58,4,4,5,445,Champions,10845.015263157895,412110.58,1.0,824221.16,False,1,Premium,High Risk
C00282,44,F,Lucknow,Business Owner,67725.48,Silver,100000,2019-05-28,22,30,315131.02999999997,2,1,3,213,At Risk,10504.367666666665,315131.02999999997,1.0,630262.0599999999,False,2,Low Value,High Risk
C00283,56,M,Lucknow,Salaried,106012.42,Gold,250000,2020-06-23,1,43,445234.09,5,5,5,555,Champions,10354.281162790698,445234.09,1.0,890468.18,False,1,Premium,High Risk
C00284,50,M,Pune,Salaried,50293.17,Platinum,500000,2020-06-03,6,33,315234.72,4,2,3,423,New,9552.567272727272,315234.72,0.6304694399999999,630469.44,False,0,Mid Value,Medium Risk
C00285,48,M,Mumbai,Salaried,75220.56,Silver,100000,2019-11-25,4,44,452424.58,5,5,5,555,Champions,10282.376818181818,452424.58,1.0,904849.1599999999,False,1,Premium,High Risk
C00286,56,M,Jaipur,Business Owner,77372.02,Gold,250000,2023-06-02,6,43,299433.47,4,5,3,453,Loyal,6963.569069767441,299433.47,1.0,598866.94,False,2,Low Value,High Risk
C00287,30,M,Mumbai,Salaried,50694.45,Signature,1000000,2020-01-09,14,43,398442.71,3,5,5,355,Loyal,9266.10953488372,398442.71,0.39844271000000003,796885.4199999999,False,0,Mid Value,Low Risk
C00288,35,M,Jaipur,Salaried,97835.2,Silver,100000,2022-11-26,33,38,292912.56,2,4,3,243,Regular,7708.225263157895,292912.56,1.0,585825.12,False,2,Low Value,High Risk
C00289,34,F,Bangalore,Student,131686.21,Signature,1000000,2020-02-18,33,30,293184.14999999997,2,1,3,213,At Risk,9772.804999999998,293184.14999999997,0.29318415,586368.2999999999,False,0,Mid Value,Low Risk
C00290,41,M,Hyderabad,Student,36903.75,Silver,100000,2023-04-17,4,31,268888.82,5,2,2,522,New,8673.832903225806,268888.82,1.0,537777.64,False,2,Low Value,High Risk
C00291,61,F,Ahmedabad,Business Owner,133868.4,Silver,100000,2023-07-20,18,39,364004.8,3,4,4,344,Loyal,9333.456410256409,364004.8,1.0,728009.5999999999,False,1,Premium,High Risk
C00292,43,M,Pune,Retired,90660.34,Gold,250000,2019-07-22,33,39,341654.01,2,4,4,244,Regular,8760.35923076923,341654.01,1.0,683308.02,False,1,Premium,High Risk
C00293,42,F,Mumbai,Salaried,121896.73,Silver,100000,2019-08-01,6,37,300750.28,4,4,3,443,Loyal,8128.385945945946,300750.28,1.0,601500.56,False,2,Low Value,High Risk
C00294,43,M,Kolkata,Business Owner,79005.76,Platinum,500000,2020-04-05,4,30,249270.03,5,1,2,512,New,8309.001,249270.03,0.49854006,498540.06,False,0,Mid Value,Low Risk
C00295,23,F,Jaipur,Self Employed,86965.29,Gold,250000,2024-01-05,11,43,412504.42,4,5,5,455,Champions,9593.126046511628,412504.42,1.0,825008.8400000001,False,1,Premium,High Risk
C00296,28,F,Kolkata,Student,17177.12,Gold,250000,2023-08-07,24,41,255911.63999999998,2,5,2,252,Regular,6241.74731707317,255911.63999999998,1.0,511823.27999999997,False,2,Low Value,High Risk
C00297,24,M,Kolkata,Self Employed,63729.3,Platinum,500000,2023-02-23,29,31,291364.61,2,2,2,222,At Risk,9398.858387096774,291364.61,0.5827292199999999,582729.22,False,0,Mid Value,Medium Risk
C00298,59,M,Jaipur,Business Owner,44484.39,Gold,250000,2021-12-25,8,30,373154.89,4,1,4,414,New,12438.496333333334,373154.89,1.0,746309.78,False,1,Premium,High Risk
C00299,42,M,Mumbai,Self Employed,76928.0,Platinum,500000,2024-06-20,13,31,321716.18,3,2,3,323,Regular,10377.94129032258,321716.18,0.64343236,643432.36,False,0,Mid Value,Medium Risk
C00300,40,F,Pune,Student,77092.74,Silver,100000,2023-11-14,25,47,376093.77,2,5,4,254,Regular,8001.995106382979,376093.77,1.0,752187.54,False,1,Premium,High Risk
C00301,57,F,Bangalore,Salaried,61372.27,Gold,250000,2024-04-13,19,33,265130.02,3,2,2,322,Regular,8034.2430303030305,265130.02,1.0,530260.04,False,2,Low Value,High Risk
C00302,58,M,Pune,Salaried,41752.31,Gold,250000,2021-05-20,36,45,579317.46,1,5,5,155,Regular,12873.721333333333,579317.46,1.0,1158634.92,True,1,Premium,High Risk
C00303,40,M,Lucknow,Business Owner,99414.55,Gold,250000,2023-03-19,10,40,239322.69,4,4,1,441,Loyal,5983.06725,239322.69,0.95729076,478645.38,False,2,Low Value,High Risk
C00304,24,F,Mumbai,Business Owner,62323.56,Silver,100000,2020-06-19,82,24,169011.18,1,1,1,111,At Risk,7042.1325,169011.18,1.0,338022.36,False,3,High Value,High Risk
C00305,39,F,Lucknow,Self Employed,45454.03,Silver,100000,2022-02-06,48,38,433246.51,1,4,5,145,Regular,11401.223947368422,433246.51,1.0,866493.0200000001,False,1,Premium,High Risk
C00306,51,M,Chennai,Salaried,69898.77,Platinum,500000,2019-01-19,2,33,265967.75,5,2,2,522,New,8059.628787878788,265967.75,0.5319355,531935.5,False,0,Mid Value,Medium Risk
C00307,53,F,Jaipur,Retired,67519.58,Gold,250000,2021-02-01,22,36,260916.29,2,3,2,232,Regular,7247.674722222222,260916.29,1.0,521832.57999999996,False,2,Low Value,High Risk
C00308,53,M,Pune,Retired,66347.57,Gold,250000,2022-07-07,1,27,300910.93,5,1,3,513,New,11144.84925925926,300910.93,1.0,601821.86,False,2,Low Value,High Risk
C00309,31,M,Delhi,Business Owner,79113.41,Signature,1000000,2023-11-30,32,30,310979.78,2,1,3,213,At Risk,10365.992666666667,310979.78,0.31097978000000004,621959.56,False,0,Mid Value,Low Risk
C00310,26,F,Bangalore,Salaried,28699.25,Gold,250000,2024-03-15,13,42,387227.09,3,5,4,354,Loyal,9219.692619047619,387227.09,1.0,774454.1799999999,False,1,Premium,High Risk
C00311,46,F,Lucknow,Salaried,85408.0,Gold,250000,2019-09-18,7,24,134449.54,4,1,1,411,New,5602.064166666667,134449.54,0.53779816,268899.08,False,0,Mid Value,Medium Risk
C00312,59,M,Jaipur,Salaried,54018.97,Signature,1000000,2021-07-19,17,31,392639.83,3,2,5,325,Regular,12665.800967741936,392639.83,0.39263983,785279.66,False,0,Mid Value,Low Risk
C00313,61,F,Jaipur,Retired,80643.35,Silver,100000,2023-04-16,70,35,341960.04,1,3,4,134,Regular,9770.286857142857,341960.04,1.0,683920.08,False,3,High Value,High Risk
C00314,50,M,Hyderabad,Salaried,37064.13,Silver,100000,2020-09-09,56,32,337731.16000000003,1,2,4,124,At Risk,10554.098750000001,337731.16000000003,1.0,675462.3200000001,False,3,High Value,High Risk
C00315,48,M,Chennai,Salaried,37922.48,Platinum,500000,2020-08-04,38,30,231585.93,1,1,1,111,At Risk,7719.531,231585.93,0.46317186,463171.86,False,0,Mid Value,Low Risk
C00316,40,M,Chennai,Salaried,15000.0,Gold,250000,2021-05-24,9,33,268767.07,4,2,2,422,New,8144.456666666667,268767.07,1.0,537534.14,False,2,Low Value,High Risk
C00317,47,M,Ahmedabad,Business Owner,92105.32,Silver,100000,2023-11-19,12,30,370454.63,3,1,4,314,Regular,12348.487666666666,370454.63,1.0,740909.26,False,1,Premium,High Risk
C00318,27,M,Jaipur,Business Owner,61560.17,Gold,250000,2023-08-17,4,44,304405.17,5,5,3,553,Loyal,6918.299318181817,304405.17,1.0,608810.34,False,2,Low Value,High Risk
C00319,41,M,Bangalore,Retired,93827.94,Silver,100000,2021-09-10,22,36,517588.82,2,3,5,235,Regular,14377.467222222222,517588.82,1.0,1035177.6399999999,False,1,Premium,High Risk
C00320,32,M,Kolkata,Salaried,32371.32,Silver,100000,2020-02-29,41,40,382440.88,1,4,4,144,Regular,9561.022,382440.88,1.0,764881.76,False,1,Premium,High Risk
C00321,62,M,Mumbai,Salaried,77916.83,Gold,250000,2023-08-15,99,37,258169.21,1,4,2,142,Regular,6977.546216216216,258169.21,1.0,516338.42,False,3,High Value,High Risk
C00322,63,M,Mumbai,Salaried,52285.66,Silver,100000,2023-06-10,8,26,342949.55,4,1,4,414,New,13190.367307692308,342949.55,1.0,685899.1,False,1,Premium,High Risk
C00323,26,F,Mumbai,Salaried,62900.73,Silver,100000,2019-01-22,8,36,273455.94,4,3,2,432,Loyal,7595.998333333333,273455.94,1.0,546911.88,False,2,Low Value,High Risk
C00324,36,F,Ahmedabad,Self Employed,104508.72,Gold,250000,2020-09-28,17,28,189087.07,3,1,1,311,Regular,6753.109642857143,189087.07,0.75634828,378174.14,False,2,Low Value,Medium Risk
C00325,58,M,Hyderabad,Student,64513.11,Silver,100000,2024-01-29,7,25,173267.96,4,1,1,411,New,6930.7184,173267.96,1.0,346535.92,False,2,Low Value,High Risk
C00326,46,F,Ahmedabad,Salaried,111246.29,Silver,100000,2024-03-16,4,41,440810.56,5,5,5,555,Champions,10751.477073170732,440810.56,1.0,881621.12,False,1,Premium,High Risk
C00327,35,F,Mumbai,Salaried,61245.66,Signature,1000000,2021-11-15,20,41,376516.52,2,5,4,254,Regular,9183.32975609756,376516.52,0.37651652,753033.0399999999,False,0,Mid Value,Low Risk
C00328,23,M,Bangalore,Salaried,23104.28,Signature,1000000,2022-01-25,65,31,351404.58999999997,1,2,4,124,At Risk,11335.63193548387,351404.58999999997,0.35140458999999996,702809.1799999999,False,3,High Value,Low Risk
C00329,43,M,Lucknow,Salaried,57209.27,Platinum,500000,2019-11-03,7,41,351366.49,4,5,4,454,Champions,8569.914390243903,351366.49,0.70273298,702732.98,False,1,Premium,Medium Risk
C00330,48,F,Hyderabad,Business Owner,104453.37,Platinum,500000,2020-04-29,19,43,530933.74,3,5,5,355,Loyal,12347.296279069767,530933.74,1.0,1061867.48,False,1,Premium,High Risk
C00331,35,F,Mumbai,Salaried,72035.67,Silver,100000,2020-04-12,1,32,251917.66999999998,5,2,2,522,New,7872.4271874999995,251917.66999999998,1.0,503835.33999999997,False,2,Low Value,High Risk
C00332,23,M,Ahmedabad,Business Owner,95583.21,Gold,250000,2019-10-10,4,40,362798.6,5,4,4,544,Champions,9069.965,362798.6,1.0,725597.2,False,1,Premium,High Risk
C00333,48,F,Kolkata,Salaried,53604.78,Platinum,500000,2024-03-30,1,36,388604.5,5,3,4,534,Loyal,10794.569444444445,388604.5,0.777209,777209.0,False,1,Premium,Medium Risk
C00334,26,F,Hyderabad,Retired,54528.49,Signature,1000000,2023-12-16,20,30,215376.08,2,1,1,211,At Risk,7179.202666666666,215376.08,0.21537608,430752.16,False,0,Mid Value,Low Risk
C00335,41,M,Hyderabad,Salaried,42324.62,Signature,1000000,2023-03-10,11,30,294870.95,4,1,3,413,New,9829.031666666668,294870.95,0.29487095,589741.9,False,0,Mid Value,Low Risk
C00336,25,M,Chennai,Student,105211.81,Gold,250000,2019-12-19,8,33,274365.43,4,2,2,422,New,8314.103939393939,274365.43,1.0,548730.86,False,2,Low Value,High Risk
C00337,25,M,Mumbai,Student,84513.18,Silver,100000,2023-05-15,49,30,291653.73,1,1,3,113,At Risk,9721.791,291653.73,1.0,583307.46,False,3,High Value,High Risk
C00338,64,M,Bangalore,Student,62937.53,Silver,100000,2023-10-18,2,28,191590.46,5,1,1,511,New,6842.516428571428,191590.46,1.0,383180.92,False,2,Low Value,High Risk
C00339,50,F,Bangalore,Salaried,86374.52,Platinum,500000,2019-07-09,13,42,503598.79000000004,3,5,5,355,Loyal,11990.447380952382,503598.79000000004,1.0,1007197.5800000001,False,1,Premium,High Risk
C00340,61,F,Jaipur,Salaried,44803.57,Platinum,500000,2019-12-04,43,31,186562.16999999998,1,2,1,121,At Risk,6018.134516129032,186562.16999999998,0.37312433999999994,373124.33999999997,False,0,Mid Value,Low Risk
C00341,42,F,Chennai,Self Employed,93871.09,Platinum,500000,2024-02-26,32,42,396449.47,2,5,5,255,Regular,9439.273095238095,396449.47,0.7928989399999999,792898.94,False,1,Premium,Medium Risk
C00342,54,M,Hyderabad,Salaried,88559.92,Silver,100000,2021-07-24,19,44,351133.0,3,5,4,354,Loyal,7980.295454545455,351133.0,1.0,702266.0,False,1,Premium,High Risk
C00343,40,M,Lucknow,Business Owner,87600.81,Silver,100000,2019-07-10,17,40,509116.72000000003,3,4,5,345,Loyal,12727.918000000001,509116.72000000003,1.0,1018233.4400000002,False,1,Premium,High Risk
C00344,58,M,Kolkata,Salaried,55752.89,Gold,250000,2020-06-16,59,34,427276.64,1,3,5,135,Regular,12566.960000000001,427276.64,1.0,854553.28,False,3,High Value,High Risk
C00345,34,F,Mumbai,Self Employed,64037.83,Platinum,500000,2023-11-23,114,31,338668.33999999997,1,2,4,124,At Risk,10924.785161290321,338668.33999999997,0.6773366799999999,677336.6799999999,False,3,High Value,Medium Risk
C00346,26,M,Mumbai,Salaried,79004.67,Gold,250000,2020-02-11,13,29,211276.96,3,1,1,311,Regular,7285.412413793103,211276.96,0.8451078399999999,422553.92,False,2,Low Value,High Risk
C00347,58,F,Chennai,Salaried,52831.09,Silver,100000,2023-08-10,60,30,341613.69,1,1,4,114,At Risk,11387.123,341613.69,1.0,683227.38,False,3,High Value,High Risk
C00348,60,F,Pune,Student,30369.81,Platinum,500000,2019-06-03,3,28,243379.68,5,1,1,511,New,8692.131428571429,243379.68,0.48675936,486759.36,False,0,Mid Value,Low Risk
C00349,39,F,Hyderabad,Business Owner,95302.43,Signature,1000000,2023-10-08,8,29,388828.62,4,1,4,414,New,13407.883448275861,388828.62,0.38882862,777657.24,False,0,Mid Value,Low Risk
C00350,39,M,Kolkata,Business Owner,84856.39,Platinum,500000,2020-02-02,8,28,249633.85,4,1,2,412,New,8915.494642857144,249633.85,0.49926770000000004,499267.70000000007,False,0,Mid Value,Low Risk
C00351,60,M,Jaipur,Salaried,18993.85,Platinum,500000,2021-03-31,34,47,363692.17,2,5,4,254,Regular,7738.131276595745,363692.17,0.72738434,727384.34,False,1,Premium,Medium Risk
C00352,24,F,Pune,Student,85849.09,Platinum,500000,2020-05-28,3,30,251103.62,5,1,2,512,New,8370.120666666666,251103.62,0.5022072399999999,502207.23999999993,False,0,Mid Value,Medium Risk
C00353,36,M,Mumbai,Business Owner,92029.14,Silver,100000,2021-11-24,11,38,426435.68,4,4,5,445,Champions,11221.991578947369,426435.68,1.0,852871.36,False,1,Premium,High Risk
C00354,41,M,Delhi,Self Employed,50520.06,Silver,100000,2022-07-23,20,31,427336.8,2,2,5,225,At Risk,13785.058064516128,427336.8,1.0,854673.6,False,1,Premium,High Risk
C00355,29,F,Ahmedabad,Business Owner,77954.67,Platinum,500000,2020-12-28,5,29,243307.14,5,1,1,511,New,8389.901379310346,243307.14,0.48661428,486614.2800000001,False,0,Mid Value,Low Risk
C00356,60,M,Jaipur,Salaried,89257.92,Silver,100000,2023-05-31,2,31,333140.13,5,2,4,524,New,10746.455806451613,333140.13,1.0,666280.26,False,2,Low Value,High Risk
C00357,49,M,Chennai,Salaried,112965.1,Gold,250000,2024-01-21,33,39,217568.24,2,4,1,241,Regular,5578.67282051282,217568.24,0.87027296,435136.48,False,2,Low Value,High Risk
C00358,23,M,Hyderabad,Retired,61854.27,Gold,250000,2019-07-13,8,30,265880.86,4,1,2,412,New,8862.695333333333,265880.86,1.0,531761.72,False,2,Low Value,High Risk
C00359,28,M,Pune,Salaried,51320.52,Silver,100000,2024-04-20,21,24,134104.86000000002,2,1,1,211,At Risk,5587.7025,134104.86000000002,1.0,268209.72000000003,False,2,Low Value,High Risk
C00360,28,F,Delhi,Business Owner,75838.22,Silver,100000,2019-12-28,12,28,256271.99,3,1,2,312,Regular,9152.57107142857,256271.99,1.0,512543.98,False,2,Low Value,High Risk
C00361,34,M,Delhi,Salaried,24858.39,Silver,100000,2020-10-14,13,36,269284.27,3,3,2,332,Loyal,7480.118611111112,269284.27,1.0,538568.54,False,2,Low Value,High Risk
C00362,28,M,Hyderabad,Student,92801.68,Silver,100000,2021-06-10,21,37,174144.39,2,4,1,241,Regular,4706.605135135135,174144.39,1.0,348288.78,False,2,Low Value,High Risk
C00363,62,M,Delhi,Salaried,81320.52,Gold,250000,2023-04-22,17,39,425715.08999999997,3,4,5,345,Loyal,10915.771538461539,425715.08999999997,1.0,851430.18,False,1,Premium,High Risk
C00364,59,M,Bangalore,Business Owner,64585.31,Gold,250000,2023-04-24,34,33,214367.83000000002,2,2,1,221,At Risk,6495.994848484849,214367.83000000002,0.85747132,428735.66000000003,False,2,Low Value,High Risk
C00365,21,F,Delhi,Student,114417.04,Platinum,500000,2021-08-14,5,33,231906.6,5,2,1,521,New,7027.472727272728,231906.6,0.46381320000000004,463813.2,False,0,Mid Value,Low Risk
C00366,59,M,Hyderabad,Self Employed,48719.49,Signature,1000000,2023-01-16,9,37,263154.15,4,4,2,442,Loyal,7112.274324324325,263154.15,0.26315415000000003,526308.3,False,0,Mid Value,Low Risk
C00367,43,M,Bangalore,Business Owner,94558.92,Platinum,500000,2020-02-24,3,41,403386.55,5,5,5,555,Champions,9838.696341463414,403386.55,0.8067731,806773.1,False,1,Premium,High Risk
C00368,60,M,Bangalore,Salaried,33849.89,Platinum,500000,2023-10-27,14,30,168744.03,3,1,1,311,Regular,5624.801,168744.03,0.33748806,337488.06,False,0,Mid Value,Low Risk
C00369,59,F,Lucknow,Business Owner,123462.35,Gold,250000,2024-01-17,2,35,302347.11,5,3,3,533,Loyal,8638.488857142856,302347.11,1.0,604694.22,False,2,Low Value,High Risk
C00370,29,M,Pune,Salaried,38044.46,Gold,250000,2023-04-13,12,28,224990.34,3,1,1,311,Regular,8035.369285714286,224990.34,0.8999613599999999,449980.68,False,2,Low Value,High Risk
C00371,22,M,Bangalore,Salaried,108462.97,Signature,1000000,2019-09-15,10,31,280878.76,4,2,2,422,New,9060.605161290323,280878.76,0.28087876,561757.52,False,0,Mid Value,Low Risk
C00372,35,F,Jaipur,Self Employed,73506.08,Silver,100000,2022-05-21,52,38,301036.33999999997,1,4,3,143,Regular,7922.00894736842,301036.33999999997,1.0,602072.6799999999,False,3,High Value,High Risk
C00373,58,M,Jaipur,Salaried,84129.36,Gold,250000,2020-09-02,31,39,265654.6,2,4,2,242,Regular,6811.65641025641,265654.6,1.0,531309.2,False,2,Low Value,High Risk
C00374,50,M,Bangalore,Student,95368.05,Gold,250000,2024-03-04,4,39,424719.31,5,4,5,545,Champions,10890.238717948718,424719.31,1.0,849438.62,False,1,Premium,High Risk
C00375,35,M,Jaipur,Salaried,59229.32,Platinum,500000,2020-11-02,14,39,390002.09,3,4,5,345,Loyal,10000.053589743591,390002.09,0.78000418,780004.1800000002,False,1,Premium,Medium Risk
C00376,53,M,Kolkata,Business Owner,76963.86,Gold,250000,2022-08-06,2,26,208501.41,5,1,1,511,New,8019.285,208501.41,0.83400564,417002.82,False,2,Low Value,High Risk
C00377,57,M,Mumbai,Business Owner,60758.97,Silver,100000,2023-08-20,11,42,391274.83,4,5,5,455,Champions,9316.067380952381,391274.83,1.0,782549.66,False,1,Premium,High Risk
C00378,63,M,Delhi,Salaried,93389.82,Gold,250000,2023-02-07,11,50,528837.43,4,5,5,455,Champions,10576.7486,528837.43,1.0,1057674.86,False,1,Premium,High Risk
C00379,25,M,Chennai,Salaried,106663.7,Gold,250000,2023-02-18,49,32,199265.06,1,2,1,121,At Risk,6227.033125,199265.06,0.79706024,398530.12,False,3,High Value,Medium Risk
C00380,25,M,Chennai,Salaried,73335.16,Silver,100000,2022-09-29,9,30,385135.04,4,1,4,414,New,12837.834666666666,385135.04,1.0,770270.08,False,1,Premium,High Risk
C00381,63,M,Kolkata,Salaried,37055.64,Silver,100000,2024-01-25,14,35,291469.24,3,3,2,332,Loyal,8327.692571428572,291469.24,1.0,582938.48,False,2,Low Value,High Risk
C00382,57,F,Kolkata,Business Owner,59145.66,Platinum,500000,2023-04-22,37,30,261199.93,1,1,2,112,At Risk,8706.664333333332,261199.93,0.5223998599999999,522399.8599999999,False,0,Mid Value,Medium Risk
C00383,26,F,Chennai,Salaried,105193.74,Signature,1000000,2019-03-18,2,37,332914.41000000003,5,4,4,544,Champions,8997.686756756757,332914.41000000003,0.33291441000000005,665828.8200000001,False,0,Mid Value,Low Risk
C00384,52,F,Jaipur,Business Owner,81089.27,Silver,100000,2019-03-09,7,41,397036.93,4,5,5,455,Champions,9683.82756097561,397036.93,1.0,794073.86,False,1,Premium,High Risk
C00385,54,M,Bangalore,Salaried,54512.74,Platinum,500000,2021-06-17,17,43,316508.71,3,5,3,353,Loyal,7360.667674418605,316508.71,0.63301742,633017.42,False,0,Mid Value,Medium Risk
C00386,41,M,Hyderabad,Business Owner,49704.85,Silver,100000,2021-09-30,37,28,314813.23,1,1,3,113,At Risk,11243.329642857143,314813.23,1.0,629626.46,False,3,High Value,High Risk
C00387,21,F,Chennai,Salaried,37817.71,Gold,250000,2022-02-08,41,38,377719.8,1,4,4,144,Regular,9939.994736842105,377719.8,1.0,755439.6,False,1,Premium,High Risk
C00388,37,F,Jaipur,Self Employed,77177.41,Platinum,500000,2024-02-17,53,31,393669.37,1,2,5,125,At Risk,12699.011935483872,393669.37,0.78733874,787338.74,False,3,High Value,Medium Risk
C00389,39,F,Pune,Salaried,56562.57,Silver,100000,2020-10-18,15,31,249427.47,3,2,2,322,Regular,8046.047419354839,249427.47,1.0,498854.94,False,2,Low Value,High Risk
C00390,47,M,Pune,Salaried,31725.04,Signature,1000000,2019-09-24,2,31,325194.34,5,2,3,523,New,10490.140000000001,325194.34,0.32519434,650388.68,False,0,Mid Value,Low Risk
C00391,31,F,Pune,Salaried,49644.12,Gold,250000,2024-05-14,12,42,457820.54,3,5,5,355,Loyal,10900.489047619047,457820.54,1.0,915641.08,False,1,Premium,High Risk
C00392,39,M,Pune,Business Owner,72270.17,Gold,250000,2020-09-11,2,24,251785.56,5,1,2,512,New,10491.065,251785.56,1.0,503571.12,False,2,Low Value,High Risk
C00393,56,F,Jaipur,Salaried,42828.03,Platinum,500000,2020-02-03,15,39,305231.09,3,4,3,343,Loyal,7826.4382051282055,305231.09,0.6104621800000001,610462.18,False,0,Mid Value,Medium Risk
C00394,37,M,Bangalore,Business Owner,50387.01,Platinum,500000,2021-08-31,8,34,244005.33,4,3,1,431,Loyal,7176.6273529411765,244005.33,0.48801066,488010.66,False,0,Mid Value,Low Risk
C00395,24,F,Delhi,Business Owner,66800.46,Signature,1000000,2024-02-07,65,35,291521.13,1,3,2,132,Regular,8329.175142857142,291521.13,0.29152113,583042.26,False,0,Mid Value,Low Risk
C00396,53,M,Bangalore,Salaried,111712.82,Platinum,500000,2019-05-27,76,32,268831.37,1,2,2,122,At Risk,8400.9803125,268831.37,0.53766274,537662.74,False,3,High Value,Medium Risk
C00397,33,F,Pune,Business Owner,96563.77,Signature,1000000,2023-10-16,12,33,236661.29,3,2,1,321,Regular,7171.554242424243,236661.29,0.23666129,473322.58,False,0,Mid Value,Low Risk
C00398,41,M,Bangalore,Salaried,93674.02,Gold,250000,2019-07-13,12,35,297204.94,3,3,3,333,Loyal,8491.569714285715,297204.94,1.0,594409.8800000001,False,2,Low Value,High Risk
C00399,50,M,Chennai,Student,98593.75,Silver,100000,2020-10-08,4,32,315617.13,5,2,3,523,New,9863.0353125,315617.13,1.0,631234.26,False,2,Low Value,High Risk
C00400,21,F,Kolkata,Student,85392.56,Silver,100000,2019-05-21,5,41,298293.51,5,5,3,553,Loyal,7275.451463414634,298293.51,1.0,596587.02,False,2,Low Value,High Risk
C00401,29,M,Mumbai,Salaried,87535.1,Gold,250000,2022-02-01,4,39,369577.21,5,4,4,544,Champions,9476.338717948718,369577.21,1.0,739154.42,False,1,Premium,High Risk
C00402,24,M,Ahmedabad,Salaried,83489.68,Gold,250000,2022-10-13,11,26,226493.91,4,1,1,411,New,8711.30423076923,226493.91,0.90597564,452987.81999999995,False,2,Low Value,High Risk
C00403,33,M,Mumbai,Self Employed,70905.72,Silver,100000,2021-07-24,25,36,332443.19,2,3,3,233,Regular,9234.533055555556,332443.19,1.0,664886.38,False,2,Low Value,High Risk
C00404,36,M,Ahmedabad,Salaried,88258.22,Gold,250000,2019-11-18,12,32,291860.82,3,2,3,323,Regular,9120.650625,291860.82,1.0,583721.64,False,2,Low Value,High Risk
C00405,54,M,Pune,Salaried,96187.58,Signature,1000000,2024-04-01,4,35,265573.13,5,3,2,532,Loyal,7587.803714285715,265573.13,0.26557313,531146.26,False,0,Mid Value,Low Risk
C00406,59,M,Kolkata,Salaried,51102.84,Silver,100000,2022-06-10,1,38,403157.0,5,4,5,545,Champions,10609.394736842105,403157.0,1.0,806314.0,False,1,Premium,High Risk
C00407,39,F,Lucknow,Business Owner,44359.81,Platinum,500000,2021-11-12,16,33,337714.95,3,2,4,324,Regular,10233.786363636364,337714.95,0.6754299,675429.9,False,0,Mid Value,Medium Risk
C00408,28,F,Mumbai,Self Employed,80051.11,Gold,250000,2020-10-21,7,36,386392.83,4,3,4,434,Loyal,10733.134166666667,386392.83,1.0,772785.66,False,1,Premium,High Risk
C00409,44,F,Mumbai,Salaried,85713.13,Silver,100000,2021-12-18,27,27,323140.26,2,1,3,213,At Risk,11968.157777777778,323140.26,1.0,646280.52,False,3,High Value,High Risk
C00410,51,F,Jaipur,Self Employed,17854.59,Silver,100000,2021-04-29,3,35,384458.05,5,3,4,534,Loyal,10984.515714285713,384458.05,1.0,768916.1,False,1,Premium,High Risk
C00411,35,M,Mumbai,Business Owner,91204.52,Gold,250000,2019-07-28,21,35,298320.37,2,3,3,233,Regular,8523.439142857143,298320.37,1.0,596640.74,False,2,Low Value,High Risk
C00412,26,M,Jaipur,Salaried,97907.68,Silver,100000,2021-06-07,85,31,275421.12,1,2,2,122,At Risk,8884.552258064516,275421.12,1.0,550842.24,False,3,High Value,High Risk
C00413,39,F,Bangalore,Retired,102088.25,Gold,250000,2024-02-17,7,35,347892.86,4,3,4,434,Loyal,9939.796,347892.86,1.0,695785.72,False,1,Premium,High Risk
C00414,32,F,Lucknow,Business Owner,75688.84,Gold,250000,2020-02-05,20,33,195718.65,2,2,1,221,At Risk,5930.868181818181,195718.65,0.7828746,391437.3,False,2,Low Value,Medium Risk
C00415,47,F,Kolkata,Retired,83845.37,Silver,100000,2023-10-15,9,44,366305.12,4,5,4,454,Champions,8325.116363636364,366305.12,1.0,732610.24,False,1,Premium,High Risk
C00416,64,F,Jaipur,Salaried,97104.42,Silver,100000,2023-01-15,6,46,314596.9,4,5,3,453,Loyal,6839.0630434782615,314596.9,1.0,629193.8,False,2,Low Value,High Risk
C00417,39,M,Mumbai,Business Owner,69894.76,Gold,250000,2021-10-20,28,34,289893.23,2,3,2,232,Regular,8526.271470588235,289893.23,1.0,579786.46,False,2,Low Value,High Risk
C00418,55,F,Mumbai,Business Owner,40899.88,Gold,250000,2021-06-10,38,32,315076.18,1,2,3,123,At Risk,9846.130625,315076.18,1.0,630152.36,False,3,High Value,High Risk
C00419,56,F,Pune,Salaried,58100.14,Gold,250000,2023-01-22,61,36,309887.59,1,3,3,133,Regular,8607.988611111112,309887.59,1.0,619775.18,False,3,High Value,High Risk
C00420,43,M,Ahmedabad,Self Employed,84475.72,Gold,250000,2019-06-11,4,30,288541.24,5,1,2,512,New,9618.041333333333,288541.24,1.0,577082.48,False,2,Low Value,High Risk
C00421,38,F,Bangalore,Self Employed,74148.96,Gold,250000,2021-12-24,12,33,247532.91,3,2,2,322,Regular,7500.9972727272725,247532.91,0.99013164,495065.82,False,2,Low Value,High Risk
C00422,30,F,Kolkata,Retired,59802.56,Gold,250000,2024-01-13,9,28,259673.08,4,1,2,412,New,9274.038571428571,259673.08,1.0,519346.16,False,2,Low Value,High Risk
C00423,22,F,Chennai,Salaried,63458.92,Gold,250000,2019-01-17,2,45,453920.77,5,5,5,555,Champions,10087.128222222223,453920.77,1.0,907841.5400000002,False,1,Premium,High Risk
C00424,63,M,Pune,Self Employed,15000.0,Platinum,500000,2022-11-02,5,48,348365.04,5,5,4,554,Champions,7257.605,348365.04,0.6967300799999999,696730.08,False,1,Premium,Medium Risk
C00425,48,M,Kolkata,Salaried,44024.01,Silver,100000,2024-06-18,62,27,231542.75,1,1,1,111,At Risk,8575.657407407407,231542.75,1.0,463085.5,False,3,High Value,High Risk
C00426,50,M,Kolkata,Salaried,48422.7,Gold,250000,2022-12-15,7,31,374418.96,4,2,4,424,New,12078.030967741935,374418.96,1.0,748837.92,False,1,Premium,High Risk
C00427,27,F,Hyderabad,Student,32826.79,Silver,100000,2020-07-08,21,41,264267.27,2,5,2,252,Regular,6445.5431707317075,264267.27,1.0,528534.54,False,2,Low Value,High Risk
C00428,29,F,Jaipur,Salaried,25974.24,Gold,250000,2021-02-14,10,40,350488.7,4,4,4,444,Champions,8762.2175,350488.7,1.0,700977.4,False,1,Premium,High Risk
C00429,42,F,Hyderabad,Self Employed,79362.09,Gold,250000,2022-05-13,9,25,248193.31,4,1,2,412,New,9927.7324,248193.31,0.99277324,496386.62000000005,False,2,Low Value,High Risk
C00430,24,M,Ahmedabad,Retired,74497.95,Signature,1000000,2020-01-28,17,32,393348.87,3,2,5,325,Regular,12292.1521875,393348.87,0.39334887,786697.74,False,0,Mid Value,Low Risk
C00431,31,F,Jaipur,Self Employed,32195.06,Silver,100000,2019-12-28,9,30,329341.25,4,1,3,413,New,10978.041666666666,329341.25,1.0,658682.5,False,2,Low Value,High Risk
C00432,39,M,Chennai,Salaried,51509.16,Silver,100000,2023-09-13,29,35,218922.53,2,3,1,231,Regular,6254.929428571429,218922.53,1.0,437845.06,False,2,Low Value,High Risk
C00433,48,M,Jaipur,Student,103685.92,Signature,1000000,2022-01-30,18,45,343006.49,3,5,4,354,Loyal,7622.366444444444,343006.49,0.34300649,686012.98,False,0,Mid Value,Low Risk
C00434,61,M,Kolkata,Business Owner,85526.31,Gold,250000,2021-03-04,22,39,473929.96,2,4,5,245,Regular,12152.050256410257,473929.96,1.0,947859.92,False,1,Premium,High Risk
C00435,61,F,Lucknow,Self Employed,37327.6,Signature,1000000,2024-04-30,34,41,379342.43,2,5,4,254,Regular,9252.254390243903,379342.43,0.37934243,758684.86,False,0,Mid Value,Low Risk
C00436,25,F,Mumbai,Business Owner,65325.36,Gold,250000,2023-05-17,25,28,340806.28,2,1,4,214,At Risk,12171.652857142859,340806.28,1.0,681612.56,False,1,Premium,High Risk
C00437,33,M,Delhi,Salaried,138668.42,Platinum,500000,2020-06-03,2,41,383034.06,5,5,4,554,Champions,9342.294146341463,383034.06,0.76606812,766068.12,False,1,Premium,Medium Risk
C00438,31,M,Pune,Salaried,23297.1,Platinum,500000,2023-03-27,2,29,348825.55,5,1,4,514,New,12028.46724137931,348825.55,0.6976511,697651.1,False,1,Premium,Medium Risk
C00439,24,M,Pune,Business Owner,22056.27,Gold,250000,2021-11-08,8,36,281600.03,4,3,2,432,Loyal,7822.223055555556,281600.03,1.0,563200.06,False,2,Low Value,High Risk
C00440,46,F,Mumbai,Self Employed,83865.18,Silver,100000,2020-09-11,16,36,225193.25,3,3,1,331,Loyal,6255.368055555556,225193.25,1.0,450386.5,False,2,Low Value,High Risk
C00441,63,F,Chennai,Salaried,82776.62,Platinum,500000,2022-03-10,43,30,209927.86,1,1,1,111,At Risk,6997.595333333333,209927.86,0.41985572,419855.72,False,0,Mid Value,Low Risk
C00442,21,M,Ahmedabad,Self Employed,70574.43,Gold,250000,2020-08-15,11,30,226953.88999999998,4,1,1,411,New,7565.129666666666,226953.88999999998,0.90781556,453907.77999999997,False,2,Low Value,High Risk
C00443,49,M,Lucknow,Student,60608.26,Silver,100000,2023-06-25,40,37,415003.86,1,4,5,145,Regular,11216.32054054054,415003.86,1.0,830007.72,False,1,Premium,High Risk
C00444,41,M,Hyderabad,Self Employed,69978.74,Silver,100000,2023-11-23,33,37,303831.72,2,4,3,243,Regular,8211.668108108108,303831.72,1.0,607663.44,False,2,Low Value,High Risk
C00445,47,F,Lucknow,Retired,44658.51,Gold,250000,2024-03-14,15,29,236857.72,3,1,1,311,Regular,8167.507586206897,236857.72,0.94743088,473715.44,False,2,Low Value,High Risk
C00446,47,M,Hyderabad,Salaried,45457.42,Signature,1000000,2019-05-09,21,34,244847.87,2,3,2,232,Regular,7201.407941176471,244847.87,0.24484787,489695.74,False,0,Mid Value,Low Risk
C00447,40,F,Chennai,Salaried,67463.11,Silver,100000,2021-11-06,26,41,479184.01,2,5,5,255,Regular,11687.414878048781,479184.01,1.0,958368.02,False,1,Premium,High Risk
C00448,47,M,Lucknow,Student,49831.65,Gold,250000,2021-08-18,38,32,256493.66,1,2,2,122,At Risk,8015.426875,256493.66,1.0,512987.32,False,2,Low Value,High Risk
C00449,40,M,Delhi,Salaried,70428.19,Silver,100000,2019-04-15,3,34,347792.26,5,3,4,534,Loyal,10229.184117647059,347792.26,1.0,695584.52,False,1,Premium,High Risk
C00450,54,F,Kolkata,Self Employed,41381.82,Gold,250000,2024-05-14,4,33,247157.88,5,2,2,522,New,7489.632727272728,247157.88,0.98863152,494315.76,False,2,Low Value,High Risk
C00451,41,M,Hyderabad,Retired,118516.38,Silver,100000,2020-11-30,6,30,343327.93,4,1,4,414,New,11444.264333333333,343327.93,1.0,686655.86,False,1,Premium,High Risk
C00452,60,F,Lucknow,Student,73130.68,Gold,250000,2020-04-06,4,40,477907.15,5,4,5,545,Champions,11947.678750000001,477907.15,1.0,955814.3,False,1,Premium,High Risk
C00453,49,M,Jaipur,Salaried,44199.6,Gold,250000,2023-05-01,15,38,378783.23,3,4,4,344,Loyal,9967.979736842104,378783.23,1.0,757566.46,False,1,Premium,High Risk
C00454,35,M,Ahmedabad,Student,39099.56,Platinum,500000,2024-04-04,2,46,409606.62,5,5,5,555,Champions,8904.491739130435,409606.62,0.81921324,819213.24,False,1,Premium,High Risk
C00455,56,M,Delhi,Business Owner,101111.42,Gold,250000,2024-02-02,52,30,424562.85,1,1,5,115,At Risk,14152.095,424562.85,1.0,849125.7,False,3,High Value,High Risk
C00456,43,M,Jaipur,Salaried,92217.73,Signature,1000000,2021-05-12,4,39,376776.58,5,4,4,544,Champions,9660.937948717949,376776.58,0.37677658,753553.16,False,0,Mid Value,Low Risk
C00457,26,F,Pune,Self Employed,48054.6,Silver,100000,2023-03-19,6,40,329781.73,4,4,3,443,Loyal,8244.543249999999,329781.73,1.0,659563.46,False,2,Low Value,High Risk
C00458,48,F,Jaipur,Student,39304.13,Silver,100000,2023-03-15,10,33,298113.8,4,2,3,423,New,9033.751515151514,298113.8,1.0,596227.6,False,2,Low Value,High Risk
C00459,43,F,Jaipur,Salaried,95611.74,Platinum,500000,2022-02-09,12,36,342945.59,3,3,4,334,Loyal,9526.26638888889,342945.59,0.68589118,685891.18,False,1,Premium,Medium Risk
C00460,56,F,Pune,Business Owner,77089.78,Signature,1000000,2020-05-18,2,31,267052.08999999997,5,2,2,522,New,8614.583548387096,267052.08999999997,0.26705208999999996,534104.1799999999,False,0,Mid Value,Low Risk
C00461,36,M,Jaipur,Salaried,72559.54,Platinum,500000,2020-03-18,38,24,168966.77,1,1,1,111,At Risk,7040.282083333333,168966.77,0.33793354,337933.54,False,0,Mid Value,Low Risk
C00462,52,M,Chennai,Business Owner,45752.03,Silver,100000,2020-05-19,14,27,331681.48,3,1,3,313,Regular,12284.499259259259,331681.48,1.0,663362.96,False,1,Premium,High Risk
C00463,41,M,Jaipur,Salaried,113701.3,Platinum,500000,2020-07-16,1,26,197098.26,5,1,1,511,New,7580.702307692308,197098.26,0.39419652,394196.52,False,0,Mid Value,Low Risk
C00464,22,M,Pune,Retired,79354.43,Gold,250000,2022-01-24,2,31,252108.57,5,2,2,522,New,8132.534516129032,252108.57,1.0,504217.14,False,2,Low Value,High Risk
C00465,43,M,Pune,Self Employed,63852.29,Silver,100000,2019-03-14,3,34,275578.46,5,3,2,532,Loyal,8105.248823529412,275578.46,1.0,551156.92,False,2,Low Value,High Risk
C00466,23,F,Hyderabad,Business Owner,67963.67,Silver,100000,2020-07-14,10,34,289643.73,4,3,2,432,Loyal,8518.933235294116,289643.73,1.0,579287.46,False,2,Low Value,High Risk
C00467,37,F,Delhi,Salaried,37248.97,Platinum,500000,2022-02-25,54,33,295259.77,1,2,3,123,At Risk,8947.265757575758,295259.77,0.5905195400000001,590519.54,False,3,High Value,Medium Risk
C00468,55,F,Mumbai,Salaried,58387.01,Silver,100000,2021-04-05,5,37,464374.42,5,4,5,545,Champions,12550.66,464374.42,1.0,928748.84,False,1,Premium,High Risk
C00469,24,F,Bangalore,Salaried,71617.61,Platinum,500000,2021-09-19,19,30,352003.69,3,1,4,314,Regular,11733.456333333334,352003.69,0.70400738,704007.38,False,1,Premium,Medium Risk
C00470,25,M,Bangalore,Retired,157700.67,Platinum,500000,2020-01-25,1,35,214114.54,5,3,1,531,Loyal,6117.558285714286,214114.54,0.42822908000000004,428229.08,False,0,Mid Value,Low Risk
C00471,36,F,Jaipur,Self Employed,55634.88,Silver,100000,2022-10-31,12,31,241341.22,3,2,1,321,Regular,7785.200645161291,241341.22,1.0,482682.44,False,2,Low Value,High Risk
C00472,27,F,Hyderabad,Retired,44116.73,Silver,100000,2020-01-10,5,38,490805.54,5,4,5,545,Champions,12915.935263157895,490805.54,1.0,981611.0800000001,False,1,Premium,High Risk
C00473,38,M,Kolkata,Salaried,50116.46,Silver,100000,2021-11-01,14,24,154550.45,3,1,1,311,Regular,6439.602083333334,154550.45,1.0,309100.9,False,2,Low Value,High Risk
C00474,37,F,Kolkata,Salaried,55110.86,Signature,1000000,2020-05-31,12,38,291514.72000000003,3,4,2,342,Loyal,7671.4400000000005,291514.72000000003,0.29151472,583029.4400000001,False,0,Mid Value,Low Risk
C00475,53,M,Hyderabad,Retired,53925.96,Gold,250000,2019-07-16,18,43,414893.16,3,5,5,355,Loyal,9648.678139534883,414893.16,1.0,829786.32,False,1,Premium,High Risk
C00476,33,F,Hyderabad,Salaried,18779.26,Platinum,500000,2020-01-26,6,25,153497.33000000002,4,1,1,411,New,6139.8932,153497.33000000002,0.30699466000000003,306994.66000000003,False,0,Mid Value,Low Risk
C00477,49,F,Ahmedabad,Salaried,61172.05,Silver,100000,2020-12-14,2,37,316280.47,5,4,3,543,Loyal,8548.12081081081,316280.47,1.0,632560.94,False,2,Low Value,High Risk
C00478,49,F,Kolkata,Retired,54158.89,Signature,1000000,2019-11-18,13,33,310943.11,3,2,3,323,Regular,9422.518484848484,310943.11,0.31094310999999997,621886.22,False,0,Mid Value,Low Risk
C00479,61,M,Hyderabad,Salaried,96705.95,Gold,250000,2023-10-21,15,43,510704.56,3,5,5,355,Loyal,11876.85023255814,510704.56,1.0,1021409.12,False,1,Premium,High Risk
C00480,30,M,Ahmedabad,Self Employed,101057.48,Gold,250000,2024-01-01,18,38,175710.87,3,4,1,341,Loyal,4623.970263157895,175710.87,0.70284348,351421.74,False,2,Low Value,Medium Risk
C00481,42,F,Jaipur,Salaried,78570.69,Silver,100000,2023-02-27,8,31,332353.28,4,2,3,423,New,10721.073548387098,332353.28,1.0,664706.56,False,2,Low Value,High Risk
C00482,64,F,Kolkata,Salaried,37998.37,Gold,250000,2023-02-15,5,30,242226.73,5,1,1,511,New,8074.224333333334,242226.73,0.96890692,484453.46,False,2,Low Value,High Risk
C00483,23,F,Jaipur,Business Owner,100229.6,Gold,250000,2022-10-07,7,41,360641.07,4,5,4,454,Champions,8796.123658536586,360641.07,1.0,721282.14,False,1,Premium,High Risk
C00484,22,M,Jaipur,Salaried,15000.0,Platinum,500000,2021-12-24,2,39,337474.3,5,4,4,544,Champions,8653.187179487179,337474.3,0.6749486,674948.6,False,1,Premium,Medium Risk
C00485,35,M,Chennai,Retired,26664.48,Silver,100000,2023-01-12,8,29,208421.32,4,1,1,411,New,7186.942068965517,208421.32,1.0,416842.64,False,2,Low Value,High Risk
C00486,29,M,Jaipur,Student,112910.4,Gold,250000,2024-04-04,3,37,338144.74,5,4,4,544,Champions,9139.047027027027,338144.74,1.0,676289.48,False,2,Low Value,High Risk
C00487,62,M,Pune,Salaried,45058.02,Gold,250000,2021-04-21,26,40,398866.52999999997,2,4,5,245,Regular,9971.66325,398866.52999999997,1.0,797733.0599999999,False,1,Premium,High Risk
C00488,41,F,Chennai,Salaried,90927.6,Signature,1000000,2024-05-01,38,33,302946.91000000003,1,2,3,123,At Risk,9180.209393939394,302946.91000000003,0.30294691,605893.8200000001,False,0,Mid Value,Low Risk
C00489,29,F,Ahmedabad,Self Employed,77915.55,Gold,250000,2024-05-23,19,36,272616.05,3,3,2,332,Loyal,7572.668055555555,272616.05,1.0,545232.1,False,2,Low Value,High Risk
C00490,43,M,Delhi,Salaried,24267.54,Silver,100000,2022-12-30,14,29,219318.48,3,1,1,311,Regular,7562.706206896552,219318.48,1.0,438636.96,False,2,Low Value,High Risk
C00491,25,F,Mumbai,Salaried,40806.54,Silver,100000,2022-03-30,2,32,331714.51,5,2,3,523,New,10366.0784375,331714.51,1.0,663429.02,False,2,Low Value,High Risk
C00492,30,F,Ahmedabad,Salaried,15000.0,Platinum,500000,2020-09-30,1,30,198823.87,5,1,1,511,New,6627.462333333333,198823.87,0.39764773999999997,397647.74,False,0,Mid Value,Low Risk
C00493,30,M,Lucknow,Salaried,19692.75,Signature,1000000,2023-12-05,10,41,413386.46,4,5,5,455,Champions,10082.596585365854,413386.46,0.41338646,826772.92,False,1,Premium,Low Risk
C00494,26,M,Delhi,Student,72776.22,Platinum,500000,2019-10-22,10,47,396933.63,4,5,5,455,Champions,8445.396382978723,396933.63,0.79386726,793867.2599999999,False,1,Premium,Medium Risk
C00495,29,M,Chennai,Business Owner,99979.89,Gold,250000,2021-01-11,7,32,213743.09,4,2,1,421,New,6679.4715625,213743.09,0.85497236,427486.18,False,2,Low Value,High Risk
C00496,63,M,Pune,Self Employed,62887.69,Signature,1000000,2019-04-02,3,43,353710.72,5,5,4,554,Champions,8225.830697674419,353710.72,0.35371072,707421.4400000001,False,0,Mid Value,Low Risk
C00497,33,M,Delhi,Self Employed,70761.65,Silver,100000,2021-04-01,25,36,365066.17,2,3,4,234,Regular,10140.726944444445,365066.17,1.0,730132.34,False,1,Premium,High Risk
C00498,34,M,Pune,Salaried,15000.0,Silver,100000,2019-05-01,8,42,361929.38,4,5,4,454,Champions,8617.36619047619,361929.38,1.0,723858.76,False,1,Premium,High Risk
C00499,49,M,Chennai,Salaried,93711.16,Platinum,500000,2023-06-08,29,28,264199.8,2,1,2,212,At Risk,9435.707142857142,264199.8,0.5283996,528399.6,False,0,Mid Value,Medium Risk
C00500,24,M,Hyderabad,Salaried,80201.54,Signature,1000000,2019-10-10,8,29,202473.7,4,1,1,411,New,6981.851724137931,202473.7,0.2024737,404947.4,False,0,Mid Value,Low Risk
C00501,44,F,Lucknow,Salaried,49957.88,Signature,1000000,2024-03-02,17,30,286162.63,3,1,2,312,Regular,9538.754333333334,286162.63,0.28616263000000003,572325.26,False,0,Mid Value,Low Risk
C00502,59,M,Jaipur,Salaried,100166.06,Silver,100000,2021-05-30,30,31,300703.21,2,2,3,223,At Risk,9700.103548387098,300703.21,1.0,601406.42,False,2,Low Value,High Risk
C00503,55,F,Hyderabad,Business Owner,79247.83,Platinum,500000,2019-03-28,14,46,332351.12,3,5,3,353,Loyal,7225.024347826087,332351.12,0.66470224,664702.24,False,1,Premium,Medium Risk
C00504,50,M,Kolkata,Salaried,15000.0,Gold,250000,2020-12-26,126,27,205495.0,1,1,1,111,At Risk,7610.925925925926,205495.0,0.82198,410990.0,False,3,High Value,High Risk
C00505,52,F,Kolkata,Self Employed,38889.47,Silver,100000,2022-11-25,7,37,261123.29,4,4,2,442,Loyal,7057.386216216217,261123.29,1.0,522246.58,False,2,Low Value,High Risk
C00506,26,M,Delhi,Salaried,92314.47,Platinum,500000,2023-06-18,24,28,296030.52,2,1,3,213,At Risk,10572.518571428573,296030.52,0.59206104,592061.04,False,0,Mid Value,Medium Risk
C00507,63,F,Mumbai,Business Owner,87178.24,Silver,100000,2021-10-16,25,44,297977.39,2,5,3,253,Regular,6772.213409090909,297977.39,1.0,595954.78,False,2,Low Value,High Risk
C00508,48,M,Pune,Salaried,80460.71,Silver,100000,2023-08-30,30,35,400666.95,2,3,5,235,Regular,11447.627142857144,400666.95,1.0,801333.9,False,1,Premium,High Risk
C00509,35,M,Delhi,Business Owner,83460.69,Signature,1000000,2019-05-17,15,19,114958.54,3,1,1,311,Regular,6050.44947368421,114958.54,0.11495854,229917.07999999996,False,0,Mid Value,Low Risk
C00510,30,M,Mumbai,Salaried,116681.48,Gold,250000,2021-09-28,49,35,179760.4,1,3,1,131,Regular,5136.011428571428,179760.4,0.7190416,359520.8,False,2,Low Value,Medium Risk
C00511,33,F,Kolkata,Salaried,79834.64,Gold,250000,2019-07-24,27,33,200954.37,2,2,1,221,At Risk,6089.526363636363,200954.37,0.80381748,401908.74,False,2,Low Value,High Risk
C00512,49,F,Hyderabad,Salaried,97728.1,Gold,250000,2021-05-05,14,27,234233.09,3,1,1,311,Regular,8675.29962962963,234233.09,0.93693236,468466.18,False,2,Low Value,High Risk
C00513,46,F,Delhi,Student,66037.39,Gold,250000,2021-03-31,17,45,462259.32,3,5,5,355,Loyal,10272.429333333333,462259.32,1.0,924518.64,False,1,Premium,High Risk
C00514,23,M,Lucknow,Salaried,75302.64,Gold,250000,2023-07-11,74,34,271267.24,1,3,2,132,Regular,7978.448235294118,271267.24,1.0,542534.48,False,3,High Value,High Risk
C00515,45,F,Jaipur,Business Owner,97462.51,Platinum,500000,2022-01-21,33,26,225872.78,2,1,1,211,At Risk,8687.414615384616,225872.78,0.45174556,451745.56000000006,False,0,Mid Value,Low Risk
C00516,61,M,Mumbai,Salaried,102201.34,Gold,250000,2022-12-07,8,34,250623.03,4,3,2,432,Loyal,7371.265588235294,250623.03,1.0,501246.06,False,2,Low Value,High Risk
C00517,35,M,Mumbai,Salaried,45998.84,Gold,250000,2022-06-09,32,30,198837.51,2,1,1,211,At Risk,6627.917,198837.51,0.7953500400000001,397675.02,False,2,Low Value,Medium Risk
C00518,42,M,Chennai,Student,68094.26,Gold,250000,2021-01-20,1,35,293395.19,5,3,3,533,Loyal,8382.719714285715,293395.19,1.0,586790.38,False,2,Low Value,High Risk
C00519,38,F,Lucknow,Salaried,106002.37,Gold,250000,2024-06-06,4,34,277395.82,5,3,2,532,Loyal,8158.700588235294,277395.82,1.0,554791.64,False,2,Low Value,High Risk
C00520,39,M,Hyderabad,Salaried,55242.93,Silver,100000,2019-07-25,82,36,253166.02,1,3,2,132,Regular,7032.389444444444,253166.02,1.0,506332.04,False,3,High Value,High Risk
C00521,31,F,Delhi,Salaried,108681.91,Silver,100000,2022-06-12,43,35,340827.06,1,3,4,134,Regular,9737.916,340827.06,1.0,681654.12,False,3,High Value,High Risk
C00522,51,M,Jaipur,Business Owner,99040.19,Platinum,500000,2019-11-13,23,40,406922.96,2,4,5,245,Regular,10173.074,406922.96,0.81384592,813845.92,False,1,Premium,High Risk
C00523,29,F,Chennai,Salaried,111897.91,Platinum,500000,2021-03-17,21,35,280085.08999999997,2,3,2,232,Regular,8002.431142857142,280085.08999999997,0.56017018,560170.1799999999,False,0,Mid Value,Medium Risk
C00524,57,F,Hyderabad,Self Employed,82439.44,Silver,100000,2019-02-13,5,37,223701.81,5,4,1,541,Loyal,6045.994864864865,223701.81,1.0,447403.62,False,2,Low Value,High Risk
C00525,48,F,Lucknow,Student,37023.15,Silver,100000,2021-09-17,3,46,525875.44,5,5,5,555,Champions,11432.074782608694,525875.44,1.0,1051750.88,False,1,Premium,High Risk
C00526,57,M,Lucknow,Salaried,59445.27,Gold,250000,2023-05-17,4,31,446153.88,5,2,5,525,New,14392.060645161291,446153.88,1.0,892307.76,False,1,Premium,High Risk
C00527,31,F,Mumbai,Salaried,44570.98,Silver,100000,2021-11-29,11,36,292922.62,4,3,3,433,Loyal,8136.739444444444,292922.62,1.0,585845.24,False,2,Low Value,High Risk
C00528,32,M,Delhi,Business Owner,50437.33,Platinum,500000,2020-01-30,6,22,169241.41,4,1,1,411,New,7692.791363636364,169241.41,0.33848282,338482.82,False,0,Mid Value,Low Risk
C00529,32,M,Pune,Business Owner,15452.79,Signature,1000000,2022-10-24,6,40,368390.7,4,4,4,444,Champions,9209.7675,368390.7,0.3683907,736781.4,False,0,Mid Value,Low Risk
C00530,23,M,Kolkata,Self Employed,15000.0,Signature,1000000,2022-05-30,4,39,338233.28,5,4,4,544,Champions,8672.648205128206,338233.28,0.33823328,676466.56,False,0,Mid Value,Low Risk
C00531,33,F,Chennai,Business Owner,101181.85,Silver,100000,2022-12-31,20,50,591897.29,2,5,5,255,Regular,11837.945800000001,591897.29,1.0,1183794.58,True,1,Premium,High Risk
C00532,26,F,Delhi,Salaried,84899.94,Platinum,500000,2024-03-07,22,43,404703.05,2,5,5,255,Regular,9411.698837209302,404703.05,0.8094061,809406.1,False,1,Premium,High Risk
C00533,21,M,Kolkata,Business Owner,19001.21,Gold,250000,2020-08-30,1,33,308614.3,5,2,3,523,New,9351.948484848484,308614.3,1.0,617228.6,False,2,Low Value,High Risk
C00534,26,F,Ahmedabad,Self Employed,62218.25,Gold,250000,2020-01-01,11,34,319219.82,4,3,3,433,Loyal,9388.818235294118,319219.82,1.0,638439.64,False,2,Low Value,High Risk
C00535,27,F,Chennai,Retired,55925.53,Gold,250000,2023-11-27,93,28,185946.55,1,1,1,111,At Risk,6640.948214285714,185946.55,0.7437862,371893.1,False,3,High Value,Medium Risk
C00536,51,F,Bangalore,Business Owner,89338.85,Platinum,500000,2020-07-26,5,33,271534.01,5,2,2,522,New,8228.303333333333,271534.01,0.54306802,543068.02,False,0,Mid Value,Medium Risk
C00537,36,F,Pune,Business Owner,39499.51,Silver,100000,2023-09-19,50,34,240057.77,1,3,1,131,Regular,7060.522647058823,240057.77,1.0,480115.54,False,3,High Value,High Risk
C00538,55,F,Mumbai,Self Employed,62677.59,Silver,100000,2022-12-09,8,42,285411.68,4,5,2,452,Loyal,6795.51619047619,285411.68,1.0,570823.36,False,2,Low Value,High Risk
C00539,56,M,Bangalore,Business Owner,102142.34,Gold,250000,2024-02-20,3,32,233087.85,5,2,1,521,New,7283.9953125,233087.85,0.9323514,466175.7,False,2,Low Value,High Risk
C00540,49,F,Jaipur,Salaried,130601.47,Platinum,500000,2020-11-13,82,29,320706.9,1,1,3,113,At Risk,11058.858620689656,320706.9,0.6414138,641413.8,False,3,High Value,Medium Risk
C00541,39,M,Kolkata,Retired,60567.82,Gold,250000,2020-06-23,11,31,229250.13,4,2,1,421,New,7395.165483870968,229250.13,0.91700052,458500.26,False,2,Low Value,High Risk
C00542,32,F,Chennai,Retired,98748.65,Gold,250000,2023-11-17,6,30,184689.03,4,1,1,411,New,6156.301,184689.03,0.73875612,369378.06,False,2,Low Value,Medium Risk
C00543,34,F,Ahmedabad,Retired,68015.7,Gold,250000,2023-05-10,1,41,462138.98,5,5,5,555,Champions,11271.68243902439,462138.98,1.0,924277.96,False,1,Premium,High Risk
C00544,41,F,Jaipur,Business Owner,50407.25,Gold,250000,2022-09-28,14,43,467877.91,3,5,5,355,Loyal,10880.881627906976,467877.91,1.0,935755.82,False,1,Premium,High Risk
C00545,30,M,Pune,Business Owner,118251.68,Platinum,500000,2019-07-12,32,25,151120.82,2,1,1,211,At Risk,6044.8328,151120.82,0.30224164000000003,302241.64,False,0,Mid Value,Low Risk
C00546,37,M,Mumbai,Self Employed,80649.05,Platinum,500000,2020-10-15,16,28,307919.72000000003,3,1,3,313,Regular,10997.132857142858,307919.72000000003,0.61583944,615839.4400000001,False,0,Mid Value,Medium Risk
C00547,63,M,Ahmedabad,Retired,15000.0,Gold,250000,2019-06-15,23,33,354631.0,2,2,4,224,At Risk,10746.39393939394,354631.0,1.0,709262.0,False,1,Premium,High Risk
C00548,33,F,Mumbai,Retired,15000.0,Silver,100000,2021-03-15,16,32,165550.8,3,2,1,321,Regular,5173.4625,165550.8,1.0,331101.6,False,2,Low Value,High Risk
C00549,46,M,Ahmedabad,Salaried,57420.53,Gold,250000,2020-10-21,31,39,213454.81,2,4,1,241,Regular,5473.200256410257,213454.81,0.85381924,426909.62000000005,False,2,Low Value,High Risk
C00550,37,M,Hyderabad,Business Owner,77470.35,Gold,250000,2020-09-19,6,36,400374.15,4,3,5,435,Loyal,11121.504166666668,400374.15,1.0,800748.3,False,1,Premium,High Risk
C00551,47,M,Kolkata,Student,43133.32,Platinum,500000,2021-07-19,8,28,261354.41,4,1,2,412,New,9334.086071428572,261354.41,0.52270882,522708.82,False,0,Mid Value,Medium Risk
C00552,51,F,Kolkata,Salaried,99880.26,Signature,1000000,2022-07-11,21,39,354309.39,2,4,4,244,Regular,9084.856153846154,354309.39,0.35430939,708618.78,False,0,Mid Value,Low Risk
C00553,40,F,Bangalore,Business Owner,45396.35,Gold,250000,2023-12-14,18,30,317316.31,3,1,3,313,Regular,10577.210333333333,317316.31,1.0,634632.62,False,2,Low Value,High Risk
C00554,54,M,Chennai,Salaried,15000.0,Silver,100000,2019-12-30,2,28,358533.24,5,1,4,514,New,12804.75857142857,358533.24,1.0,717066.48,False,1,Premium,High Risk
C00555,44,F,Ahmedabad,Salaried,18933.6,Platinum,500000,2019-04-20,4,25,301962.62,5,1,3,513,New,12078.5048,301962.62,0.60392524,603925.24,False,0,Mid Value,Medium Risk
C00556,59,F,Chennai,Salaried,56115.53,Gold,250000,2022-12-14,1,35,273231.21,5,3,2,532,Loyal,7806.606000000001,273231.21,1.0,546462.42,False,2,Low Value,High Risk
C00557,42,M,Hyderabad,Salaried,75978.92,Silver,100000,2024-02-23,1,38,270846.17,5,4,2,542,Loyal,7127.530789473683,270846.17,1.0,541692.34,False,2,Low Value,High Risk
C00558,51,F,Kolkata,Business Owner,78601.9,Silver,100000,2022-08-18,9,37,353887.36,4,4,4,444,Champions,9564.523243243242,353887.36,1.0,707774.72,False,1,Premium,High Risk
C00559,30,M,Hyderabad,Salaried,35029.85,Gold,250000,2022-02-09,3,33,413613.68,5,2,5,525,New,12533.747878787879,413613.68,1.0,827227.36,False,1,Premium,High Risk
C00560,51,F,Kolkata,Salaried,70541.25,Silver,100000,2021-04-04,18,38,313986.22,3,4,3,343,Loyal,8262.795263157894,313986.22,1.0,627972.44,False,2,Low Value,High Risk
C00561,29,F,Lucknow,Salaried,53800.37,Gold,250000,2021-08-29,66,27,396617.92,1,1,5,115,At Risk,14689.552592592592,396617.92,1.0,793235.84,False,3,High Value,High Risk
C00562,59,F,Chennai,Salaried,37240.74,Gold,250000,2021-11-21,25,29,328727.67,2,1,3,213,At Risk,11335.436896551724,328727.67,1.0,657455.34,False,1,Premium,High Risk
C00563,41,F,Hyderabad,Salaried,121080.89,Gold,250000,2022-12-22,93,30,216125.01,1,1,1,111,At Risk,7204.167,216125.01,0.86450004,432250.02,False,3,High Value,High Risk
C00564,38,M,Jaipur,Business Owner,67757.67,Silver,100000,2024-01-05,25,36,318977.72,2,3,3,233,Regular,8860.492222222221,318977.72,1.0,637955.44,False,2,Low Value,High Risk
C00565,60,F,Pune,Salaried,77858.51,Gold,250000,2024-02-25,24,30,293545.27,2,1,3,213,At Risk,9784.842333333334,293545.27,1.0,587090.54,False,2,Low Value,High Risk
C00566,59,F,Pune,Salaried,32346.77,Signature,1000000,2021-04-24,7,44,379940.19,4,5,4,454,Champions,8635.004318181818,379940.19,0.37994019,759880.38,False,0,Mid Value,Low Risk
C00567,48,F,Pune,Business Owner,76977.85,Gold,250000,2021-01-27,8,43,275587.52999999997,4,5,2,452,Loyal,6409.012325581395,275587.52999999997,1.0,551175.0599999999,False,2,Low Value,High Risk
C00568,58,M,Pune,Salaried,63407.49,Signature,1000000,2019-03-13,1,34,279690.88,5,3,2,532,Loyal,8226.202352941176,279690.88,0.27969088000000003,559381.76,False,0,Mid Value,Low Risk
C00569,55,M,Jaipur,Salaried,107147.14,Gold,250000,2024-02-04,9,34,282234.17,4,3,2,432,Loyal,8301.005,282234.17,1.0,564468.34,False,2,Low Value,High Risk
C00570,51,M,Pune,Self Employed,43690.22,Silver,100000,2021-01-31,12,28,276620.73,3,1,2,312,Regular,9879.311785714284,276620.73,1.0,553241.46,False,2,Low Value,High Risk
C00571,62,M,Delhi,Salaried,86044.52,Platinum,500000,2024-05-27,14,37,310485.15,3,4,3,343,Loyal,8391.49054054054,310485.15,0.6209703000000001,620970.3,False,0,Mid Value,Medium Risk
C00572,37,F,Hyderabad,Salaried,106869.42,Silver,100000,2022-09-13,1,40,308625.1,5,4,3,543,Loyal,7715.6275,308625.1,1.0,617250.2,False,2,Low Value,High Risk
C00573,28,M,Delhi,Self Employed,92264.58,Gold,250000,2021-01-27,22,50,473595.34,2,5,5,255,Regular,9471.9068,473595.34,1.0,947190.68,False,1,Premium,High Risk
C00574,33,F,Mumbai,Salaried,99964.5,Platinum,500000,2023-10-23,1,36,237115.83000000002,5,3,1,531,Loyal,6586.550833333334,237115.83000000002,0.47423166000000005,474231.66000000003,False,0,Mid Value,Low Risk
C00575,41,M,Kolkata,Salaried,33456.76,Gold,250000,2022-04-18,8,32,218566.57,4,2,1,421,New,6830.2053125,218566.57,0.8742662800000001,437133.14,False,2,Low Value,High Risk
C00576,50,F,Delhi,Self Employed,89605.06,Gold,250000,2019-11-04,51,35,229786.67,1,3,1,131,Regular,6565.333428571429,229786.67,0.9191466800000001,459573.34,False,3,High Value,High Risk
C00577,31,F,Jaipur,Business Owner,23406.04,Silver,100000,2023-02-13,33,44,360107.63,2,5,4,254,Regular,8184.264318181818,360107.63,1.0,720215.26,False,1,Premium,High Risk
C00578,28,M,Ahmedabad,Salaried,60955.08,Signature,1000000,2022-07-15,20,35,348000.02,2,3,4,234,Regular,9942.857714285716,348000.02,0.34800002,696000.0400000002,False,0,Mid Value,Low Risk
C00579,31,F,Kolkata,Student,127372.28,Silver,100000,2020-05-20,16,35,273966.76,3,3,2,332,Loyal,7827.621714285715,273966.76,1.0,547933.52,False,2,Low Value,High Risk
C00580,26,M,Bangalore,Business Owner,95924.63,Gold,250000,2020-09-05,61,40,306397.04,1,4,3,143,Regular,7659.9259999999995,306397.04,1.0,612794.08,False,3,High Value,High Risk
C00581,61,F,Ahmedabad,Retired,51543.12,Silver,100000,2022-03-18,16,31,341455.3,3,2,4,324,Regular,11014.687096774192,341455.3,1.0,682910.6,False,1,Premium,High Risk
C00582,48,F,Pune,Salaried,20762.4,Gold,250000,2021-10-26,24,33,279526.29,2,2,2,222,At Risk,8470.493636363635,279526.29,1.0,559052.58,False,2,Low Value,High Risk
C00583,58,M,Lucknow,Self Employed,43322.78,Silver,100000,2019-02-27,23,36,428743.19,2,3,5,235,Regular,11909.533055555556,428743.19,1.0,857486.38,False,1,Premium,High Risk
C00584,61,F,Lucknow,Salaried,98659.02,Silver,100000,2020-11-30,25,33,320488.48,2,2,3,223,At Risk,9711.772121212121,320488.48,1.0,640976.96,False,2,Low Value,High Risk
C00585,60,F,Ahmedabad,Retired,95506.16,Silver,100000,2021-03-26,5,30,254718.43,5,1,2,512,New,8490.614333333333,254718.43,1.0,509436.86,False,2,Low Value,High Risk
C00586,24,M,Ahmedabad,Business Owner,56366.17,Silver,100000,2021-07-11,4,38,373120.31,5,4,4,544,Champions,9818.955526315789,373120.31,1.0,746240.62,False,1,Premium,High Risk
C00587,44,M,Pune,Self Employed,50668.39,Signature,1000000,2023-05-22,24,32,261287.68,2,2,2,222,At Risk,8165.24,261287.68,0.26128767999999997,522575.36,False,0,Mid Value,Low Risk
C00588,46,F,Bangalore,Salaried,15000.0,Gold,250000,2022-10-15,1,30,182150.37,5,1,1,511,New,6071.679,182150.37,0.72860148,364300.74,False,2,Low Value,Medium Risk
C00589,23,M,Hyderabad,Salaried,41532.5,Gold,250000,2019-12-17,7,44,609029.21,4,5,5,455,Champions,13841.572954545454,609029.21,1.0,1218058.42,True,1,Premium,High Risk
C00590,21,M,Lucknow,Business Owner,122420.9,Gold,250000,2023-05-21,3,28,266402.01,5,1,2,512,New,9514.3575,266402.01,1.0,532804.02,False,2,Low Value,High Risk
C00591,40,F,Chennai,Self Employed,76879.42,Silver,100000,2022-03-12,28,32,182868.48,2,2,1,221,At Risk,5714.64,182868.48,1.0,365736.96,False,2,Low Value,High Risk
C00592,45,M,Pune,Retired,121380.03,Silver,100000,2021-06-07,5,41,359387.69,5,5,4,554,Champions,8765.553414634147,359387.69,1.0,718775.38,False,1,Premium,High Risk
C00593,64,F,Hyderabad,Self Employed,95565.37,Signature,1000000,2021-01-08,37,38,374897.42,1,4,4,144,Regular,9865.721578947368,374897.42,0.37489742,749794.84,False,0,Mid Value,Low Risk
C00594,60,F,Ahmedabad,Student,107543.69,Gold,250000,2019-12-11,10,35,394232.37,4,3,5,435,Loyal,11263.782,394232.37,1.0,788464.74,False,1,Premium,High Risk
C00595,25,M,Mumbai,Self Employed,48053.72,Gold,250000,2022-05-05,41,26,229466.29,1,1,1,111,At Risk,8825.626538461538,229466.29,0.9178651600000001,458932.57999999996,False,3,High Value,High Risk
C00596,50,M,Lucknow,Self Employed,62549.26,Platinum,500000,2019-04-18,24,27,297370.34,2,1,3,213,At Risk,11013.716296296298,297370.34,0.59474068,594740.68,False,0,Mid Value,Medium Risk
C00597,28,F,Hyderabad,Retired,80025.29,Platinum,500000,2024-03-28,2,36,348335.21,5,3,4,534,Loyal,9675.978055555555,348335.21,0.69667042,696670.4199999999,False,1,Premium,Medium Risk
C00598,41,M,Chennai,Salaried,65342.23,Silver,100000,2020-11-04,4,42,553017.47,5,5,5,555,Champions,13167.082619047618,553017.47,1.0,1106034.94,True,1,Premium,High Risk
C00599,21,M,Lucknow,Salaried,24383.76,Gold,250000,2024-01-31,1,27,306413.08999999997,5,1,3,513,New,11348.632962962962,306413.08999999997,1.0,612826.1799999999,False,2,Low Value,High Risk
C00600,41,M,Ahmedabad,Salaried,62982.55,Platinum,500000,2019-01-22,35,41,355589.56,1,5,4,154,Regular,8672.916097560976,355589.56,0.7111791199999999,711179.12,False,1,Premium,Medium Risk
C00601,37,M,Pune,Business Owner,37658.14,Silver,100000,2021-04-28,20,49,411781.67,2,5,5,255,Regular,8403.707551020409,411781.67,1.0,823563.3400000001,False,1,Premium,High Risk
C00602,34,F,Delhi,Salaried,50899.9,Gold,250000,2023-01-08,12,31,223174.81,3,2,1,321,Regular,7199.187419354838,223174.81,0.89269924,446349.62,False,2,Low Value,High Risk
C00603,55,M,Chennai,Salaried,65739.77,Gold,250000,2024-01-13,71,37,384350.91,1,4,4,144,Regular,10387.862432432432,384350.91,1.0,768701.82,False,3,High Value,High Risk
C00604,38,F,Hyderabad,Salaried,47234.44,Silver,100000,2022-06-26,2,36,383602.66,5,3,4,534,Loyal,10655.629444444443,383602.66,1.0,767205.3199999998,False,1,Premium,High Risk
C00605,35,F,Chennai,Business Owner,88306.49,Gold,250000,2022-09-22,32,34,186872.04,2,3,1,231,Regular,5496.2364705882355,186872.04,0.7474881600000001,373744.08,False,2,Low Value,Medium Risk
C00606,52,F,Delhi,Student,74709.19,Signature,1000000,2019-02-13,26,42,321750.38,2,5,3,253,Regular,7660.723333333333,321750.38,0.32175038,643500.76,False,0,Mid Value,Low Risk
C00607,21,F,Chennai,Business Owner,117881.45,Gold,250000,2022-02-25,9,41,433382.15,4,5,5,455,Champions,10570.296341463416,433382.15,1.0,866764.3000000002,False,1,Premium,High Risk
C00608,36,M,Lucknow,Salaried,59297.84,Platinum,500000,2022-04-28,15,45,478418.23,3,5,5,355,Loyal,10631.516222222222,478418.23,0.95683646,956836.4600000001,False,1,Premium,High Risk
C00609,22,M,Hyderabad,Salaried,24565.89,Gold,250000,2019-06-20,60,22,60545.25,1,1,1,111,At Risk,2752.056818181818,60545.25,0.242181,121090.5,True,0,Mid Value,Low Risk
C00610,28,F,Lucknow,Salaried,79647.8,Silver,100000,2021-05-25,9,31,358621.43,4,2,4,424,New,11568.433225806451,358621.43,1.0,717242.86,False,1,Premium,High Risk
C00611,36,F,Hyderabad,Self Employed,113933.63,Gold,250000,2022-05-05,33,36,378589.58,2,3,4,234,Regular,10516.377222222223,378589.58,1.0,757179.16,False,1,Premium,High Risk
C00612,63,F,Pune,Retired,53152.36,Platinum,500000,2020-10-24,3,26,251211.32,5,1,2,512,New,9661.973846153847,251211.32,0.50242264,502422.6400000001,False,0,Mid Value,Medium Risk
C00613,64,M,Lucknow,Business Owner,91967.04,Silver,100000,2022-03-15,16,31,314444.67,3,2,3,323,Regular,10143.376451612903,314444.67,1.0,628889.34,False,2,Low Value,High Risk
C00614,57,M,Bangalore,Student,63598.23,Signature,1000000,2021-10-26,8,38,343054.34,4,4,4,444,Champions,9027.745789473685,343054.34,0.34305434,686108.68,False,0,Mid Value,Low Risk
C00615,63,F,Bangalore,Retired,115229.01,Silver,100000,2020-12-26,57,35,303557.64,1,3,3,133,Regular,8673.075428571428,303557.64,1.0,607115.28,False,3,High Value,High Risk
C00616,40,M,Lucknow,Salaried,49235.43,Gold,250000,2021-01-28,46,31,290580.58,1,2,2,122,At Risk,9373.567096774193,290580.58,1.0,581161.16,False,3,High Value,High Risk
C00617,32,M,Lucknow,Business Owner,108470.9,Silver,100000,2022-06-10,16,51,379164.46,3,5,4,354,Loyal,7434.597254901962,379164.46,1.0,758328.92,False,1,Premium,High Risk
C00618,25,F,Jaipur,Salaried,102632.2,Silver,100000,2022-07-03,2,29,297978.3,5,1,3,513,New,10275.113793103448,297978.3,1.0,595956.6,False,2,Low Value,High Risk
C00619,45,M,Jaipur,Salaried,89623.17,Gold,250000,2020-08-28,22,32,271990.54,2,2,2,222,At Risk,8499.704375,271990.54,1.0,543981.08,False,2,Low Value,High Risk
C00620,55,M,Kolkata,Student,96009.71,Gold,250000,2023-10-28,48,31,294828.69,1,2,3,123,At Risk,9510.602903225807,294828.69,1.0,589657.38,False,3,High Value,High Risk
C00621,27,M,Mumbai,Salaried,58790.14,Platinum,500000,2021-04-23,3,42,423556.77,5,5,5,555,Champions,10084.685000000001,423556.77,0.84711354,847113.5400000002,False,1,Premium,High Risk
C00622,31,M,Kolkata,Self Employed,54781.86,Gold,250000,2023-11-14,23,30,280257.88,2,1,2,212,At Risk,9341.929333333333,280257.88,1.0,560515.76,False,2,Low Value,High Risk
C00623,36,F,Pune,Business Owner,67322.98,Gold,250000,2022-09-18,18,32,198931.11,3,2,1,321,Regular,6216.5971875,198931.11,0.79572444,397862.22,False,2,Low Value,Medium Risk
C00624,47,F,Hyderabad,Business Owner,68872.88,Platinum,500000,2019-03-13,43,26,215831.66999999998,1,1,1,111,At Risk,8301.218076923076,215831.66999999998,0.43166333999999995,431663.33999999997,False,0,Mid Value,Low Risk
C00625,60,M,Ahmedabad,Salaried,64490.11,Silver,100000,2021-12-22,1,29,277086.59,5,1,2,512,New,9554.710000000001,277086.59,1.0,554173.18,False,2,Low Value,High Risk
C00626,28,M,Pune,Salaried,44957.1,Signature,1000000,2020-12-20,8,35,342741.11,4,3,4,434,Loyal,9792.603142857142,342741.11,0.34274110999999996,685482.22,False,0,Mid Value,Low Risk
C00627,32,M,Kolkata,Self Employed,39771.98,Silver,100000,2021-12-30,10,43,363118.91,4,5,4,454,Champions,8444.625813953488,363118.91,1.0,726237.82,False,1,Premium,High Risk
C00628,35,F,Lucknow,Salaried,40812.37,Gold,250000,2024-05-19,66,34,462014.89,1,3,5,135,Regular,13588.673235294118,462014.89,1.0,924029.78,False,3,High Value,High Risk
C00629,57,M,Mumbai,Salaried,51804.9,Silver,100000,2021-04-17,16,32,354342.70999999996,3,2,4,324,Regular,11073.209687499999,354342.70999999996,1.0,708685.4199999999,False,1,Premium,High Risk
C00630,36,M,Bangalore,Self Employed,83677.13,Silver,100000,2021-08-07,15,37,285470.25,3,4,2,342,Loyal,7715.4121621621625,285470.25,1.0,570940.5,False,2,Low Value,High Risk
C00631,33,M,Bangalore,Business Owner,31185.42,Silver,100000,2021-04-20,13,45,420565.87,3,5,5,355,Loyal,9345.908222222222,420565.87,1.0,841131.74,False,1,Premium,High Risk
C00632,35,M,Mumbai,Salaried,32976.37,Platinum,500000,2021-10-29,22,47,444334.7,2,5,5,255,Regular,9453.929787234043,444334.7,0.8886694,888669.4,False,1,Premium,High Risk
C00633,40,M,Mumbai,Salaried,84034.8,Silver,100000,2024-02-03,44,29,227539.81,1,1,1,111,At Risk,7846.200344827586,227539.81,1.0,455079.62,False,3,High Value,High Risk
C00634,29,M,Lucknow,Self Employed,132438.09,Silver,100000,2019-05-15,17,27,315681.79,3,1,3,313,Regular,11691.918148148148,315681.79,1.0,631363.58,False,2,Low Value,High Risk
C00635,55,F,Chennai,Salaried,101583.75,Silver,100000,2022-04-19,86,35,339983.97,1,3,4,134,Regular,9713.827714285713,339983.97,1.0,679967.94,False,3,High Value,High Risk
C00636,22,M,Hyderabad,Retired,76712.45,Silver,100000,2023-12-14,20,35,334428.52999999997,2,3,4,234,Regular,9555.100857142856,334428.52999999997,1.0,668857.0599999999,False,2,Low Value,High Risk
C00637,63,M,Mumbai,Salaried,50251.29,Silver,100000,2022-09-12,35,36,300336.76,1,3,3,133,Regular,8342.687777777777,300336.76,1.0,600673.52,False,2,Low Value,High Risk
C00638,37,M,Kolkata,Self Employed,58227.11,Platinum,500000,2022-10-03,35,40,362172.97,1,4,4,144,Regular,9054.32425,362172.97,0.72434594,724345.94,False,1,Premium,Medium Risk
C00639,22,F,Bangalore,Salaried,78507.7,Silver,100000,2024-06-17,3,33,356227.27,5,2,4,524,New,10794.765757575758,356227.27,1.0,712454.54,False,1,Premium,High Risk
C00640,62,F,Mumbai,Business Owner,144904.54,Platinum,500000,2019-07-01,36,35,292423.41000000003,1,3,3,133,Regular,8354.954571428572,292423.41000000003,0.5848468200000001,584846.8200000001,False,0,Mid Value,Medium Risk
C00641,50,F,Ahmedabad,Salaried,39811.92,Silver,100000,2021-02-16,17,38,454144.85,3,4,5,345,Loyal,11951.180263157894,454144.85,1.0,908289.7,False,1,Premium,High Risk
C00642,61,M,Pune,Salaried,59680.72,Gold,250000,2019-10-30,10,29,191843.34,4,1,1,411,New,6615.287586206897,191843.34,0.76737336,383686.68,False,2,Low Value,Medium Risk
C00643,63,M,Jaipur,Business Owner,81015.1,Gold,250000,2022-01-01,44,46,465171.94,1,5,5,155,Regular,10112.43347826087,465171.94,1.0,930343.88,False,1,Premium,High Risk
C00644,54,F,Delhi,Self Employed,32962.23,Platinum,500000,2021-11-28,9,38,268558.86,4,4,2,442,Loyal,7067.338421052631,268558.86,0.53711772,537117.72,False,0,Mid Value,Medium Risk
C00645,56,M,Kolkata,Business Owner,53624.72,Gold,250000,2022-01-06,4,36,273464.24,5,3,2,532,Loyal,7596.228888888889,273464.24,1.0,546928.48,False,2,Low Value,High Risk
C00646,59,M,Kolkata,Business Owner,43892.31,Gold,250000,2024-04-13,70,35,330706.11,1,3,3,133,Regular,9448.746,330706.11,1.0,661412.22,False,3,High Value,High Risk
C00647,34,F,Chennai,Self Employed,81289.65,Silver,100000,2023-01-17,2,45,445765.53,5,5,5,555,Champions,9905.900666666666,445765.53,1.0,891531.0599999999,False,1,Premium,High Risk
C00648,36,F,Delhi,Student,79336.48,Signature,1000000,2020-03-15,9,40,358188.88,4,4,4,444,Champions,8954.722,358188.88,0.35818888,716377.76,False,0,Mid Value,Low Risk
C00649,40,M,Kolkata,Self Employed,66530.39,Silver,100000,2019-05-03,18,43,357984.43,3,5,4,354,Loyal,8325.21930232558,357984.43,1.0,715968.8599999999,False,1,Premium,High Risk
C00650,60,M,Pune,Self Employed,77577.7,Silver,100000,2023-11-02,21,38,449930.45,2,4,5,245,Regular,11840.275,449930.45,1.0,899860.9,False,1,Premium,High Risk
C00651,37,F,Delhi,Student,89962.5,Silver,100000,2023-12-29,10,32,311245.69,4,2,3,423,New,9726.4278125,311245.69,1.0,622491.38,False,2,Low Value,High Risk
C00652,64,F,Hyderabad,Self Employed,128236.52,Gold,250000,2019-04-19,26,41,361625.51,2,5,4,254,Regular,8820.134390243902,361625.51,1.0,723251.02,False,1,Premium,High Risk
C00653,34,M,Ahmedabad,Student,42511.78,Silver,100000,2024-05-27,9,35,357068.8,4,3,4,434,Loyal,10201.965714285714,357068.8,1.0,714137.6,False,1,Premium,High Risk
C00654,40,F,Jaipur,Salaried,110663.28,Gold,250000,2022-05-09,4,32,214440.58,5,2,1,521,New,6701.268125,214440.58,0.85776232,428881.16,False,2,Low Value,High Risk
C00655,22,M,Hyderabad,Salaried,23155.2,Silver,100000,2022-06-24,49,34,265025.98,1,3,2,132,Regular,7794.881764705882,265025.98,1.0,530051.96,False,3,High Value,High Risk
C00656,59,M,Pune,Student,115102.59,Signature,1000000,2022-09-29,20,24,235039.26,2,1,1,211,At Risk,9793.3025,235039.26,0.23503926,470078.52,False,0,Mid Value,Low Risk
C00657,55,M,Delhi,Business Owner,67288.78,Silver,100000,2022-12-31,6,43,363953.44,4,5,4,454,Champions,8464.033488372093,363953.44,1.0,727906.88,False,1,Premium,High Risk
C00658,40,F,Delhi,Business Owner,99319.56,Gold,250000,2019-01-29,45,26,193035.13,1,1,1,111,At Risk,7424.428076923077,193035.13,0.77214052,386070.26,False,3,High Value,Medium Risk
C00659,55,F,Chennai,Salaried,46325.75,Gold,250000,2019-10-03,7,35,341224.82,4,3,4,434,Loyal,9749.280571428571,341224.82,1.0,682449.64,False,1,Premium,High Risk
C00660,39,F,Jaipur,Salaried,80368.4,Platinum,500000,2020-11-15,3,32,326506.1,5,2,3,523,New,10203.315625,326506.1,0.6530121999999999,653012.2,False,0,Mid Value,Medium Risk
C00661,42,M,Lucknow,Salaried,47819.48,Gold,250000,2021-05-07,32,40,378131.32,2,4,4,244,Regular,9453.283,378131.32,1.0,756262.6399999999,False,1,Premium,High Risk
C00662,33,F,Hyderabad,Retired,48346.38,Gold,250000,2021-11-09,42,43,503079.51,1,5,5,155,Regular,11699.523488372093,503079.51,1.0,1006159.02,False,1,Premium,High Risk
C00663,35,F,Mumbai,Business Owner,23531.18,Gold,250000,2020-02-15,55,31,283725.18,1,2,2,122,At Risk,9152.425161290323,283725.18,1.0,567450.36,False,3,High Value,High Risk
C00664,26,F,Delhi,Retired,77739.28,Silver,100000,2021-01-11,2,35,264490.33,5,3,2,532,Loyal,7556.866571428572,264490.33,1.0,528980.66,False,2,Low Value,High Risk
C00665,28,F,Chennai,Salaried,117695.17,Gold,250000,2019-09-24,8,37,311100.43,4,4,3,443,Loyal,8408.11972972973,311100.43,1.0,622200.86,False,2,Low Value,High Risk
C00666,46,M,Kolkata,Business Owner,87222.14,Platinum,500000,2020-10-13,13,36,226771.34,3,3,1,331,Loyal,6299.203888888889,226771.34,0.45354268,453542.68000000005,False,0,Mid Value,Low Risk
C00667,44,M,Delhi,Self Employed,54551.22,Signature,1000000,2019-09-17,9,22,225414.24,4,1,1,411,New,10246.101818181818,225414.24,0.22541424,450828.48,False,0,Mid Value,Low Risk
C00668,31,F,Mumbai,Business Owner,96132.27,Gold,250000,2022-05-23,10,39,398887.24,4,4,5,445,Champions,10227.877948717949,398887.24,1.0,797774.48,False,1,Premium,High Risk
C00669,46,M,Delhi,Salaried,65763.32,Silver,100000,2021-02-20,14,41,405492.82,3,5,5,355,Loyal,9890.068780487805,405492.82,1.0,810985.64,False,1,Premium,High Risk
C00670,50,M,Ahmedabad,Retired,110208.48,Signature,1000000,2020-11-15,13,35,276977.2,3,3,2,332,Loyal,7913.634285714286,276977.2,0.27697720000000003,553954.4,False,0,Mid Value,Low Risk
C00671,58,M,Hyderabad,Salaried,117504.32,Gold,250000,2019-09-01,2,23,114539.18999999999,5,1,1,511,New,4979.964782608695,114539.18999999999,0.45815675999999994,229078.37999999995,False,0,Mid Value,Low Risk
C00672,27,M,Lucknow,Business Owner,36466.63,Gold,250000,2023-10-12,6,36,449648.97000000003,4,3,5,435,Loyal,12490.249166666668,449648.97000000003,1.0,899297.9400000002,False,1,Premium,High Risk
C00673,27,M,Kolkata,Self Employed,40095.48,Platinum,500000,2020-11-03,11,45,524504.1,4,5,5,455,Champions,11655.646666666666,524504.1,1.0,1049008.2,False,1,Premium,High Risk
C00674,24,F,Chennai,Business Owner,71942.79,Platinum,500000,2020-03-02,23,40,334260.82,2,4,4,244,Regular,8356.5205,334260.82,0.66852164,668521.64,False,0,Mid Value,Medium Risk
C00675,50,F,Mumbai,Business Owner,46920.7,Silver,100000,2021-07-08,25,35,397809.29,2,3,5,235,Regular,11365.979714285713,397809.29,1.0,795618.58,False,1,Premium,High Risk
C00676,63,M,Bangalore,Salaried,62160.13,Gold,250000,2024-02-13,1,55,383415.14999999997,5,5,4,554,Champions,6971.184545454545,383415.14999999997,1.0,766830.2999999999,False,1,Premium,High Risk
C00677,51,F,Chennai,Salaried,47310.3,Signature,1000000,2024-05-21,1,31,208424.37,5,2,1,521,New,6723.366774193548,208424.37,0.20842437,416848.74,False,0,Mid Value,Low Risk
C00678,42,F,Chennai,Self Employed,75176.51,Gold,250000,2019-04-18,3,28,273728.93,5,1,2,512,New,9776.033214285713,273728.93,1.0,547457.86,False,2,Low Value,High Risk
C00679,27,M,Pune,Business Owner,34968.2,Signature,1000000,2022-01-18,8,43,417158.28,4,5,5,455,Champions,9701.35534883721,417158.28,0.41715828000000005,834316.5600000002,False,1,Premium,Low Risk
C00680,44,M,Kolkata,Salaried,105346.84,Gold,250000,2022-01-29,5,34,427612.33,5,3,5,535,Loyal,12576.833235294118,427612.33,1.0,855224.66,False,1,Premium,High Risk
C00681,62,M,Pune,Salaried,111374.88,Signature,1000000,2019-06-04,15,37,498580.32,3,4,5,345,Loyal,13475.143783783784,498580.32,0.49858032,997160.64,False,1,Premium,Low Risk
C00682,49,M,Mumbai,Business Owner,67498.6,Silver,100000,2023-09-22,30,34,261564.58,2,3,2,232,Regular,7693.07588235294,261564.58,1.0,523129.16,False,2,Low Value,High Risk
C00683,64,F,Lucknow,Salaried,73949.34,Signature,1000000,2023-11-07,25,35,328622.4,2,3,3,233,Regular,9389.211428571429,328622.4,0.32862240000000004,657244.8,False,0,Mid Value,Low Risk
C00684,51,M,Chennai,Salaried,52312.98,Platinum,500000,2020-08-02,5,45,458071.75,5,5,5,555,Champions,10179.372222222222,458071.75,0.9161435,916143.5,False,1,Premium,High Risk
C00685,49,M,Hyderabad,Business Owner,68287.1,Gold,250000,2022-01-13,25,37,323449.33999999997,2,4,3,243,Regular,8741.874054054053,323449.33999999997,1.0,646898.6799999999,False,2,Low Value,High Risk
C00686,48,F,Pune,Salaried,92009.35,Silver,100000,2020-03-08,2,39,309981.98,5,4,3,543,Loyal,7948.255897435897,309981.98,1.0,619963.96,False,2,Low Value,High Risk
C00687,43,F,Hyderabad,Salaried,49331.25,Platinum,500000,2022-06-28,21,39,396141.17000000004,2,4,5,245,Regular,10157.465897435899,396141.17000000004,0.7922823400000001,792282.3400000001,False,1,Premium,Medium Risk
C00688,23,M,Bangalore,Salaried,97452.84,Silver,100000,2019-12-14,3,35,391793.82,5,3,5,535,Loyal,11194.109142857144,391793.82,1.0,783587.64,False,1,Premium,High Risk
C00689,58,M,Chennai,Salaried,15000.0,Gold,250000,2019-05-02,10,32,269877.1,4,2,2,422,New,8433.659375,269877.1,1.0,539754.2,False,2,Low Value,High Risk
C00690,23,M,Bangalore,Student,131589.16,Silver,100000,2024-02-22,19,38,423850.97000000003,3,4,5,345,Loyal,11153.972894736842,423850.97000000003,1.0,847701.94,False,1,Premium,High Risk
C00691,34,M,Ahmedabad,Salaried,75258.6,Gold,250000,2019-01-01,178,24,201716.82,1,1,1,111,At Risk,8404.8675,201716.82,0.8068672800000001,403433.64,False,3,High Value,High Risk
C00692,45,M,Lucknow,Self Employed,29898.24,Signature,1000000,2022-09-30,5,41,254810.46,5,5,2,552,Loyal,6214.889268292683,254810.46,0.25481046,509620.92,False,0,Mid Value,Low Risk
C00693,34,F,Mumbai,Retired,48489.52,Signature,1000000,2021-08-22,22,30,353858.38,2,1,4,214,At Risk,11795.279333333334,353858.38,0.35385838000000003,707716.76,False,0,Mid Value,Low Risk
C00694,63,F,Jaipur,Salaried,31462.47,Gold,250000,2020-10-19,39,40,307723.26,1,4,3,143,Regular,7693.0815,307723.26,1.0,615446.52,False,2,Low Value,High Risk
C00695,47,M,Jaipur,Salaried,55880.16,Gold,250000,2021-01-01,31,30,387435.27,2,1,4,214,At Risk,12914.509,387435.27,1.0,774870.54,False,1,Premium,High Risk
C00696,23,F,Hyderabad,Salaried,113505.78,Signature,1000000,2023-03-22,15,44,444046.28,3,5,5,355,Loyal,10091.960909090909,444046.28,0.44404628,888092.5599999999,False,1,Premium,Low Risk
C00697,33,M,Mumbai,Business Owner,32157.43,Gold,250000,2021-03-23,1,37,329889.38,5,4,3,543,Loyal,8915.92918918919,329889.38,1.0,659778.76,False,2,Low Value,High Risk
C00698,31,M,Pune,Self Employed,85220.23,Platinum,500000,2021-09-25,23,36,372652.34,2,3,4,234,Regular,10351.45388888889,372652.34,0.74530468,745304.68,False,1,Premium,Medium Risk
C00699,44,M,Bangalore,Salaried,24181.13,Signature,1000000,2023-08-14,14,38,306836.58999999997,3,4,3,343,Loyal,8074.647105263157,306836.58999999997,0.30683658999999996,613673.1799999999,False,0,Mid Value,Low Risk
C00700,48,M,Chennai,Student,18935.97,Gold,250000,2020-11-29,10,36,213928.91999999998,4,3,1,431,Loyal,5942.469999999999,213928.91999999998,0.85571568,427857.83999999997,False,2,Low Value,High Risk
C00701,57,F,Hyderabad,Business Owner,46133.29,Gold,250000,2020-08-14,3,44,494429.29000000004,5,5,5,555,Champions,11237.02931818182,494429.29000000004,1.0,988858.5800000001,False,1,Premium,High Risk
C00702,42,M,Ahmedabad,Salaried,82731.82,Silver,100000,2020-02-23,7,38,390406.91,4,4,5,445,Champions,10273.866052631578,390406.91,1.0,780813.82,False,1,Premium,High Risk
C00703,42,F,Mumbai,Business Owner,111042.95,Gold,250000,2021-07-07,13,31,221179.94,3,2,1,321,Regular,7134.836774193548,221179.94,0.88471976,442359.88,False,2,Low Value,High Risk
C00704,53,F,Mumbai,Salaried,34937.77,Gold,250000,2020-09-06,8,36,274869.11,4,3,2,432,Loyal,7635.253055555555,274869.11,1.0,549738.22,False,2,Low Value,High Risk
C00705,60,M,Jaipur,Self Employed,64495.38,Silver,100000,2019-12-13,27,34,360791.5,2,3,4,234,Regular,10611.514705882353,360791.5,1.0,721583.0,False,1,Premium,High Risk
C00706,51,F,Delhi,Salaried,19906.0,Silver,100000,2019-10-23,5,29,246181.75,5,1,2,512,New,8489.025862068966,246181.75,1.0,492363.5,False,2,Low Value,High Risk
C00707,57,M,Jaipur,Salaried,42148.85,Silver,100000,2019-10-24,11,35,411055.53,4,3,5,435,Loyal,11744.443714285715,411055.53,1.0,822111.06,False,1,Premium,High Risk
C00708,26,M,Bangalore,Salaried,87032.71,Silver,100000,2023-08-05,11,26,167752.04,4,1,1,411,New,6452.001538461539,167752.04,1.0,335504.08,False,2,Low Value,High Risk
C00709,55,F,Chennai,Salaried,43319.44,Silver,100000,2021-11-24,7,34,308317.65,4,3,3,433,Loyal,9068.16617647059,308317.65,1.0,616635.3,False,2,Low Value,High Risk
C00710,63,F,Bangalore,Student,111348.52,Gold,250000,2024-04-19,36,23,279743.33,1,1,2,112,At Risk,12162.75347826087,279743.33,1.0,559486.66,False,3,High Value,High Risk
C00711,45,M,Ahmedabad,Salaried,79623.57,Gold,250000,2024-04-22,5,32,337107.66,5,2,4,524,New,10534.614375,337107.66,1.0,674215.32,False,1,Premium,High Risk
C00712,54,F,Lucknow,Salaried,75821.56,Gold,250000,2019-02-14,6,43,476785.07,4,5,5,455,Champions,11088.024883720931,476785.07,1.0,953570.14,False,1,Premium,High Risk
C00713,61,M,Jaipur,Business Owner,72137.61,Silver,100000,2021-08-13,58,35,322210.76,1,3,3,133,Regular,9206.021714285715,322210.76,1.0,644421.52,False,3,High Value,High Risk
C00714,24,M,Lucknow,Retired,31194.77,Gold,250000,2023-03-25,10,43,466672.64,4,5,5,455,Champions,10852.852093023255,466672.64,1.0,933345.2799999999,False,1,Premium,High Risk
C00715,36,F,Mumbai,Student,89863.52,Platinum,500000,2022-07-08,20,38,410552.54000000004,2,4,5,245,Regular,10804.014210526317,410552.54000000004,0.82110508,821105.0800000001,False,1,Premium,High Risk
C00716,49,F,Jaipur,Student,15000.0,Signature,1000000,2021-07-26,1,35,236694.46,5,3,1,531,Loyal,6762.6988571428565,236694.46,0.23669446,473388.9199999999,False,0,Mid Value,Low Risk
C00717,29,F,Chennai,Business Owner,58215.93,Gold,250000,2023-03-12,9,33,352088.08,4,2,4,424,New,10669.335757575758,352088.08,1.0,704176.16,False,1,Premium,High Risk
C00718,43,F,Hyderabad,Salaried,29112.66,Gold,250000,2024-01-30,5,29,261884.45,5,1,2,512,New,9030.49827586207,261884.45,1.0,523768.9000000001,False,2,Low Value,High Risk
C00719,46,M,Hyderabad,Salaried,90785.67,Gold,250000,2022-12-28,5,41,430449.11,5,5,5,555,Champions,10498.758780487804,430449.11,1.0,860898.22,False,1,Premium,High Risk
C00720,22,F,Lucknow,Self Employed,92039.13,Signature,1000000,2023-07-16,8,34,395106.62,4,3,5,435,Loyal,11620.78294117647,395106.62,0.39510662,790213.24,False,0,Mid Value,Low Risk
C00721,23,F,Pune,Salaried,49383.2,Gold,250000,2022-04-30,35,32,384210.15,1,2,4,124,At Risk,12006.5671875,384210.15,1.0,768420.3,False,1,Premium,High Risk
C00722,39,F,Ahmedabad,Student,16617.12,Gold,250000,2022-09-03,3,27,377600.05,5,1,4,514,New,13985.187037037036,377600.05,1.0,755200.1,False,1,Premium,High Risk
C00723,35,F,Chennai,Salaried,82646.38,Platinum,500000,2021-08-02,21,31,203210.51,2,2,1,221,At Risk,6555.177741935484,203210.51,0.40642102,406421.02,False,0,Mid Value,Low Risk
C00724,39,M,Ahmedabad,Student,78004.55,Platinum,500000,2022-03-13,39,31,299293.89,1,2,3,123,At Risk,9654.641612903226,299293.89,0.59858778,598587.78,False,0,Mid Value,Medium Risk
C00725,38,F,Hyderabad,Student,99707.15,Platinum,500000,2023-09-23,9,40,471413.64,4,4,5,445,Champions,11785.341,471413.64,0.94282728,942827.28,False,1,Premium,High Risk
C00726,54,F,Hyderabad,Student,52391.03,Silver,100000,2020-06-01,6,42,373569.47,4,5,4,454,Champions,8894.51119047619,373569.47,1.0,747138.9400000001,False,1,Premium,High Risk
C00727,45,M,Mumbai,Salaried,74590.68,Silver,100000,2022-11-07,40,23,204421.41999999998,1,1,1,111,At Risk,8887.887826086955,204421.41999999998,1.0,408842.8399999999,False,3,High Value,High Risk
C00728,31,M,Kolkata,Self Employed,57904.32,Platinum,500000,2019-03-19,10,49,452673.68,4,5,5,455,Champions,9238.23836734694,452673.68,0.9053473599999999,905347.3600000001,False,1,Premium,High Risk
C00729,59,F,Hyderabad,Salaried,91941.41,Signature,1000000,2023-10-26,28,20,138870.53,2,1,1,211,At Risk,6943.5265,138870.53,0.13887053,277741.06,False,0,Mid Value,Low Risk
C00730,21,F,Chennai,Business Owner,87712.66,Gold,250000,2022-05-08,8,42,365398.24,4,5,4,454,Champions,8699.958095238095,365398.24,1.0,730796.48,False,1,Premium,High Risk
C00731,23,M,Lucknow,Business Owner,63888.19,Platinum,500000,2019-06-21,18,42,417215.02,3,5,5,355,Loyal,9933.690952380954,417215.02,0.83443004,834430.0400000002,False,1,Premium,High Risk
C00732,56,F,Bangalore,Self Employed,124195.49,Gold,250000,2023-09-19,28,36,311121.93,2,3,3,233,Regular,8642.275833333333,311121.93,1.0,622243.86,False,2,Low Value,High Risk
C00733,52,M,Delhi,Salaried,47041.6,Platinum,500000,2022-09-02,24,33,390078.76,2,2,5,225,At Risk,11820.568484848485,390078.76,0.78015752,780157.52,False,1,Premium,Medium Risk
C00734,43,F,Pune,Salaried,15000.0,Gold,250000,2023-03-06,1,34,200935.44,5,3,1,531,Loyal,5909.865882352941,200935.44,0.80374176,401870.88,False,2,Low Value,High Risk
C00735,56,M,Ahmedabad,Retired,92772.71,Gold,250000,2021-08-30,4,33,347424.65,5,2,4,524,New,10528.019696969697,347424.65,1.0,694849.3,False,1,Premium,High Risk
C00736,52,M,Delhi,Salaried,38857.34,Signature,1000000,2024-03-22,27,28,256827.63,2,1,2,212,At Risk,9172.415357142858,256827.63,0.25682763000000003,513655.26,False,0,Mid Value,Low Risk
C00737,35,M,Hyderabad,Business Owner,28951.93,Gold,250000,2020-05-16,24,36,334207.28,2,3,4,234,Regular,9283.535555555556,334207.28,1.0,668414.56,False,2,Low Value,High Risk
C00738,45,M,Mumbai,Salaried,32401.13,Silver,100000,2020-01-27,5,40,293077.14,5,4,3,543,Loyal,7326.9285,293077.14,1.0,586154.28,False,2,Low Value,High Risk
C00739,34,F,Bangalore,Student,72667.43,Gold,250000,2023-01-08,11,33,270244.17,4,2,2,422,New,8189.217272727272,270244.17,1.0,540488.34,False,2,Low Value,High Risk
C00740,63,M,Chennai,Business Owner,102756.74,Gold,250000,2020-03-17,25,35,318818.05,2,3,3,233,Regular,9109.087142857143,318818.05,1.0,637636.1,False,2,Low Value,High Risk
C00741,54,F,Bangalore,Salaried,44811.39,Platinum,500000,2021-12-28,8,47,355743.18,4,5,4,454,Champions,7569.003829787234,355743.18,0.71148636,711486.36,False,1,Premium,Medium Risk
C00742,60,M,Jaipur,Business Owner,102933.16,Gold,250000,2022-12-20,4,43,401007.54,5,5,5,555,Champions,9325.756744186046,401007.54,1.0,802015.08,False,1,Premium,High Risk
C00743,42,F,Delhi,Self Employed,84364.56,Silver,100000,2022-12-16,45,40,312819.96,1,4,3,143,Regular,7820.499000000001,312819.96,1.0,625639.92,False,2,Low Value,High Risk
C00744,21,M,Chennai,Salaried,90387.27,Silver,100000,2020-05-27,29,39,292761.86,2,4,3,243,Regular,7506.714358974358,292761.86,1.0,585523.72,False,2,Low Value,High Risk
C00745,47,F,Pune,Salaried,112865.73,Platinum,500000,2022-02-02,7,39,347537.3,4,4,4,444,Champions,8911.212820512821,347537.3,0.6950746,695074.6000000001,False,1,Premium,Medium Risk
C00746,54,M,Delhi,Salaried,25776.04,Silver,100000,2021-05-23,3,38,444343.92,5,4,5,545,Champions,11693.261052631578,444343.92,1.0,888687.84,False,1,Premium,High Risk
C00747,38,M,Mumbai,Student,119860.31,Gold,250000,2019-07-08,3,42,333349.69,5,5,4,554,Champions,7936.897380952381,333349.69,1.0,666699.38,False,2,Low Value,High Risk
C00748,50,M,Hyderabad,Business Owner,60032.27,Platinum,500000,2021-04-05,8,41,352148.35,4,5,4,454,Champions,8588.984146341463,352148.35,0.7042967,704296.7,False,1,Premium,Medium Risk
C00749,62,F,Chennai,Student,19015.08,Platinum,500000,2021-12-27,8,29,203218.85,4,1,1,411,New,7007.546551724138,203218.85,0.4064377,406437.7,False,0,Mid Value,Low Risk
C00750,49,F,Lucknow,Salaried,84431.6,Platinum,500000,2024-02-13,5,31,235566.68,5,2,1,521,New,7598.925161290323,235566.68,0.47113336,471133.36,False,0,Mid Value,Low Risk
C00751,26,F,Delhi,Salaried,100054.75,Silver,100000,2021-12-24,18,38,438750.51,3,4,5,345,Loyal,11546.066052631579,438750.51,1.0,877501.02,False,1,Premium,High Risk
C00752,27,M,Bangalore,Salaried,55072.87,Silver,100000,2024-01-29,3,37,307019.99,5,4,3,543,Loyal,8297.837567567567,307019.99,1.0,614039.98,False,2,Low Value,High Risk
C00753,49,M,Mumbai,Salaried,15000.0,Silver,100000,2023-04-16,18,27,155251.59,3,1,1,311,Regular,5750.058888888889,155251.59,1.0,310503.18,False,2,Low Value,High Risk
C00754,37,M,Ahmedabad,Salaried,67417.91,Silver,100000,2020-04-15,27,27,279213.1,2,1,2,212,At Risk,10341.225925925924,279213.1,1.0,558426.2,False,2,Low Value,High Risk
C00755,39,M,Pune,Salaried,67229.76,Platinum,500000,2023-04-01,27,38,330116.82,2,4,3,243,Regular,8687.284736842106,330116.82,0.6602336400000001,660233.6400000001,False,0,Mid Value,Medium Risk
C00756,36,F,Delhi,Student,31276.33,Silver,100000,2023-06-24,14,43,472154.17,3,5,5,355,Loyal,10980.32953488372,472154.17,1.0,944308.34,False,1,Premium,High Risk
C00757,43,M,Chennai,Self Employed,71605.68,Gold,250000,2022-03-31,22,36,300317.28,2,3,3,233,Regular,8342.146666666667,300317.28,1.0,600634.56,False,2,Low Value,High Risk
C00758,36,F,Mumbai,Salaried,77288.12,Silver,100000,2020-10-20,7,49,547851.05,4,5,5,455,Champions,11180.633673469389,547851.05,1.0,1095702.1,True,1,Premium,High Risk
C00759,57,M,Kolkata,Salaried,84338.32,Gold,250000,2019-05-09,9,36,297776.38,4,3,3,433,Loyal,8271.566111111111,297776.38,1.0,595552.76,False,2,Low Value,High Risk
C00760,39,M,Hyderabad,Salaried,100564.36,Gold,250000,2019-02-14,45,29,259616.88,1,1,2,112,At Risk,8952.306206896552,259616.88,1.0,519233.76,False,3,High Value,High Risk
C00761,27,F,Mumbai,Self Employed,97046.54,Platinum,500000,2022-05-27,31,28,413853.97,2,1,5,215,At Risk,14780.498928571427,413853.97,0.8277079399999999,827707.94,False,1,Premium,High Risk
C00762,53,M,Lucknow,Self Employed,101804.43,Gold,250000,2021-03-16,28,29,196745.01,2,1,1,211,At Risk,6784.310689655173,196745.01,0.78698004,393490.02,False,2,Low Value,Medium Risk
C00763,23,F,Lucknow,Business Owner,58587.78,Signature,1000000,2023-08-14,65,27,221734.41,1,1,1,111,At Risk,8212.385555555556,221734.41,0.22173441,443468.82000000007,False,0,Mid Value,Low Risk
C00764,38,M,Chennai,Business Owner,60070.65,Signature,1000000,2020-09-08,45,33,268673.62,1,2,2,122,At Risk,8141.624848484848,268673.62,0.26867362,537347.24,False,0,Mid Value,Low Risk
C00765,59,M,Delhi,Salaried,104181.43,Gold,250000,2021-07-05,17,34,256159.47,3,3,2,332,Loyal,7534.10205882353,256159.47,1.0,512318.94,False,2,Low Value,High Risk
C00766,62,F,Jaipur,Business Owner,82540.79,Gold,250000,2023-10-06,23,39,378402.48,2,4,4,244,Regular,9702.627692307691,378402.48,1.0,756804.96,False,1,Premium,High Risk
C00767,47,M,Chennai,Business Owner,43346.1,Gold,250000,2023-01-05,11,34,294165.18,4,3,3,433,Loyal,8651.917058823528,294165.18,1.0,588330.3599999999,False,2,Low Value,High Risk
C00768,33,M,Lucknow,Salaried,88473.37,Silver,100000,2022-05-23,3,45,346892.88,5,5,4,554,Champions,7708.730666666666,346892.88,1.0,693785.76,False,1,Premium,High Risk
C00769,30,M,Ahmedabad,Salaried,44820.39,Silver,100000,2019-02-10,2,31,224240.03,5,2,1,521,New,7233.549354838709,224240.03,1.0,448480.06,False,2,Low Value,High Risk
C00770,53,F,Jaipur,Salaried,110633.23,Silver,100000,2019-08-17,40,29,159607.49,1,1,1,111,At Risk,5503.706551724137,159607.49,1.0,319214.98,False,2,Low Value,High Risk
C00771,44,F,Lucknow,Self Employed,84187.51,Silver,100000,2020-01-03,42,25,221825.53,1,1,1,111,At Risk,8873.0212,221825.53,1.0,443651.05999999994,False,3,High Value,High Risk
C00772,41,F,Delhi,Salaried,63595.84,Gold,250000,2021-07-13,69,36,300875.35,1,3,3,133,Regular,8357.64861111111,300875.35,1.0,601750.7,False,3,High Value,High Risk
C00773,40,M,Chennai,Retired,62612.74,Gold,250000,2022-12-27,1,34,241143.19,5,3,1,531,Loyal,7092.446764705883,241143.19,0.96457276,482286.38,False,2,Low Value,High Risk
C00774,40,F,Jaipur,Salaried,87871.07,Gold,250000,2020-07-12,24,31,229850.65,2,2,1,221,At Risk,7414.537096774194,229850.65,0.9194026,459701.3,False,2,Low Value,High Risk
C00775,47,M,Lucknow,Salaried,24018.98,Platinum,500000,2024-05-25,5,28,184349.45,5,1,1,511,New,6583.908928571429,184349.45,0.3686989,368698.9,False,0,Mid Value,Low Risk
C00776,48,M,Mumbai,Retired,64111.58,Gold,250000,2023-02-12,14,41,484282.86,3,5,5,355,Loyal,11811.777073170731,484282.86,1.0,968565.72,False,1,Premium,High Risk
C00777,39,F,Delhi,Student,115400.09,Platinum,500000,2021-04-10,13,32,247972.2,3,2,2,322,Regular,7749.13125,247972.2,0.4959444,495944.4,False,0,Mid Value,Low Risk
C00778,55,F,Hyderabad,Salaried,81940.84,Signature,1000000,2021-05-17,70,29,285224.03,1,1,2,112,At Risk,9835.311379310346,285224.03,0.28522403,570448.06,False,3,High Value,Low Risk
C00779,56,M,Pune,Self Employed,82880.22,Gold,250000,2020-07-14,1,29,243715.11,5,1,1,511,New,8403.969310344826,243715.11,0.9748604399999999,487430.2199999999,False,2,Low Value,High Risk
C00780,28,F,Chennai,Salaried,81389.19,Platinum,500000,2021-05-09,5,36,263917.85,5,3,2,532,Loyal,7331.051388888888,263917.85,0.5278356999999999,527835.7,False,0,Mid Value,Medium Risk
C00781,61,F,Chennai,Salaried,59772.5,Gold,250000,2022-03-30,6,35,414229.26,4,3,5,435,Loyal,11835.121714285715,414229.26,1.0,828458.52,False,1,Premium,High Risk
C00782,24,F,Delhi,Student,62580.17,Platinum,500000,2020-04-03,45,45,286653.23,1,5,2,152,Regular,6370.071777777777,286653.23,0.57330646,573306.46,False,0,Mid Value,Medium Risk
C00783,64,M,Chennai,Salaried,137927.74,Gold,250000,2021-01-17,15,36,314119.01,3,3,3,333,Loyal,8725.528055555556,314119.01,1.0,628238.02,False,2,Low Value,High Risk
C00784,62,M,Delhi,Student,90462.89,Signature,1000000,2022-01-07,2,31,289504.07,5,2,2,522,New,9338.840967741935,289504.07,0.28950407,579008.14,False,0,Mid Value,Low Risk
C00785,22,F,Chennai,Salaried,84218.02,Gold,250000,2022-07-15,12,37,239370.98,3,4,1,341,Loyal,6469.485945945946,239370.98,0.95748392,478741.95999999996,False,2,Low Value,High Risk
C00786,39,M,Chennai,Salaried,48381.22,Silver,100000,2023-03-13,10,35,246225.43,4,3,2,432,Loyal,7035.012285714285,246225.43,1.0,492450.86,False,2,Low Value,High Risk
C00787,32,F,Bangalore,Salaried,80853.57,Silver,100000,2021-12-30,42,25,279194.44,1,1,2,112,At Risk,11167.7776,279194.44,1.0,558388.88,False,3,High Value,High Risk
C00788,47,F,Kolkata,Salaried,102532.89,Platinum,500000,2019-12-23,18,36,256705.41999999998,3,3,2,332,Loyal,7130.706111111111,256705.41999999998,0.5134108399999999,513410.83999999997,False,0,Mid Value,Medium Risk
C00789,23,M,Pune,Salaried,85458.83,Gold,250000,2022-07-18,3,36,317304.0,5,3,3,533,Loyal,8814.0,317304.0,1.0,634608.0,False,2,Low Value,High Risk
C00790,41,F,Ahmedabad,Retired,44971.55,Platinum,500000,2021-06-07,53,29,313006.22000000003,1,1,3,113,At Risk,10793.317931034484,313006.22000000003,0.6260124400000001,626012.4400000001,False,3,High Value,Medium Risk
C00791,55,M,Mumbai,Salaried,37401.24,Gold,250000,2024-01-04,5,43,416308.61,5,5,5,555,Champions,9681.595581395348,416308.61,1.0,832617.22,False,1,Premium,High Risk
C00792,37,F,Delhi,Business Owner,43116.55,Silver,100000,2021-08-15,21,35,289763.08,2,3,2,232,Regular,8278.945142857143,289763.08,1.0,579526.16,False,2,Low Value,High Risk
C00793,24,F,Kolkata,Salaried,86414.25,Platinum,500000,2022-02-18,11,34,376062.39,4,3,4,434,Loyal,11060.658529411765,376062.39,0.75212478,752124.78,False,1,Premium,Medium Risk
C00794,32,M,Bangalore,Business Owner,44249.34,Platinum,500000,2021-05-15,44,33,392246.64,1,2,5,125,At Risk,11886.261818181818,392246.64,0.7844932800000001,784493.28,False,1,Premium,Medium Risk
C00795,32,F,Kolkata,Student,164561.7,Silver,100000,2022-08-25,58,30,205305.85,1,1,1,111,At Risk,6843.528333333334,205305.85,1.0,410611.7,False,3,High Value,High Risk
C00796,28,M,Pune,Self Employed,36295.18,Platinum,500000,2021-05-23,3,39,461354.1,5,4,5,545,Champions,11829.592307692306,461354.1,0.9227082,922708.2,False,1,Premium,High Risk
C00797,42,M,Jaipur,Salaried,15000.0,Signature,1000000,2019-08-04,15,43,381397.83,3,5,4,354,Loyal,8869.716976744186,381397.83,0.38139783,762795.66,False,0,Mid Value,Low Risk
C00798,58,M,Lucknow,Retired,92532.98,Platinum,500000,2023-09-21,3,39,325938.15,5,4,3,543,Loyal,8357.388461538461,325938.15,0.6518763000000001,651876.2999999999,False,0,Mid Value,Medium Risk
C00799,26,F,Kolkata,Business Owner,119301.34,Gold,250000,2019-09-23,2,41,364852.89,5,5,4,554,Champions,8898.850975609756,364852.89,1.0,729705.7799999999,False,1,Premium,High Risk
C00800,41,M,Mumbai,Salaried,80819.44,Silver,100000,2019-02-08,86,34,372358.57,1,3,4,134,Regular,10951.722647058823,372358.57,1.0,744717.14,False,3,High Value,High Risk
C00801,52,F,Hyderabad,Salaried,91533.8,Gold,250000,2023-11-05,57,26,190224.94,1,1,1,111,At Risk,7316.343846153846,190224.94,0.76089976,380449.88,False,3,High Value,Medium Risk
C00802,60,F,Hyderabad,Salaried,53937.34,Platinum,500000,2020-04-21,38,22,173739.69,1,1,1,111,At Risk,7897.2586363636365,173739.69,0.34747938,347479.38,False,0,Mid Value,Low Risk
C00803,41,M,Mumbai,Salaried,57500.36,Gold,250000,2020-08-18,53,45,463726.67,1,5,5,155,Regular,10305.03711111111,463726.67,1.0,927453.34,False,1,Premium,High Risk
C00804,38,F,Kolkata,Salaried,62204.58,Silver,100000,2019-03-29,18,41,435576.61,3,5,5,355,Loyal,10623.81975609756,435576.61,1.0,871153.22,False,1,Premium,High Risk
C00805,31,F,Chennai,Student,75580.4,Gold,250000,2020-06-08,69,41,272922.17,1,5,2,152,Regular,6656.6382926829265,272922.17,1.0,545844.34,False,3,High Value,High Risk
C00806,38,M,Pune,Salaried,101817.77,Gold,250000,2022-07-22,5,31,218737.98,5,2,1,521,New,7056.063870967742,218737.98,0.87495192,437475.96,False,2,Low Value,High Risk
C00807,32,M,Bangalore,Salaried,96208.86,Gold,250000,2022-12-08,3,33,261662.12000000002,5,2,2,522,New,7929.155151515152,261662.12000000002,1.0,523324.24000000005,False,2,Low Value,High Risk
C00808,46,M,Mumbai,Salaried,69087.92,Gold,250000,2020-11-28,1,46,480299.74,5,5,5,555,Champions,10441.298695652175,480299.74,1.0,960599.4800000001,False,1,Premium,High Risk
C00809,48,F,Lucknow,Student,103934.54,Gold,250000,2020-09-30,17,40,304790.73,3,4,3,343,Loyal,7619.768249999999,304790.73,1.0,609581.46,False,2,Low Value,High Risk
C00810,32,F,Jaipur,Salaried,73088.63,Silver,100000,2021-07-24,11,34,276259.53,4,3,2,432,Loyal,8125.280294117648,276259.53,1.0,552519.06,False,2,Low Value,High Risk
C00811,57,M,Mumbai,Student,28858.99,Platinum,500000,2022-04-07,5,36,375130.31,5,3,4,534,Loyal,10420.28638888889,375130.31,0.75026062,750260.6200000001,False,1,Premium,Medium Risk
C00812,27,M,Chennai,Self Employed,74987.02,Platinum,500000,2020-02-20,12,52,427454.44,3,5,5,355,Loyal,8220.277692307693,427454.44,0.85490888,854908.88,False,1,Premium,High Risk
C00813,21,M,Delhi,Retired,89948.66,Signature,1000000,2023-08-14,57,32,331689.5,1,2,3,123,At Risk,10365.296875,331689.5,0.3316895,663379.0,False,0,Mid Value,Low Risk
C00814,60,M,Chennai,Student,40355.1,Silver,100000,2020-09-26,82,36,383984.9,1,3,4,134,Regular,10666.247222222222,383984.9,1.0,767969.8,False,3,High Value,High Risk
C00815,51,M,Kolkata,Retired,109335.02,Platinum,500000,2023-10-22,68,41,310504.76,1,5,3,153,Regular,7573.286829268293,310504.76,0.62100952,621009.52,False,3,High Value,Medium Risk
C00816,48,F,Mumbai,Self Employed,63270.43,Platinum,500000,2019-07-16,46,38,442115.23,1,4,5,145,Regular,11634.611315789472,442115.23,0.8842304599999999,884230.46,False,1,Premium,High Risk
C00817,62,M,Delhi,Salaried,110994.19,Silver,100000,2020-02-26,3,32,266148.85,5,2,2,522,New,8317.1515625,266148.85,1.0,532297.7,False,2,Low Value,High Risk
C00818,61,F,Jaipur,Salaried,68444.04,Platinum,500000,2021-02-06,10,31,376229.35000000003,4,2,4,424,New,12136.430645161292,376229.35000000003,0.7524587,752458.7000000001,False,1,Premium,Medium Risk
C00819,35,F,Mumbai,Salaried,65153.32,Silver,100000,2022-11-20,28,32,384906.04,2,2,4,224,At Risk,12028.31375,384906.04,1.0,769812.08,False,1,Premium,High Risk
C00820,56,M,Kolkata,Salaried,51253.71,Signature,1000000,2021-08-29,1,30,320610.67,5,1,3,513,New,10687.022333333332,320610.67,0.32061067,641221.34,False,0,Mid Value,Low Risk
C00821,38,F,Chennai,Business Owner,78830.24,Gold,250000,2019-08-14,2,44,467084.27,5,5,5,555,Champions,10615.551590909092,467084.27,1.0,934168.54,False,1,Premium,High Risk
C00822,35,M,Kolkata,Salaried,119959.27,Silver,100000,2022-09-21,21,28,278788.85,2,1,2,212,At Risk,9956.744642857142,278788.85,1.0,557577.7,False,2,Low Value,High Risk
C00823,21,F,Lucknow,Self Employed,56356.16,Gold,250000,2021-05-08,2,36,359531.48,5,3,4,534,Loyal,9986.985555555555,359531.48,1.0,719062.96,False,1,Premium,High Risk
C00824,46,F,Chennai,Self Employed,38805.8,Gold,250000,2019-10-21,31,34,188991.41,2,3,1,231,Regular,5558.570882352941,188991.41,0.75596564,377982.82,False,2,Low Value,Medium Risk
C00825,29,F,Ahmedabad,Salaried,23949.44,Signature,1000000,2023-11-03,25,31,361030.17,2,2,4,224,At Risk,11646.134516129032,361030.17,0.36103017,722060.34,False,0,Mid Value,Low Risk
C00826,63,M,Lucknow,Business Owner,86125.52,Gold,250000,2023-10-18,2,35,455372.22000000003,5,3,5,535,Loyal,13010.634857142859,455372.22000000003,1.0,910744.4400000002,False,1,Premium,High Risk
C00827,33,M,Bangalore,Self Employed,66077.89,Gold,250000,2021-09-30,2,37,379980.63,5,4,4,544,Champions,10269.746756756756,379980.63,1.0,759961.26,False,1,Premium,High Risk
C00828,42,M,Delhi,Salaried,103148.26,Platinum,500000,2021-01-23,81,50,499516.8,1,5,5,155,Regular,9990.336,499516.8,0.9990336,999033.6,False,1,Premium,High Risk
C00829,41,M,Chennai,Salaried,99704.99,Silver,100000,2024-02-22,1,43,498254.45,5,5,5,555,Champions,11587.312790697675,498254.45,1.0,996508.9,False,1,Premium,High Risk
C00830,48,M,Mumbai,Student,63486.07,Silver,100000,2021-07-05,15,28,239578.11000000002,3,1,1,311,Regular,8556.361071428571,239578.11000000002,1.0,479156.22,False,2,Low Value,High Risk
C00831,39,F,Bangalore,Business Owner,41461.92,Silver,100000,2021-05-17,57,35,306097.04,1,3,3,133,Regular,8745.629714285713,306097.04,1.0,612194.08,False,3,High Value,High Risk
C00832,27,M,Mumbai,Student,51883.3,Silver,100000,2022-02-14,21,26,171738.68,2,1,1,211,At Risk,6605.333846153846,171738.68,1.0,343477.36,False,2,Low Value,High Risk
C00833,30,M,Pune,Salaried,15000.0,Silver,100000,2024-03-28,30,26,148819.15,2,1,1,211,At Risk,5723.8134615384615,148819.15,1.0,297638.3,False,2,Low Value,High Risk
C00834,41,F,Kolkata,Self Employed,54948.13,Silver,100000,2020-08-26,10,30,340710.48,4,1,4,414,New,11357.016,340710.48,1.0,681420.96,False,1,Premium,High Risk
C00835,29,M,Chennai,Business Owner,59473.46,Signature,1000000,2022-04-09,7,32,317533.06,4,2,3,423,New,9922.908125,317533.06,0.31753306,635066.12,False,0,Mid Value,Low Risk
C00836,33,F,Delhi,Retired,31726.12,Platinum,500000,2020-08-31,22,42,397081.34,2,5,5,255,Regular,9454.317619047619,397081.34,0.79416268,794162.6799999999,False,1,Premium,Medium Risk
C00837,64,M,Ahmedabad,Retired,96797.34,Platinum,500000,2024-05-31,9,44,472265.9,4,5,5,455,Champions,10733.31590909091,472265.9,0.9445318,944531.8,False,1,Premium,High Risk
C00838,40,F,Ahmedabad,Business Owner,62336.79,Gold,250000,2019-01-25,21,36,283744.31,2,3,2,232,Regular,7881.786388888889,283744.31,1.0,567488.62,False,2,Low Value,High Risk
C00839,26,M,Bangalore,Self Employed,90637.0,Platinum,500000,2022-06-04,11,36,357856.46,4,3,4,434,Loyal,9940.457222222223,357856.46,0.7157129200000001,715712.92,False,1,Premium,Medium Risk
C00840,58,M,Mumbai,Salaried,119221.87,Silver,100000,2022-12-30,72,26,231244.4,1,1,1,111,At Risk,8894.015384615384,231244.4,1.0,462488.8,False,3,High Value,High Risk
C00841,43,M,Mumbai,Retired,26171.22,Silver,100000,2019-07-20,31,38,372924.89,2,4,4,244,Regular,9813.812894736842,372924.89,1.0,745849.78,False,1,Premium,High Risk
C00842,27,F,Chennai,Self Employed,50547.59,Gold,250000,2023-04-27,27,31,188653.68,2,2,1,221,At Risk,6085.602580645161,188653.68,0.75461472,377307.36,False,2,Low Value,Medium Risk
C00843,47,M,Mumbai,Salaried,59822.89,Gold,250000,2023-04-02,37,49,361513.06,1,5,4,154,Regular,7377.817551020408,361513.06,1.0,723026.12,False,1,Premium,High Risk
C00844,27,M,Chennai,Retired,20723.4,Gold,250000,2023-04-21,55,37,332581.63,1,4,3,143,Regular,8988.692702702703,332581.63,1.0,665163.26,False,3,High Value,High Risk
C00845,25,M,Jaipur,Self Employed,67708.31,Silver,100000,2024-02-04,7,32,241394.63999999998,4,2,1,421,New,7543.5824999999995,241394.63999999998,1.0,482789.27999999997,False,2,Low Value,High Risk
C00846,38,F,Hyderabad,Salaried,65574.41,Gold,250000,2019-12-10,8,25,282170.85000000003,4,1,2,412,New,11286.834,282170.85000000003,1.0,564341.7000000001,False,2,Low Value,High Risk
C00847,35,M,Chennai,Salaried,68128.92,Gold,250000,2021-03-05,2,24,187131.76,5,1,1,511,New,7797.156666666667,187131.76,0.74852704,374263.52,False,2,Low Value,Medium Risk
C00848,21,M,Hyderabad,Business Owner,64670.1,Silver,100000,2020-01-14,17,27,142264.34,3,1,1,311,Regular,5269.04962962963,142264.34,1.0,284528.68,False,2,Low Value,High Risk
C00849,38,F,Pune,Retired,99162.72,Platinum,500000,2022-01-10,48,37,443270.88,1,4,5,145,Regular,11980.294054054055,443270.88,0.88654176,886541.76,False,1,Premium,High Risk
C00850,54,M,Jaipur,Student,109103.0,Gold,250000,2022-11-26,51,30,247704.96,1,1,2,112,At Risk,8256.832,247704.96,0.99081984,495409.92000000004,False,3,High Value,High Risk
C00851,28,M,Mumbai,Business Owner,47489.17,Platinum,500000,2023-01-31,19,41,433455.7,3,5,5,355,Loyal,10572.09024390244,433455.7,0.8669114,866911.4,False,1,Premium,High Risk
C00852,42,F,Pune,Salaried,32612.08,Silver,100000,2021-03-26,7,35,377560.41000000003,4,3,4,434,Loyal,10787.440285714287,377560.41000000003,1.0,755120.8200000001,False,1,Premium,High Risk
C00853,35,F,Mumbai,Salaried,22796.51,Silver,100000,2019-05-20,28,37,371810.3,2,4,4,244,Regular,10048.927027027026,371810.3,1.0,743620.6,False,1,Premium,High Risk
C00854,32,M,Lucknow,Self Employed,33367.68,Gold,250000,2020-03-25,36,33,253726.89,1,2,2,122,At Risk,7688.693636363637,253726.89,1.0,507453.78,False,2,Low Value,High Risk
C00855,27,M,Mumbai,Salaried,104781.43,Gold,250000,2020-05-17,30,43,263397.38,2,5,2,252,Regular,6125.520465116279,263397.38,1.0,526794.76,False,2,Low Value,High Risk
C00856,58,M,Pune,Student,99193.05,Signature,1000000,2022-04-17,10,44,487379.96,4,5,5,455,Champions,11076.817272727274,487379.96,0.48737996,974759.9200000002,False,1,Premium,Low Risk
C00857,52,M,Delhi,Business Owner,56727.31,Signature,1000000,2023-05-22,10,34,318842.02,4,3,3,433,Loyal,9377.706470588237,318842.02,0.31884202,637684.04,False,0,Mid Value,Low Risk
C00858,22,F,Chennai,Salaried,59764.76,Silver,100000,2022-06-08,6,34,275278.72,4,3,2,432,Loyal,8096.43294117647,275278.72,1.0,550557.44,False,2,Low Value,High Risk
C00859,25,F,Bangalore,Salaried,35737.65,Platinum,500000,2019-06-01,1,33,289130.68,5,2,2,522,New,8761.535757575757,289130.68,0.57826136,578261.36,False,0,Mid Value,Medium Risk
C00860,57,M,Ahmedabad,Business Owner,70867.81,Silver,100000,2019-11-06,2,37,297848.18,5,4,3,543,Loyal,8049.95081081081,297848.18,1.0,595696.36,False,2,Low Value,High Risk
C00861,60,F,Ahmedabad,Salaried,76702.71,Silver,100000,2019-09-19,11,34,217741.75,4,3,1,431,Loyal,6404.169117647059,217741.75,1.0,435483.5,False,2,Low Value,High Risk
C00862,37,F,Mumbai,Salaried,58896.57,Platinum,500000,2023-11-20,8,37,410074.36,4,4,5,445,Champions,11083.09081081081,410074.36,0.8201487199999999,820148.72,False,1,Premium,High Risk
C00863,63,M,Lucknow,Retired,65049.78,Silver,100000,2021-04-14,4,37,197589.55,5,4,1,541,Loyal,5340.258108108108,197589.55,1.0,395179.1,False,2,Low Value,High Risk
C00864,25,M,Jaipur,Self Employed,102480.51,Gold,250000,2023-04-24,8,31,241666.30000000002,4,2,1,421,New,7795.687096774194,241666.30000000002,0.9666652000000001,483332.60000000003,False,2,Low Value,High Risk
C00865,32,F,Bangalore,Business Owner,15000.0,Gold,250000,2024-03-24,2,38,419349.87,5,4,5,545,Champions,11035.522894736841,419349.87,1.0,838699.74,False,1,Premium,High Risk
C00866,25,F,Ahmedabad,Business Owner,123988.56,Gold,250000,2024-04-01,6,28,260348.03,4,1,2,412,New,9298.143928571428,260348.03,1.0,520696.05999999994,False,2,Low Value,High Risk
C00867,54,F,Chennai,Salaried,56825.22,Gold,250000,2021-12-25,36,42,448481.72000000003,1,5,5,155,Regular,10678.13619047619,448481.72000000003,1.0,896963.4400000001,False,1,Premium,High Risk
C00868,36,M,Pune,Self Employed,68457.41,Gold,250000,2020-12-11,1,34,356844.88,5,3,4,534,Loyal,10495.437647058823,356844.88,1.0,713689.76,False,1,Premium,High Risk
C00869,47,M,Delhi,Student,25169.61,Platinum,500000,2024-02-19,3,35,320106.68,5,3,3,533,Loyal,9145.905142857142,320106.68,0.64021336,640213.36,False,0,Mid Value,Medium Risk
C00870,57,M,Kolkata,Salaried,97392.76,Platinum,500000,2022-08-05,92,29,166189.89,1,1,1,111,At Risk,5730.685862068966,166189.89,0.33237978,332379.78,False,3,High Value,Low Risk
C00871,58,F,Mumbai,Salaried,15000.0,Silver,100000,2023-07-17,11,36,225565.38,4,3,1,431,Loyal,6265.705,225565.38,1.0,451130.76,False,2,Low Value,High Risk
C00872,36,M,Mumbai,Business Owner,69772.51,Silver,100000,2019-06-12,11,36,406656.11,4,3,5,435,Loyal,11296.003055555555,406656.11,1.0,813312.22,False,1,Premium,High Risk
C00873,61,F,Ahmedabad,Business Owner,82509.16,Gold,250000,2021-01-12,14,37,434145.2,3,4,5,345,Loyal,11733.654054054054,434145.2,1.0,868290.4,False,1,Premium,High Risk
C00874,50,M,Hyderabad,Salaried,62907.03,Silver,100000,2021-07-11,7,38,319953.1,4,4,3,443,Loyal,8419.81842105263,319953.1,1.0,639906.2,False,2,Low Value,High Risk
C00875,58,F,Bangalore,Self Employed,105065.31,Signature,1000000,2019-08-12,10,42,339295.25,4,5,4,454,Champions,8078.458333333333,339295.25,0.33929525,678590.5,False,0,Mid Value,Low Risk
C00876,49,M,Chennai,Business Owner,57628.47,Platinum,500000,2021-10-14,25,38,445602.96,2,4,5,245,Regular,11726.393684210527,445602.96,0.8912059200000001,891205.92,False,1,Premium,High Risk
C00877,49,M,Mumbai,Salaried,102401.68,Platinum,500000,2021-01-04,28,36,181579.25,2,3,1,231,Regular,5043.868055555556,181579.25,0.3631585,363158.5,False,0,Mid Value,Low Risk
C00878,31,F,Bangalore,Business Owner,98283.66,Gold,250000,2019-05-03,19,33,182555.91999999998,3,2,1,321,Regular,5531.997575757575,182555.91999999998,0.7302236799999999,365111.83999999997,False,2,Low Value,Medium Risk
C00879,48,M,Lucknow,Salaried,53754.73,Gold,250000,2019-07-29,7,45,318277.94,4,5,3,453,Loyal,7072.843111111111,318277.94,1.0,636555.88,False,2,Low Value,High Risk
C00880,22,F,Lucknow,Salaried,67850.59,Gold,250000,2019-08-18,14,22,229217.42,3,1,1,311,Regular,10418.973636363637,229217.42,0.91686968,458434.84,False,2,Low Value,High Risk
C00881,56,F,Kolkata,Salaried,47588.82,Signature,1000000,2020-11-19,11,29,493663.58,4,1,5,415,New,17022.88206896552,493663.58,0.49366358,987327.16,False,1,Premium,Low Risk
C00882,41,M,Lucknow,Salaried,71307.57,Gold,250000,2022-06-07,64,37,251971.11,1,4,2,142,Regular,6810.03,251971.11,1.0,503942.22,False,3,High Value,High Risk
C00883,35,F,Ahmedabad,Retired,60340.47,Gold,250000,2021-08-05,30,38,256426.56,2,4,2,242,Regular,6748.067368421052,256426.56,1.0,512853.12,False,2,Low Value,High Risk
C00884,63,F,Lucknow,Salaried,73264.11,Silver,100000,2020-03-13,21,32,261691.91,2,2,2,222,At Risk,8177.8721875,261691.91,1.0,523383.82,False,2,Low Value,High Risk
C00885,58,M,Pune,Student,79325.75,Silver,100000,2020-06-16,18,32,219155.43,3,2,1,321,Regular,6848.6071875,219155.43,1.0,438310.86,False,2,Low Value,High Risk
C00886,40,M,Jaipur,Business Owner,22639.74,Gold,250000,2022-08-18,39,29,340275.72000000003,1,1,4,114,At Risk,11733.64551724138,340275.72000000003,1.0,680551.4400000001,False,3,High Value,High Risk
C00887,29,F,Pune,Salaried,76013.55,Gold,250000,2023-06-04,37,29,245377.17,1,1,2,112,At Risk,8461.28172413793,245377.17,0.98150868,490754.33999999997,False,2,Low Value,High Risk
C00888,27,M,Pune,Salaried,60424.9,Gold,250000,2023-11-03,22,34,458021.15,2,3,5,235,Regular,13471.210294117647,458021.15,1.0,916042.3,False,1,Premium,High Risk
C00889,58,M,Bangalore,Salaried,16586.29,Signature,1000000,2024-06-19,31,49,558481.43,2,5,5,255,Regular,11397.580204081634,558481.43,0.5584814300000001,1116962.86,True,1,Premium,Medium Risk
C00890,48,F,Lucknow,Salaried,80231.16,Gold,250000,2020-12-27,38,36,264552.89,1,3,2,132,Regular,7348.691388888889,264552.89,1.0,529105.78,False,2,Low Value,High Risk
C00891,56,F,Delhi,Salaried,99526.94,Silver,100000,2022-01-01,7,35,520822.66000000003,4,3,5,435,Loyal,14880.64742857143,520822.66000000003,1.0,1041645.3200000001,False,1,Premium,High Risk
C00892,62,M,Pune,Business Owner,37070.66,Silver,100000,2023-09-14,14,34,253788.42,3,3,2,332,Loyal,7464.365294117648,253788.42,1.0,507576.8400000001,False,2,Low Value,High Risk
C00893,26,F,Chennai,Business Owner,102022.51,Gold,250000,2020-02-08,58,37,303172.66,1,4,3,143,Regular,8193.855675675675,303172.66,1.0,606345.32,False,3,High Value,High Risk
C00894,37,M,Jaipur,Salaried,86611.0,Gold,250000,2019-04-27,10,24,216225.73,4,1,1,411,New,9009.405416666666,216225.73,0.86490292,432451.45999999996,False,2,Low Value,High Risk
C00895,31,M,Lucknow,Self Employed,86524.8,Silver,100000,2021-04-24,16,41,357088.44,3,5,4,354,Loyal,8709.474146341463,357088.44,1.0,714176.88,False,1,Premium,High Risk
C00896,48,F,Bangalore,Salaried,31522.67,Silver,100000,2019-01-16,9,38,375086.93,4,4,4,444,Champions,9870.708684210525,375086.93,1.0,750173.86,False,1,Premium,High Risk
C00897,36,M,Kolkata,Salaried,15000.0,Platinum,500000,2023-10-20,44,37,333409.04,1,4,4,144,Regular,9011.055135135135,333409.04,0.66681808,666818.08,False,3,High Value,Medium Risk
C00898,30,M,Lucknow,Salaried,97928.78,Silver,100000,2023-02-14,1,46,294941.9,5,5,3,553,Loyal,6411.7804347826095,294941.9,1.0,589883.8,False,2,Low Value,High Risk
C00899,27,M,Mumbai,Retired,79428.48,Silver,100000,2023-04-11,30,43,457653.34,2,5,5,255,Regular,10643.100930232558,457653.34,1.0,915306.68,False,1,Premium,High Risk
C00900,27,M,Chennai,Salaried,64376.89,Silver,100000,2019-10-03,7,41,258645.68,4,5,2,452,Loyal,6308.431219512195,258645.68,1.0,517291.36,False,2,Low Value,High Risk
C00901,33,M,Hyderabad,Salaried,42162.36,Silver,100000,2022-08-26,23,23,185583.13,2,1,1,211,At Risk,8068.831739130435,185583.13,1.0,371166.26,False,2,Low Value,High Risk
C00902,39,M,Ahmedabad,Business Owner,52279.76,Platinum,500000,2023-07-22,17,32,341842.82,3,2,4,324,Regular,10682.588125,341842.82,0.68368564,683685.64,False,1,Premium,Medium Risk
C00903,57,M,Hyderabad,Salaried,110399.3,Gold,250000,2021-11-10,17,18,178384.45,3,1,1,311,Regular,9910.247222222222,178384.45,0.7135378,356768.9,False,0,Mid Value,Medium Risk
C00904,49,M,Bangalore,Student,32163.64,Silver,100000,2023-06-09,4,37,186160.24000000002,5,4,1,541,Loyal,5031.357837837839,186160.24000000002,1.0,372320.4800000001,False,2,Low Value,High Risk
C00905,34,F,Bangalore,Salaried,38453.42,Silver,100000,2021-06-28,34,23,181953.1,2,1,1,211,At Risk,7911.004347826087,181953.1,1.0,363906.2,False,2,Low Value,High Risk
C00906,40,F,Kolkata,Student,54230.4,Silver,100000,2022-08-13,16,31,250368.39,3,2,2,322,Regular,8076.399677419356,250368.39,1.0,500736.78,False,2,Low Value,High Risk
C00907,24,F,Lucknow,Retired,38794.19,Gold,250000,2024-03-05,16,38,263665.92,3,4,2,342,Loyal,6938.576842105263,263665.92,1.0,527331.84,False,2,Low Value,High Risk
C00908,30,F,Jaipur,Business Owner,128355.85,Signature,1000000,2021-12-28,1,29,359259.97000000003,5,1,4,514,New,12388.274827586209,359259.97000000003,0.35925997000000004,718519.9400000001,False,0,Mid Value,Low Risk
C00909,56,M,Jaipur,Salaried,66176.11,Signature,1000000,2024-03-31,15,30,178568.94,3,1,1,311,Regular,5952.298,178568.94,0.17856894,357137.88,False,0,Mid Value,Low Risk
C00910,62,M,Mumbai,Salaried,62867.95,Silver,100000,2024-02-28,28,34,246632.76,2,3,2,232,Regular,7253.9047058823535,246632.76,1.0,493265.52,False,2,Low Value,High Risk
C00911,64,F,Pune,Salaried,94564.11,Silver,100000,2019-04-22,42,33,223713.31,1,2,1,121,At Risk,6779.191212121212,223713.31,1.0,447426.62,False,2,Low Value,High Risk
C00912,34,F,Mumbai,Self Employed,74738.73,Gold,250000,2021-12-11,19,38,177020.07,3,4,1,341,Loyal,4658.422894736842,177020.07,0.70808028,354040.14,False,2,Low Value,Medium Risk
C00913,25,F,Lucknow,Salaried,54801.92,Silver,100000,2019-07-23,15,38,388160.74,3,4,4,344,Loyal,10214.756315789473,388160.74,1.0,776321.48,False,1,Premium,High Risk
C00914,50,F,Chennai,Salaried,44520.12,Silver,100000,2020-01-21,27,21,288247.74,2,1,2,212,At Risk,13726.082857142857,288247.74,1.0,576495.48,False,3,High Value,High Risk
C00915,33,F,Mumbai,Salaried,82130.06,Platinum,500000,2019-02-16,4,43,415339.52,5,5,5,555,Champions,9659.058604651163,415339.52,0.83067904,830679.04,False,1,Premium,High Risk
C00916,25,F,Ahmedabad,Salaried,42631.15,Gold,250000,2021-03-22,9,40,364908.63,4,4,4,444,Champions,9122.71575,364908.63,1.0,729817.26,False,1,Premium,High Risk
C00917,45,M,Bangalore,Business Owner,70006.65,Silver,100000,2021-06-04,4,33,281826.75,5,2,2,522,New,8540.204545454546,281826.75,1.0,563653.5,False,2,Low Value,High Risk
C00918,44,M,Delhi,Student,119543.49,Gold,250000,2021-03-21,52,29,270806.13,1,1,2,112,At Risk,9338.142413793104,270806.13,1.0,541612.26,False,3,High Value,High Risk
C00919,56,F,Chennai,Salaried,119051.99,Gold,250000,2020-08-19,17,34,256723.16,3,3,2,332,Loyal,7550.681176470588,256723.16,1.0,513446.32,False,2,Low Value,High Risk
C00920,42,M,Ahmedabad,Student,109350.8,Silver,100000,2023-07-08,24,32,216531.77,2,2,1,221,At Risk,6766.6178125,216531.77,1.0,433063.54,False,2,Low Value,High Risk
C00921,29,F,Ahmedabad,Self Employed,88423.88,Gold,250000,2021-04-22,45,37,294461.22,1,4,3,143,Regular,7958.41135135135,294461.22,1.0,588922.44,False,3,High Value,High Risk
C00922,47,M,Bangalore,Business Owner,43924.18,Silver,100000,2019-01-26,16,26,282001.74,3,1,2,312,Regular,10846.22076923077,282001.74,1.0,564003.48,False,2,Low Value,High Risk
C00923,62,F,Hyderabad,Salaried,94983.97,Silver,100000,2019-08-17,14,38,319960.57,3,4,3,343,Loyal,8420.015,319960.57,1.0,639921.1399999999,False,2,Low Value,High Risk
C00924,52,M,Kolkata,Student,95402.13,Silver,100000,2023-07-27,22,32,333220.94,2,2,4,224,At Risk,10413.154375,333220.94,1.0,666441.88,False,2,Low Value,High Risk
C00925,46,M,Mumbai,Salaried,115164.47,Silver,100000,2023-07-01,11,43,455021.1,4,5,5,455,Champions,10581.886046511627,455021.1,1.0,910042.2,False,1,Premium,High Risk
C00926,50,F,Lucknow,Salaried,88455.23,Signature,1000000,2023-10-07,10,35,443597.20999999996,4,3,5,435,Loyal,12674.205999999998,443597.20999999996,0.44359720999999996,887194.4199999999,False,1,Premium,Low Risk
C00927,58,F,Jaipur,Business Owner,91191.65,Signature,1000000,2019-04-16,65,43,424049.97,1,5,5,155,Regular,9861.627209302325,424049.97,0.42404997,848099.94,False,3,High Value,Low Risk
C00928,30,M,Pune,Student,57995.77,Silver,100000,2020-03-21,11,30,237585.67,4,1,1,411,New,7919.522333333333,237585.67,1.0,475171.34,False,2,Low Value,High Risk
C00929,26,M,Hyderabad,Salaried,92363.35,Gold,250000,2023-05-06,4,38,307320.93,5,4,3,543,Loyal,8087.392894736842,307320.93,1.0,614641.86,False,2,Low Value,High Risk
C00930,45,M,Hyderabad,Salaried,69322.67,Gold,250000,2019-08-21,2,31,317689.21,5,2,3,523,New,10248.039032258066,317689.21,1.0,635378.42,False,2,Low Value,High Risk
C00931,35,M,Pune,Salaried,105037.95,Signature,1000000,2022-04-24,22,42,246698.24,2,5,2,252,Regular,5873.767619047619,246698.24,0.24669823999999999,493396.48,False,0,Mid Value,Low Risk
C00932,62,M,Delhi,Self Employed,66854.73,Signature,1000000,2021-04-17,12,30,237005.6,3,1,1,311,Regular,7900.1866666666665,237005.6,0.2370056,474011.2,False,0,Mid Value,Low Risk
C00933,38,F,Mumbai,Salaried,32259.26,Platinum,500000,2021-08-22,4,37,371203.45,5,4,4,544,Champions,10032.525675675675,371203.45,0.7424069,742406.9,False,1,Premium,Medium Risk
C00934,61,M,Ahmedabad,Salaried,91948.03,Silver,100000,2022-04-11,24,34,309557.59,2,3,3,233,Regular,9104.635,309557.59,1.0,619115.18,False,2,Low Value,High Risk
C00935,56,M,Lucknow,Salaried,81935.56,Silver,100000,2019-12-17,20,38,366909.03,2,4,4,244,Regular,9655.500789473685,366909.03,1.0,733818.06,False,1,Premium,High Risk
C00936,52,M,Mumbai,Self Employed,100498.89,Silver,100000,2021-02-08,15,42,304726.69,3,5,3,353,Loyal,7255.397380952381,304726.69,1.0,609453.38,False,2,Low Value,High Risk
C00937,60,M,Kolkata,Business Owner,64273.83,Platinum,500000,2021-03-03,1,48,329805.1,5,5,3,553,Loyal,6870.939583333333,329805.1,0.6596101999999999,659610.2,False,1,Premium,Medium Risk
C00938,46,F,Jaipur,Salaried,64054.13,Platinum,500000,2021-03-16,6,38,303505.8,4,4,3,443,Loyal,7986.994736842105,303505.8,0.6070116,607011.6,False,0,Mid Value,Medium Risk
C00939,47,M,Delhi,Retired,66308.45,Platinum,500000,2019-12-22,2,39,316489.72,5,4,3,543,Loyal,8115.121025641025,316489.72,0.63297944,632979.44,False,0,Mid Value,Medium Risk
C00940,60,F,Mumbai,Salaried,87647.36,Silver,100000,2021-06-17,11,41,350376.04,4,5,4,454,Champions,8545.757073170731,350376.04,1.0,700752.08,False,1,Premium,High Risk
C00941,42,F,Kolkata,Retired,15000.0,Signature,1000000,2020-02-27,15,35,483745.93,3,3,5,335,Loyal,13821.312285714286,483745.93,0.48374593,967491.86,False,1,Premium,Low Risk
C00942,51,M,Jaipur,Salaried,102523.99,Gold,250000,2022-11-01,4,31,295395.53,5,2,3,523,New,9528.88806451613,295395.53,1.0,590791.06,False,2,Low Value,High Risk
C00943,22,F,Chennai,Business Owner,100214.72,Silver,100000,2021-07-29,7,38,299007.53,4,4,3,443,Loyal,7868.619210526316,299007.53,1.0,598015.06,False,2,Low Value,High Risk
C00944,58,M,Lucknow,Business Owner,85539.84,Gold,250000,2023-04-10,44,42,342619.01,1,5,4,154,Regular,8157.595476190477,342619.01,1.0,685238.02,False,1,Premium,High Risk
C00945,23,F,Jaipur,Retired,38616.37,Platinum,500000,2024-04-15,29,30,302079.32,2,1,3,213,At Risk,10069.310666666666,302079.32,0.60415864,604158.64,False,0,Mid Value,Medium Risk
C00946,32,M,Jaipur,Student,84202.22,Platinum,500000,2023-12-19,9,36,266623.45,4,3,2,432,Loyal,7406.206944444445,266623.45,0.5332469,533246.9,False,0,Mid Value,Medium Risk
C00947,23,F,Ahmedabad,Business Owner,88486.77,Silver,100000,2022-02-01,9,32,261373.51,4,2,2,422,New,8167.9221875,261373.51,1.0,522747.02,False,2,Low Value,High Risk
C00948,40,M,Lucknow,Student,75204.61,Gold,250000,2023-03-02,7,35,208598.02,4,3,1,431,Loyal,5959.943428571428,208598.02,0.83439208,417196.0399999999,False,2,Low Value,High Risk
C00949,52,F,Mumbai,Business Owner,66169.66,Gold,250000,2021-09-26,18,33,421925.37,3,2,5,325,Regular,12785.617272727273,421925.37,1.0,843850.74,False,1,Premium,High Risk
C00950,52,M,Kolkata,Salaried,72407.53,Platinum,500000,2021-03-14,54,33,353715.0,1,2,4,124,At Risk,10718.636363636364,353715.0,0.70743,707430.0,False,3,High Value,Medium Risk
C00951,61,F,Hyderabad,Salaried,91286.09,Gold,250000,2020-05-30,37,32,201411.13,1,2,1,121,At Risk,6294.0978125,201411.13,0.80564452,402822.26,False,2,Low Value,High Risk
C00952,46,F,Delhi,Salaried,88532.51,Platinum,500000,2023-08-14,42,34,298115.49,1,3,3,133,Regular,8768.102647058824,298115.49,0.59623098,596230.98,False,0,Mid Value,Medium Risk
C00953,41,M,Bangalore,Self Employed,70685.73,Signature,1000000,2020-02-02,7,39,284484.68,4,4,2,442,Loyal,7294.4789743589745,284484.68,0.28448468,568969.36,False,0,Mid Value,Low Risk
C00954,33,F,Hyderabad,Business Owner,92125.39,Platinum,500000,2020-03-21,53,29,402288.25,1,1,5,115,At Risk,13872.008620689656,402288.25,0.8045765,804576.5,False,3,High Value,High Risk
C00955,29,F,Ahmedabad,Business Owner,66960.25,Gold,250000,2020-12-31,66,30,219013.84,1,1,1,111,At Risk,7300.461333333334,219013.84,0.87605536,438027.68,False,3,High Value,High Risk
C00956,40,M,Kolkata,Salaried,15000.0,Gold,250000,2021-04-21,3,41,348597.94,5,5,4,554,Champions,8502.388780487805,348597.94,1.0,697195.88,False,1,Premium,High Risk
C00957,36,F,Bangalore,Business Owner,65496.49,Silver,100000,2020-08-14,2,27,202272.06,5,1,1,511,New,7491.557777777778,202272.06,1.0,404544.12,False,2,Low Value,High Risk
C00958,60,M,Mumbai,Salaried,32079.81,Silver,100000,2021-03-13,38,32,348451.15,1,2,4,124,At Risk,10889.0984375,348451.15,1.0,696902.3,False,3,High Value,High Risk
C00959,37,M,Kolkata,Salaried,69679.66,Silver,100000,2023-08-16,10,28,269041.20999999996,4,1,2,412,New,9608.614642857141,269041.20999999996,1.0,538082.4199999999,False,2,Low Value,High Risk
C00960,23,M,Delhi,Retired,29297.86,Gold,250000,2019-04-13,21,35,336924.48,2,3,4,234,Regular,9626.413714285714,336924.48,1.0,673848.96,False,2,Low Value,High Risk
C00961,54,F,Lucknow,Salaried,38013.5,Platinum,500000,2020-05-20,24,36,484513.94,2,3,5,235,Regular,13458.720555555556,484513.94,0.96902788,969027.88,False,1,Premium,High Risk
C00962,51,M,Ahmedabad,Salaried,141370.27,Silver,100000,2023-10-26,11,31,330340.8,4,2,3,423,New,10656.154838709677,330340.8,1.0,660681.6,False,2,Low Value,High Risk
C00963,44,F,Jaipur,Self Employed,90406.46,Gold,250000,2024-04-21,11,39,218581.92,4,4,1,441,Loyal,5604.664615384616,218581.92,0.87432768,437163.84,False,2,Low Value,High Risk
C00964,28,M,Kolkata,Salaried,64034.51,Silver,100000,2024-03-12,47,36,345936.98,1,3,4,134,Regular,9609.360555555555,345936.98,1.0,691873.96,False,3,High Value,High Risk
C00965,63,F,Kolkata,Salaried,71516.09,Silver,100000,2020-01-31,15,26,104553.16,3,1,1,311,Regular,4021.2753846153846,104553.16,1.0,209106.32,False,2,Low Value,High Risk
C00966,49,M,Chennai,Salaried,114694.08,Gold,250000,2024-04-29,27,43,355211.12,2,5,4,254,Regular,8260.723720930233,355211.12,1.0,710422.24,False,1,Premium,High Risk
C00967,24,M,Ahmedabad,Retired,50286.57,Platinum,500000,2021-06-01,4,43,431368.0,5,5,5,555,Champions,10031.813953488372,431368.0,0.862736,862736.0,False,1,Premium,High Risk
C00968,28,F,Mumbai,Salaried,80130.61,Platinum,500000,2022-06-06,25,31,194053.25,2,2,1,221,At Risk,6259.782258064516,194053.25,0.3881065,388106.5,False,0,Mid Value,Low Risk
C00969,30,M,Hyderabad,Salaried,85930.78,Gold,250000,2023-01-23,96,26,176563.05,1,1,1,111,At Risk,6790.886538461538,176563.05,0.7062522,353126.1,False,3,High Value,Medium Risk
C00970,48,F,Bangalore,Self Employed,74466.3,Gold,250000,2023-12-22,47,39,384811.16,1,4,4,144,Regular,9866.952820512819,384811.16,1.0,769622.3199999998,False,1,Premium,High Risk
C00971,41,F,Ahmedabad,Salaried,55726.14,Silver,100000,2022-03-10,29,33,332703.69,2,2,4,224,At Risk,10081.93,332703.69,1.0,665407.38,False,2,Low Value,High Risk
C00972,55,M,Ahmedabad,Business Owner,45216.64,Silver,100000,2024-05-31,23,32,281046.66,2,2,2,222,At Risk,8782.708125,281046.66,1.0,562093.32,False,2,Low Value,High Risk
C00973,37,F,Mumbai,Salaried,71338.23,Gold,250000,2019-03-08,22,40,305248.57,2,4,3,243,Regular,7631.21425,305248.57,1.0,610497.14,False,2,Low Value,High Risk
C00974,43,M,Delhi,Salaried,107712.39,Gold,250000,2023-02-12,26,31,312538.94,2,2,3,223,At Risk,10081.901290322581,312538.94,1.0,625077.88,False,2,Low Value,High Risk
C00975,26,M,Pune,Self Employed,47663.18,Silver,100000,2019-08-17,20,39,410615.98,2,4,5,245,Regular,10528.61487179487,410615.98,1.0,821231.96,False,1,Premium,High Risk
C00976,35,M,Mumbai,Student,57568.82,Gold,250000,2021-01-27,18,48,370879.08,3,5,4,354,Loyal,7726.6475,370879.08,1.0,741758.16,False,1,Premium,High Risk
C00977,63,M,Lucknow,Salaried,76030.45,Gold,250000,2023-08-25,2,30,301536.37,5,1,3,513,New,10051.212333333333,301536.37,1.0,603072.74,False,2,Low Value,High Risk
C00978,49,M,Mumbai,Self Employed,57318.57,Signature,1000000,2020-01-14,34,39,224418.29,2,4,1,241,Regular,5754.3151282051285,224418.29,0.22441829000000002,448836.58,False,0,Mid Value,Low Risk
C00979,28,F,Delhi,Student,38073.4,Gold,250000,2023-02-07,43,48,349449.68,1,5,4,154,Regular,7280.201666666667,349449.68,1.0,698899.36,False,1,Premium,High Risk
C00980,50,M,Jaipur,Self Employed,69704.66,Gold,250000,2019-03-04,8,35,387891.33,4,3,4,434,Loyal,11082.60942857143,387891.33,1.0,775782.66,False,1,Premium,High Risk
C00981,27,M,Kolkata,Salaried,42955.15,Gold,250000,2020-04-20,83,26,311160.82,1,1,3,113,At Risk,11967.723846153847,311160.82,1.0,622321.64,False,3,High Value,High Risk
C00982,24,M,Hyderabad,Business Owner,88101.2,Silver,100000,2022-10-19,11,37,336549.35,4,4,4,444,Champions,9095.928378378378,336549.35,1.0,673098.7,False,2,Low Value,High Risk
C00983,25,M,Ahmedabad,Student,31842.43,Gold,250000,2024-04-23,18,38,398215.57,3,4,5,345,Loyal,10479.357105263158,398215.57,1.0,796431.14,False,1,Premium,High Risk
C00984,27,M,Lucknow,Self Employed,76341.9,Gold,250000,2020-03-30,11,34,426157.49,4,3,5,435,Loyal,12534.043823529411,426157.49,1.0,852314.98,False,1,Premium,High Risk
C00985,29,M,Jaipur,Business Owner,87621.75,Silver,100000,2019-08-22,8,41,359113.1,4,5,4,454,Champions,8758.856097560974,359113.1,1.0,718226.2,False,1,Premium,High Risk
C00986,35,M,Chennai,Business Owner,112425.62,Silver,100000,2023-06-28,28,22,355364.1,2,1,4,214,At Risk,16152.913636363635,355364.1,1.0,710728.2,False,1,Premium,High Risk
C00987,48,M,Pune,Salaried,99086.44,Silver,100000,2022-11-18,3,31,285695.47000000003,5,2,2,522,New,9215.982903225808,285695.47000000003,1.0,571390.9400000001,False,2,Low Value,High Risk
C00988,61,M,Pune,Student,84140.57,Gold,250000,2022-12-26,47,43,397565.3,1,5,5,155,Regular,9245.70465116279,397565.3,1.0,795130.6,False,1,Premium,High Risk
C00989,60,F,Hyderabad,Self Employed,105933.78,Gold,250000,2023-10-04,17,30,346485.59,3,1,4,314,Regular,11549.519666666667,346485.59,1.0,692971.18,False,1,Premium,High Risk
C00990,53,M,Bangalore,Business Owner,107341.44,Platinum,500000,2022-06-13,27,42,500878.18,2,5,5,255,Regular,11925.670952380951,500878.18,1.0,1001756.3599999999,False,1,Premium,High Risk
C00991,21,M,Ahmedabad,Retired,42485.34,Gold,250000,2020-12-09,42,26,167289.52,1,1,1,111,At Risk,6434.212307692307,167289.52,0.66915808,334579.04,False,0,Mid Value,Medium Risk
C00992,54,M,Hyderabad,Self Employed,90094.24,Silver,100000,2019-03-28,7,36,329656.02,4,3,3,433,Loyal,9157.111666666668,329656.02,1.0,659312.04,False,2,Low Value,High Risk
C00993,40,F,Pune,Self Employed,37690.73,Gold,250000,2021-07-30,39,41,540181.08,1,5,5,155,Regular,13175.148292682927,540181.08,1.0,1080362.16,False,1,Premium,High Risk
C00994,28,F,Pune,Business Owner,101076.54,Silver,100000,2020-11-05,8,36,316402.9,4,3,3,433,Loyal,8788.969444444445,316402.9,1.0,632805.8,False,2,Low Value,High Risk
C00995,57,F,Delhi,Business Owner,25838.89,Gold,250000,2021-01-17,3,37,275352.38,5,4,2,542,Loyal,7441.9562162162165,275352.38,1.0,550704.76,False,2,Low Value,High Risk
C00996,36,F,Kolkata,Salaried,28784.96,Silver,100000,2023-12-30,12,34,214829.1,3,3,1,331,Loyal,6318.502941176471,214829.1,1.0,429658.2,False,2,Low Value,High Risk
C00997,25,M,Ahmedabad,Salaried,72523.19,Gold,250000,2019-03-06,11,38,348027.89,4,4,4,444,Champions,9158.628684210527,348027.89,1.0,696055.78,False,1,Premium,High Risk
C00998,61,F,Delhi,Salaried,59943.78,Gold,250000,2021-11-01,1,35,390847.83,5,3,5,535,Loyal,11167.080857142857,390847.83,1.0,781695.66,False,1,Premium,High Risk
C00999,31,F,Ahmedabad,Salaried,26271.27,Gold,250000,2023-10-08,25,40,370694.5,2,4,4,244,Regular,9267.3625,370694.5,1.0,741389.0,False,1,Premium,High Risk
C01000,24,M,Chennai,Self Employed,48650.21,Signature,1000000,2021-02-18,5,29,259398.46,5,1,2,512,New,8944.774482758621,259398.46,0.25939846,518796.92000000004,False,0,Mid Value,Low Risk
C01001,63,F,Delhi,Salaried,84719.86,Platinum,500000,2023-02-09,1,34,390874.3,5,3,5,535,Loyal,11496.302941176471,390874.3,0.7817486,781748.6,False,1,Premium,Medium Risk
C01002,59,M,Hyderabad,Retired,83838.04,Gold,250000,2020-10-01,38,31,302396.60000000003,1,2,3,123,At Risk,9754.729032258065,302396.60000000003,1.0,604793.2000000001,False,3,High Value,High Risk
C01003,46,M,Jaipur,Business Owner,15000.0,Signature,1000000,2020-03-14,8,30,302314.82,4,1,3,413,New,10077.160666666667,302314.82,0.30231482,604629.64,False,0,Mid Value,Low Risk
C01004,37,M,Ahmedabad,Business Owner,131265.34,Gold,250000,2020-02-19,5,37,311870.57999999996,5,4,3,543,Loyal,8428.934594594593,311870.57999999996,1.0,623741.1599999999,False,2,Low Value,High Risk
C01005,40,F,Jaipur,Salaried,76152.05,Silver,100000,2023-10-26,48,31,257698.83,1,2,2,122,At Risk,8312.865483870968,257698.83,1.0,515397.66000000003,False,3,High Value,High Risk
C01006,41,F,Pune,Business Owner,92163.9,Gold,250000,2023-10-31,1,47,385542.19,5,5,4,554,Champions,8203.025319148936,385542.19,1.0,771084.3799999999,False,1,Premium,High Risk
C01007,48,F,Bangalore,Retired,101291.84,Platinum,500000,2021-04-18,21,38,384386.74,2,4,4,244,Regular,10115.44052631579,384386.74,0.76877348,768773.48,False,1,Premium,Medium Risk
C01008,59,M,Ahmedabad,Salaried,110872.06,Silver,100000,2021-10-06,45,27,190980.41,1,1,1,111,At Risk,7073.348518518519,190980.41,1.0,381960.82,False,2,Low Value,High Risk
C01009,47,M,Ahmedabad,Salaried,41047.01,Gold,250000,2022-06-15,23,43,420174.68,2,5,5,255,Regular,9771.504186046512,420174.68,1.0,840349.36,False,1,Premium,High Risk
C01010,62,F,Mumbai,Student,80772.35,Gold,250000,2023-05-19,52,45,544034.31,1,5,5,155,Regular,12089.651333333335,544034.31,1.0,1088068.62,False,1,Premium,High Risk
C01011,37,M,Jaipur,Self Employed,78934.18,Silver,100000,2023-04-23,25,41,475219.65,2,5,5,255,Regular,11590.723170731708,475219.65,1.0,950439.3,False,1,Premium,High Risk
C01012,51,M,Jaipur,Salaried,133078.07,Gold,250000,2022-09-17,33,33,227528.34,2,2,1,221,At Risk,6894.798181818182,227528.34,0.91011336,455056.68,False,2,Low Value,High Risk
C01013,32,F,Chennai,Salaried,92183.9,Platinum,500000,2020-06-01,26,29,261411.65,2,1,2,212,At Risk,9014.194827586207,261411.65,0.5228233,522823.3,False,0,Mid Value,Medium Risk
C01014,58,M,Mumbai,Salaried,95925.42,Gold,250000,2022-06-26,17,54,482399.8,3,5,5,355,Loyal,8933.32962962963,482399.8,1.0,964799.6000000001,False,1,Premium,High Risk
C01015,45,F,Kolkata,Self Employed,88285.78,Platinum,500000,2020-01-29,9,40,441866.48,4,4,5,445,Champions,11046.662,441866.48,0.88373296,883732.96,False,1,Premium,High Risk
C01016,40,F,Pune,Salaried,23338.79,Gold,250000,2020-10-10,120,26,186969.36,1,1,1,111,At Risk,7191.12923076923,186969.36,0.7478774399999999,373938.72,False,3,High Value,Medium Risk
C01017,28,M,Pune,Business Owner,98688.85,Signature,1000000,2022-02-01,29,38,366096.17,2,4,4,244,Regular,9634.109736842105,366096.17,0.36609617,732192.34,False,0,Mid Value,Low Risk
C01018,27,M,Ahmedabad,Salaried,139740.2,Silver,100000,2021-10-10,41,20,76039.44,1,1,1,111,At Risk,3801.972,76039.44,0.7603944,152078.88,True,2,Low Value,Medium Risk
C01019,45,M,Delhi,Retired,42160.19,Gold,250000,2022-02-10,2,33,246638.83000000002,5,2,2,522,New,7473.90393939394,246638.83000000002,0.98655532,493277.66000000003,False,2,Low Value,High Risk
C01020,55,F,Delhi,Self Employed,92843.97,Platinum,500000,2024-04-21,40,37,328002.18,1,4,3,143,Regular,8864.923783783783,328002.18,0.65600436,656004.3599999999,False,0,Mid Value,Medium Risk
C01021,43,F,Mumbai,Self Employed,61958.17,Platinum,500000,2020-05-03,1,37,298088.91,5,4,3,543,Loyal,8056.457027027026,298088.91,0.59617782,596177.82,False,0,Mid Value,Medium Risk
C01022,37,F,Ahmedabad,Business Owner,25726.27,Silver,100000,2024-05-27,39,39,312136.55,1,4,3,143,Regular,8003.501282051282,312136.55,1.0,624273.1,False,2,Low Value,High Risk
C01023,38,M,Mumbai,Business Owner,35145.67,Signature,1000000,2021-02-22,5,32,326513.59,5,2,3,523,New,10203.5496875,326513.59,0.32651359,653027.18,False,0,Mid Value,Low Risk
C01024,63,M,Lucknow,Self Employed,18114.93,Gold,250000,2020-11-19,1,40,397512.83,5,4,5,545,Champions,9937.82075,397512.83,1.0,795025.66,False,1,Premium,High Risk
C01025,21,M,Lucknow,Self Employed,38096.1,Platinum,500000,2019-11-07,48,28,354786.83999999997,1,1,4,114,At Risk,12670.95857142857,354786.83999999997,0.70957368,709573.6799999999,False,3,High Value,Medium Risk
C01026,50,M,Jaipur,Salaried,15000.0,Gold,250000,2021-08-24,20,44,258920.43,2,5,2,252,Regular,5884.555227272727,258920.43,1.0,517840.86,False,2,Low Value,High Risk
C01027,24,M,Delhi,Student,74487.94,Platinum,500000,2019-08-17,5,35,266205.68,5,3,2,532,Loyal,7605.876571428571,266205.68,0.53241136,532411.36,False,0,Mid Value,Medium Risk
C01028,27,M,Mumbai,Salaried,72934.82,Silver,100000,2021-09-15,19,27,280284.76,3,1,2,312,Regular,10380.917037037038,280284.76,1.0,560569.52,False,2,Low Value,High Risk
C01029,31,M,Kolkata,Retired,92324.43,Gold,250000,2021-10-17,52,32,343991.61,1,2,4,124,At Risk,10749.7378125,343991.61,1.0,687983.22,False,3,High Value,High Risk
C01030,64,M,Kolkata,Business Owner,111596.2,Platinum,500000,2021-08-24,2,33,256602.17,5,2,2,522,New,7775.823333333334,256602.17,0.51320434,513204.34,False,0,Mid Value,Medium Risk
C01031,31,M,Mumbai,Business Owner,66271.43,Gold,250000,2023-08-20,62,26,214497.46,1,1,1,111,At Risk,8249.902307692308,214497.46,0.85798984,428994.92,False,3,High Value,High Risk
C01032,26,M,Hyderabad,Retired,63658.47,Platinum,500000,2019-06-14,3,39,340133.86,5,4,4,544,Champions,8721.381025641025,340133.86,0.68026772,680267.72,False,1,Premium,Medium Risk
C01033,53,F,Delhi,Business Owner,74120.57,Silver,100000,2019-04-02,8,33,306477.16000000003,4,2,3,423,New,9287.186666666668,306477.16000000003,1.0,612954.3200000001,False,2,Low Value,High Risk
C01034,40,F,Delhi,Salaried,157545.21,Silver,100000,2023-09-27,9,30,414208.14,4,1,5,415,New,13806.938,414208.14,1.0,828416.28,False,1,Premium,High Risk
C01035,49,M,Hyderabad,Self Employed,88863.06,Gold,250000,2023-03-13,15,31,271450.62,3,2,2,322,Regular,8756.471612903226,271450.62,1.0,542901.24,False,2,Low Value,High Risk
C01036,24,M,Pune,Salaried,59278.87,Gold,250000,2020-05-14,22,36,303146.75,2,3,3,233,Regular,8420.743055555555,303146.75,1.0,606293.5,False,2,Low Value,High Risk
C01037,45,F,Kolkata,Retired,79776.5,Gold,250000,2021-12-15,9,40,387274.7,4,4,4,444,Champions,9681.8675,387274.7,1.0,774549.4,False,1,Premium,High Risk
C01038,36,M,Ahmedabad,Business Owner,118625.21,Silver,100000,2020-02-17,24,33,193889.35,2,2,1,221,At Risk,5875.434848484849,193889.35,1.0,387778.7,False,2,Low Value,High Risk
C01039,39,F,Kolkata,Salaried,77632.79,Gold,250000,2022-01-19,80,27,212490.03,1,1,1,111,At Risk,7870.001111111111,212490.03,0.84996012,424980.06,False,3,High Value,High Risk
C01040,47,M,Bangalore,Student,51346.92,Gold,250000,2024-02-13,13,31,386535.93,3,2,4,324,Regular,12468.900967741934,386535.93,1.0,773071.86,False,1,Premium,High Risk
C01041,50,F,Delhi,Salaried,93614.16,Silver,100000,2023-09-04,54,26,318471.64999999997,1,1,3,113,At Risk,12248.909615384615,318471.64999999997,1.0,636943.2999999999,False,3,High Value,High Risk
C01042,41,M,Jaipur,Business Owner,63668.78,Gold,250000,2024-02-19,35,42,323292.63,1,5,3,153,Regular,7697.443571428572,323292.63,1.0,646585.26,False,2,Low Value,High Risk
C01043,30,M,Hyderabad,Salaried,92603.01,Platinum,500000,2021-08-29,27,27,288829.78,2,1,2,212,At Risk,10697.39925925926,288829.78,0.5776595600000001,577659.56,False,0,Mid Value,Medium Risk
C01044,57,M,Jaipur,Salaried,52858.85,Silver,100000,2020-01-25,16,33,352422.04,3,2,4,324,Regular,10679.455757575757,352422.04,1.0,704844.08,False,1,Premium,High Risk
C01045,35,F,Bangalore,Business Owner,123543.25,Silver,100000,2019-09-10,11,44,457510.95,4,5,5,455,Champions,10397.976136363637,457510.95,1.0,915021.9,False,1,Premium,High Risk
C01046,56,F,Lucknow,Self Employed,70403.51,Silver,100000,2024-05-11,43,31,327243.86,1,2,3,123,At Risk,10556.253548387096,327243.86,1.0,654487.72,False,3,High Value,High Risk
C01047,27,F,Ahmedabad,Salaried,38319.08,Gold,250000,2022-03-15,85,20,206884.61,1,1,1,111,At Risk,10344.2305,206884.61,0.82753844,413769.22,False,3,High Value,High Risk
C01048,51,M,Pune,Salaried,62291.65,Gold,250000,2023-12-07,8,41,293835.26,4,5,3,453,Loyal,7166.713658536585,293835.26,1.0,587670.52,False,2,Low Value,High Risk
C01049,63,M,Lucknow,Salaried,99161.71,Silver,100000,2023-12-12,3,36,323206.7,5,3,3,533,Loyal,8977.96388888889,323206.7,1.0,646413.4,False,2,Low Value,High Risk
C01050,27,M,Ahmedabad,Salaried,69600.86,Silver,100000,2020-08-16,15,34,316564.55,3,3,3,333,Loyal,9310.722058823529,316564.55,1.0,633129.1,False,2,Low Value,High Risk
C01051,40,F,Delhi,Business Owner,24188.77,Silver,100000,2021-03-20,15,34,279444.98,3,3,2,332,Loyal,8218.97,279444.98,1.0,558889.96,False,2,Low Value,High Risk
C01052,21,F,Hyderabad,Salaried,54896.13,Platinum,500000,2022-05-21,27,34,244679.72,2,3,2,232,Regular,7196.4623529411765,244679.72,0.48935944,489359.44,False,0,Mid Value,Low Risk
C01053,24,M,Ahmedabad,Student,105732.58,Silver,100000,2022-08-02,37,34,269837.16,1,3,2,132,Regular,7936.387058823529,269837.16,1.0,539674.32,False,2,Low Value,High Risk
C01054,25,M,Ahmedabad,Business Owner,45441.85,Silver,100000,2021-08-13,52,43,462251.46,1,5,5,155,Regular,10750.033953488373,462251.46,1.0,924502.9200000002,False,1,Premium,High Risk
C01055,46,F,Lucknow,Salaried,80552.98,Silver,100000,2023-04-14,12,38,360031.63,3,4,4,344,Loyal,9474.516578947369,360031.63,1.0,720063.26,False,1,Premium,High Risk
C01056,62,M,Lucknow,Self Employed,85714.22,Gold,250000,2021-07-27,4,36,318781.73,5,3,3,533,Loyal,8855.048055555555,318781.73,1.0,637563.46,False,2,Low Value,High Risk
C01057,34,F,Bangalore,Salaried,21102.72,Silver,100000,2020-03-01,4,36,265453.77,5,3,2,532,Loyal,7373.715833333334,265453.77,1.0,530907.54,False,2,Low Value,High Risk
C01058,62,M,Hyderabad,Salaried,50857.25,Silver,100000,2020-10-31,44,37,440956.02,1,4,5,145,Regular,11917.730270270271,440956.02,1.0,881912.04,False,1,Premium,High Risk
C01059,29,M,Chennai,Salaried,102734.47,Platinum,500000,2019-12-06,2,29,426051.91,5,1,5,515,New,14691.445172413793,426051.91,0.85210382,852103.82,False,1,Premium,High Risk
C01060,24,M,Lucknow,Student,61277.88,Gold,250000,2019-05-30,24,48,376410.41,2,5,4,254,Regular,7841.883541666666,376410.41,1.0,752820.82,False,1,Premium,High Risk
C01061,29,M,Delhi,Student,84270.88,Silver,100000,2020-04-08,12,38,488737.33999999997,3,4,5,345,Loyal,12861.50894736842,488737.33999999997,1.0,977474.6799999999,False,1,Premium,High Risk
C01062,59,M,Lucknow,Self Employed,45952.78,Platinum,500000,2019-06-14,32,35,310100.41,2,3,3,233,Regular,8860.011714285714,310100.41,0.62020082,620200.82,False,0,Mid Value,Medium Risk
C01063,28,M,Ahmedabad,Salaried,64594.58,Silver,100000,2020-05-19,24,34,227557.07,2,3,1,231,Regular,6692.8550000000005,227557.07,1.0,455114.14,False,2,Low Value,High Risk
C01064,24,M,Ahmedabad,Retired,111144.24,Platinum,500000,2024-06-19,8,29,220483.53,4,1,1,411,New,7602.880344827586,220483.53,0.44096706,440967.06,False,0,Mid Value,Low Risk
C01065,53,F,Lucknow,Self Employed,91840.24,Gold,250000,2023-07-19,17,26,234313.7,3,1,1,311,Regular,9012.065384615385,234313.7,0.9372548,468627.4,False,2,Low Value,High Risk
C01066,35,M,Pune,Business Owner,89902.84,Signature,1000000,2024-02-04,35,34,258338.72,1,3,2,132,Regular,7598.197647058823,258338.72,0.25833872,516677.44,False,0,Mid Value,Low Risk
C01067,43,M,Delhi,Business Owner,106764.12,Gold,250000,2022-04-29,29,24,261176.15,2,1,2,212,At Risk,10882.339583333332,261176.15,1.0,522352.29999999993,False,3,High Value,High Risk
C01068,26,F,Lucknow,Retired,64497.7,Silver,100000,2021-09-20,34,35,265761.88,2,3,2,232,Regular,7593.196571428572,265761.88,1.0,531523.76,False,2,Low Value,High Risk
C01069,56,F,Pune,Business Owner,26138.99,Silver,100000,2023-06-09,2,32,334117.15,5,2,4,524,New,10441.1609375,334117.15,1.0,668234.3,False,2,Low Value,High Risk
C01070,60,M,Mumbai,Business Owner,90605.86,Silver,100000,2022-01-29,9,30,246399.27,4,1,2,412,New,8213.309,246399.27,1.0,492798.54,False,2,Low Value,High Risk
C01071,59,M,Chennai,Student,61755.93,Gold,250000,2021-06-18,13,31,342583.95,3,2,4,324,Regular,11051.095161290323,342583.95,1.0,685167.9,False,1,Premium,High Risk
C01072,61,F,Mumbai,Salaried,15000.0,Signature,1000000,2019-04-20,26,34,212665.16999999998,2,3,1,231,Regular,6254.85794117647,212665.16999999998,0.21266517,425330.33999999997,False,0,Mid Value,Low Risk
C01073,30,M,Hyderabad,Salaried,45126.72,Silver,100000,2020-08-14,3,41,335967.25,5,5,4,554,Champions,8194.323170731708,335967.25,1.0,671934.5000000001,False,2,Low Value,High Risk
C01074,63,M,Lucknow,Salaried,21857.35,Silver,100000,2024-03-04,41,40,524352.6900000001,1,4,5,145,Regular,13108.817250000002,524352.6900000001,1.0,1048705.3800000001,False,1,Premium,High Risk
C01075,51,M,Delhi,Self Employed,77564.67,Silver,100000,2020-12-10,6,34,330604.44,4,3,3,433,Loyal,9723.66,330604.44,1.0,661208.88,False,2,Low Value,High Risk
C01076,29,M,Pune,Retired,107830.42,Gold,250000,2024-04-04,5,37,321553.17,5,4,3,543,Loyal,8690.626216216217,321553.17,1.0,643106.3400000001,False,2,Low Value,High Risk
C01077,23,F,Pune,Salaried,65288.9,Gold,250000,2019-02-12,10,32,288355.0,4,2,2,422,New,9011.09375,288355.0,1.0,576710.0,False,2,Low Value,High Risk
C01078,22,M,Delhi,Salaried,125602.32,Silver,100000,2023-04-17,12,40,288420.49,3,4,2,342,Loyal,7210.51225,288420.49,1.0,576840.98,False,2,Low Value,High Risk
C01079,33,M,Pune,Business Owner,22771.08,Signature,1000000,2022-09-10,18,24,185205.84,3,1,1,311,Regular,7716.91,185205.84,0.18520583999999998,370411.68,False,0,Mid Value,Low Risk
C01080,63,F,Mumbai,Salaried,39981.93,Signature,1000000,2021-02-27,11,37,330501.78,4,4,3,443,Loyal,8932.48054054054,330501.78,0.33050178,661003.5599999999,False,0,Mid Value,Low Risk
C01081,46,M,Pune,Salaried,15000.0,Platinum,500000,2021-01-28,42,25,211458.30000000002,1,1,1,111,At Risk,8458.332,211458.30000000002,0.42291660000000003,422916.60000000003,False,0,Mid Value,Low Risk
C01082,46,F,Bangalore,Salaried,75315.2,Gold,250000,2022-10-14,18,29,320143.27,3,1,3,313,Regular,11039.423103448276,320143.27,1.0,640286.54,False,2,Low Value,High Risk
C01083,49,M,Ahmedabad,Retired,27668.3,Signature,1000000,2022-02-25,13,27,231133.38,3,1,1,311,Regular,8560.495555555555,231133.38,0.23113338,462266.76,False,0,Mid Value,Low Risk
C01084,39,M,Hyderabad,Self Employed,94094.64,Platinum,500000,2022-12-20,4,47,440694.13,5,5,5,555,Champions,9376.47085106383,440694.13,0.88138826,881388.26,False,1,Premium,High Risk
C01085,45,M,Kolkata,Salaried,79166.93,Signature,1000000,2022-12-13,57,37,369873.05,1,4,4,144,Regular,9996.568918918918,369873.05,0.36987305,739746.1,False,0,Mid Value,Low Risk
C01086,54,M,Pune,Salaried,32385.86,Platinum,500000,2019-10-24,34,37,374577.03,2,4,4,244,Regular,10123.703513513514,374577.03,0.7491540600000001,749154.06,False,1,Premium,Medium Risk
C01087,60,M,Delhi,Salaried,104758.31,Silver,100000,2019-09-27,22,39,323880.17,2,4,3,243,Regular,8304.619743589743,323880.17,1.0,647760.34,False,2,Low Value,High Risk
C01088,22,F,Mumbai,Student,73496.87,Gold,250000,2023-09-01,8,38,342805.21,4,4,4,444,Champions,9021.189736842105,342805.21,1.0,685610.4199999999,False,1,Premium,High Risk
C01089,34,F,Mumbai,Salaried,98917.21,Platinum,500000,2023-09-02,3,33,423410.22,5,2,5,525,New,12830.612727272726,423410.22,0.8468204399999999,846820.44,False,1,Premium,High Risk
C01090,39,F,Bangalore,Self Employed,69397.04,Platinum,500000,2022-03-05,13,47,406954.08,3,5,5,355,Loyal,8658.597446808511,406954.08,0.81390816,813908.16,False,1,Premium,High Risk
C01091,42,F,Kolkata,Salaried,90637.99,Platinum,500000,2020-12-02,40,32,296915.94,1,2,3,123,At Risk,9278.623125,296915.94,0.59383188,593831.88,False,0,Mid Value,Medium Risk
C01092,40,M,Chennai,Salaried,51610.5,Silver,100000,2023-09-07,17,38,440174.43,3,4,5,345,Loyal,11583.537631578947,440174.43,1.0,880348.86,False,1,Premium,High Risk
C01093,47,M,Kolkata,Student,42114.01,Platinum,500000,2020-07-13,9,35,395813.68,4,3,5,435,Loyal,11308.962285714286,395813.68,0.79162736,791627.36,False,1,Premium,Medium Risk
C01094,24,M,Jaipur,Self Employed,72169.07,Gold,250000,2020-01-16,109,30,118665.12,1,1,1,111,At Risk,3955.504,118665.12,0.47466048,237330.24,False,3,High Value,Low Risk
C01095,46,M,Delhi,Business Owner,51140.37,Gold,250000,2022-07-22,19,33,288134.01,3,2,2,322,Regular,8731.333636363637,288134.01,1.0,576268.02,False,2,Low Value,High Risk
C01096,48,F,Lucknow,Business Owner,61674.59,Platinum,500000,2023-12-07,8,39,213230.81,4,4,1,441,Loyal,5467.456666666667,213230.81,0.42646162,426461.62,False,0,Mid Value,Low Risk
C01097,34,F,Mumbai,Salaried,60199.8,Gold,250000,2021-07-01,27,37,301630.45,2,4,3,243,Regular,8152.1743243243245,301630.45,1.0,603260.9,False,2,Low Value,High Risk
C01098,63,M,Chennai,Salaried,73742.56,Gold,250000,2021-10-23,13,32,335437.0,3,2,4,324,Regular,10482.40625,335437.0,1.0,670874.0,False,1,Premium,High Risk
C01099,36,M,Delhi,Retired,20437.1,Gold,250000,2020-07-14,53,40,322401.21,1,5,3,153,Regular,8060.030250000001,322401.21,1.0,644802.42,False,3,High Value,High Risk
C01100,32,M,Hyderabad,Student,49342.22,Gold,250000,2022-07-02,10,37,236783.69,4,4,1,441,Loyal,6399.559189189189,236783.69,0.94713476,473567.38,False,2,Low Value,High Risk
C01101,53,F,Pune,Business Owner,61858.98,Silver,100000,2021-01-15,15,39,329769.29,3,4,3,343,Loyal,8455.622820512819,329769.29,1.0,659538.5799999998,False,2,Low Value,High Risk
C01102,64,M,Chennai,Self Employed,103299.32,Gold,250000,2021-01-04,6,37,265062.12,4,4,2,442,Loyal,7163.841081081081,265062.12,1.0,530124.24,False,2,Low Value,High Risk
C01103,39,M,Jaipur,Salaried,74962.11,Signature,1000000,2020-07-11,86,33,354655.27,1,2,4,124,At Risk,10747.129393939395,354655.27,0.35465527,709310.54,False,3,High Value,Low Risk
C01104,45,M,Chennai,Student,28539.47,Platinum,500000,2019-09-03,88,31,359173.67,1,2,4,124,At Risk,11586.247419354839,359173.67,0.71834734,718347.34,False,3,High Value,Medium Risk
C01105,21,M,Mumbai,Retired,63186.82,Signature,1000000,2023-10-12,87,39,248121.13999999998,1,4,2,142,Regular,6362.080512820512,248121.13999999998,0.24812114,496242.2799999999,False,3,High Value,Low Risk
C01106,59,F,Delhi,Salaried,65747.27,Gold,250000,2020-12-31,24,32,282143.79,2,2,2,222,At Risk,8816.9934375,282143.79,1.0,564287.58,False,2,Low Value,High Risk
C01107,39,M,Chennai,Salaried,32813.13,Gold,250000,2021-05-18,12,37,306559.33,3,4,3,343,Loyal,8285.387297297299,306559.33,1.0,613118.6600000001,False,2,Low Value,High Risk
C01108,29,F,Hyderabad,Business Owner,24913.88,Platinum,500000,2022-04-05,4,31,306519.45,5,2,3,523,New,9887.724193548387,306519.45,0.6130389,613038.9,False,0,Mid Value,Medium Risk
C01109,41,F,Ahmedabad,Salaried,92507.54,Silver,100000,2021-12-10,5,37,236221.3,5,4,1,541,Loyal,6384.359459459459,236221.3,1.0,472442.6,False,2,Low Value,High Risk
C01110,35,F,Ahmedabad,Salaried,44508.9,Silver,100000,2023-07-04,25,26,257249.42,2,1,2,212,At Risk,9894.208461538463,257249.42,1.0,514498.8400000001,False,2,Low Value,High Risk
C01111,61,F,Mumbai,Retired,89419.98,Gold,250000,2019-12-30,40,34,341045.01,1,3,4,134,Regular,10030.735588235295,341045.01,1.0,682090.02,False,3,High Value,High Risk
C01112,57,F,Jaipur,Business Owner,21163.42,Platinum,500000,2020-06-20,1,44,412898.96,5,5,5,555,Champions,9384.067272727274,412898.96,0.8257979200000001,825797.9200000002,False,1,Premium,High Risk
C01113,29,M,Ahmedabad,Student,113537.64,Silver,100000,2022-07-04,13,34,251473.43,3,3,2,332,Loyal,7396.277352941176,251473.43,1.0,502946.86,False,2,Low Value,High Risk
C01114,61,M,Mumbai,Student,47817.57,Signature,1000000,2022-07-26,25,36,322848.94,2,3,3,233,Regular,8968.02611111111,322848.94,0.32284894000000003,645697.8799999999,False,0,Mid Value,Low Risk
C01115,22,M,Ahmedabad,Business Owner,81946.63,Signature,1000000,2022-11-24,10,31,237957.96,4,2,1,421,New,7676.063225806452,237957.96,0.23795796,475915.92,False,0,Mid Value,Low Risk
C01116,35,M,Lucknow,Salaried,62435.4,Silver,100000,2022-12-12,8,28,266790.85,4,1,2,412,New,9528.244642857142,266790.85,1.0,533581.7,False,2,Low Value,High Risk
C01117,28,F,Chennai,Business Owner,129272.08,Silver,100000,2019-12-28,31,30,382419.59,2,1,4,214,At Risk,12747.319666666668,382419.59,1.0,764839.18,False,1,Premium,High Risk
C01118,52,F,Hyderabad,Salaried,37487.94,Platinum,500000,2019-12-12,67,35,405088.18,1,3,5,135,Regular,11573.948,405088.18,0.81017636,810176.36,False,3,High Value,High Risk
C01119,35,F,Pune,Salaried,15000.0,Silver,100000,2023-11-08,59,36,307601.42,1,3,3,133,Regular,8544.483888888888,307601.42,1.0,615202.84,False,3,High Value,High Risk
C01120,61,F,Delhi,Salaried,59065.43,Signature,1000000,2020-08-07,19,43,490161.12,3,5,5,355,Loyal,11399.095813953489,490161.12,0.49016112,980322.24,False,1,Premium,Low Risk
C01121,64,M,Delhi,Retired,36868.6,Platinum,500000,2022-12-25,74,31,175391.66,1,2,1,121,At Risk,5657.7954838709675,175391.66,0.35078332,350783.32,False,3,High Value,Low Risk
C01122,32,F,Pune,Salaried,34933.03,Silver,100000,2021-07-28,4,44,502501.29,5,5,5,555,Champions,11420.483863636364,502501.29,1.0,1005002.5800000001,False,1,Premium,High Risk
C01123,51,M,Kolkata,Retired,133001.44,Gold,250000,2019-09-10,54,35,283058.77,1,3,2,132,Regular,8087.3934285714295,283058.77,1.0,566117.54,False,3,High Value,High Risk
C01124,63,F,Chennai,Salaried,64642.1,Silver,100000,2024-01-18,29,34,312746.86,2,3,3,233,Regular,9198.437058823529,312746.86,1.0,625493.72,False,2,Low Value,High Risk
C01125,59,M,Pune,Student,89785.94,Signature,1000000,2019-11-13,5,39,313797.34,5,4,3,543,Loyal,8046.085641025642,313797.34,0.31379734000000004,627594.68,False,0,Mid Value,Low Risk
C01126,46,M,Jaipur,Salaried,122995.35,Gold,250000,2023-04-01,1,43,323411.5,5,5,3,553,Loyal,7521.197674418605,323411.5,1.0,646823.0,False,2,Low Value,High Risk
C01127,63,M,Pune,Self Employed,79575.0,Gold,250000,2019-01-30,77,35,368690.15,1,3,4,134,Regular,10534.004285714287,368690.15,1.0,737380.3,False,3,High Value,High Risk
C01128,29,M,Bangalore,Self Employed,75870.17,Signature,1000000,2021-06-23,43,28,198902.90000000002,1,1,1,111,At Risk,7103.675000000001,198902.90000000002,0.19890290000000002,397805.80000000005,False,0,Mid Value,Low Risk
C01129,41,F,Pune,Business Owner,47785.3,Signature,1000000,2022-04-01,94,27,302323.77,1,1,3,113,At Risk,11197.176666666668,302323.77,0.30232377,604647.54,False,3,High Value,Low Risk
C01130,41,F,Kolkata,Student,95944.73,Gold,250000,2022-12-30,14,39,267664.33,3,4,2,342,Loyal,6863.187948717949,267664.33,1.0,535328.66,False,2,Low Value,High Risk
C01131,35,M,Chennai,Self Employed,72245.84,Gold,250000,2019-09-01,2,34,265387.91,5,3,2,532,Loyal,7805.526764705882,265387.91,1.0,530775.82,False,2,Low Value,High Risk
C01132,46,F,Jaipur,Business Owner,109558.54,Platinum,500000,2023-07-19,17,30,248790.87,3,2,2,322,Regular,8293.029,248790.87,0.49758174,497581.74000000005,False,0,Mid Value,Low Risk
C01133,26,F,Bangalore,Student,45507.93,Signature,1000000,2019-10-26,16,35,311295.13,3,3,3,333,Loyal,8894.146571428571,311295.13,0.31129513000000003,622590.26,False,0,Mid Value,Low Risk
C01134,39,F,Ahmedabad,Business Owner,98007.51,Silver,100000,2023-09-05,53,33,373246.77,1,2,4,124,At Risk,11310.508181818182,373246.77,1.0,746493.54,False,3,High Value,High Risk
C01135,56,M,Chennai,Salaried,22388.99,Gold,250000,2023-05-16,2,29,246333.45,5,1,2,512,New,8494.256896551724,246333.45,0.9853338,492666.89999999997,False,2,Low Value,High Risk
C01136,51,M,Delhi,Salaried,70257.64,Gold,250000,2021-02-08,2,37,356259.1,5,4,4,544,Champions,9628.624324324324,356259.1,1.0,712518.2,False,1,Premium,High Risk
C01137,28,F,Bangalore,Business Owner,50766.57,Gold,250000,2022-04-27,14,19,96179.25,3,1,1,311,Regular,5062.065789473684,96179.25,0.384717,192358.5,False,0,Mid Value,Low Risk
C01138,61,F,Mumbai,Self Employed,154729.92,Silver,100000,2019-09-28,22,40,324001.83,2,5,3,253,Regular,8100.04575,324001.83,1.0,648003.66,False,2,Low Value,High Risk
C01139,46,M,Chennai,Self Employed,62656.6,Gold,250000,2023-10-25,5,30,312252.67,5,2,3,523,New,10408.422333333332,312252.67,1.0,624505.34,False,2,Low Value,High Risk
C01140,44,M,Ahmedabad,Student,84750.06,Signature,1000000,2021-11-12,18,35,205672.53,3,3,1,331,Loyal,5876.358,205672.53,0.20567253,411345.06,False,0,Mid Value,Low Risk
C01141,61,M,Jaipur,Retired,105377.78,Platinum,500000,2019-09-01,22,40,342602.02999999997,2,5,4,254,Regular,8565.050749999999,342602.02999999997,0.6852040599999999,685204.0599999998,False,1,Premium,Medium Risk
C01142,33,F,Ahmedabad,Student,130080.48,Silver,100000,2019-12-31,4,44,432997.58999999997,5,5,5,555,Champions,9840.854318181817,432997.58999999997,1.0,865995.1799999999,False,1,Premium,High Risk
C01143,62,M,Jaipur,Business Owner,65131.53,Gold,250000,2019-05-04,16,34,292963.3,3,3,3,333,Loyal,8616.567647058822,292963.3,1.0,585926.5999999999,False,2,Low Value,High Risk
C01144,34,F,Hyderabad,Business Owner,69239.58,Gold,250000,2021-06-29,37,38,297248.19,1,4,3,143,Regular,7822.320789473684,297248.19,1.0,594496.38,False,2,Low Value,High Risk
C01145,44,M,Jaipur,Retired,95702.12,Silver,100000,2024-03-26,3,31,308272.01,5,2,3,523,New,9944.258387096774,308272.01,1.0,616544.02,False,2,Low Value,High Risk
C01146,42,F,Chennai,Retired,81941.45,Gold,250000,2019-07-06,38,32,281061.69,1,2,2,122,At Risk,8783.1778125,281061.69,1.0,562123.38,False,2,Low Value,High Risk
C01147,46,F,Pune,Salaried,56983.8,Silver,100000,2019-03-11,15,41,465083.94,3,5,5,355,Loyal,11343.510731707318,465083.94,1.0,930167.8800000001,False,1,Premium,High Risk
C01148,51,M,Chennai,Business Owner,121664.65,Silver,100000,2023-09-07,58,28,320225.22,1,1,3,113,At Risk,11436.615,320225.22,1.0,640450.44,False,3,High Value,High Risk
C01149,25,F,Delhi,Business Owner,76282.04,Gold,250000,2022-11-21,2,35,264298.57,5,3,2,532,Loyal,7551.3877142857145,264298.57,1.0,528597.14,False,2,Low Value,High Risk
C01150,46,F,Jaipur,Business Owner,53171.32,Silver,100000,2021-09-14,36,37,348998.77999999997,1,4,4,144,Regular,9432.399459459459,348998.77999999997,1.0,697997.5599999999,False,1,Premium,High Risk
C01151,28,M,Jaipur,Salaried,72276.73,Silver,100000,2023-10-18,7,36,389497.93,4,3,4,434,Loyal,10819.386944444444,389497.93,1.0,778995.86,False,1,Premium,High Risk
C01152,21,F,Bangalore,Business Owner,88679.9,Silver,100000,2021-01-15,20,34,298225.82,2,3,3,233,Regular,8771.347647058823,298225.82,1.0,596451.64,False,2,Low Value,High Risk
C01153,49,M,Chennai,Salaried,27085.61,Gold,250000,2023-05-04,14,34,302240.48,3,3,3,333,Loyal,8889.42588235294,302240.48,1.0,604480.96,False,2,Low Value,High Risk
C01154,63,M,Kolkata,Retired,97027.88,Silver,100000,2021-08-21,14,28,473749.52,3,1,5,315,Regular,16919.625714285714,473749.52,1.0,947499.04,False,1,Premium,High Risk
C01155,35,F,Pune,Business Owner,47317.27,Silver,100000,2021-03-02,9,41,326551.82,4,5,3,453,Loyal,7964.678536585366,326551.82,1.0,653103.64,False,2,Low Value,High Risk
C01156,54,F,Delhi,Business Owner,96018.5,Gold,250000,2022-01-16,11,29,355505.83,4,1,4,414,New,12258.821724137932,355505.83,1.0,711011.66,False,1,Premium,High Risk
C01157,48,F,Jaipur,Salaried,58280.9,Silver,100000,2019-03-15,52,34,250270.89,1,3,2,132,Regular,7360.908529411765,250270.89,1.0,500541.78,False,3,High Value,High Risk
C01158,55,F,Hyderabad,Retired,75503.4,Gold,250000,2020-07-11,6,36,269142.8,4,3,2,432,Loyal,7476.188888888889,269142.8,1.0,538285.6,False,2,Low Value,High Risk
C01159,45,M,Delhi,Business Owner,90362.28,Gold,250000,2024-01-20,36,41,215007.99000000002,1,5,1,151,Regular,5244.097317073171,215007.99000000002,0.86003196,430015.98000000004,False,2,Low Value,High Risk
C01160,50,M,Bangalore,Business Owner,71541.56,Silver,100000,2023-02-18,24,30,253795.62,2,2,2,222,At Risk,8459.854,253795.62,1.0,507591.24,False,2,Low Value,High Risk
C01161,55,F,Delhi,Retired,162948.98,Silver,100000,2023-10-30,35,38,398452.7,1,4,5,145,Regular,10485.597368421053,398452.7,1.0,796905.4,False,1,Premium,High Risk
C01162,42,F,Delhi,Self Employed,62254.75,Platinum,500000,2019-03-04,89,37,411868.21,1,4,5,145,Regular,11131.573243243243,411868.21,0.82373642,823736.42,False,3,High Value,High Risk
C01163,63,F,Mumbai,Business Owner,67968.48,Gold,250000,2024-06-03,19,31,283451.25,3,2,2,322,Regular,9143.588709677419,283451.25,1.0,566902.5,False,2,Low Value,High Risk
C01164,28,M,Delhi,Salaried,105752.14,Silver,100000,2022-04-08,39,36,236962.17,1,3,1,131,Regular,6582.2825,236962.17,1.0,473924.34,False,2,Low Value,High Risk
C01165,23,M,Ahmedabad,Self Employed,30518.97,Gold,250000,2021-09-05,19,30,273538.76,3,2,2,322,Regular,9117.958666666667,273538.76,1.0,547077.52,False,2,Low Value,High Risk
C01166,43,M,Delhi,Student,48241.7,Gold,250000,2019-08-30,9,22,283464.47,4,1,2,412,New,12884.748636363634,283464.47,1.0,566928.94,False,2,Low Value,High Risk
C01167,31,F,Kolkata,Salaried,52093.16,Gold,250000,2020-11-18,37,39,348089.78,1,4,4,144,Regular,8925.378974358975,348089.78,1.0,696179.56,False,1,Premium,High Risk
C01168,39,F,Delhi,Salaried,19765.92,Silver,100000,2023-02-06,43,46,485120.55,1,5,5,155,Regular,10546.098913043477,485120.55,1.0,970241.0999999999,False,1,Premium,High Risk
C01169,37,F,Chennai,Business Owner,90178.77,Gold,250000,2021-08-22,27,32,255899.51,2,2,2,222,At Risk,7996.8596875,255899.51,1.0,511799.02,False,2,Low Value,High Risk
C01170,44,M,Chennai,Salaried,123121.17,Silver,100000,2020-10-18,1,51,472273.68,5,5,5,555,Champions,9260.268235294117,472273.68,1.0,944547.36,False,1,Premium,High Risk
C01171,32,M,Delhi,Salaried,15000.0,Gold,250000,2022-04-09,36,33,289076.51,1,2,2,122,At Risk,8759.894242424243,289076.51,1.0,578153.02,False,2,Low Value,High Risk
C01172,30,F,Lucknow,Self Employed,74786.27,Gold,250000,2021-09-01,4,36,323955.7,5,3,3,533,Loyal,8998.769444444444,323955.7,1.0,647911.4,False,2,Low Value,High Risk
C01173,24,F,Mumbai,Salaried,121672.43,Silver,100000,2021-09-28,25,34,255673.3,2,3,2,232,Regular,7519.80294117647,255673.3,1.0,511346.6,False,2,Low Value,High Risk
C01174,51,F,Kolkata,Student,75989.14,Platinum,500000,2020-05-27,19,39,357608.32,3,4,4,344,Loyal,9169.444102564103,357608.32,0.71521664,715216.64,False,1,Premium,Medium Risk
C01175,45,M,Mumbai,Business Owner,50396.11,Gold,250000,2020-01-23,2,33,344323.22,5,2,4,524,New,10434.036969696968,344323.22,1.0,688646.44,False,1,Premium,High Risk
C01176,42,F,Hyderabad,Salaried,58403.75,Platinum,500000,2023-02-03,13,44,347449.58,3,5,4,354,Loyal,7896.581363636364,347449.58,0.6948991600000001,694899.16,False,1,Premium,Medium Risk
C01177,57,F,Jaipur,Salaried,72891.08,Gold,250000,2022-06-04,57,25,227849.55,1,1,1,111,At Risk,9113.982,227849.55,0.9113981999999999,455699.1,False,3,High Value,High Risk
C01178,23,M,Delhi,Student,39531.15,Gold,250000,2021-12-20,81,27,270414.52999999997,1,1,2,112,At Risk,10015.352962962961,270414.52999999997,1.0,540829.0599999999,False,3,High Value,High Risk
C01179,34,F,Pune,Self Employed,73888.21,Platinum,500000,2022-11-20,15,45,486536.33,3,5,5,355,Loyal,10811.918444444445,486536.33,0.97307266,973072.66,False,1,Premium,High Risk
C01180,53,M,Jaipur,Business Owner,97179.69,Platinum,500000,2023-09-30,27,44,319608.83,2,5,3,253,Regular,7263.837045454546,319608.83,0.63921766,639217.66,False,0,Mid Value,Medium Risk
C01181,53,M,Mumbai,Salaried,132747.29,Silver,100000,2023-02-11,26,37,400080.88,2,4,5,245,Regular,10812.996756756756,400080.88,1.0,800161.76,False,1,Premium,High Risk
C01182,48,M,Delhi,Student,68938.3,Silver,100000,2023-07-03,51,37,324092.0,1,4,3,143,Regular,8759.243243243243,324092.0,1.0,648184.0,False,3,High Value,High Risk
C01183,25,M,Hyderabad,Business Owner,43181.73,Silver,100000,2023-06-20,28,29,280635.58,2,1,2,212,At Risk,9677.088965517241,280635.58,1.0,561271.16,False,2,Low Value,High Risk
C01184,48,M,Mumbai,Retired,85728.01,Signature,1000000,2023-01-26,23,38,353531.99,2,4,4,244,Regular,9303.473421052631,353531.99,0.35353199,707063.98,False,0,Mid Value,Low Risk
C01185,25,M,Lucknow,Business Owner,50724.96,Gold,250000,2021-11-28,1,38,238053.44,5,4,1,541,Loyal,6264.564210526316,238053.44,0.95221376,476106.88,False,2,Low Value,High Risk
C01186,28,M,Ahmedabad,Salaried,90511.87,Platinum,500000,2021-07-05,11,39,474240.56,4,4,5,445,Champions,12160.014358974358,474240.56,0.94848112,948481.12,False,1,Premium,High Risk
C01187,43,F,Bangalore,Salaried,15000.0,Gold,250000,2021-04-12,4,33,432530.37,5,2,5,525,New,13106.98090909091,432530.37,1.0,865060.74,False,1,Premium,High Risk
C01188,46,F,Mumbai,Salaried,65432.08,Gold,250000,2020-11-21,60,36,370940.4,1,3,4,134,Regular,10303.900000000001,370940.4,1.0,741880.8,False,3,High Value,High Risk
C01189,23,M,Kolkata,Salaried,41271.04,Platinum,500000,2021-06-16,46,31,358660.79,1,2,4,124,At Risk,11569.702903225805,358660.79,0.7173215799999999,717321.58,False,3,High Value,Medium Risk
C01190,42,M,Kolkata,Self Employed,98403.0,Gold,250000,2020-02-20,5,31,336673.12,5,2,4,524,New,10860.423225806451,336673.12,1.0,673346.24,False,1,Premium,High Risk
C01191,40,M,Chennai,Retired,81509.47,Silver,100000,2021-09-19,10,43,450762.82,4,5,5,455,Champions,10482.856279069767,450762.82,1.0,901525.64,False,1,Premium,High Risk
C01192,62,F,Pune,Retired,81369.42,Signature,1000000,2020-06-12,10,43,428137.58,4,5,5,455,Champions,9956.687906976744,428137.58,0.42813758,856275.1599999999,False,1,Premium,Low Risk
C01193,40,F,Delhi,Business Owner,77708.72,Gold,250000,2021-01-09,23,28,220238.08000000002,2,1,1,211,At Risk,7865.645714285715,220238.08000000002,0.88095232,440476.16000000003,False,2,Low Value,High Risk
C01194,53,M,Lucknow,Student,73527.45,Gold,250000,2019-01-04,5,35,362809.18,5,3,4,534,Loyal,10365.976571428571,362809.18,1.0,725618.36,False,1,Premium,High Risk
C01195,55,F,Ahmedabad,Student,26592.96,Silver,100000,2020-01-16,3,36,278448.38,5,3,2,532,Loyal,7734.677222222223,278448.38,1.0,556896.76,False,2,Low Value,High Risk
C01196,58,M,Chennai,Business Owner,107761.28,Platinum,500000,2023-02-14,11,37,340737.32,4,4,4,444,Champions,9209.116756756757,340737.32,0.68147464,681474.64,False,1,Premium,Medium Risk
C01197,53,F,Delhi,Self Employed,78788.56,Platinum,500000,2024-02-15,33,31,357633.69,2,2,4,224,At Risk,11536.57064516129,357633.69,0.71526738,715267.38,False,1,Premium,Medium Risk
C01198,41,M,Delhi,Business Owner,33952.35,Platinum,500000,2019-01-09,2,33,333025.71,5,2,4,524,New,10091.688181818183,333025.71,0.6660514200000001,666051.42,False,0,Mid Value,Medium Risk
C01199,28,M,Hyderabad,Salaried,88061.12,Gold,250000,2019-07-23,76,33,284149.43,1,2,2,122,At Risk,8610.588787878787,284149.43,1.0,568298.86,False,3,High Value,High Risk
C01200,36,F,Pune,Salaried,54537.58,Platinum,500000,2021-04-29,74,26,223979.02,1,1,1,111,At Risk,8614.577692307692,223979.02,0.44795804,447958.04,False,3,High Value,Low Risk
C01201,23,F,Delhi,Retired,92931.88,Silver,100000,2022-09-23,12,36,236496.71,3,3,1,331,Loyal,6569.353055555555,236496.71,1.0,472993.42,False,2,Low Value,High Risk
C01202,59,F,Jaipur,Salaried,43764.29,Silver,100000,2024-02-15,46,37,322856.87,1,4,3,143,Regular,8725.861351351352,322856.87,1.0,645713.74,False,3,High Value,High Risk
C01203,63,M,Chennai,Business Owner,89216.88,Platinum,500000,2023-08-13,9,36,313132.17,4,3,3,433,Loyal,8698.115833333333,313132.17,0.62626434,626264.34,False,0,Mid Value,Medium Risk
C01204,32,F,Ahmedabad,Self Employed,59892.95,Platinum,500000,2023-05-19,7,38,421935.91000000003,4,4,5,445,Champions,11103.57657894737,421935.91000000003,0.84387182,843871.8200000001,False,1,Premium,High Risk
C01205,32,M,Jaipur,Salaried,84370.09,Gold,250000,2023-05-05,20,38,265972.16,2,4,2,242,Regular,6999.267368421052,265972.16,1.0,531944.32,False,2,Low Value,High Risk
C01206,49,M,Ahmedabad,Salaried,44160.71,Platinum,500000,2023-06-24,5,28,253513.53999999998,5,1,2,512,New,9054.054999999998,253513.53999999998,0.50702708,507027.0799999999,False,0,Mid Value,Medium Risk
C01207,23,M,Mumbai,Salaried,74870.64,Platinum,500000,2024-02-12,23,40,466453.86,2,5,5,255,Regular,11661.3465,466453.86,0.93290772,932907.72,False,1,Premium,High Risk
C01208,57,F,Pune,Salaried,38280.32,Silver,100000,2021-02-06,44,39,445005.28,1,4,5,145,Regular,11410.391794871795,445005.28,1.0,890010.56,False,1,Premium,High Risk
C01209,29,M,Ahmedabad,Self Employed,101621.09,Silver,100000,2019-05-03,3,34,168252.25,5,3,1,531,Loyal,4948.595588235294,168252.25,1.0,336504.5,False,2,Low Value,High Risk
C01210,37,F,Jaipur,Business Owner,91016.91,Silver,100000,2022-10-28,1,38,236844.55,5,4,1,541,Loyal,6232.751315789474,236844.55,1.0,473689.1,False,2,Low Value,High Risk
C01211,27,M,Jaipur,Salaried,92306.14,Silver,100000,2020-06-25,73,39,269803.95,1,4,2,142,Regular,6918.05,269803.95,1.0,539607.9,False,3,High Value,High Risk
C01212,41,M,Ahmedabad,Business Owner,84760.21,Gold,250000,2021-06-30,14,24,294536.57,3,1,3,313,Regular,12272.357083333334,294536.57,1.0,589073.14,False,2,Low Value,High Risk
C01213,56,M,Ahmedabad,Retired,116149.91,Signature,1000000,2022-01-05,8,36,245240.33,4,3,2,432,Loyal,6812.231388888888,245240.33,0.24524032999999998,490480.66,False,0,Mid Value,Low Risk
C01214,27,M,Hyderabad,Salaried,84415.56,Gold,250000,2021-11-04,8,30,329799.47,4,2,3,423,New,10993.315666666665,329799.47,1.0,659598.94,False,2,Low Value,High Risk
C01215,63,F,Bangalore,Student,36242.05,Platinum,500000,2019-11-26,3,28,188211.93,5,1,1,511,New,6721.854642857143,188211.93,0.37642386,376423.86,False,0,Mid Value,Low Risk
C01216,63,M,Lucknow,Student,37194.03,Signature,1000000,2024-05-14,1,31,263611.61,5,2,2,522,New,8503.600322580645,263611.61,0.26361161,527223.22,False,0,Mid Value,Low Risk
C01217,53,F,Bangalore,Business Owner,92164.7,Gold,250000,2023-01-15,10,44,348004.72000000003,4,5,4,454,Champions,7909.198181818182,348004.72000000003,1.0,696009.4400000001,False,1,Premium,High Risk
C01218,24,F,Kolkata,Salaried,108409.97,Gold,250000,2020-08-29,49,31,237700.82,1,2,1,121,At Risk,7667.768387096775,237700.82,0.95080328,475401.64,False,3,High Value,High Risk
C01219,30,M,Pune,Business Owner,77927.64,Gold,250000,2019-01-19,48,27,223511.57,1,1,1,111,At Risk,8278.206296296297,223511.57,0.8940462800000001,447023.1400000001,False,3,High Value,High Risk
C01220,22,M,Delhi,Retired,68789.98,Silver,100000,2021-12-07,3,32,306686.24,5,2,3,523,New,9583.945,306686.24,1.0,613372.48,False,2,Low Value,High Risk
C01221,63,F,Pune,Business Owner,54967.48,Signature,1000000,2022-03-06,16,34,271746.09,3,3,2,332,Loyal,7992.53205882353,271746.09,0.27174609000000005,543492.18,False,0,Mid Value,Low Risk
C01222,46,F,Ahmedabad,Business Owner,84382.21,Silver,100000,2020-06-23,13,33,290455.22000000003,3,2,2,322,Regular,8801.673333333334,290455.22000000003,1.0,580910.4400000001,False,2,Low Value,High Risk
C01223,57,F,Jaipur,Salaried,78270.82,Signature,1000000,2020-03-09,2,35,350874.73,5,3,4,534,Loyal,10024.992285714285,350874.73,0.35087472999999997,701749.46,False,0,Mid Value,Low Risk
C01224,22,M,Jaipur,Student,60088.49,Signature,1000000,2020-02-24,9,33,205322.86000000002,4,2,1,421,New,6221.904848484849,205322.86000000002,0.20532286000000002,410645.72000000003,False,0,Mid Value,Low Risk
C01225,48,F,Pune,Business Owner,151253.85,Gold,250000,2019-12-11,18,38,342351.93,3,4,4,344,Loyal,9009.261315789474,342351.93,1.0,684703.86,False,1,Premium,High Risk
C01226,36,F,Jaipur,Retired,94236.13,Gold,250000,2020-03-31,57,28,265894.93,1,1,2,112,At Risk,9496.2475,265894.93,1.0,531789.86,False,3,High Value,High Risk
C01227,52,M,Pune,Salaried,85510.51,Gold,250000,2019-03-28,39,35,308863.86,1,3,3,133,Regular,8824.681714285714,308863.86,1.0,617727.72,False,2,Low Value,High Risk
C01228,25,F,Kolkata,Student,83119.71,Silver,100000,2023-03-07,7,44,404136.23,4,5,5,455,Champions,9184.914318181818,404136.23,1.0,808272.46,False,1,Premium,High Risk
C01229,55,F,Ahmedabad,Salaried,91763.01,Gold,250000,2019-08-16,19,41,438827.27,3,5,5,355,Loyal,10703.104146341464,438827.27,1.0,877654.54,False,1,Premium,High Risk
C01230,43,M,Kolkata,Business Owner,66848.41,Silver,100000,2022-01-14,26,32,247206.28,2,2,2,222,At Risk,7725.19625,247206.28,1.0,494412.56,False,2,Low Value,High Risk
C01231,39,F,Hyderabad,Self Employed,89702.22,Silver,100000,2021-03-06,10,39,388505.22,4,4,4,444,Champions,9961.672307692306,388505.22,1.0,777010.44,False,1,Premium,High Risk
C01232,43,F,Kolkata,Retired,74702.79,Silver,100000,2022-03-13,1,33,357309.04,5,2,4,524,New,10827.546666666665,357309.04,1.0,714618.08,False,1,Premium,High Risk
C01233,33,F,Bangalore,Salaried,40003.66,Signature,1000000,2022-10-03,5,37,395787.23,5,4,5,545,Champions,10696.952162162162,395787.23,0.39578723,791574.4600000001,False,0,Mid Value,Low Risk
C01234,59,M,Jaipur,Salaried,24123.32,Silver,100000,2024-01-26,149,28,272489.81,1,1,2,112,At Risk,9731.778928571428,272489.81,1.0,544979.62,False,3,High Value,High Risk
C01235,57,F,Mumbai,Salaried,123783.52,Gold,250000,2022-06-12,1,40,406964.73,5,5,5,555,Champions,10174.11825,406964.73,1.0,813929.46,False,1,Premium,High Risk
C01236,59,M,Bangalore,Salaried,107469.19,Platinum,500000,2020-07-19,13,40,329133.19,3,5,3,353,Loyal,8228.32975,329133.19,0.65826638,658266.3800000001,False,0,Mid Value,Medium Risk
C01237,64,F,Pune,Student,43480.03,Silver,100000,2022-02-11,8,27,200016.63,4,1,1,411,New,7408.0233333333335,200016.63,1.0,400033.26,False,2,Low Value,High Risk
C01238,21,F,Delhi,Business Owner,73974.91,Silver,100000,2022-01-14,2,42,274992.22,5,5,2,552,Loyal,6547.433809523809,274992.22,1.0,549984.44,False,2,Low Value,High Risk
C01239,61,F,Bangalore,Student,18124.51,Silver,100000,2021-06-16,15,44,404199.65,3,5,5,355,Loyal,9186.355681818182,404199.65,1.0,808399.3,False,1,Premium,High Risk
C01240,38,M,Lucknow,Self Employed,128587.52,Silver,100000,2023-08-27,8,29,201090.42,4,1,1,411,New,6934.152413793104,201090.42,1.0,402180.84,False,2,Low Value,High Risk
C01241,35,M,Ahmedabad,Salaried,71377.61,Silver,100000,2019-08-22,24,31,339099.42,2,2,4,224,At Risk,10938.690967741935,339099.42,1.0,678198.84,False,1,Premium,High Risk
C01242,63,M,Ahmedabad,Business Owner,107693.17,Gold,250000,2023-10-25,50,26,242321.25,1,1,1,111,At Risk,9320.048076923076,242321.25,0.969285,484642.49999999994,False,3,High Value,High Risk
C01243,26,M,Hyderabad,Business Owner,35473.47,Gold,250000,2021-04-15,13,49,430662.68,3,5,5,355,Loyal,8789.034285714286,430662.68,1.0,861325.36,False,1,Premium,High Risk
C01244,63,F,Mumbai,Student,56350.02,Platinum,500000,2022-08-12,61,41,378887.61,1,5,4,154,Regular,9241.161219512194,378887.61,0.75777522,757775.22,False,3,High Value,Medium Risk
C01245,49,M,Lucknow,Business Owner,35138.03,Gold,250000,2019-09-01,11,35,326601.77,4,3,3,433,Loyal,9331.479142857143,326601.77,1.0,653203.5399999999,False,2,Low Value,High Risk
C01246,37,M,Pune,Self Employed,117463.5,Gold,250000,2020-04-27,44,46,451732.51,1,5,5,155,Regular,9820.27195652174,451732.51,1.0,903465.02,False,1,Premium,High Risk
C01247,35,F,Hyderabad,Salaried,21843.49,Gold,250000,2024-03-18,18,35,304711.98,3,3,3,333,Loyal,8706.056571428571,304711.98,1.0,609423.96,False,2,Low Value,High Risk
C01248,55,F,Kolkata,Student,42188.5,Platinum,500000,2020-01-16,2,35,282012.9,5,3,2,532,Loyal,8057.511428571429,282012.9,0.5640258,564025.8,False,0,Mid Value,Medium Risk
C01249,62,M,Bangalore,Salaried,102606.87,Platinum,500000,2019-05-07,3,35,305337.07,5,3,3,533,Loyal,8723.916285714286,305337.07,0.61067414,610674.14,False,0,Mid Value,Medium Risk
C01250,36,M,Ahmedabad,Salaried,49691.15,Platinum,500000,2023-10-17,4,28,243829.48,5,1,1,511,New,8708.195714285715,243829.48,0.48765896000000003,487658.9600000001,False,0,Mid Value,Low Risk
C01251,23,F,Hyderabad,Business Owner,124910.0,Gold,250000,2020-12-13,53,31,287208.24,1,2,2,122,At Risk,9264.78193548387,287208.24,1.0,574416.48,False,3,High Value,High Risk
C01252,49,M,Pune,Salaried,49289.71,Gold,250000,2023-02-13,52,29,306628.95,1,1,3,113,At Risk,10573.412068965517,306628.95,1.0,613257.9,False,3,High Value,High Risk
C01253,37,M,Chennai,Student,89768.62,Platinum,500000,2020-09-14,37,34,230007.43,1,3,1,131,Regular,6764.924411764706,230007.43,0.46001485999999997,460014.86,False,0,Mid Value,Low Risk
C01254,25,M,Pune,Salaried,56610.04,Silver,100000,2021-10-16,18,29,210658.84,3,1,1,311,Regular,7264.097931034483,210658.84,1.0,421317.68,False,2,Low Value,High Risk
C01255,39,M,Lucknow,Business Owner,149136.45,Gold,250000,2020-04-08,29,29,251640.89,2,1,2,212,At Risk,8677.272068965518,251640.89,1.0,503281.78,False,2,Low Value,High Risk
C01256,61,F,Lucknow,Retired,79056.2,Silver,100000,2020-05-11,56,26,327934.25,1,1,3,113,At Risk,12612.85576923077,327934.25,1.0,655868.5,False,3,High Value,High Risk
C01257,49,M,Bangalore,Student,39268.08,Silver,100000,2020-01-02,3,34,335887.2,5,3,4,534,Loyal,9879.035294117648,335887.2,1.0,671774.4,False,2,Low Value,High Risk
C01258,36,F,Lucknow,Self Employed,55572.18,Gold,250000,2024-02-27,28,33,389682.33999999997,2,2,4,224,At Risk,11808.555757575756,389682.33999999997,1.0,779364.6799999999,False,1,Premium,High Risk
C01259,56,M,Hyderabad,Salaried,46766.15,Gold,250000,2023-06-17,12,29,285262.96,3,1,2,312,Regular,9836.653793103449,285262.96,1.0,570525.92,False,2,Low Value,High Risk
C01260,50,F,Bangalore,Salaried,58410.87,Gold,250000,2022-05-19,30,36,296157.13,2,3,3,233,Regular,8226.586944444445,296157.13,1.0,592314.26,False,2,Low Value,High Risk
C01261,23,M,Jaipur,Self Employed,71094.17,Silver,100000,2024-03-27,6,34,442955.55,4,3,5,435,Loyal,13028.104411764705,442955.55,1.0,885911.1,False,1,Premium,High Risk
C01262,35,M,Ahmedabad,Salaried,97330.82,Platinum,500000,2019-07-16,18,36,354042.14,3,3,4,334,Loyal,9834.503888888888,354042.14,0.70808428,708084.28,False,1,Premium,Medium Risk
C01263,30,F,Jaipur,Self Employed,97547.48,Silver,100000,2022-07-11,41,23,236167.47999999998,1,1,1,111,At Risk,10268.151304347824,236167.47999999998,1.0,472334.9599999999,False,3,High Value,High Risk
C01264,41,F,Mumbai,Salaried,55621.35,Silver,100000,2023-03-18,3,37,325735.82,5,4,3,543,Loyal,8803.67081081081,325735.82,1.0,651471.64,False,2,Low Value,High Risk
C01265,36,F,Lucknow,Salaried,43591.69,Platinum,500000,2020-10-26,45,22,214396.74000000002,1,1,1,111,At Risk,9745.306363636364,214396.74000000002,0.42879348000000006,428793.48000000004,False,0,Mid Value,Low Risk
C01266,37,M,Chennai,Self Employed,39414.3,Signature,1000000,2022-06-26,51,29,249946.16,1,1,2,112,At Risk,8618.833103448276,249946.16,0.24994616,499892.32,False,0,Mid Value,Low Risk
C01267,22,F,Chennai,Salaried,67946.61,Platinum,500000,2021-02-10,8,31,293829.0,4,2,3,423,New,9478.354838709678,293829.0,0.587658,587658.0,False,0,Mid Value,Medium Risk
C01268,28,M,Kolkata,Salaried,70863.27,Gold,250000,2020-06-26,4,37,342004.75,5,4,4,544,Champions,9243.371621621622,342004.75,1.0,684009.5,False,1,Premium,High Risk
C01269,43,F,Mumbai,Student,82088.34,Gold,250000,2019-11-04,5,45,327468.81,5,5,3,553,Loyal,7277.084666666667,327468.81,1.0,654937.62,False,2,Low Value,High Risk
C01270,28,M,Mumbai,Salaried,83711.2,Platinum,500000,2024-04-14,4,37,294002.92,5,4,3,543,Loyal,7946.024864864865,294002.92,0.58800584,588005.84,False,0,Mid Value,Medium Risk
C01271,49,F,Delhi,Business Owner,48062.54,Platinum,500000,2021-07-11,60,41,399444.7,1,5,5,155,Regular,9742.553658536586,399444.7,0.7988894,798889.4,False,3,High Value,Medium Risk
C01272,46,F,Kolkata,Self Employed,96331.31,Platinum,500000,2020-05-22,15,39,348725.74,3,4,4,344,Loyal,8941.68564102564,348725.74,0.69745148,697451.48,False,1,Premium,Medium Risk
C01273,55,M,Delhi,Salaried,124946.65,Gold,250000,2020-08-17,49,41,340041.61,1,5,4,154,Regular,8293.69780487805,340041.61,1.0,680083.2200000001,False,3,High Value,High Risk
C01274,28,F,Hyderabad,Salaried,62606.15,Silver,100000,2019-03-27,17,35,279043.02,3,3,2,332,Loyal,7972.657714285715,279043.02,1.0,558086.04,False,2,Low Value,High Risk
C01275,24,M,Mumbai,Self Employed,15000.0,Gold,250000,2021-01-31,9,36,206772.59,4,3,1,431,Loyal,5743.683055555555,206772.59,0.82709036,413545.18,False,2,Low Value,High Risk
C01276,22,M,Lucknow,Business Owner,62941.78,Gold,250000,2022-01-15,20,34,193397.26,2,3,1,231,Regular,5688.1547058823535,193397.26,0.7735890400000001,386794.52,False,2,Low Value,Medium Risk
C01277,35,M,Jaipur,Self Employed,92823.47,Signature,1000000,2023-03-11,15,28,282614.64999999997,3,1,2,312,Regular,10093.380357142856,282614.64999999997,0.28261464999999997,565229.2999999999,False,0,Mid Value,Low Risk
C01278,29,M,Hyderabad,Self Employed,71740.86,Gold,250000,2023-05-03,6,24,292278.16000000003,4,1,3,413,New,12178.256666666668,292278.16000000003,1.0,584556.3200000001,False,2,Low Value,High Risk
C01279,30,F,Pune,Salaried,47703.13,Gold,250000,2024-03-22,33,31,290335.49,2,2,2,222,At Risk,9365.660967741935,290335.49,1.0,580670.98,False,2,Low Value,High Risk
C01280,44,M,Delhi,Salaried,46845.94,Signature,1000000,2024-01-18,69,28,324917.10000000003,1,1,3,113,At Risk,11604.182142857144,324917.10000000003,0.3249171,649834.2000000001,False,3,High Value,Low Risk
C01281,46,F,Mumbai,Business Owner,31993.1,Gold,250000,2021-04-13,11,36,383973.36,4,3,4,434,Loyal,10665.926666666666,383973.36,1.0,767946.72,False,1,Premium,High Risk
C01282,36,F,Pune,Salaried,83160.04,Platinum,500000,2019-02-11,24,42,270130.41,2,5,2,252,Regular,6431.676428571428,270130.41,0.54026082,540260.82,False,0,Mid Value,Medium Risk
C01283,22,F,Hyderabad,Business Owner,42915.73,Silver,100000,2020-02-13,9,35,340825.88,4,3,4,434,Loyal,9737.882285714286,340825.88,1.0,681651.76,False,1,Premium,High Risk
C01284,31,M,Lucknow,Student,94277.94,Signature,1000000,2019-11-20,23,32,258155.47,2,2,2,222,At Risk,8067.3584375,258155.47,0.25815547,516310.94,False,0,Mid Value,Low Risk
C01285,56,M,Chennai,Self Employed,92128.78,Gold,250000,2023-03-21,6,37,326908.79,4,4,3,443,Loyal,8835.372702702702,326908.79,1.0,653817.58,False,2,Low Value,High Risk
C01286,25,F,Pune,Salaried,48823.63,Silver,100000,2019-09-10,6,30,234751.57,4,2,1,421,New,7825.052333333334,234751.57,1.0,469503.14,False,2,Low Value,High Risk
C01287,36,F,Kolkata,Salaried,80936.84,Gold,250000,2020-10-07,18,49,436129.20999999996,3,5,5,355,Loyal,8900.596122448978,436129.20999999996,1.0,872258.4199999999,False,1,Premium,High Risk
C01288,45,F,Ahmedabad,Student,49594.8,Silver,100000,2024-05-23,5,39,338008.37,5,4,4,544,Champions,8666.881282051281,338008.37,1.0,676016.74,False,2,Low Value,High Risk
C01289,52,M,Kolkata,Business Owner,53482.39,Platinum,500000,2024-05-09,20,42,321577.54,2,5,3,253,Regular,7656.608095238094,321577.54,0.64315508,643155.08,False,0,Mid Value,Medium Risk
C01290,45,F,Hyderabad,Salaried,85290.68,Gold,250000,2022-08-13,49,29,230357.58000000002,1,1,1,111,At Risk,7943.364827586208,230357.58000000002,0.92143032,460715.16000000003,False,3,High Value,High Risk
C01291,51,F,Lucknow,Business Owner,51133.06,Silver,100000,2020-08-02,18,38,293834.49,3,4,3,343,Loyal,7732.486578947368,293834.49,1.0,587668.98,False,2,Low Value,High Risk
C01292,26,M,Ahmedabad,Salaried,124879.89,Signature,1000000,2020-07-16,2,39,403445.34,5,4,5,545,Champions,10344.752307692308,403445.34,0.40344534000000004,806890.68,False,1,Premium,Low Risk
C01293,63,M,Lucknow,Salaried,47018.64,Silver,100000,2022-06-30,1,44,390652.83,5,5,5,555,Champions,8878.47340909091,390652.83,1.0,781305.66,False,1,Premium,High Risk
C01294,26,M,Lucknow,Salaried,56161.99,Gold,250000,2024-01-03,50,39,319669.37,1,4,3,143,Regular,8196.650512820514,319669.37,1.0,639338.7400000001,False,3,High Value,High Risk
C01295,36,M,Pune,Salaried,84317.48,Gold,250000,2019-03-21,18,42,374399.34,3,5,4,354,Loyal,8914.27,374399.34,1.0,748798.68,False,1,Premium,High Risk
C01296,53,M,Lucknow,Salaried,114782.41,Signature,1000000,2023-03-29,15,29,194225.46,3,1,1,311,Regular,6697.429655172414,194225.46,0.19422546,388450.92,False,0,Mid Value,Low Risk
C01297,21,F,Kolkata,Student,65425.0,Silver,100000,2020-12-24,22,31,297934.57,2,2,3,223,At Risk,9610.792580645162,297934.57,1.0,595869.14,False,2,Low Value,High Risk
C01298,32,M,Bangalore,Salaried,59620.58,Gold,250000,2020-12-24,12,31,213353.75,3,2,1,321,Regular,6882.379032258064,213353.75,0.853415,426707.5,False,2,Low Value,High Risk
C01299,32,M,Bangalore,Salaried,79279.4,Platinum,500000,2020-06-29,15,26,143549.62,3,1,1,311,Regular,5521.13923076923,143549.62,0.28709924,287099.24,False,0,Mid Value,Low Risk
C01300,46,F,Pune,Salaried,74904.62,Gold,250000,2022-06-11,6,34,369695.63,4,3,4,434,Loyal,10873.400882352942,369695.63,1.0,739391.26,False,1,Premium,High Risk
C01301,35,M,Kolkata,Self Employed,78403.72,Silver,100000,2019-09-13,23,36,294134.85000000003,2,3,3,233,Regular,8170.412500000001,294134.85000000003,1.0,588269.7000000001,False,2,Low Value,High Risk
C01302,25,M,Delhi,Salaried,15000.0,Silver,100000,2022-01-14,49,37,353473.28,1,4,4,144,Regular,9553.331891891892,353473.28,1.0,706946.56,False,3,High Value,High Risk
C01303,44,M,Kolkata,Salaried,59638.8,Gold,250000,2021-06-17,8,32,241771.76,4,2,1,421,New,7555.3675,241771.76,0.96708704,483543.52,False,2,Low Value,High Risk
C01304,55,F,Mumbai,Salaried,121079.34,Platinum,500000,2024-03-30,26,47,529795.62,2,5,5,255,Regular,11272.247234042554,529795.62,1.0,1059591.24,False,1,Premium,High Risk
C01305,56,M,Ahmedabad,Self Employed,101961.29,Silver,100000,2024-05-13,1,30,219810.17,5,2,1,521,New,7327.005666666667,219810.17,1.0,439620.34,False,2,Low Value,High Risk
C01306,51,M,Bangalore,Salaried,62258.63,Gold,250000,2020-10-13,4,32,278792.26,5,2,2,522,New,8712.258125,278792.26,1.0,557584.52,False,2,Low Value,High Risk
C01307,59,M,Hyderabad,Salaried,56105.66,Platinum,500000,2024-03-22,2,34,394657.95,5,3,5,535,Loyal,11607.586764705882,394657.95,0.7893159000000001,789315.9,False,1,Premium,Medium Risk
C01308,49,M,Ahmedabad,Salaried,143269.98,Gold,250000,2020-11-18,29,27,280931.58,2,1,2,212,At Risk,10404.873333333335,280931.58,1.0,561863.16,False,2,Low Value,High Risk
C01309,29,F,Hyderabad,Student,34533.45,Silver,100000,2023-07-29,32,30,333233.24,2,2,4,224,At Risk,11107.774666666666,333233.24,1.0,666466.48,False,3,High Value,High Risk
C01310,31,M,Kolkata,Retired,82031.94,Silver,100000,2023-05-16,26,33,203922.07,2,2,1,221,At Risk,6179.456666666667,203922.07,1.0,407844.14,False,2,Low Value,High Risk
C01311,56,F,Mumbai,Student,87367.86,Gold,250000,2020-11-10,35,24,191303.45,1,1,1,111,At Risk,7970.977083333334,191303.45,0.7652138,382606.9,False,2,Low Value,Medium Risk
C01312,59,F,Kolkata,Salaried,83801.27,Gold,250000,2019-07-09,1,30,292108.86,5,2,3,523,New,9736.962,292108.86,1.0,584217.72,False,2,Low Value,High Risk
C01313,64,M,Lucknow,Business Owner,92330.73,Gold,250000,2022-11-03,19,28,244588.11000000002,3,1,2,312,Regular,8735.289642857144,244588.11000000002,0.9783524400000001,489176.2200000001,False,2,Low Value,High Risk
C01314,43,F,Chennai,Salaried,89643.9,Gold,250000,2020-08-23,10,44,399214.93,4,5,5,455,Champions,9073.066590909091,399214.93,1.0,798429.86,False,1,Premium,High Risk
C01315,44,F,Ahmedabad,Retired,61584.94,Silver,100000,2019-12-05,2,36,324376.88,5,3,3,533,Loyal,9010.468888888889,324376.88,1.0,648753.76,False,2,Low Value,High Risk
C01316,56,M,Kolkata,Student,27914.02,Signature,1000000,2020-07-27,12,31,294438.71,3,2,3,323,Regular,9498.022903225807,294438.71,0.29443871000000005,588877.42,False,0,Mid Value,Low Risk
C01317,62,M,Kolkata,Self Employed,64200.87,Signature,1000000,2020-04-03,70,35,328211.27,1,3,3,133,Regular,9377.464857142857,328211.27,0.32821127,656422.54,False,3,High Value,Low Risk
C01318,63,M,Hyderabad,Salaried,114147.55,Silver,100000,2023-09-05,2,40,261061.31,5,5,2,552,Loyal,6526.53275,261061.31,1.0,522122.62,False,2,Low Value,High Risk
C01319,53,M,Kolkata,Student,91864.56,Silver,100000,2021-04-18,54,36,239240.72,1,3,1,131,Regular,6645.575555555555,239240.72,1.0,478481.43999999994,False,3,High Value,High Risk
C01320,63,M,Pune,Salaried,87776.66,Platinum,500000,2023-05-29,28,26,215828.12,2,1,1,211,At Risk,8301.081538461538,215828.12,0.43165623999999997,431656.24,False,0,Mid Value,Low Risk
C01321,61,F,Chennai,Salaried,50442.7,Silver,100000,2023-09-24,22,43,420627.04,2,5,5,255,Regular,9782.02418604651,420627.04,1.0,841254.0799999998,False,1,Premium,High Risk
C01322,57,F,Jaipur,Self Employed,71346.2,Gold,250000,2020-04-26,7,42,356880.76999999996,4,5,4,454,Champions,8497.16119047619,356880.76999999996,1.0,713761.54,False,1,Premium,High Risk
C01323,34,M,Mumbai,Business Owner,48717.25,Gold,250000,2021-09-17,14,40,417372.55,3,5,5,355,Loyal,10434.31375,417372.55,1.0,834745.1,False,1,Premium,High Risk
C01324,50,M,Bangalore,Salaried,67508.82,Silver,100000,2020-10-12,4,39,366409.55,5,4,4,544,Champions,9395.116666666667,366409.55,1.0,732819.1,False,1,Premium,High Risk
C01325,38,M,Pune,Retired,95730.56,Silver,100000,2020-11-19,3,39,458340.67,5,4,5,545,Champions,11752.324871794872,458340.67,1.0,916681.34,False,1,Premium,High Risk
C01326,33,F,Pune,Retired,18020.58,Gold,250000,2019-06-28,22,32,384188.74,2,2,4,224,At Risk,12005.898125,384188.74,1.0,768377.48,False,1,Premium,High Risk
C01327,39,M,Ahmedabad,Student,97540.94,Platinum,500000,2021-05-19,46,42,435960.0,1,5,5,155,Regular,10380.0,435960.0,0.87192,871920.0,False,1,Premium,High Risk
C01328,25,F,Lucknow,Salaried,90612.01,Gold,250000,2022-04-08,2,31,239696.97,5,2,1,521,New,7732.160322580645,239696.97,0.95878788,479393.94,False,2,Low Value,High Risk
C01329,49,M,Bangalore,Business Owner,71830.86,Gold,250000,2022-11-09,6,41,571940.38,4,5,5,455,Champions,13949.765365853658,571940.38,1.0,1143880.76,True,1,Premium,High Risk
C01330,46,M,Jaipur,Salaried,21326.04,Silver,100000,2022-06-29,11,30,286897.46,4,2,2,422,New,9563.248666666668,286897.46,1.0,573794.92,False,2,Low Value,High Risk
C01331,25,M,Chennai,Salaried,137604.72,Signature,1000000,2023-01-17,3,30,326851.95,5,2,3,523,New,10895.065,326851.95,0.32685195,653703.9,False,0,Mid Value,Low Risk
C01332,25,M,Pune,Business Owner,56091.36,Silver,100000,2019-07-27,21,43,469077.26,2,5,5,255,Regular,10908.773488372093,469077.26,1.0,938154.52,False,1,Premium,High Risk
C01333,28,M,Chennai,Salaried,69373.92,Gold,250000,2021-10-01,1,38,286271.42,5,4,2,542,Loyal,7533.458421052631,286271.42,1.0,572542.84,False,2,Low Value,High Risk
C01334,47,M,Lucknow,Salaried,17687.81,Silver,100000,2023-06-29,7,34,223968.0,4,3,1,431,Loyal,6587.294117647059,223968.0,1.0,447936.0,False,2,Low Value,High Risk
C01335,53,M,Ahmedabad,Business Owner,103186.95,Silver,100000,2020-08-14,8,40,423581.44,4,5,5,455,Champions,10589.536,423581.44,1.0,847162.88,False,1,Premium,High Risk
C01336,33,F,Lucknow,Salaried,76020.96,Signature,1000000,2021-12-15,3,37,330106.06,5,4,3,543,Loyal,8921.785405405406,330106.06,0.33010606,660212.12,False,0,Mid Value,Low Risk
C01337,53,M,Hyderabad,Business Owner,89635.09,Gold,250000,2020-07-05,21,36,450926.8,2,3,5,235,Regular,12525.744444444445,450926.8,1.0,901853.6,False,1,Premium,High Risk
C01338,50,M,Bangalore,Salaried,46054.29,Silver,100000,2022-11-07,37,30,172086.14,1,2,1,121,At Risk,5736.204666666667,172086.14,1.0,344172.28,False,2,Low Value,High Risk
C01339,53,F,Pune,Business Owner,98250.9,Gold,250000,2021-10-14,22,42,431622.3,2,5,5,255,Regular,10276.721428571429,431622.3,1.0,863244.6000000001,False,1,Premium,High Risk
C01340,29,F,Kolkata,Salaried,105293.68,Gold,250000,2020-11-06,6,37,329077.52,4,4,3,443,Loyal,8893.987027027028,329077.52,1.0,658155.04,False,2,Low Value,High Risk
C01341,57,F,Hyderabad,Salaried,57847.21,Silver,100000,2019-12-10,10,33,211573.29,4,2,1,421,New,6411.311818181818,211573.29,1.0,423146.58,False,2,Low Value,High Risk
C01342,23,F,Lucknow,Self Employed,91020.81,Gold,250000,2024-02-14,45,37,434165.8,1,4,5,145,Regular,11734.210810810811,434165.8,1.0,868331.6000000001,False,1,Premium,High Risk
C01343,26,M,Hyderabad,Self Employed,62865.79,Silver,100000,2022-04-16,2,37,404682.39,5,4,5,545,Champions,10937.361891891893,404682.39,1.0,809364.78,False,1,Premium,High Risk
C01344,25,F,Mumbai,Salaried,83992.94,Silver,100000,2020-01-16,2,47,447438.35,5,5,5,555,Champions,9519.964893617022,447438.35,1.0,894876.7000000001,False,1,Premium,High Risk
C01345,35,F,Hyderabad,Business Owner,65100.76,Gold,250000,2023-02-01,22,33,207598.49,2,2,1,221,At Risk,6290.863333333333,207598.49,0.83039396,415196.98,False,2,Low Value,High Risk
C01346,28,M,Kolkata,Business Owner,105574.88,Gold,250000,2023-03-20,30,45,389380.68,2,5,4,254,Regular,8652.904,389380.68,1.0,778761.36,False,1,Premium,High Risk
C01347,59,M,Chennai,Retired,63424.68,Gold,250000,2019-10-20,39,29,214044.62,1,1,1,111,At Risk,7380.848965517242,214044.62,0.85617848,428089.24,False,2,Low Value,High Risk
C01348,54,F,Pune,Student,45781.83,Platinum,500000,2024-04-27,20,35,268856.76,2,3,2,232,Regular,7681.621714285715,268856.76,0.5377135200000001,537713.52,False,0,Mid Value,Medium Risk
C01349,63,M,Delhi,Salaried,18858.92,Platinum,500000,2023-08-06,14,38,331955.7,3,4,3,343,Loyal,8735.676315789475,331955.7,0.6639114,663911.4000000001,False,0,Mid Value,Medium Risk
C01350,34,M,Chennai,Self Employed,99451.74,Signature,1000000,2023-01-27,38,33,234470.61,1,2,1,121,At Risk,7105.169999999999,234470.61,0.23447061,468941.22,False,0,Mid Value,Low Risk
C01351,49,F,Hyderabad,Salaried,43475.76,Signature,1000000,2023-05-12,19,29,300993.25,3,1,3,313,Regular,10379.077586206897,300993.25,0.30099325,601986.5,False,0,Mid Value,Low Risk
C01352,24,M,Jaipur,Salaried,124012.03,Platinum,500000,2021-08-28,9,47,287377.92,4,5,2,452,Loyal,6114.423829787233,287377.92,0.57475584,574755.84,False,0,Mid Value,Medium Risk
C01353,24,F,Mumbai,Self Employed,50862.45,Signature,1000000,2023-09-30,39,30,432963.07,1,2,5,125,At Risk,14432.102333333334,432963.07,0.43296307,865926.14,False,1,Premium,Low Risk
C01354,29,M,Bangalore,Student,43701.12,Silver,100000,2023-04-11,16,39,291434.94,3,4,2,342,Loyal,7472.69076923077,291434.94,1.0,582869.88,False,2,Low Value,High Risk
C01355,51,F,Bangalore,Student,15000.0,Platinum,500000,2022-02-02,9,46,616040.8099999999,4,5,5,455,Champions,13392.191521739129,616040.8099999999,1.0,1232081.6199999999,True,1,Premium,High Risk
C01356,23,F,Kolkata,Salaried,15000.0,Platinum,500000,2024-02-23,31,36,420341.27999999997,2,3,5,235,Regular,11676.146666666666,420341.27999999997,0.84068256,840682.5599999999,False,1,Premium,High Risk
C01357,37,F,Lucknow,Student,134067.6,Gold,250000,2022-12-09,10,34,371189.39,4,3,4,434,Loyal,10917.335000000001,371189.39,1.0,742378.78,False,1,Premium,High Risk
C01358,45,M,Ahmedabad,Business Owner,78461.03,Gold,250000,2020-02-03,74,32,214932.08000000002,1,2,1,121,At Risk,6716.6275000000005,214932.08000000002,0.8597283200000001,429864.16000000003,False,3,High Value,High Risk
C01359,40,M,Ahmedabad,Retired,26166.05,Gold,250000,2023-11-29,4,42,470203.48,5,5,5,555,Champions,11195.320952380953,470203.48,1.0,940406.9600000001,False,1,Premium,High Risk
C01360,46,F,Delhi,Student,36524.69,Silver,100000,2019-09-28,7,25,224906.02000000002,4,1,1,411,New,8996.240800000001,224906.02000000002,1.0,449812.0400000001,False,2,Low Value,High Risk
C01361,48,F,Jaipur,Student,106057.95,Silver,100000,2020-06-29,39,35,193267.9,1,3,1,131,Regular,5521.94,193267.9,1.0,386535.8,False,2,Low Value,High Risk
C01362,59,F,Pune,Student,70263.65,Gold,250000,2019-09-03,37,48,352095.51,1,5,4,154,Regular,7335.323125,352095.51,1.0,704191.02,False,1,Premium,High Risk
C01363,58,F,Lucknow,Student,21369.75,Platinum,500000,2020-12-07,1,36,278238.27,5,3,2,532,Loyal,7728.840833333334,278238.27,0.55647654,556476.54,False,0,Mid Value,Medium Risk
C01364,33,M,Jaipur,Business Owner,49065.12,Gold,250000,2019-05-12,9,35,321274.65,4,3,3,433,Loyal,9179.275714285715,321274.65,1.0,642549.3,False,2,Low Value,High Risk
C01365,57,M,Bangalore,Retired,74497.49,Gold,250000,2019-05-29,9,38,463848.51,4,4,5,445,Champions,12206.539736842105,463848.51,1.0,927697.02,False,1,Premium,High Risk
C01366,64,M,Chennai,Business Owner,91689.15,Gold,250000,2019-06-11,18,36,299593.85,3,3,3,333,Loyal,8322.051388888889,299593.85,1.0,599187.7,False,2,Low Value,High Risk
C01367,46,F,Lucknow,Salaried,15000.0,Silver,100000,2019-08-31,60,36,440911.6,1,3,5,135,Regular,12247.544444444444,440911.6,1.0,881823.2,False,1,Premium,High Risk
C01368,49,M,Bangalore,Retired,25565.63,Silver,100000,2020-06-18,10,34,310256.2,4,3,3,433,Loyal,9125.182352941178,310256.2,1.0,620512.4000000001,False,2,Low Value,High Risk
C01369,30,M,Lucknow,Business Owner,158826.09,Silver,100000,2019-02-24,1,44,284233.65,5,5,2,552,Loyal,6459.855681818182,284233.65,1.0,568467.3,False,2,Low Value,High Risk
C01370,37,F,Delhi,Salaried,94072.21,Gold,250000,2023-02-17,24,36,373581.67,2,3,4,234,Regular,10377.26861111111,373581.67,1.0,747163.34,False,1,Premium,High Risk
C01371,48,M,Lucknow,Self Employed,124286.82,Silver,100000,2020-07-04,3,34,273240.36,5,3,2,532,Loyal,8036.481176470588,273240.36,1.0,546480.72,False,2,Low Value,High Risk
C01372,32,M,Delhi,Salaried,39514.35,Silver,100000,2022-03-25,14,29,226741.61000000002,3,1,1,311,Regular,7818.676206896553,226741.61000000002,1.0,453483.22000000003,False,2,Low Value,High Risk
C01373,27,M,Pune,Salaried,46212.05,Gold,250000,2022-10-03,17,42,299535.06,3,5,3,353,Loyal,7131.7871428571425,299535.06,1.0,599070.12,False,2,Low Value,High Risk
C01374,53,F,Pune,Salaried,143829.89,Silver,100000,2022-04-03,31,32,224482.45,2,2,1,221,At Risk,7015.0765625,224482.45,1.0,448964.9,False,2,Low Value,High Risk
C01375,60,M,Lucknow,Student,73005.78,Platinum,500000,2020-07-13,40,29,121604.07999999999,1,1,1,111,At Risk,4193.244137931034,121604.07999999999,0.24320815999999998,243208.15999999997,False,0,Mid Value,Low Risk
C01376,59,M,Jaipur,Student,138041.84,Gold,250000,2020-05-23,2,37,381415.53,5,4,4,544,Champions,10308.527837837839,381415.53,1.0,762831.06,False,1,Premium,High Risk
C01377,44,F,Bangalore,Salaried,46459.74,Gold,250000,2022-05-12,44,33,365922.73,1,2,4,124,At Risk,11088.567575757575,365922.73,1.0,731845.46,False,3,High Value,High Risk
C01378,44,M,Ahmedabad,Student,91331.36,Gold,250000,2022-04-26,1,33,256147.25,5,2,2,522,New,7762.037878787879,256147.25,1.0,512294.5,False,2,Low Value,High Risk
C01379,28,M,Ahmedabad,Salaried,15000.0,Signature,1000000,2023-12-25,26,27,215536.85,2,1,1,211,At Risk,7982.846296296297,215536.85,0.21553685,431073.7,False,0,Mid Value,Low Risk
C01380,48,M,Mumbai,Self Employed,43523.19,Silver,100000,2019-10-29,15,37,389323.05,3,4,4,344,Loyal,10522.244594594595,389323.05,1.0,778646.1,False,1,Premium,High Risk
C01381,32,F,Bangalore,Business Owner,34239.21,Silver,100000,2020-08-01,23,33,214737.51,2,2,1,221,At Risk,6507.197272727273,214737.51,1.0,429475.02,False,2,Low Value,High Risk
C01382,57,F,Pune,Student,70483.63,Silver,100000,2019-11-30,1,35,247933.91,5,3,2,532,Loyal,7083.826,247933.91,1.0,495867.82,False,2,Low Value,High Risk
C01383,56,M,Kolkata,Student,113007.4,Gold,250000,2024-05-12,6,26,232721.34,4,1,1,411,New,8950.82076923077,232721.34,0.93088536,465442.68000000005,False,2,Low Value,High Risk
C01384,51,F,Kolkata,Self Employed,49367.67,Platinum,500000,2021-07-10,29,34,255756.21,2,3,2,232,Regular,7522.241470588235,255756.21,0.51151242,511512.42,False,0,Mid Value,Medium Risk
C01385,33,M,Pune,Salaried,78040.96,Signature,1000000,2020-04-23,38,43,304173.49,1,5,3,153,Regular,7073.802093023256,304173.49,0.30417349,608346.98,False,0,Mid Value,Low Risk
C01386,26,M,Ahmedabad,Self Employed,19522.39,Silver,100000,2021-05-07,16,30,259855.06,3,2,2,322,Regular,8661.835333333333,259855.06,1.0,519710.11999999994,False,2,Low Value,High Risk
C01387,62,F,Ahmedabad,Salaried,52810.78,Silver,100000,2020-06-24,42,33,315842.11,1,2,3,123,At Risk,9570.97303030303,315842.11,1.0,631684.22,False,3,High Value,High Risk
C01388,62,M,Lucknow,Student,99713.88,Platinum,500000,2019-11-05,3,42,318682.95,5,5,3,553,Loyal,7587.689285714286,318682.95,0.6373659,637365.9,False,0,Mid Value,Medium Risk
C01389,37,M,Mumbai,Business Owner,139877.59,Gold,250000,2019-01-20,6,34,359689.24,4,3,4,434,Loyal,10579.095294117647,359689.24,1.0,719378.48,False,1,Premium,High Risk
C01390,38,F,Ahmedabad,Salaried,75052.28,Silver,100000,2022-01-21,5,38,267102.37,5,4,2,542,Loyal,7029.009736842105,267102.37,1.0,534204.74,False,2,Low Value,High Risk
C01391,59,M,Hyderabad,Salaried,61390.23,Platinum,500000,2024-01-06,22,34,269985.17,2,3,2,232,Regular,7940.740294117647,269985.17,0.53997034,539970.34,False,0,Mid Value,Medium Risk
C01392,47,F,Chennai,Business Owner,104514.61,Silver,100000,2022-04-10,13,39,347617.75,3,4,4,344,Loyal,8913.27564102564,347617.75,1.0,695235.5,False,1,Premium,High Risk
C01393,56,F,Ahmedabad,Salaried,57479.86,Silver,100000,2020-06-19,1,43,398211.62,5,5,5,555,Champions,9260.73534883721,398211.62,1.0,796423.2400000001,False,1,Premium,High Risk
C01394,58,M,Pune,Student,15000.0,Silver,100000,2022-05-11,23,32,343379.33999999997,2,2,4,224,At Risk,10730.604374999999,343379.33999999997,1.0,686758.6799999999,False,1,Premium,High Risk
C01395,32,F,Kolkata,Salaried,90084.29,Silver,100000,2024-02-12,12,37,341939.27,3,4,4,344,Loyal,9241.601891891893,341939.27,1.0,683878.54,False,1,Premium,High Risk
C01396,33,M,Mumbai,Salaried,103743.04,Platinum,500000,2020-04-22,35,32,228583.97,1,2,1,121,At Risk,7143.2490625,228583.97,0.45716794,457167.94,False,0,Mid Value,Low Risk
C01397,38,M,Kolkata,Business Owner,71557.9,Signature,1000000,2021-11-21,11,42,327427.66,4,5,3,453,Loyal,7795.896666666666,327427.66,0.32742765999999995,654855.32,False,0,Mid Value,Low Risk
C01398,33,F,Ahmedabad,Salaried,29220.29,Silver,100000,2022-07-12,24,33,328931.79,2,2,3,223,At Risk,9967.63,328931.79,1.0,657863.58,False,2,Low Value,High Risk
C01399,39,F,Ahmedabad,Self Employed,44170.95,Gold,250000,2021-02-01,13,42,270914.38,3,5,2,352,Loyal,6450.342380952381,270914.38,1.0,541828.76,False,2,Low Value,High Risk
C01400,31,M,Hyderabad,Business Owner,77055.11,Gold,250000,2024-01-29,26,31,230793.08,2,2,1,221,At Risk,7444.938064516128,230793.08,0.9231723199999999,461586.16,False,2,Low Value,High Risk
C01401,33,M,Lucknow,Retired,62010.3,Signature,1000000,2022-06-27,21,36,380449.15,2,3,4,234,Regular,10568.031944444445,380449.15,0.38044915,760898.3,False,0,Mid Value,Low Risk
C01402,51,F,Jaipur,Salaried,64513.73,Silver,100000,2019-04-23,7,37,396014.97000000003,4,4,5,445,Champions,10703.107297297298,396014.97000000003,1.0,792029.9400000001,False,1,Premium,High Risk
C01403,35,M,Chennai,Salaried,87642.3,Platinum,500000,2020-09-11,19,38,361873.04000000004,3,4,4,344,Loyal,9522.974736842107,361873.04000000004,0.7237460800000001,723746.0800000001,False,1,Premium,Medium Risk
C01404,24,F,Hyderabad,Business Owner,98870.36,Gold,250000,2023-02-07,28,44,411786.35,2,5,5,255,Regular,9358.780681818182,411786.35,1.0,823572.7,False,1,Premium,High Risk
C01405,61,F,Chennai,Salaried,15000.0,Silver,100000,2023-07-20,10,32,223830.28,4,2,1,421,New,6994.69625,223830.28,1.0,447660.56,False,2,Low Value,High Risk
C01406,34,M,Pune,Retired,79401.14,Gold,250000,2020-10-09,30,40,476765.05,2,5,5,255,Regular,11919.12625,476765.05,1.0,953530.1,False,1,Premium,High Risk
C01407,22,M,Bangalore,Salaried,62543.64,Signature,1000000,2021-02-18,20,43,307422.3,2,5,3,253,Regular,7149.355813953488,307422.3,0.3074223,614844.6,False,0,Mid Value,Low Risk
C01408,45,F,Jaipur,Salaried,76928.26,Silver,100000,2019-10-20,24,42,321733.68,2,5,3,253,Regular,7660.325714285714,321733.68,1.0,643467.36,False,2,Low Value,High Risk
C01409,43,M,Chennai,Self Employed,103303.79,Gold,250000,2020-05-05,24,26,235135.65,2,1,1,211,At Risk,9043.678846153845,235135.65,0.9405426,470271.29999999993,False,2,Low Value,High Risk
C01410,26,M,Chennai,Salaried,78861.75,Gold,250000,2021-06-14,26,38,238961.71,2,4,1,241,Regular,6288.466052631578,238961.71,0.95584684,477923.4199999999,False,2,Low Value,High Risk
C01411,28,M,Pune,Student,22857.4,Gold,250000,2023-09-20,6,32,215591.58,4,2,1,421,New,6737.236875,215591.58,0.8623663199999999,431183.16,False,2,Low Value,High Risk
C01412,42,M,Chennai,Salaried,42028.86,Platinum,500000,2023-03-29,76,32,264237.97,1,2,2,122,At Risk,8257.4365625,264237.97,0.52847594,528475.94,False,3,High Value,Medium Risk
C01413,49,M,Lucknow,Business Owner,85451.12,Platinum,500000,2023-03-13,1,35,329144.63,5,3,3,533,Loyal,9404.132285714286,329144.63,0.65828926,658289.26,False,0,Mid Value,Medium Risk
C01414,62,M,Jaipur,Self Employed,50537.98,Platinum,500000,2021-02-02,60,38,271887.52,1,4,2,142,Regular,7154.934736842106,271887.52,0.54377504,543775.04,False,3,High Value,Medium Risk
C01415,45,F,Hyderabad,Salaried,89834.41,Gold,250000,2023-02-28,38,34,196127.97,1,3,1,131,Regular,5768.469705882353,196127.97,0.78451188,392255.94,False,2,Low Value,Medium Risk
C01416,49,M,Chennai,Salaried,87974.38,Gold,250000,2021-04-01,4,30,247115.34,5,2,2,522,New,8237.178,247115.34,0.98846136,494230.68,False,2,Low Value,High Risk
C01417,64,M,Jaipur,Business Owner,106174.55,Gold,250000,2022-12-06,7,39,357434.43,4,4,4,444,Champions,9164.985384615384,357434.43,1.0,714868.86,False,1,Premium,High Risk
C01418,36,M,Bangalore,Retired,41896.14,Gold,250000,2023-12-28,23,25,126667.40000000001,2,1,1,211,At Risk,5066.696,126667.40000000001,0.5066696,253334.8,False,0,Mid Value,Medium Risk
C01419,37,M,Kolkata,Salaried,133537.71,Gold,250000,2022-03-01,10,39,263673.13,4,4,2,442,Loyal,6760.849487179487,263673.13,1.0,527346.26,False,2,Low Value,High Risk
C01420,37,F,Kolkata,Salaried,51543.11,Gold,250000,2022-04-18,15,38,273005.87,3,4,2,342,Loyal,7184.365,273005.87,1.0,546011.74,False,2,Low Value,High Risk
C01421,32,M,Jaipur,Business Owner,55693.71,Gold,250000,2021-11-06,24,39,462950.0,2,4,5,245,Regular,11870.51282051282,462950.0,1.0,925900.0,False,1,Premium,High Risk
C01422,25,F,Delhi,Salaried,120313.48,Gold,250000,2023-06-26,15,36,434061.16000000003,3,3,5,335,Loyal,12057.254444444445,434061.16000000003,1.0,868122.3200000001,False,1,Premium,High Risk
C01423,53,F,Bangalore,Self Employed,87300.7,Gold,250000,2023-02-15,24,31,378111.95,2,2,4,224,At Risk,12197.159677419355,378111.95,1.0,756223.9,False,1,Premium,High Risk
C01424,48,M,Jaipur,Business Owner,110058.59,Gold,250000,2020-08-18,34,23,162247.53,2,1,1,211,At Risk,7054.240434782609,162247.53,0.64899012,324495.06,False,0,Mid Value,Medium Risk
C01425,58,F,Pune,Business Owner,42883.59,Silver,100000,2021-08-05,21,38,393462.72000000003,2,4,5,245,Regular,10354.282105263159,393462.72000000003,1.0,786925.4400000001,False,1,Premium,High Risk
C01426,40,M,Delhi,Self Employed,60459.23,Gold,250000,2024-01-16,14,41,410422.14,3,5,5,355,Loyal,10010.296097560977,410422.14,1.0,820844.2800000001,False,1,Premium,High Risk
C01427,32,M,Jaipur,Salaried,56052.21,Silver,100000,2021-02-28,47,31,384820.33999999997,1,2,4,124,At Risk,12413.559354838708,384820.33999999997,1.0,769640.6799999999,False,3,High Value,High Risk
C01428,46,F,Mumbai,Retired,58664.35,Gold,250000,2020-04-20,9,34,308477.48,4,3,3,433,Loyal,9072.867058823529,308477.48,1.0,616954.96,False,2,Low Value,High Risk
C01429,63,M,Pune,Self Employed,67769.64,Gold,250000,2019-03-22,12,42,332132.16,3,5,3,353,Loyal,7907.908571428571,332132.16,1.0,664264.32,False,2,Low Value,High Risk
C01430,43,F,Ahmedabad,Business Owner,64463.46,Gold,250000,2024-04-18,4,33,320701.26,5,2,3,523,New,9718.220000000001,320701.26,1.0,641402.52,False,2,Low Value,High Risk
C01431,22,F,Kolkata,Salaried,79252.93,Gold,250000,2020-03-22,39,31,304760.65,1,2,3,123,At Risk,9830.98870967742,304760.65,1.0,609521.3,False,3,High Value,High Risk
C01432,44,M,Delhi,Salaried,65186.53,Platinum,500000,2022-12-26,3,37,339227.6,5,4,4,544,Champions,9168.313513513513,339227.6,0.6784551999999999,678455.2,False,1,Premium,Medium Risk
C01433,43,M,Kolkata,Business Owner,93695.73,Platinum,500000,2022-08-19,3,48,378975.81,5,5,4,554,Champions,7895.329375,378975.81,0.75795162,757951.62,False,1,Premium,Medium Risk
C01434,25,F,Mumbai,Salaried,89770.34,Platinum,500000,2021-01-24,53,32,384356.63,1,2,4,124,At Risk,12011.1446875,384356.63,0.76871326,768713.26,False,3,High Value,Medium Risk
C01435,30,F,Hyderabad,Business Owner,73721.25,Platinum,500000,2023-09-20,63,29,332894.55,1,1,4,114,At Risk,11479.122413793102,332894.55,0.6657891,665789.1,False,3,High Value,Medium Risk
C01436,54,M,Hyderabad,Self Employed,126906.67,Gold,250000,2024-05-01,41,37,323284.36,1,4,3,143,Regular,8737.415135135136,323284.36,1.0,646568.7200000001,False,3,High Value,High Risk
C01437,26,M,Hyderabad,Self Employed,87287.79,Platinum,500000,2022-09-11,3,33,247636.46,5,2,2,522,New,7504.135151515151,247636.46,0.49527292,495272.92,False,0,Mid Value,Low Risk
C01438,32,M,Ahmedabad,Business Owner,64013.81,Gold,250000,2021-08-20,46,33,348886.47,1,2,4,124,At Risk,10572.317272727272,348886.47,1.0,697772.94,False,3,High Value,High Risk
C01439,39,M,Delhi,Student,91692.4,Silver,100000,2019-09-10,3,30,306446.14999999997,5,2,3,523,New,10214.871666666666,306446.14999999997,1.0,612892.2999999999,False,2,Low Value,High Risk
C01440,52,F,Lucknow,Self Employed,131671.64,Gold,250000,2019-07-24,61,26,198176.77,1,1,1,111,At Risk,7622.183461538461,198176.77,0.79270708,396353.54,False,3,High Value,Medium Risk
C01441,40,M,Delhi,Self Employed,76900.08,Gold,250000,2020-03-05,96,22,176334.28,1,1,1,111,At Risk,8015.194545454546,176334.28,0.70533712,352668.56,False,3,High Value,Medium Risk
C01442,49,M,Lucknow,Business Owner,20882.55,Gold,250000,2022-10-15,3,42,412131.69,5,5,5,555,Champions,9812.659285714286,412131.69,1.0,824263.38,False,1,Premium,High Risk
C01443,30,M,Kolkata,Salaried,122189.96,Gold,250000,2020-08-29,8,31,182737.3,4,2,1,421,New,5894.751612903226,182737.3,0.7309492,365474.6,False,2,Low Value,Medium Risk
C01444,22,M,Lucknow,Student,72558.52,Platinum,500000,2021-07-26,2,33,309490.32,5,2,3,523,New,9378.494545454545,309490.32,0.61898064,618980.64,False,0,Mid Value,Medium Risk
C01445,24,M,Kolkata,Business Owner,68278.08,Signature,1000000,2019-09-18,13,35,222469.01,3,3,1,331,Loyal,6356.257428571429,222469.01,0.22246901000000002,444938.02,False,0,Mid Value,Low Risk
C01446,26,M,Delhi,Retired,68475.98,Gold,250000,2019-10-02,30,37,270163.1,2,4,2,242,Regular,7301.705405405405,270163.1,1.0,540326.2,False,2,Low Value,High Risk
C01447,49,M,Hyderabad,Salaried,78274.37,Silver,100000,2019-12-31,22,34,247026.46,2,3,2,232,Regular,7265.484117647058,247026.46,1.0,494052.9199999999,False,2,Low Value,High Risk
C01448,44,F,Chennai,Salaried,17135.03,Silver,100000,2020-05-05,57,35,272728.8,1,3,2,132,Regular,7792.251428571428,272728.8,1.0,545457.6,False,3,High Value,High Risk
C01449,46,M,Jaipur,Salaried,90258.92,Silver,100000,2020-05-29,1,40,426072.32999999996,5,5,5,555,Champions,10651.808249999998,426072.32999999996,1.0,852144.6599999999,False,1,Premium,High Risk
C01450,37,F,Bangalore,Salaried,74209.45,Gold,250000,2020-10-10,8,35,328066.55,4,3,3,433,Loyal,9373.33,328066.55,1.0,656133.1,False,2,Low Value,High Risk
C01451,61,M,Ahmedabad,Business Owner,91575.06,Signature,1000000,2021-08-24,65,29,215818.15,1,1,1,111,At Risk,7442.005172413793,215818.15,0.21581815,431636.3,False,0,Mid Value,Low Risk
C01452,23,M,Pune,Self Employed,124593.15,Gold,250000,2023-07-04,52,22,176004.09,1,1,1,111,At Risk,8000.185909090909,176004.09,0.70401636,352008.18,False,3,High Value,Medium Risk
C01453,32,M,Pune,Business Owner,79953.54,Platinum,500000,2021-06-14,48,31,164737.04,1,2,1,121,At Risk,5314.098064516129,164737.04,0.32947408,329474.08,False,0,Mid Value,Low Risk
C01454,39,M,Lucknow,Business Owner,23120.29,Silver,100000,2021-08-07,18,38,420097.16,3,4,5,345,Loyal,11055.188421052631,420097.16,1.0,840194.32,False,1,Premium,High Risk
C01455,53,M,Pune,Salaried,95851.74,Gold,250000,2021-07-27,5,44,497460.43,5,5,5,555,Champions,11305.918863636363,497460.43,1.0,994920.86,False,1,Premium,High Risk
C01456,47,M,Chennai,Retired,53289.54,Platinum,500000,2019-12-28,30,35,375957.65,2,3,4,234,Regular,10741.647142857144,375957.65,0.7519153000000001,751915.3,False,1,Premium,Medium Risk
C01457,23,M,Kolkata,Salaried,46751.12,Silver,100000,2021-06-25,32,25,122544.07,2,1,1,211,At Risk,4901.7628,122544.07,1.0,245088.14,False,2,Low Value,High Risk
C01458,33,F,Kolkata,Salaried,111042.83,Platinum,500000,2020-07-12,5,32,228056.49,5,2,1,521,New,7126.7653125,228056.49,0.45611298,456112.98,False,0,Mid Value,Low Risk
C01459,51,F,Hyderabad,Salaried,15000.0,Silver,100000,2021-09-11,32,31,308272.11,2,2,3,223,At Risk,9944.261612903225,308272.11,1.0,616544.22,False,2,Low Value,High Risk
C01460,49,F,Pune,Salaried,50748.19,Platinum,500000,2022-02-12,23,37,429428.43,2,4,5,245,Regular,11606.173783783783,429428.43,0.8588568599999999,858856.8599999999,False,1,Premium,High Risk
C01461,45,F,Ahmedabad,Student,43365.71,Platinum,500000,2021-08-12,43,37,406144.45999999996,1,4,5,145,Regular,10976.877297297297,406144.45999999996,0.81228892,812288.9199999999,False,1,Premium,High Risk
C01462,39,F,Lucknow,Salaried,44209.63,Silver,100000,2023-07-27,38,36,412511.76,1,3,5,135,Regular,11458.66,412511.76,1.0,825023.52,False,1,Premium,High Risk
C01463,46,F,Jaipur,Retired,103794.71,Silver,100000,2021-04-25,52,38,494941.2,1,4,5,145,Regular,13024.768421052631,494941.2,1.0,989882.4,False,1,Premium,High Risk
C01464,37,F,Chennai,Retired,93209.12,Silver,100000,2024-02-05,23,40,309046.31,2,5,3,253,Regular,7726.15775,309046.31,1.0,618092.62,False,2,Low Value,High Risk
C01465,30,M,Chennai,Self Employed,82788.44,Gold,250000,2020-07-21,52,36,266381.95,1,3,2,132,Regular,7399.498611111111,266381.95,1.0,532763.9,False,3,High Value,High Risk
C01466,33,F,Pune,Retired,100344.56,Gold,250000,2020-04-10,1,30,264461.33,5,2,2,522,New,8815.377666666667,264461.33,1.0,528922.66,False,2,Low Value,High Risk
C01467,26,M,Ahmedabad,Self Employed,61857.85,Gold,250000,2021-11-16,35,33,336160.31,1,2,4,124,At Risk,10186.67606060606,336160.31,1.0,672320.62,False,3,High Value,High Risk
C01468,52,F,Delhi,Salaried,56081.56,Platinum,500000,2019-11-18,36,32,238524.45,1,2,1,121,At Risk,7453.8890625,238524.45,0.4770489,477048.9,False,0,Mid Value,Low Risk
C01469,24,F,Ahmedabad,Salaried,45335.03,Platinum,500000,2021-07-09,24,48,584416.81,2,5,5,255,Regular,12175.350208333335,584416.81,1.0,1168833.62,True,1,Premium,High Risk
C01470,37,F,Mumbai,Business Owner,31371.84,Signature,1000000,2024-05-18,13,40,326687.35,3,5,3,353,Loyal,8167.183749999999,326687.35,0.32668735,653374.7,False,0,Mid Value,Low Risk
C01471,36,F,Bangalore,Salaried,34243.76,Silver,100000,2020-08-15,7,49,497986.1,4,5,5,455,Champions,10162.98163265306,497986.1,1.0,995972.1999999998,False,1,Premium,High Risk
C01472,34,F,Delhi,Salaried,128305.87,Signature,1000000,2019-07-26,11,30,328640.23,4,2,3,423,New,10954.674333333332,328640.23,0.32864023,657280.46,False,0,Mid Value,Low Risk
C01473,49,F,Mumbai,Self Employed,59581.28,Platinum,500000,2023-01-07,6,35,341880.67,4,3,4,434,Loyal,9768.019142857142,341880.67,0.68376134,683761.3399999999,False,1,Premium,Medium Risk
C01474,63,F,Ahmedabad,Salaried,41178.12,Gold,250000,2020-03-18,15,25,235104.32,3,1,1,311,Regular,9404.1728,235104.32,0.94041728,470208.64,False,2,Low Value,High Risk
C01475,63,F,Lucknow,Salaried,98260.57,Silver,100000,2019-09-03,11,41,497322.89,4,5,5,455,Champions,12129.826585365854,497322.89,1.0,994645.78,False,1,Premium,High Risk
C01476,21,F,Pune,Student,77752.77,Silver,100000,2023-05-08,3,39,319925.89,5,4,3,543,Loyal,8203.22794871795,319925.89,1.0,639851.78,False,2,Low Value,High Risk
C01477,62,M,Bangalore,Student,108483.85,Gold,250000,2023-08-15,7,37,399454.01,4,4,5,445,Champions,10796.054324324325,399454.01,1.0,798908.02,False,1,Premium,High Risk
C01478,22,F,Hyderabad,Salaried,72340.22,Platinum,500000,2024-05-05,5,49,324076.73,5,5,3,553,Loyal,6613.810816326531,324076.73,0.64815346,648153.46,False,1,Premium,Medium Risk
C01479,60,M,Delhi,Salaried,94486.66,Gold,250000,2022-05-18,5,31,336763.77,5,2,4,524,New,10863.347419354839,336763.77,1.0,673527.54,False,1,Premium,High Risk
C01480,29,F,Hyderabad,Student,38242.95,Gold,250000,2024-01-31,52,33,367019.01,1,2,4,124,At Risk,11121.788181818181,367019.01,1.0,734038.02,False,3,High Value,High Risk
C01481,28,F,Kolkata,Self Employed,86468.48,Silver,100000,2022-05-21,68,40,463366.72000000003,1,5,5,155,Regular,11584.168000000001,463366.72000000003,1.0,926733.4400000002,False,1,Premium,High Risk
C01482,47,M,Pune,Business Owner,101253.82,Gold,250000,2019-12-25,20,39,399494.25,2,4,5,245,Regular,10243.442307692309,399494.25,1.0,798988.5000000001,False,1,Premium,High Risk
C01483,44,F,Delhi,Salaried,15000.0,Silver,100000,2021-02-09,15,26,172369.16999999998,3,1,1,311,Regular,6629.583461538461,172369.16999999998,1.0,344738.33999999997,False,2,Low Value,High Risk
C01484,42,M,Kolkata,Business Owner,88332.3,Silver,100000,2024-03-19,14,26,218325.46,3,1,1,311,Regular,8397.133076923077,218325.46,1.0,436650.92000000004,False,2,Low Value,High Risk
C01485,32,M,Bangalore,Self Employed,83838.16,Platinum,500000,2021-09-28,9,40,355667.83,4,5,4,454,Champions,8891.69575,355667.83,0.71133566,711335.66,False,1,Premium,Medium Risk
C01486,50,M,Ahmedabad,Business Owner,42269.28,Gold,250000,2021-03-23,2,30,177993.78,5,2,1,521,New,5933.126,177993.78,0.71197512,355987.56,False,2,Low Value,Medium Risk
C01487,52,F,Lucknow,Salaried,86985.61,Platinum,500000,2020-07-24,23,45,398282.2,2,5,5,255,Regular,8850.715555555556,398282.2,0.7965644000000001,796564.4,False,1,Premium,Medium Risk
C01488,25,M,Jaipur,Salaried,66280.21,Platinum,500000,2021-09-25,62,36,234804.61,1,3,1,131,Regular,6522.350277777778,234804.61,0.46960922,469609.22,False,0,Mid Value,Low Risk
C01489,37,M,Pune,Salaried,85323.36,Gold,250000,2021-02-02,17,44,338067.52,3,5,4,354,Loyal,7683.352727272728,338067.52,1.0,676135.04,False,1,Premium,High Risk
C01490,34,M,Jaipur,Business Owner,22280.16,Silver,100000,2020-01-17,12,33,300711.19,3,2,3,323,Regular,9112.460303030302,300711.19,1.0,601422.38,False,2,Low Value,High Risk
C01491,34,M,Ahmedabad,Student,53818.06,Gold,250000,2022-03-19,2,44,372327.12,5,5,4,554,Champions,8461.98,372327.12,1.0,744654.24,False,1,Premium,High Risk
C01492,30,M,Delhi,Salaried,15000.0,Gold,250000,2021-11-10,154,33,338655.52999999997,1,2,4,124,At Risk,10262.288787878788,338655.52999999997,1.0,677311.06,False,3,High Value,High Risk
C01493,62,F,Jaipur,Self Employed,51000.27,Gold,250000,2021-05-07,86,36,207045.93,1,3,1,131,Regular,5751.275833333333,207045.93,0.82818372,414091.86,False,3,High Value,High Risk
C01494,24,M,Pune,Self Employed,129375.35,Silver,100000,2022-06-14,16,27,193702.1,3,1,1,311,Regular,7174.151851851852,193702.1,1.0,387404.2,False,2,Low Value,High Risk
C01495,53,F,Lucknow,Salaried,59191.69,Silver,100000,2022-04-13,9,20,218454.91,4,1,1,411,New,10922.7455,218454.91,1.0,436909.82000000007,False,2,Low Value,High Risk
C01496,55,M,Hyderabad,Salaried,88675.94,Silver,100000,2022-10-22,37,36,370685.73000000004,1,3,4,134,Regular,10296.825833333334,370685.73000000004,1.0,741371.4600000001,False,1,Premium,High Risk
C01497,60,M,Kolkata,Business Owner,28124.2,Platinum,500000,2022-08-17,20,33,327935.56,2,2,3,223,At Risk,9937.441212121212,327935.56,0.65587112,655871.12,False,0,Mid Value,Medium Risk
C01498,58,M,Ahmedabad,Business Owner,98267.63,Gold,250000,2022-08-11,31,32,296490.35,2,2,3,223,At Risk,9265.3234375,296490.35,1.0,592980.7,False,2,Low Value,High Risk
C01499,38,F,Pune,Business Owner,88890.11,Silver,100000,2019-03-19,37,36,300919.84,1,3,3,133,Regular,8358.884444444446,300919.84,1.0,601839.68,False,2,Low Value,High Risk
C01500,64,M,Mumbai,Self Employed,71907.89,Gold,250000,2022-01-05,32,39,332811.7,2,4,4,244,Regular,8533.633333333333,332811.7,1.0,665623.4,False,2,Low Value,High Risk
C01501,37,M,Chennai,Salaried,48899.31,Gold,250000,2021-09-20,10,34,278952.71,4,3,2,432,Loyal,8204.491470588237,278952.71,1.0,557905.42,False,2,Low Value,High Risk
C01502,64,F,Kolkata,Salaried,46910.33,Signature,1000000,2021-08-17,13,34,251775.03,3,3,2,332,Loyal,7405.14794117647,251775.03,0.25177503,503550.06,False,0,Mid Value,Low Risk
C01503,33,F,Jaipur,Salaried,100478.12,Gold,250000,2020-01-06,22,50,546439.79,2,5,5,255,Regular,10928.7958,546439.79,1.0,1092879.58,True,1,Premium,High Risk
C01504,23,M,Hyderabad,Self Employed,57898.61,Silver,100000,2022-04-02,4,34,281727.48,5,3,2,532,Loyal,8286.102352941176,281727.48,1.0,563454.96,False,2,Low Value,High Risk
C01505,38,M,Ahmedabad,Salaried,66509.17,Gold,250000,2020-04-18,17,33,215496.68,3,2,1,321,Regular,6530.202424242424,215496.68,0.86198672,430993.36,False,2,Low Value,High Risk
C01506,21,M,Mumbai,Salaried,54987.65,Signature,1000000,2022-03-15,12,41,327052.61,3,5,3,353,Loyal,7976.892926829268,327052.61,0.32705260999999997,654105.22,False,0,Mid Value,Low Risk
C01507,53,F,Chennai,Salaried,70355.88,Gold,250000,2022-09-26,4,24,124097.26,5,1,1,511,New,5170.719166666667,124097.26,0.49638904,248194.52000000002,False,0,Mid Value,Low Risk
C01508,51,M,Lucknow,Business Owner,40576.36,Silver,100000,2024-02-29,58,31,300802.72000000003,1,2,3,123,At Risk,9703.313548387097,300802.72000000003,1.0,601605.4400000001,False,3,High Value,High Risk
C01509,46,M,Mumbai,Salaried,68885.01,Silver,100000,2021-06-15,1,36,365502.79,5,3,4,534,Loyal,10152.855277777777,365502.79,1.0,731005.58,False,1,Premium,High Risk
C01510,64,F,Delhi,Salaried,106757.47,Gold,250000,2023-08-13,10,38,320731.31,4,4,3,443,Loyal,8440.297631578947,320731.31,1.0,641462.62,False,2,Low Value,High Risk
C01511,55,M,Mumbai,Salaried,48252.88,Gold,250000,2021-03-19,21,36,393674.3,2,3,5,235,Regular,10935.397222222222,393674.3,1.0,787348.6,False,1,Premium,High Risk
C01512,44,M,Ahmedabad,Self Employed,43133.62,Gold,250000,2021-12-27,74,34,256774.26,1,3,2,132,Regular,7552.184117647059,256774.26,1.0,513548.52,False,3,High Value,High Risk
C01513,22,M,Lucknow,Salaried,81355.06,Gold,250000,2019-08-25,2,29,284142.49,5,1,2,512,New,9798.016896551724,284142.49,1.0,568284.98,False,2,Low Value,High Risk
C01514,30,F,Chennai,Self Employed,52318.28,Silver,100000,2020-10-14,16,44,459250.41000000003,3,5,5,355,Loyal,10437.50931818182,459250.41000000003,1.0,918500.8200000001,False,1,Premium,High Risk
C01515,54,M,Lucknow,Salaried,15000.0,Platinum,500000,2024-04-07,2,48,331328.08,5,5,3,553,Loyal,6902.668333333334,331328.08,0.66265616,662656.16,False,1,Premium,Medium Risk
C01516,28,M,Hyderabad,Salaried,65366.74,Gold,250000,2019-12-10,1,38,451012.73,5,4,5,545,Champions,11868.75605263158,451012.73,1.0,902025.46,False,1,Premium,High Risk
C01517,21,F,Hyderabad,Salaried,83854.69,Silver,100000,2023-12-23,36,33,233836.29,1,2,1,121,At Risk,7085.948181818182,233836.29,1.0,467672.58,False,2,Low Value,High Risk
C01518,50,F,Kolkata,Salaried,93515.41,Silver,100000,2023-09-08,21,34,285674.83,2,3,2,232,Regular,8402.200882352941,285674.83,1.0,571349.66,False,2,Low Value,High Risk
C01519,55,M,Bangalore,Student,60351.73,Silver,100000,2022-09-09,13,36,283632.8,3,3,2,332,Loyal,7878.688888888889,283632.8,1.0,567265.6,False,2,Low Value,High Risk
C01520,22,F,Lucknow,Salaried,110115.31,Silver,100000,2024-02-10,11,46,479068.98,4,5,5,455,Champions,10414.543043478261,479068.98,1.0,958137.96,False,1,Premium,High Risk
C01521,23,M,Delhi,Self Employed,75539.47,Platinum,500000,2024-05-08,32,40,412585.49,2,5,5,255,Regular,10314.63725,412585.49,0.82517098,825170.98,False,1,Premium,High Risk
C01522,22,M,Hyderabad,Self Employed,92493.62,Silver,100000,2023-12-03,27,31,270769.09,2,2,2,222,At Risk,8734.486774193549,270769.09,1.0,541538.18,False,2,Low Value,High Risk
C01523,49,F,Lucknow,Self Employed,30610.94,Silver,100000,2022-11-16,7,34,332931.21,4,3,4,434,Loyal,9792.094411764707,332931.21,1.0,665862.42,False,2,Low Value,High Risk
C01524,44,F,Hyderabad,Business Owner,81819.26,Gold,250000,2021-01-15,30,36,439289.74,2,3,5,235,Regular,12202.492777777778,439289.74,1.0,878579.48,False,1,Premium,High Risk
C01525,22,M,Pune,Salaried,50123.68,Platinum,500000,2024-04-06,7,28,324953.45,4,1,3,413,New,11605.480357142858,324953.45,0.6499069000000001,649906.9,False,0,Mid Value,Medium Risk
C01526,62,F,Pune,Self Employed,24210.32,Silver,100000,2022-01-19,28,39,474870.23,2,4,5,245,Regular,12176.159743589744,474870.23,1.0,949740.46,False,1,Premium,High Risk
C01527,39,M,Ahmedabad,Salaried,129417.52,Gold,250000,2023-02-02,14,37,186155.39,3,4,1,341,Loyal,5031.226756756757,186155.39,0.74462156,372310.78,False,2,Low Value,Medium Risk
C01528,64,M,Hyderabad,Self Employed,74826.29,Silver,100000,2021-12-30,18,40,324431.53,3,5,3,353,Loyal,8110.7882500000005,324431.53,1.0,648863.06,False,2,Low Value,High Risk
C01529,24,M,Bangalore,Salaried,98359.35,Gold,250000,2021-09-04,11,35,258855.09,4,3,2,432,Loyal,7395.859714285714,258855.09,1.0,517710.18,False,2,Low Value,High Risk
C01530,44,F,Mumbai,Self Employed,53422.92,Signature,1000000,2019-01-14,10,50,535627.99,4,5,5,455,Champions,10712.559799999999,535627.99,0.5356279899999999,1071255.98,False,1,Premium,Medium Risk
C01531,46,M,Delhi,Salaried,24318.56,Platinum,500000,2021-01-16,13,38,324702.22,3,4,3,343,Loyal,8544.795263157894,324702.22,0.64940444,649404.44,False,0,Mid Value,Medium Risk
C01532,31,M,Delhi,Student,78831.78,Signature,1000000,2019-05-22,1,40,386082.12,5,5,4,554,Champions,9652.053,386082.12,0.38608212,772164.24,False,0,Mid Value,Low Risk
C01533,44,M,Lucknow,Business Owner,30075.72,Platinum,500000,2023-11-01,6,42,420133.5,4,5,5,455,Champions,10003.17857142857,420133.5,0.840267,840266.9999999999,False,1,Premium,High Risk
C01534,57,M,Chennai,Business Owner,77027.32,Silver,100000,2019-11-03,23,35,378125.73000000004,2,3,4,234,Regular,10803.592285714287,378125.73000000004,1.0,756251.4600000001,False,1,Premium,High Risk
C01535,64,M,Kolkata,Retired,63546.59,Platinum,500000,2021-02-11,33,21,203936.09,2,1,1,211,At Risk,9711.24238095238,203936.09,0.40787218,407872.18,False,0,Mid Value,Low Risk
C01536,44,M,Chennai,Salaried,116268.3,Gold,250000,2023-04-11,7,35,269772.92,4,3,2,432,Loyal,7707.7977142857135,269772.92,1.0,539545.84,False,2,Low Value,High Risk
C01537,23,F,Hyderabad,Business Owner,55652.05,Platinum,500000,2019-10-02,2,45,569208.99,5,5,5,555,Champions,12649.088666666667,569208.99,1.0,1138417.98,True,1,Premium,High Risk
C01538,29,F,Pune,Salaried,96323.46,Silver,100000,2019-05-06,37,34,295760.76,1,3,3,133,Regular,8698.845882352942,295760.76,1.0,591521.52,False,2,Low Value,High Risk
C01539,64,F,Jaipur,Retired,108298.12,Gold,250000,2021-04-11,5,36,312770.62,5,3,3,533,Loyal,8688.072777777777,312770.62,1.0,625541.24,False,2,Low Value,High Risk
C01540,57,M,Bangalore,Salaried,72040.42,Gold,250000,2020-10-03,21,22,235369.29,2,1,1,211,At Risk,10698.604090909092,235369.29,0.94147716,470738.58,False,2,Low Value,High Risk
C01541,32,F,Jaipur,Salaried,62819.42,Silver,100000,2019-01-09,2,34,311750.72,5,3,3,533,Loyal,9169.13882352941,311750.72,1.0,623501.44,False,2,Low Value,High Risk
C01542,29,F,Ahmedabad,Business Owner,65686.74,Signature,1000000,2023-04-26,23,29,292125.0,2,1,3,213,At Risk,10073.275862068966,292125.0,0.292125,584250.0,False,0,Mid Value,Low Risk
C01543,26,M,Jaipur,Salaried,45439.2,Gold,250000,2020-09-16,10,35,259901.15,4,3,2,432,Loyal,7425.7471428571425,259901.15,1.0,519802.3,False,2,Low Value,High Risk
C01544,39,M,Hyderabad,Salaried,96933.61,Gold,250000,2019-07-29,59,28,204661.36,1,1,1,111,At Risk,7309.334285714285,204661.36,0.81864544,409322.72,False,3,High Value,High Risk
C01545,56,M,Mumbai,Self Employed,31432.03,Gold,250000,2022-02-06,19,42,431297.91000000003,3,5,5,355,Loyal,10268.997857142858,431297.91000000003,1.0,862595.8200000001,False,1,Premium,High Risk
C01546,56,M,Delhi,Salaried,21524.61,Gold,250000,2021-08-25,20,32,365690.24,2,2,4,224,At Risk,11427.82,365690.24,1.0,731380.48,False,1,Premium,High Risk
C01547,40,F,Delhi,Retired,59660.16,Silver,100000,2023-04-15,46,33,364907.99,1,2,4,124,At Risk,11057.817878787879,364907.99,1.0,729815.98,False,3,High Value,High Risk
C01548,25,M,Jaipur,Salaried,70370.95,Gold,250000,2023-08-27,2,46,291611.9,5,5,3,553,Loyal,6339.3891304347835,291611.9,1.0,583223.8,False,2,Low Value,High Risk
C01549,24,F,Lucknow,Business Owner,15000.0,Gold,250000,2021-09-21,15,23,152213.16,3,1,1,311,Regular,6617.96347826087,152213.16,0.6088526400000001,304426.32,False,0,Mid Value,Medium Risk
C01550,63,F,Ahmedabad,Salaried,60162.31,Silver,100000,2023-03-08,44,40,239421.66,1,5,1,151,Regular,5985.5415,239421.66,1.0,478843.32,False,2,Low Value,High Risk
C01551,62,M,Chennai,Business Owner,79761.66,Silver,100000,2019-03-31,10,36,483958.08,4,3,5,435,Loyal,13443.28,483958.08,1.0,967916.16,False,1,Premium,High Risk
C01552,49,M,Bangalore,Retired,83922.98,Platinum,500000,2021-06-12,2,29,154088.27,5,1,1,511,New,5313.388620689655,154088.27,0.30817654,308176.54,False,0,Mid Value,Low Risk
C01553,38,M,Hyderabad,Self Employed,15000.0,Gold,250000,2021-06-16,8,35,280037.33,4,3,2,432,Loyal,8001.0665714285715,280037.33,1.0,560074.66,False,2,Low Value,High Risk
C01554,25,M,Delhi,Self Employed,111620.57,Signature,1000000,2024-03-23,30,28,305946.99,2,1,3,213,At Risk,10926.678214285714,305946.99,0.30594699,611893.98,False,0,Mid Value,Low Risk
C01555,61,M,Lucknow,Self Employed,94472.63,Platinum,500000,2023-09-18,50,26,287899.39,1,1,2,112,At Risk,11073.053461538462,287899.39,0.5757987800000001,575798.78,False,3,High Value,Medium Risk
C01556,32,F,Hyderabad,Business Owner,88074.2,Platinum,500000,2022-10-28,10,30,302177.11,4,2,3,423,New,10072.570333333333,302177.11,0.6043542199999999,604354.22,False,0,Mid Value,Medium Risk
C01557,48,F,Pune,Student,75802.19,Silver,100000,2021-12-30,58,39,384260.86,1,4,4,144,Regular,9852.842564102564,384260.86,1.0,768521.72,False,3,High Value,High Risk
C01558,22,M,Kolkata,Student,71790.76,Gold,250000,2021-05-26,11,26,182353.84,4,1,1,411,New,7013.609230769231,182353.84,0.72941536,364707.68,False,2,Low Value,Medium Risk
C01559,53,M,Kolkata,Salaried,127701.16,Signature,1000000,2022-01-31,42,30,215809.09,1,2,1,121,At Risk,7193.636333333333,215809.09,0.21580909,431618.18,False,0,Mid Value,Low Risk
C01560,33,M,Mumbai,Self Employed,90769.44,Silver,100000,2019-04-17,3,36,272549.95,5,3,2,532,Loyal,7570.831944444445,272549.95,1.0,545099.9,False,2,Low Value,High Risk
C01561,58,M,Delhi,Self Employed,83562.92,Silver,100000,2022-07-28,82,24,225176.72,1,1,1,111,At Risk,9382.363333333333,225176.72,1.0,450353.43999999994,False,3,High Value,High Risk
C01562,50,F,Pune,Retired,30291.54,Gold,250000,2019-02-03,6,25,303782.86,4,1,3,413,New,12151.3144,303782.86,1.0,607565.72,False,2,Low Value,High Risk
C01563,60,M,Hyderabad,Salaried,44108.38,Silver,100000,2024-05-12,17,35,266854.16,3,3,2,332,Loyal,7624.40457142857,266854.16,1.0,533708.32,False,2,Low Value,High Risk
C01564,32,F,Mumbai,Self Employed,112629.56,Silver,100000,2021-02-24,27,31,207231.36,2,2,1,221,At Risk,6684.8825806451605,207231.36,1.0,414462.72,False,2,Low Value,High Risk
C01565,36,M,Chennai,Salaried,72114.58,Silver,100000,2022-10-16,1,35,320178.16,5,3,3,533,Loyal,9147.947428571428,320178.16,1.0,640356.32,False,2,Low Value,High Risk
C01566,34,F,Pune,Retired,83531.95,Silver,100000,2019-09-02,20,41,402926.5,2,5,5,255,Regular,9827.475609756097,402926.5,1.0,805852.9999999999,False,1,Premium,High Risk
C01567,36,M,Bangalore,Business Owner,15000.0,Silver,100000,2020-04-08,1,32,297956.4,5,2,3,523,New,9311.1375,297956.4,1.0,595912.8,False,2,Low Value,High Risk
C01568,54,M,Mumbai,Salaried,104230.61,Silver,100000,2019-04-18,1,32,313280.69,5,2,3,523,New,9790.0215625,313280.69,1.0,626561.38,False,2,Low Value,High Risk
C01569,33,M,Mumbai,Retired,78392.44,Gold,250000,2022-04-24,5,33,333199.49,5,2,4,524,New,10096.954242424243,333199.49,1.0,666398.98,False,2,Low Value,High Risk
C01570,61,F,Delhi,Retired,99582.52,Platinum,500000,2022-12-14,38,27,309424.76,1,1,3,113,At Risk,11460.176296296297,309424.76,0.61884952,618849.52,False,3,High Value,Medium Risk
C01571,38,F,Delhi,Salaried,67951.15,Gold,250000,2021-11-28,7,31,379312.23,4,2,4,424,New,12235.878387096773,379312.23,1.0,758624.46,False,1,Premium,High Risk
C01572,52,M,Chennai,Salaried,40525.36,Silver,100000,2022-02-13,9,39,323333.41000000003,4,4,3,443,Loyal,8290.600256410256,323333.41000000003,1.0,646666.82,False,2,Low Value,High Risk
C01573,24,F,Bangalore,Salaried,72619.86,Gold,250000,2022-02-08,33,32,318015.82,2,2,3,223,At Risk,9937.994375,318015.82,1.0,636031.64,False,2,Low Value,High Risk
C01574,40,M,Lucknow,Self Employed,17264.7,Platinum,500000,2020-01-11,12,37,491746.05,3,4,5,345,Loyal,13290.433783783783,491746.05,0.9834921,983492.1,False,1,Premium,High Risk
C01575,43,F,Lucknow,Business Owner,35336.45,Gold,250000,2024-05-22,3,43,373357.61,5,5,4,554,Champions,8682.73511627907,373357.61,1.0,746715.22,False,1,Premium,High Risk
C01576,58,F,Hyderabad,Salaried,91752.43,Gold,250000,2023-07-11,97,25,222680.35,1,1,1,111,At Risk,8907.214,222680.35,0.8907214,445360.7,False,3,High Value,High Risk
C01577,25,M,Kolkata,Student,93481.45,Platinum,500000,2019-01-15,11,33,323366.07,4,2,3,423,New,9798.971818181819,323366.07,0.64673214,646732.14,False,0,Mid Value,Medium Risk
C01578,54,M,Hyderabad,Salaried,15000.0,Gold,250000,2023-11-16,20,31,258962.3,2,2,2,222,At Risk,8353.62258064516,258962.3,1.0,517924.5999999999,False,2,Low Value,High Risk
C01579,44,F,Bangalore,Salaried,21630.71,Signature,1000000,2019-05-27,25,23,82037.86,2,1,1,211,At Risk,3566.8634782608697,82037.86,0.08203786,164075.72,True,0,Mid Value,Low Risk
C01580,59,F,Pune,Salaried,96584.14,Gold,250000,2019-12-16,36,29,280916.89,1,1,2,112,At Risk,9686.789310344828,280916.89,1.0,561833.78,False,3,High Value,High Risk
C01581,37,M,Hyderabad,Self Employed,83634.67,Gold,250000,2022-04-27,2,39,332342.84,5,4,3,543,Loyal,8521.611282051283,332342.84,1.0,664685.68,False,2,Low Value,High Risk
C01582,57,M,Jaipur,Retired,46906.32,Signature,1000000,2024-04-30,2,29,262254.56,5,1,2,512,New,9043.260689655172,262254.56,0.26225455999999997,524509.12,False,0,Mid Value,Low Risk
C01583,39,F,Mumbai,Business Owner,93185.44,Platinum,500000,2022-03-01,6,46,547043.27,4,5,5,455,Champions,11892.245,547043.27,1.0,1094086.54,True,1,Premium,High Risk
C01584,31,M,Kolkata,Retired,93494.8,Gold,250000,2020-07-21,89,35,293167.43,1,3,3,133,Regular,8376.212285714286,293167.43,1.0,586334.86,False,3,High Value,High Risk
C01585,30,F,Pune,Salaried,49326.65,Signature,1000000,2023-06-11,27,34,392792.16,2,3,5,235,Regular,11552.710588235293,392792.16,0.39279216,785584.32,False,0,Mid Value,Low Risk
C01586,47,F,Lucknow,Salaried,84030.7,Platinum,500000,2023-07-03,22,36,363551.33,2,3,4,234,Regular,10098.648055555555,363551.33,0.72710266,727102.66,False,1,Premium,Medium Risk
C01587,63,F,Delhi,Salaried,101757.67,Platinum,500000,2021-03-16,17,40,335518.06,3,5,4,354,Loyal,8387.9515,335518.06,0.67103612,671036.1199999999,False,0,Mid Value,Medium Risk
C01588,46,F,Ahmedabad,Salaried,47791.77,Gold,250000,2020-07-08,7,43,253236.5,4,5,2,452,Loyal,5889.220930232558,253236.5,1.0,506473.0,False,2,Low Value,High Risk
C01589,59,M,Chennai,Business Owner,64760.56,Signature,1000000,2023-10-31,3,46,561040.57,5,5,5,555,Champions,12196.534130434782,561040.57,0.56104057,1122081.14,True,1,Premium,Medium Risk
C01590,54,M,Hyderabad,Business Owner,110805.04,Signature,1000000,2022-11-13,35,34,400569.57,1,3,5,135,Regular,11781.457941176472,400569.57,0.40056957,801139.1400000001,False,0,Mid Value,Low Risk
C01591,28,F,Mumbai,Student,57261.35,Silver,100000,2023-01-31,47,36,358044.0,1,3,4,134,Regular,9945.666666666666,358044.0,1.0,716088.0,False,3,High Value,High Risk
C01592,39,F,Chennai,Retired,124693.65,Signature,1000000,2021-06-08,41,42,475712.04,1,5,5,155,Regular,11326.477142857142,475712.04,0.47571204,951424.08,False,1,Premium,Low Risk
C01593,59,F,Jaipur,Salaried,61888.86,Silver,100000,2022-06-02,1,35,279402.95,5,3,2,532,Loyal,7982.941428571429,279402.95,1.0,558805.9,False,2,Low Value,High Risk
C01594,44,M,Pune,Self Employed,28306.6,Gold,250000,2019-05-22,7,27,174551.84999999998,4,1,1,411,New,6464.883333333332,174551.84999999998,0.6982073999999999,349103.69999999995,False,2,Low Value,Medium Risk
C01595,38,F,Chennai,Salaried,29918.26,Silver,100000,2021-05-25,26,34,439007.72000000003,2,3,5,235,Regular,12911.991764705883,439007.72000000003,1.0,878015.4400000001,False,1,Premium,High Risk
C01596,30,M,Delhi,Business Owner,102116.99,Silver,100000,2023-03-01,71,30,199483.99000000002,1,2,1,121,At Risk,6649.466333333334,199483.99000000002,1.0,398967.98000000004,False,3,High Value,High Risk
C01597,43,M,Chennai,Business Owner,75504.19,Silver,100000,2020-11-24,10,24,221900.03,4,1,1,411,New,9245.834583333333,221900.03,1.0,443800.06,False,2,Low Value,High Risk
C01598,55,M,Bangalore,Salaried,71344.07,Silver,100000,2023-12-30,20,34,379728.98,2,3,4,234,Regular,11168.499411764706,379728.98,1.0,759457.96,False,1,Premium,High Risk
C01599,35,F,Kolkata,Self Employed,42597.25,Silver,100000,2021-11-07,17,36,285475.0,3,3,2,332,Loyal,7929.861111111111,285475.0,1.0,570950.0,False,2,Low Value,High Risk
C01600,47,F,Ahmedabad,Salaried,69467.6,Signature,1000000,2020-04-08,23,36,348792.23,2,3,4,234,Regular,9688.673055555555,348792.23,0.34879223,697584.46,False,0,Mid Value,Low Risk
C01601,33,F,Hyderabad,Salaried,76067.51,Silver,100000,2020-05-03,6,37,363640.61,4,4,4,444,Champions,9828.124594594594,363640.61,1.0,727281.22,False,1,Premium,High Risk
C01602,61,M,Chennai,Business Owner,63623.5,Gold,250000,2019-02-10,45,38,276607.2,1,4,2,142,Regular,7279.136842105264,276607.2,1.0,553214.4,False,2,Low Value,High Risk
C01603,44,M,Ahmedabad,Retired,96053.33,Gold,250000,2021-09-12,10,40,404758.87,4,5,5,455,Champions,10118.97175,404758.87,1.0,809517.74,False,1,Premium,High Risk
C01604,64,F,Mumbai,Business Owner,127834.39,Gold,250000,2021-02-26,7,42,472083.97,4,5,5,455,Champions,11240.094523809523,472083.97,1.0,944167.94,False,1,Premium,High Risk
C01605,45,M,Chennai,Business Owner,67917.31,Silver,100000,2019-02-22,13,35,274943.14,3,3,2,332,Loyal,7855.518285714286,274943.14,1.0,549886.28,False,2,Low Value,High Risk
C01606,48,M,Bangalore,Retired,106397.2,Gold,250000,2021-02-02,5,30,249346.74,5,2,2,522,New,8311.557999999999,249346.74,0.9973869599999999,498693.4799999999,False,2,Low Value,High Risk
C01607,55,M,Ahmedabad,Salaried,133629.81,Gold,250000,2020-07-13,10,35,362187.45,4,3,4,434,Loyal,10348.212857142857,362187.45,1.0,724374.8999999999,False,1,Premium,High Risk
C01608,35,F,Jaipur,Business Owner,99335.43,Silver,100000,2023-05-19,11,37,262125.5,4,4,2,442,Loyal,7084.472972972973,262125.5,1.0,524251.0,False,2,Low Value,High Risk
C01609,29,M,Hyderabad,Salaried,21246.36,Silver,100000,2020-03-12,33,40,353839.51,2,5,4,254,Regular,8845.98775,353839.51,1.0,707679.02,False,1,Premium,High Risk
C01610,60,F,Hyderabad,Business Owner,72487.36,Gold,250000,2024-06-08,15,36,340190.55,3,3,4,334,Loyal,9449.7375,340190.55,1.0,680381.1,False,1,Premium,High Risk
C01611,37,M,Jaipur,Salaried,114533.77,Gold,250000,2021-03-29,2,43,283074.66,5,5,2,552,Loyal,6583.131627906976,283074.66,1.0,566149.32,False,2,Low Value,High Risk
C01612,38,M,Ahmedabad,Salaried,30556.8,Silver,100000,2019-03-06,98,37,388352.95,1,4,4,144,Regular,10496.025675675675,388352.95,1.0,776705.9,False,3,High Value,High Risk
C01613,41,M,Mumbai,Business Owner,75306.58,Platinum,500000,2021-02-25,13,34,389619.7,3,3,4,334,Loyal,11459.402941176471,389619.7,0.7792394,779239.4,False,1,Premium,Medium Risk
C01614,55,M,Kolkata,Retired,80476.77,Silver,100000,2023-05-06,37,31,375683.41000000003,1,2,4,124,At Risk,12118.819677419357,375683.41000000003,1.0,751366.8200000001,False,1,Premium,High Risk
C01615,28,F,Pune,Self Employed,53860.64,Silver,100000,2022-12-30,13,26,137759.29,3,1,1,311,Regular,5298.434230769231,137759.29,1.0,275518.58,False,2,Low Value,High Risk
C01616,27,F,Pune,Business Owner,83993.34,Gold,250000,2022-01-05,10,36,278375.85,4,3,2,432,Loyal,7732.662499999999,278375.85,1.0,556751.7,False,2,Low Value,High Risk
C01617,40,M,Ahmedabad,Salaried,43556.99,Gold,250000,2022-02-28,69,36,294876.33,1,3,3,133,Regular,8191.009166666667,294876.33,1.0,589752.66,False,3,High Value,High Risk
C01618,49,F,Delhi,Salaried,72709.29,Gold,250000,2020-01-04,58,33,277778.79,1,2,2,122,At Risk,8417.539090909091,277778.79,1.0,555557.58,False,3,High Value,High Risk
C01619,41,F,Bangalore,Salaried,95891.82,Gold,250000,2024-04-09,5,40,263368.45,5,5,2,552,Loyal,6584.21125,263368.45,1.0,526736.9,False,2,Low Value,High Risk
C01620,21,M,Chennai,Self Employed,57833.8,Silver,100000,2022-11-15,5,28,287897.77,5,1,2,512,New,10282.063214285716,287897.77,1.0,575795.54,False,2,Low Value,High Risk
C01621,45,F,Hyderabad,Salaried,89812.63,Silver,100000,2022-08-28,32,30,249736.25,2,2,2,222,At Risk,8324.541666666666,249736.25,1.0,499472.49999999994,False,2,Low Value,High Risk
C01622,56,F,Delhi,Retired,65579.2,Silver,100000,2019-01-16,3,35,287203.96,5,3,2,532,Loyal,8205.827428571429,287203.96,1.0,574407.92,False,2,Low Value,High Risk
C01623,40,M,Lucknow,Self Employed,68893.33,Gold,250000,2023-11-21,24,25,225580.91,2,1,1,211,At Risk,9023.2364,225580.91,0.90232364,451161.82,False,2,Low Value,High Risk
C01624,25,M,Chennai,Salaried,52471.15,Gold,250000,2021-11-17,3,33,351833.74,5,2,4,524,New,10661.628484848485,351833.74,1.0,703667.48,False,1,Premium,High Risk
C01625,41,M,Lucknow,Student,41098.11,Gold,250000,2024-02-14,33,36,478743.15,2,3,5,235,Regular,13298.420833333334,478743.15,1.0,957486.3,False,1,Premium,High Risk
C01626,33,M,Hyderabad,Retired,15000.0,Signature,1000000,2022-09-13,5,33,281819.8,5,2,2,522,New,8539.993939393938,281819.8,0.2818198,563639.6,False,0,Mid Value,Low Risk
C01627,34,F,Pune,Business Owner,72182.3,Silver,100000,2022-09-18,13,38,432812.56,3,4,5,345,Loyal,11389.804210526316,432812.56,1.0,865625.12,False,1,Premium,High Risk
C01628,55,M,Pune,Salaried,35245.49,Platinum,500000,2022-11-25,4,40,370786.51,5,5,4,554,Champions,9269.66275,370786.51,0.74157302,741573.02,False,1,Premium,Medium Risk
C01629,35,M,Lucknow,Salaried,96370.42,Signature,1000000,2022-12-22,7,29,316550.16,4,1,3,413,New,10915.52275862069,316550.16,0.31655015999999997,633100.32,False,0,Mid Value,Low Risk
C01630,38,M,Kolkata,Self Employed,41605.28,Silver,100000,2023-10-15,18,43,519744.39,3,5,5,355,Loyal,12087.078837209303,519744.39,1.0,1039488.78,False,1,Premium,High Risk
C01631,63,M,Pune,Student,116983.12,Silver,100000,2019-02-02,63,39,371560.02,1,4,4,144,Regular,9527.18,371560.02,1.0,743120.04,False,3,High Value,High Risk
C01632,34,F,Hyderabad,Salaried,15000.0,Signature,1000000,2024-05-22,3,19,143198.93,5,1,1,511,New,7536.7857894736835,143198.93,0.14319893,286397.86,False,0,Mid Value,Low Risk
C01633,21,F,Ahmedabad,Salaried,68464.45,Platinum,500000,2020-04-22,1,30,170201.88,5,2,1,521,New,5673.396,170201.88,0.34040376,340403.76,False,0,Mid Value,Low Risk
C01634,39,F,Pune,Self Employed,22559.34,Silver,100000,2024-03-17,21,46,334707.88,2,5,4,254,Regular,7276.258260869566,334707.88,1.0,669415.76,False,1,Premium,High Risk
C01635,43,F,Ahmedabad,Salaried,36735.51,Platinum,500000,2021-04-11,6,42,397967.96,4,5,5,455,Champions,9475.42761904762,397967.96,0.79593592,795935.92,False,1,Premium,Medium Risk
C01636,28,M,Delhi,Self Employed,76100.61,Gold,250000,2019-03-07,16,43,442961.72,3,5,5,355,Loyal,10301.435348837209,442961.72,1.0,885923.44,False,1,Premium,High Risk
C01637,34,F,Ahmedabad,Salaried,62315.25,Silver,100000,2022-01-30,8,29,148047.83,4,1,1,411,New,5105.097586206896,148047.83,1.0,296095.66,False,2,Low Value,High Risk
C01638,24,F,Hyderabad,Self Employed,108261.2,Platinum,500000,2021-07-14,15,50,383202.66,3,5,4,354,Loyal,7664.053199999999,383202.66,0.76640532,766405.32,False,1,Premium,Medium Risk
C01639,53,M,Delhi,Business Owner,55877.35,Gold,250000,2023-07-18,19,42,252619.16,3,5,2,352,Loyal,6014.741904761905,252619.16,1.0,505238.32,False,2,Low Value,High Risk
C01640,35,M,Mumbai,Business Owner,103635.64,Silver,100000,2021-03-21,12,36,311501.58,3,3,3,333,Loyal,8652.821666666667,311501.58,1.0,623003.16,False,2,Low Value,High Risk
C01641,46,F,Bangalore,Student,82249.01,Gold,250000,2020-11-13,40,38,279689.49,1,4,2,142,Regular,7360.249736842105,279689.49,1.0,559378.98,False,2,Low Value,High Risk
C01642,41,F,Hyderabad,Student,97500.11,Signature,1000000,2020-11-30,19,31,399677.04,3,2,5,325,Regular,12892.807741935483,399677.04,0.39967704,799354.08,False,0,Mid Value,Low Risk
C01643,29,F,Jaipur,Salaried,66076.68,Signature,1000000,2022-06-03,4,33,199578.15,5,2,1,521,New,6047.822727272727,199578.15,0.19957814999999998,399156.3,False,0,Mid Value,Low Risk
C01644,60,M,Pune,Salaried,111193.72,Gold,250000,2019-08-12,31,43,331677.13,2,5,3,253,Regular,7713.421627906977,331677.13,1.0,663354.26,False,2,Low Value,High Risk
C01645,54,F,Jaipur,Self Employed,106125.11,Gold,250000,2021-12-02,13,36,305232.82,3,3,3,333,Loyal,8478.689444444444,305232.82,1.0,610465.64,False,2,Low Value,High Risk
C01646,40,M,Ahmedabad,Salaried,58110.27,Signature,1000000,2022-05-01,21,39,272580.33,2,4,2,242,Regular,6989.239230769231,272580.33,0.27258033000000004,545160.66,False,0,Mid Value,Low Risk
C01647,22,M,Pune,Business Owner,37766.09,Gold,250000,2020-01-25,45,31,286851.25,1,2,2,122,At Risk,9253.266129032258,286851.25,1.0,573702.5,False,3,High Value,High Risk
C01648,30,F,Chennai,Self Employed,58976.5,Silver,100000,2023-11-25,17,28,216390.87,3,1,1,311,Regular,7728.245357142857,216390.87,1.0,432781.74,False,2,Low Value,High Risk
C01649,59,F,Hyderabad,Salaried,57020.87,Signature,1000000,2024-04-17,13,34,231447.87,3,3,1,331,Loyal,6807.290294117647,231447.87,0.23144787,462895.74,False,0,Mid Value,Low Risk
C01650,56,F,Pune,Retired,135571.92,Silver,100000,2024-04-19,2,33,335878.23,5,2,4,524,New,10178.128181818181,335878.23,1.0,671756.46,False,2,Low Value,High Risk
C01651,28,M,Jaipur,Salaried,43028.24,Gold,250000,2020-03-05,5,35,317180.68,5,3,3,533,Loyal,9062.305142857143,317180.68,1.0,634361.36,False,2,Low Value,High Risk
C01652,32,F,Lucknow,Student,44102.95,Signature,1000000,2019-04-19,1,32,268334.23,5,2,2,522,New,8385.4446875,268334.23,0.26833423,536668.46,False,0,Mid Value,Low Risk
C01653,54,M,Kolkata,Business Owner,49474.0,Gold,250000,2021-10-01,13,39,401592.72,3,4,5,345,Loyal,10297.24923076923,401592.72,1.0,803185.44,False,1,Premium,High Risk
C01654,29,M,Hyderabad,Retired,56678.69,Silver,100000,2019-06-17,15,36,403926.17,3,3,5,335,Loyal,11220.171388888888,403926.17,1.0,807852.34,False,1,Premium,High Risk
C01655,60,F,Ahmedabad,Self Employed,105107.82,Gold,250000,2020-07-15,4,39,362421.72,5,4,4,544,Champions,9292.864615384615,362421.72,1.0,724843.44,False,1,Premium,High Risk
C01656,46,M,Chennai,Self Employed,53596.48,Silver,100000,2019-06-05,7,41,288043.96,4,5,2,452,Loyal,7025.462439024391,288043.96,1.0,576087.92,False,2,Low Value,High Risk
C01657,53,F,Ahmedabad,Salaried,101071.97,Silver,100000,2023-06-18,1,42,463955.6,5,5,5,555,Champions,11046.561904761904,463955.6,1.0,927911.2,False,1,Premium,High Risk
C01658,62,M,Lucknow,Salaried,92445.87,Platinum,500000,2019-01-13,85,33,315697.43,1,2,3,123,At Risk,9566.588787878787,315697.43,0.63139486,631394.86,False,3,High Value,Medium Risk
C01659,40,M,Pune,Salaried,117297.09,Silver,100000,2023-03-10,11,33,239370.74,4,2,1,421,New,7253.658787878788,239370.74,1.0,478741.48,False,2,Low Value,High Risk
C01660,24,M,Jaipur,Salaried,92454.66,Silver,100000,2023-05-12,13,46,353280.47,3,5,4,354,Loyal,7680.010217391304,353280.47,1.0,706560.94,False,1,Premium,High Risk
C01661,61,M,Lucknow,Salaried,79378.61,Silver,100000,2021-10-19,7,31,440251.44,4,2,5,425,New,14201.65935483871,440251.44,1.0,880502.88,False,1,Premium,High Risk
C01662,29,M,Ahmedabad,Business Owner,95651.19,Platinum,500000,2022-06-02,10,39,219763.44,4,4,1,441,Loyal,5634.96,219763.44,0.43952688,439526.88,False,0,Mid Value,Low Risk
C01663,26,F,Chennai,Salaried,96471.91,Gold,250000,2023-07-28,35,29,222448.87,1,1,1,111,At Risk,7670.650689655172,222448.87,0.88979548,444897.74,False,2,Low Value,High Risk
C01664,50,M,Kolkata,Student,100824.38,Platinum,500000,2024-04-06,22,24,261434.58000000002,2,1,2,212,At Risk,10893.1075,261434.58000000002,0.52286916,522869.16000000003,False,0,Mid Value,Medium Risk
C01665,58,M,Pune,Salaried,94944.97,Signature,1000000,2019-06-29,40,33,231151.61000000002,1,2,1,121,At Risk,7004.594242424243,231151.61000000002,0.23115161,462303.22000000003,False,0,Mid Value,Low Risk
C01666,37,F,Kolkata,Student,93942.73,Silver,100000,2022-03-15,18,38,227042.44,3,4,1,341,Loyal,5974.801052631579,227042.44,1.0,454084.88,False,2,Low Value,High Risk
C01667,32,M,Kolkata,Student,113452.35,Platinum,500000,2020-01-20,27,45,588871.98,2,5,5,255,Regular,13086.044,588871.98,1.0,1177743.96,True,1,Premium,High Risk
C01668,39,M,Bangalore,Business Owner,90541.58,Silver,100000,2023-03-15,19,32,281730.87,3,2,2,322,Regular,8804.0896875,281730.87,1.0,563461.74,False,2,Low Value,High Risk
C01669,47,F,Mumbai,Salaried,52082.84,Gold,250000,2021-07-30,15,35,381650.31,3,3,4,334,Loyal,10904.29457142857,381650.31,1.0,763300.62,False,1,Premium,High Risk
C01670,55,M,Jaipur,Self Employed,76274.31,Silver,100000,2020-02-19,12,36,258840.17,3,3,2,332,Loyal,7190.004722222223,258840.17,1.0,517680.34,False,2,Low Value,High Risk
C01671,29,F,Pune,Salaried,15000.0,Silver,100000,2020-06-27,20,35,309859.38,2,3,3,233,Regular,8853.125142857143,309859.38,1.0,619718.76,False,2,Low Value,High Risk
C01672,56,M,Pune,Student,97235.43,Signature,1000000,2021-03-24,84,38,384820.60000000003,1,4,4,144,Regular,10126.857894736842,384820.60000000003,0.3848206,769641.2000000001,False,3,High Value,Low Risk
C01673,53,M,Lucknow,Salaried,95144.45,Silver,100000,2021-12-11,9,35,459659.36,4,3,5,435,Loyal,13133.12457142857,459659.36,1.0,919318.72,False,1,Premium,High Risk
C01674,58,M,Pune,Business Owner,62275.75,Silver,100000,2021-10-03,13,23,287555.14,3,1,2,312,Regular,12502.397391304348,287555.14,1.0,575110.28,False,2,Low Value,High Risk
C01675,57,M,Chennai,Self Employed,24783.23,Platinum,500000,2020-03-18,7,43,341745.94,4,5,4,454,Champions,7947.58,341745.94,0.68349188,683491.88,False,1,Premium,Medium Risk
C01676,56,M,Delhi,Retired,53298.46,Gold,250000,2023-02-22,4,30,238216.07,5,2,1,521,New,7940.535666666667,238216.07,0.95286428,476432.14,False,2,Low Value,High Risk
C01677,35,F,Hyderabad,Business Owner,65582.97,Signature,1000000,2024-01-20,10,25,256271.62,4,1,2,412,New,10250.8648,256271.62,0.25627162,512543.24,False,0,Mid Value,Low Risk
C01678,39,F,Chennai,Salaried,92626.18,Silver,100000,2023-06-25,7,46,404854.82,4,5,5,455,Champions,8801.191739130434,404854.82,1.0,809709.6399999999,False,1,Premium,High Risk
C01679,48,F,Chennai,Retired,56097.47,Silver,100000,2019-09-21,14,23,192181.63,3,1,1,311,Regular,8355.723043478261,192181.63,1.0,384363.26,False,2,Low Value,High Risk
C01680,37,M,Mumbai,Business Owner,38045.32,Platinum,500000,2023-10-16,1,44,410632.98,5,5,5,555,Champions,9332.567727272726,410632.98,0.82126596,821265.96,False,1,Premium,High Risk
C01681,35,F,Pune,Self Employed,52322.39,Gold,250000,2022-10-03,9,39,361221.46,4,4,4,444,Champions,9262.088717948718,361221.46,1.0,722442.92,False,1,Premium,High Risk
C01682,61,F,Delhi,Business Owner,32397.95,Platinum,500000,2021-12-02,28,42,372982.8,2,5,4,254,Regular,8880.542857142857,372982.8,0.7459656,745965.6,False,1,Premium,Medium Risk
C01683,36,F,Mumbai,Retired,15000.0,Gold,250000,2021-04-23,19,33,354073.1,3,2,4,324,Regular,10729.487878787879,354073.1,1.0,708146.2,False,1,Premium,High Risk
C01684,54,F,Hyderabad,Business Owner,77529.9,Gold,250000,2023-05-29,10,37,356188.26,4,4,4,444,Champions,9626.70972972973,356188.26,1.0,712376.52,False,1,Premium,High Risk
C01685,35,F,Delhi,Student,15000.0,Gold,250000,2022-10-01,80,35,345288.58999999997,1,3,4,134,Regular,9865.388285714285,345288.58999999997,1.0,690577.1799999999,False,3,High Value,High Risk
C01686,22,M,Lucknow,Salaried,119829.76,Platinum,500000,2023-04-12,9,42,478231.81,4,5,5,455,Champions,11386.471666666666,478231.81,0.95646362,956463.62,False,1,Premium,High Risk
C01687,29,M,Chennai,Salaried,38716.47,Silver,100000,2021-09-10,11,22,118123.67,4,1,1,411,New,5369.257727272728,118123.67,1.0,236247.34000000003,False,2,Low Value,High Risk
C01688,60,F,Hyderabad,Retired,15000.0,Platinum,500000,2021-04-30,41,28,214854.92,1,1,1,111,At Risk,7673.39,214854.92,0.42970984,429709.84,False,0,Mid Value,Low Risk
C01689,26,F,Pune,Salaried,88403.8,Silver,100000,2022-09-27,52,41,441697.31,1,5,5,155,Regular,10773.10512195122,441697.31,1.0,883394.62,False,1,Premium,High Risk
C01690,28,M,Pune,Salaried,69024.88,Silver,100000,2023-08-09,1,34,263902.54,5,3,2,532,Loyal,7761.839411764705,263902.54,1.0,527805.08,False,2,Low Value,High Risk
C01691,22,F,Jaipur,Salaried,74729.04,Signature,1000000,2021-01-01,23,43,411503.05000000005,2,5,5,255,Regular,9569.838372093025,411503.05000000005,0.41150305000000004,823006.1000000002,False,1,Premium,Low Risk
C01692,56,M,Kolkata,Student,75848.65,Gold,250000,2023-11-28,6,34,384753.76,4,3,4,434,Loyal,11316.28705882353,384753.76,1.0,769507.52,False,1,Premium,High Risk
C01693,54,F,Mumbai,Self Employed,56037.16,Gold,250000,2021-05-08,14,46,370908.57,3,5,4,354,Loyal,8063.229782608696,370908.57,1.0,741817.14,False,1,Premium,High Risk
C01694,46,M,Chennai,Business Owner,77833.76,Silver,100000,2022-07-17,12,32,231941.96,3,2,1,321,Regular,7248.18625,231941.96,1.0,463883.92,False,2,Low Value,High Risk
C01695,35,F,Lucknow,Self Employed,93358.82,Silver,100000,2022-04-27,4,45,467962.36,5,5,5,555,Champions,10399.163555555555,467962.36,1.0,935924.72,False,1,Premium,High Risk
C01696,54,M,Delhi,Business Owner,36332.35,Silver,100000,2021-07-11,45,29,190576.41,1,1,1,111,At Risk,6571.600344827586,190576.41,1.0,381152.82,False,2,Low Value,High Risk
C01697,29,M,Bangalore,Business Owner,72143.67,Silver,100000,2022-10-25,15,39,283292.43,3,4,2,342,Loyal,7263.908461538462,283292.43,1.0,566584.86,False,2,Low Value,High Risk
C01698,44,M,Chennai,Salaried,60197.99,Gold,250000,2023-04-02,9,44,544985.63,4,5,5,455,Champions,12386.037045454546,544985.63,1.0,1089971.26,False,1,Premium,High Risk
C01699,52,F,Jaipur,Business Owner,15000.0,Gold,250000,2019-10-27,1,41,281866.61,5,5,2,552,Loyal,6874.795365853658,281866.61,1.0,563733.22,False,2,Low Value,High Risk
C01700,42,F,Delhi,Self Employed,112897.83,Platinum,500000,2019-07-21,13,44,239137.5,3,5,1,351,Loyal,5434.943181818182,239137.5,0.478275,478275.0,False,0,Mid Value,Low Risk
C01701,46,M,Kolkata,Salaried,87134.24,Silver,100000,2022-07-20,20,42,406331.06,2,5,5,255,Regular,9674.549047619048,406331.06,1.0,812662.12,False,1,Premium,High Risk
C01702,60,F,Hyderabad,Business Owner,48295.4,Platinum,500000,2023-09-09,13,35,258385.77,3,3,2,332,Loyal,7382.4505714285715,258385.77,0.51677154,516771.54,False,0,Mid Value,Medium Risk
C01703,57,M,Kolkata,Salaried,62112.78,Gold,250000,2023-11-20,72,23,258034.63,1,1,2,112,At Risk,11218.89695652174,258034.63,1.0,516069.26,False,3,High Value,High Risk
C01704,32,M,Chennai,Self Employed,15000.0,Platinum,500000,2020-11-18,8,40,352327.02,4,5,4,454,Champions,8808.175500000001,352327.02,0.7046540400000001,704654.04,False,1,Premium,Medium Risk
C01705,62,F,Jaipur,Self Employed,15000.0,Gold,250000,2021-10-29,7,37,267482.92,4,4,2,442,Loyal,7229.268108108107,267482.92,1.0,534965.84,False,2,Low Value,High Risk
C01706,29,F,Jaipur,Salaried,68054.05,Silver,100000,2021-11-10,22,39,381502.92,2,4,4,244,Regular,9782.126153846153,381502.92,1.0,763005.84,False,1,Premium,High Risk
C01707,25,M,Hyderabad,Salaried,100121.27,Silver,100000,2022-02-19,37,47,368291.55,1,5,4,154,Regular,7835.990425531914,368291.55,1.0,736583.1,False,1,Premium,High Risk
C01708,25,M,Lucknow,Business Owner,106368.13,Silver,100000,2021-09-12,5,30,149509.55,5,2,1,521,New,4983.651666666667,149509.55,1.0,299019.1,False,2,Low Value,High Risk
C01709,54,F,Bangalore,Salaried,81058.5,Platinum,500000,2024-04-14,22,35,296948.73,2,3,3,233,Regular,8484.249428571427,296948.73,0.59389746,593897.46,False,0,Mid Value,Medium Risk
C01710,57,F,Kolkata,Salaried,15000.0,Platinum,500000,2020-12-15,11,32,331789.73,4,2,3,423,New,10368.4290625,331789.73,0.66357946,663579.46,False,0,Mid Value,Medium Risk
C01711,40,M,Lucknow,Business Owner,44415.42,Gold,250000,2020-06-15,2,38,284476.25,5,4,2,542,Loyal,7486.2171052631575,284476.25,1.0,568952.5,False,2,Low Value,High Risk
C01712,24,F,Kolkata,Retired,81659.76,Silver,100000,2019-10-28,6,43,348138.35000000003,4,5,4,454,Champions,8096.24069767442,348138.35000000003,1.0,696276.7000000001,False,1,Premium,High Risk
C01713,41,F,Kolkata,Self Employed,112218.8,Silver,100000,2022-07-10,12,37,357808.77,3,4,4,344,Loyal,9670.507297297298,357808.77,1.0,715617.54,False,1,Premium,High Risk
C01714,28,F,Delhi,Salaried,76966.58,Platinum,500000,2022-02-26,50,37,334306.8,1,4,4,144,Regular,9035.318918918918,334306.8,0.6686136,668613.6,False,3,High Value,Medium Risk
C01715,50,M,Jaipur,Student,105233.5,Signature,1000000,2022-08-03,8,40,389978.08,4,5,5,455,Champions,9749.452000000001,389978.08,0.38997808,779956.1600000001,False,0,Mid Value,Low Risk
C01716,31,M,Kolkata,Self Employed,105626.6,Platinum,500000,2020-12-04,34,32,227400.56,2,2,1,221,At Risk,7106.2675,227400.56,0.45480112,454801.12,False,0,Mid Value,Low Risk
C01717,52,M,Jaipur,Self Employed,156587.42,Gold,250000,2019-11-08,24,36,261124.73,2,3,2,232,Regular,7253.464722222223,261124.73,1.0,522249.4600000001,False,2,Low Value,High Risk
C01718,30,M,Mumbai,Self Employed,86460.72,Silver,100000,2021-10-13,56,29,332885.91000000003,1,1,4,114,At Risk,11478.824482758622,332885.91000000003,1.0,665771.8200000001,False,3,High Value,High Risk
C01719,34,F,Mumbai,Retired,67096.89,Platinum,500000,2023-03-15,41,39,293698.52,1,4,3,143,Regular,7530.7312820512825,293698.52,0.58739704,587397.04,False,0,Mid Value,Medium Risk
C01720,41,M,Pune,Retired,106129.79,Silver,100000,2020-09-12,17,46,481357.41000000003,3,5,5,355,Loyal,10464.291521739131,481357.41000000003,1.0,962714.8200000001,False,1,Premium,High Risk
C01721,38,F,Bangalore,Salaried,64143.92,Gold,250000,2023-02-04,9,27,204942.88999999998,4,1,1,411,New,7590.477407407407,204942.88999999998,0.81977156,409885.77999999997,False,2,Low Value,High Risk
C01722,24,M,Mumbai,Student,48218.28,Silver,100000,2019-05-21,21,35,291185.0,2,3,2,232,Regular,8319.57142857143,291185.0,1.0,582370.0,False,2,Low Value,High Risk
C01723,44,M,Hyderabad,Salaried,37944.38,Silver,100000,2020-05-26,16,40,362959.3,3,5,4,354,Loyal,9073.9825,362959.3,1.0,725918.6,False,1,Premium,High Risk
C01724,44,F,Chennai,Business Owner,80362.43,Gold,250000,2021-03-20,34,39,330945.68,2,4,3,243,Regular,8485.786666666667,330945.68,1.0,661891.36,False,2,Low Value,High Risk
C01725,24,M,Hyderabad,Salaried,47783.09,Gold,250000,2019-12-23,30,34,387437.79000000004,2,3,4,234,Regular,11395.22911764706,387437.79000000004,1.0,774875.5800000001,False,1,Premium,High Risk
C01726,34,F,Mumbai,Business Owner,15000.0,Platinum,500000,2022-07-28,5,31,257544.62,5,2,2,522,New,8307.890967741936,257544.62,0.51508924,515089.24000000005,False,0,Mid Value,Medium Risk
C01727,64,M,Mumbai,Business Owner,69640.08,Gold,250000,2022-03-11,8,35,378030.85,4,3,4,434,Loyal,10800.881428571427,378030.85,1.0,756061.6999999998,False,1,Premium,High Risk
C01728,38,F,Delhi,Salaried,40659.31,Silver,100000,2021-10-04,11,37,412919.06,4,4,5,445,Champions,11159.974594594594,412919.06,1.0,825838.12,False,1,Premium,High Risk
C01729,43,M,Bangalore,Salaried,121186.58,Platinum,500000,2023-01-08,6,35,310242.7,4,3,3,433,Loyal,8864.077142857142,310242.7,0.6204854000000001,620485.4,False,0,Mid Value,Medium Risk
C01730,52,F,Lucknow,Business Owner,17065.33,Signature,1000000,2022-07-05,3,36,296124.93,5,3,3,533,Loyal,8225.6925,296124.93,0.29612493,592249.86,False,0,Mid Value,Low Risk
C01731,62,M,Bangalore,Student,46692.73,Signature,1000000,2019-11-27,11,34,340950.32999999996,4,3,4,434,Loyal,10027.95088235294,340950.32999999996,0.34095032999999997,681900.6599999999,False,0,Mid Value,Low Risk
C01732,55,F,Jaipur,Salaried,35984.46,Signature,1000000,2022-06-12,18,36,288323.56,3,3,2,332,Loyal,8008.987777777777,288323.56,0.28832356,576647.12,False,0,Mid Value,Low Risk
C01733,45,F,Bangalore,Self Employed,118511.35,Gold,250000,2022-06-05,4,41,373624.48,5,5,4,554,Champions,9112.79219512195,373624.48,1.0,747248.96,False,1,Premium,High Risk
C01734,22,M,Lucknow,Retired,46887.26,Gold,250000,2023-05-17,77,34,256805.09,1,3,2,132,Regular,7553.090882352941,256805.09,1.0,513610.18,False,3,High Value,High Risk
C01735,58,M,Delhi,Self Employed,37339.2,Gold,250000,2020-06-17,3,36,352285.66,5,3,4,534,Loyal,9785.712777777777,352285.66,1.0,704571.32,False,1,Premium,High Risk
C01736,52,F,Chennai,Salaried,86844.18,Silver,100000,2021-01-31,44,39,293255.08,1,4,3,143,Regular,7519.361025641026,293255.08,1.0,586510.16,False,2,Low Value,High Risk
C01737,34,M,Lucknow,Salaried,123348.08,Gold,250000,2021-04-11,3,38,371915.83,5,4,4,544,Champions,9787.258684210527,371915.83,1.0,743831.66,False,1,Premium,High Risk
C01738,60,M,Jaipur,Salaried,89203.75,Signature,1000000,2021-03-09,21,38,457449.55,2,4,5,245,Regular,12038.146052631579,457449.55,0.45744955,914899.1,False,1,Premium,Low Risk
C01739,26,F,Hyderabad,Salaried,103628.1,Platinum,500000,2023-02-16,45,25,183175.7,1,1,1,111,At Risk,7327.028,183175.7,0.36635140000000005,366351.4,False,0,Mid Value,Low Risk
C01740,35,F,Bangalore,Retired,117088.86,Gold,250000,2024-01-05,29,43,213075.71,2,5,1,251,Regular,4955.249069767442,213075.71,0.85230284,426151.42000000004,False,2,Low Value,High Risk
C01741,37,M,Hyderabad,Student,19381.63,Silver,100000,2019-12-01,5,50,434897.5,5,5,5,555,Champions,8697.95,434897.5,1.0,869795.0000000001,False,1,Premium,High Risk
C01742,23,M,Pune,Retired,94936.33,Signature,1000000,2020-09-10,1,35,304364.85,5,3,3,533,Loyal,8696.138571428572,304364.85,0.30436484999999996,608729.7,False,0,Mid Value,Low Risk
C01743,35,F,Lucknow,Salaried,103917.74,Gold,250000,2020-06-24,19,23,278382.33,3,1,2,312,Regular,12103.579565217393,278382.33,1.0,556764.66,False,2,Low Value,High Risk
C01744,43,F,Delhi,Business Owner,66830.94,Platinum,500000,2021-09-17,12,31,234195.87,3,2,1,321,Regular,7554.705483870967,234195.87,0.46839174,468391.74,False,0,Mid Value,Low Risk
C01745,41,M,Hyderabad,Salaried,43033.56,Platinum,500000,2023-09-04,17,38,301951.83,3,4,3,343,Loyal,7946.100789473685,301951.83,0.6039036600000001,603903.66,False,0,Mid Value,Medium Risk
C01746,46,M,Pune,Business Owner,67741.04,Platinum,500000,2024-04-25,19,37,294187.21,3,4,3,343,Loyal,7951.005675675677,294187.21,0.5883744200000001,588374.42,False,0,Mid Value,Medium Risk
C01747,64,F,Hyderabad,Self Employed,122329.33,Signature,1000000,2022-02-17,7,41,394817.06,4,5,5,455,Champions,9629.684390243903,394817.06,0.39481706,789634.1200000001,False,0,Mid Value,Low Risk
C01748,64,M,Ahmedabad,Self Employed,89907.94,Gold,250000,2024-03-24,31,38,440817.82,2,4,5,245,Regular,11600.468947368421,440817.82,1.0,881635.64,False,1,Premium,High Risk
C01749,49,M,Delhi,Retired,103035.33,Silver,100000,2024-02-09,32,42,366697.95,2,5,4,254,Regular,8730.903571428571,366697.95,1.0,733395.8999999999,False,1,Premium,High Risk
C01750,25,F,Delhi,Salaried,73553.12,Gold,250000,2022-03-14,11,36,360106.31,4,3,4,434,Loyal,10002.953055555556,360106.31,1.0,720212.62,False,1,Premium,High Risk
C01751,42,M,Pune,Salaried,74217.46,Silver,100000,2019-02-22,11,40,308967.34,4,5,3,453,Loyal,7724.183500000001,308967.34,1.0,617934.68,False,2,Low Value,High Risk
C01752,52,M,Lucknow,Salaried,57406.97,Gold,250000,2022-12-22,5,38,438089.14,5,4,5,545,Champions,11528.661578947369,438089.14,1.0,876178.28,False,1,Premium,High Risk
C01753,35,M,Bangalore,Salaried,15000.0,Silver,100000,2023-08-21,5,34,237032.8,5,3,1,531,Loyal,6971.55294117647,237032.8,1.0,474065.6,False,2,Low Value,High Risk
C01754,29,M,Ahmedabad,Self Employed,94672.97,Gold,250000,2023-11-17,30,33,307231.29000000004,2,2,3,223,At Risk,9310.039090909093,307231.29000000004,1.0,614462.5800000001,False,2,Low Value,High Risk
C01755,39,F,Bangalore,Business Owner,131537.41,Signature,1000000,2024-03-11,4,31,270349.75,5,2,2,522,New,8720.959677419354,270349.75,0.27034975,540699.5,False,0,Mid Value,Low Risk
C01756,44,M,Bangalore,Retired,49185.87,Platinum,500000,2019-01-08,18,37,372187.94,3,4,4,344,Loyal,10059.133513513514,372187.94,0.74437588,744375.88,False,1,Premium,Medium Risk
C01757,34,F,Bangalore,Salaried,77366.02,Silver,100000,2020-10-30,41,29,263167.74,1,1,2,112,At Risk,9074.749655172414,263167.74,1.0,526335.48,False,3,High Value,High Risk
C01758,53,M,Chennai,Retired,67693.19,Gold,250000,2021-06-09,14,34,230123.1,3,3,1,331,Loyal,6768.326470588236,230123.1,0.9204924,460246.2,False,2,Low Value,High Risk
C01759,32,F,Kolkata,Salaried,100468.84,Signature,1000000,2024-03-02,10,32,249978.21,4,2,2,422,New,7811.8190625,249978.21,0.24997820999999998,499956.42,False,0,Mid Value,Low Risk
C01760,41,F,Bangalore,Salaried,75623.78,Silver,100000,2019-11-03,5,36,354599.22000000003,5,3,4,534,Loyal,9849.978333333334,354599.22000000003,1.0,709198.4400000001,False,1,Premium,High Risk
C01761,26,F,Ahmedabad,Self Employed,92444.22,Gold,250000,2023-05-20,4,48,484415.37,5,5,5,555,Champions,10091.986875,484415.37,1.0,968830.74,False,1,Premium,High Risk
C01762,62,M,Kolkata,Salaried,78011.33,Gold,250000,2019-01-06,7,42,378959.0,4,5,4,454,Champions,9022.833333333334,378959.0,1.0,757918.0,False,1,Premium,High Risk
C01763,51,F,Delhi,Salaried,33989.24,Platinum,500000,2021-04-17,20,23,199442.44,2,1,1,211,At Risk,8671.410434782609,199442.44,0.39888488,398884.88,False,0,Mid Value,Low Risk
C01764,34,M,Jaipur,Salaried,112707.35,Silver,100000,2023-02-12,5,26,191071.37,5,1,1,511,New,7348.898846153846,191071.37,1.0,382142.74,False,2,Low Value,High Risk
C01765,42,M,Mumbai,Salaried,88485.28,Silver,100000,2019-10-26,17,32,313339.3,3,2,3,323,Regular,9791.853125,313339.3,1.0,626678.6,False,2,Low Value,High Risk
C01766,52,F,Mumbai,Self Employed,86697.34,Silver,100000,2022-11-19,9,26,230849.07,4,1,1,411,New,8878.810384615384,230849.07,1.0,461698.14,False,2,Low Value,High Risk
C01767,56,M,Pune,Business Owner,45522.71,Platinum,500000,2021-05-13,20,37,346959.66,2,4,4,244,Regular,9377.288108108107,346959.66,0.6939193199999999,693919.32,False,1,Premium,Medium Risk
C01768,37,F,Lucknow,Student,35388.81,Silver,100000,2022-02-09,14,40,352790.84,3,5,4,354,Loyal,8819.771,352790.84,1.0,705581.68,False,1,Premium,High Risk
C01769,44,F,Pune,Salaried,51269.87,Gold,250000,2022-08-14,4,39,422693.33,5,4,5,545,Champions,10838.290512820513,422693.33,1.0,845386.66,False,1,Premium,High Risk
C01770,29,M,Chennai,Self Employed,36379.25,Silver,100000,2021-07-03,20,39,414274.74,2,4,5,245,Regular,10622.42923076923,414274.74,1.0,828549.48,False,1,Premium,High Risk
C01771,46,F,Chennai,Business Owner,77954.92,Silver,100000,2023-10-03,36,37,284861.41,1,4,2,142,Regular,7698.957027027026,284861.41,1.0,569722.82,False,2,Low Value,High Risk
C01772,21,F,Kolkata,Business Owner,50530.04,Silver,100000,2019-02-16,8,31,288753.28,4,2,2,422,New,9314.621935483872,288753.28,1.0,577506.56,False,2,Low Value,High Risk
C01773,38,F,Kolkata,Retired,53621.14,Gold,250000,2022-01-14,9,34,252941.5,4,3,2,432,Loyal,7439.455882352941,252941.5,1.0,505883.0,False,2,Low Value,High Risk
C01774,47,M,Pune,Salaried,29510.51,Silver,100000,2022-10-04,58,34,299838.84,1,3,3,133,Regular,8818.789411764707,299838.84,1.0,599677.68,False,3,High Value,High Risk
C01775,40,F,Ahmedabad,Retired,54584.01,Silver,100000,2019-06-25,34,33,349281.54,2,2,4,224,At Risk,10584.289090909091,349281.54,1.0,698563.08,False,1,Premium,High Risk
C01776,23,M,Hyderabad,Retired,95046.0,Silver,100000,2019-11-02,3,32,360090.98,5,2,4,524,New,11252.843125,360090.98,1.0,720181.96,False,1,Premium,High Risk
C01777,28,M,Lucknow,Salaried,42087.31,Platinum,500000,2020-09-05,11,32,368767.2,4,2,4,424,New,11523.975,368767.2,0.7375344,737534.4,False,1,Premium,Medium Risk
C01778,21,F,Bangalore,Business Owner,38577.65,Silver,100000,2024-06-01,7,36,291264.27,4,3,2,432,Loyal,8090.674166666668,291264.27,1.0,582528.54,False,2,Low Value,High Risk
C01779,51,M,Kolkata,Business Owner,137226.99,Gold,250000,2022-07-09,29,36,328463.0,2,3,3,233,Regular,9123.972222222223,328463.0,1.0,656926.0,False,2,Low Value,High Risk
C01780,39,F,Kolkata,Salaried,15000.0,Gold,250000,2020-12-17,34,23,188280.55000000002,2,1,1,211,At Risk,8186.110869565218,188280.55000000002,0.7531222000000001,376561.10000000003,False,2,Low Value,Medium Risk
C01781,26,F,Hyderabad,Retired,81698.03,Signature,1000000,2023-10-11,5,33,306416.55,5,2,3,523,New,9285.35,306416.55,0.30641655,612833.1,False,0,Mid Value,Low Risk
C01782,41,F,Ahmedabad,Salaried,72376.5,Silver,100000,2021-07-16,8,39,272118.18,4,4,2,442,Loyal,6977.38923076923,272118.18,1.0,544236.36,False,2,Low Value,High Risk
C01783,28,F,Kolkata,Retired,96362.03,Gold,250000,2021-04-26,3,43,415620.39,5,5,5,555,Champions,9665.59046511628,415620.39,1.0,831240.78,False,1,Premium,High Risk
C01784,50,M,Hyderabad,Salaried,23671.8,Gold,250000,2021-11-02,8,31,258253.05,4,2,2,422,New,8330.743548387096,258253.05,1.0,516506.0999999999,False,2,Low Value,High Risk
C01785,47,F,Mumbai,Salaried,37970.75,Gold,250000,2020-06-02,43,43,354951.18,1,5,4,154,Regular,8254.678604651162,354951.18,1.0,709902.36,False,1,Premium,High Risk
C01786,40,F,Lucknow,Salaried,40666.53,Platinum,500000,2020-12-01,25,29,166670.37,2,1,1,211,At Risk,5747.254137931034,166670.37,0.33334073999999997,333340.74,False,0,Mid Value,Low Risk
C01787,40,F,Mumbai,Business Owner,47867.34,Platinum,500000,2020-10-23,19,37,306188.87,3,4,3,343,Loyal,8275.374864864865,306188.87,0.61237774,612377.74,False,0,Mid Value,Medium Risk
C01788,63,M,Jaipur,Student,15000.0,Platinum,500000,2023-10-07,27,36,340987.68,2,4,4,244,Regular,9471.88,340987.68,0.68197536,681975.36,False,0,Mid Value,Medium Risk
C01789,27,M,Ahmedabad,Salaried,36444.3,Gold,250000,2019-02-01,16,37,348068.42,3,4,4,344,Loyal,9407.254594594595,348068.42,1.0,696136.84,False,1,Premium,High Risk
C01790,34,M,Kolkata,Student,89285.66,Silver,100000,2023-05-04,39,43,468938.4,1,5,5,155,Regular,10905.544186046513,468938.4,1.0,937876.8,False,1,Premium,High Risk
C01791,28,F,Bangalore,Business Owner,15000.0,Signature,1000000,2022-02-01,6,49,351836.3,4,5,4,454,Champions,7180.332653061224,351836.3,0.3518363,703672.6,False,0,Mid Value,Low Risk
C01792,35,F,Mumbai,Student,93812.74,Silver,100000,2024-02-26,6,45,464471.52999999997,4,5,5,455,Champions,10321.589555555554,464471.52999999997,1.0,928943.0599999999,False,1,Premium,High Risk
C01793,51,F,Pune,Student,65639.52,Gold,250000,2021-02-09,1,45,366189.28,5,5,4,554,Champions,8137.539555555556,366189.28,1.0,732378.56,False,1,Premium,High Risk
C01794,49,M,Mumbai,Business Owner,80421.92,Signature,1000000,2024-03-03,13,31,285526.99,3,2,2,322,Regular,9210.548064516128,285526.99,0.28552699,571053.98,False,0,Mid Value,Low Risk
C01795,54,F,Pune,Self Employed,78501.34,Gold,250000,2023-03-10,1,25,221734.85,5,1,1,511,New,8869.394,221734.85,0.8869394,443469.7,False,2,Low Value,High Risk
C01796,31,M,Jaipur,Salaried,62384.23,Gold,250000,2020-10-02,17,38,371239.45,3,4,4,344,Loyal,9769.459210526316,371239.45,1.0,742478.9,False,1,Premium,High Risk
C01797,57,M,Hyderabad,Self Employed,90011.96,Platinum,500000,2020-03-19,13,33,406559.94,3,2,5,325,Regular,12319.998181818182,406559.94,0.81311988,813119.88,False,1,Premium,High Risk
C01798,50,M,Pune,Self Employed,23648.31,Silver,100000,2019-08-22,3,36,329890.09,5,4,3,543,Loyal,9163.613611111112,329890.09,1.0,659780.18,False,2,Low Value,High Risk
C01799,55,M,Ahmedabad,Retired,53116.09,Signature,1000000,2022-02-14,59,34,228641.65,1,3,1,131,Regular,6724.754411764706,228641.65,0.22864165,457283.3,False,0,Mid Value,Low Risk
C01800,58,M,Chennai,Business Owner,118135.84,Silver,100000,2021-03-15,1,31,331681.3,5,2,3,523,New,10699.396774193548,331681.3,1.0,663362.6,False,2,Low Value,High Risk
C01801,55,M,Lucknow,Business Owner,23833.32,Silver,100000,2023-11-29,26,29,206995.87,2,1,1,211,At Risk,7137.788620689655,206995.87,1.0,413991.74,False,2,Low Value,High Risk
C01802,39,M,Chennai,Business Owner,64397.47,Platinum,500000,2019-01-01,14,37,272738.11,3,4,2,342,Loyal,7371.30027027027,272738.11,0.54547622,545476.22,False,0,Mid Value,Medium Risk
C01803,51,F,Chennai,Salaried,23493.38,Signature,1000000,2021-10-18,1,36,357004.66,5,4,4,544,Champions,9916.79611111111,357004.66,0.35700466,714009.32,False,0,Mid Value,Low Risk
C01804,46,M,Ahmedabad,Salaried,98122.87,Gold,250000,2019-05-28,17,41,440861.73,3,5,5,355,Loyal,10752.725121951218,440861.73,1.0,881723.4599999998,False,1,Premium,High Risk
C01805,28,F,Hyderabad,Business Owner,63921.83,Platinum,500000,2019-02-06,7,35,291582.12,4,3,3,433,Loyal,8330.917714285713,291582.12,0.58316424,583164.24,False,0,Mid Value,Medium Risk
C01806,27,M,Chennai,Salaried,99400.13,Platinum,500000,2019-01-10,5,33,259212.43,5,2,2,522,New,7854.922121212121,259212.43,0.51842486,518424.86,False,0,Mid Value,Medium Risk
C01807,34,F,Bangalore,Self Employed,64515.93,Silver,100000,2019-09-20,14,36,274735.78,3,4,2,342,Loyal,7631.549444444445,274735.78,1.0,549471.56,False,2,Low Value,High Risk
C01808,41,M,Chennai,Self Employed,43831.01,Silver,100000,2019-03-26,7,32,224861.79,4,2,1,421,New,7026.9309375,224861.79,1.0,449723.58,False,2,Low Value,High Risk
C01809,49,M,Chennai,Student,46580.37,Gold,250000,2019-11-20,6,43,431274.54,4,5,5,455,Champions,10029.64046511628,431274.54,1.0,862549.0800000001,False,1,Premium,High Risk
C01810,38,M,Mumbai,Salaried,62094.37,Signature,1000000,2024-01-31,13,35,336346.56,3,3,4,334,Loyal,9609.901714285714,336346.56,0.33634656,672693.12,False,0,Mid Value,Low Risk
C01811,57,M,Bangalore,Salaried,95271.81,Platinum,500000,2022-05-07,7,33,184413.17,4,2,1,421,New,5588.277878787879,184413.17,0.36882634000000003,368826.34,False,0,Mid Value,Low Risk
C01812,49,M,Kolkata,Salaried,132053.06,Silver,100000,2022-01-15,13,47,263047.71,3,5,2,352,Loyal,5596.759787234043,263047.71,1.0,526095.42,False,2,Low Value,High Risk
C01813,34,F,Delhi,Salaried,64876.73,Silver,100000,2021-01-07,21,35,232708.04,2,3,1,231,Regular,6648.8011428571435,232708.04,1.0,465416.0800000001,False,2,Low Value,High Risk
C01814,48,M,Lucknow,Retired,43190.39,Silver,100000,2020-06-27,46,36,331833.47,1,4,3,143,Regular,9217.596388888887,331833.47,1.0,663666.94,False,3,High Value,High Risk
C01815,43,M,Bangalore,Salaried,93931.59,Platinum,500000,2022-05-11,47,24,201257.24,1,1,1,111,At Risk,8385.718333333332,201257.24,0.40251448,402514.48,False,0,Mid Value,Low Risk
C01816,61,M,Ahmedabad,Business Owner,30803.62,Gold,250000,2023-10-07,58,30,371244.41,1,2,4,124,At Risk,12374.813666666665,371244.41,1.0,742488.82,False,3,High Value,High Risk
C01817,27,M,Kolkata,Business Owner,81216.26,Silver,100000,2021-03-14,1,32,325155.20999999996,5,2,3,523,New,10161.100312499999,325155.20999999996,1.0,650310.4199999999,False,2,Low Value,High Risk
C01818,51,M,Lucknow,Business Owner,112357.07,Platinum,500000,2022-06-03,5,35,239470.07,5,3,1,531,Loyal,6842.002,239470.07,0.47894014,478940.14,False,0,Mid Value,Low Risk
C01819,40,F,Lucknow,Salaried,91308.96,Silver,100000,2022-04-16,5,35,168946.5,5,3,1,531,Loyal,4827.042857142857,168946.5,1.0,337893.0,False,2,Low Value,High Risk
C01820,50,M,Pune,Retired,69154.95,Silver,100000,2019-06-10,12,37,340010.75,3,4,4,344,Loyal,9189.47972972973,340010.75,1.0,680021.5,False,1,Premium,High Risk
C01821,21,F,Delhi,Business Owner,101419.16,Gold,250000,2019-07-05,46,37,182954.06,1,4,1,141,Regular,4944.704324324324,182954.06,0.73181624,365908.12,False,2,Low Value,Medium Risk
C01822,59,F,Pune,Salaried,71165.71,Gold,250000,2023-09-15,10,46,424426.43,4,5,5,455,Champions,9226.66152173913,424426.43,1.0,848852.86,False,1,Premium,High Risk
C01823,49,F,Kolkata,Student,91995.38,Gold,250000,2023-08-27,35,33,271796.74,1,2,2,122,At Risk,8236.264848484849,271796.74,1.0,543593.48,False,2,Low Value,High Risk
C01824,56,M,Mumbai,Self Employed,111344.28,Platinum,500000,2020-06-11,19,37,370259.07,3,4,4,344,Loyal,10007.001891891892,370259.07,0.74051814,740518.14,False,1,Premium,Medium Risk
C01825,38,F,Delhi,Retired,56762.12,Platinum,500000,2023-03-31,29,33,330661.5,2,2,3,223,At Risk,10020.045454545454,330661.5,0.661323,661323.0,False,0,Mid Value,Medium Risk
C01826,40,M,Bangalore,Student,78718.64,Silver,100000,2024-05-18,37,44,408029.71,1,5,5,155,Regular,9273.4025,408029.71,1.0,816059.42,False,1,Premium,High Risk
C01827,24,F,Chennai,Salaried,90026.3,Platinum,500000,2019-02-24,1,42,482563.56,5,5,5,555,Champions,11489.608571428571,482563.56,0.96512712,965127.12,False,1,Premium,High Risk
C01828,32,F,Kolkata,Retired,132205.97,Gold,250000,2020-03-09,7,36,284529.63,4,4,2,442,Loyal,7903.600833333334,284529.63,1.0,569059.26,False,2,Low Value,High Risk
C01829,26,F,Hyderabad,Business Owner,75851.43,Platinum,500000,2021-10-29,19,38,259878.73,3,4,2,342,Loyal,6838.913947368422,259878.73,0.51975746,519757.4600000001,False,0,Mid Value,Medium Risk
C01830,57,M,Kolkata,Salaried,102224.94,Platinum,500000,2023-07-11,1,50,491727.39,5,5,5,555,Champions,9834.5478,491727.39,0.98345478,983454.78,False,1,Premium,High Risk
C01831,39,F,Lucknow,Business Owner,101029.58,Silver,100000,2021-12-06,24,34,317679.39,2,3,3,233,Regular,9343.511470588235,317679.39,1.0,635358.78,False,2,Low Value,High Risk
C01832,37,M,Bangalore,Salaried,18336.95,Silver,100000,2019-02-08,17,47,442829.72,3,5,5,355,Loyal,9421.908936170212,442829.72,1.0,885659.44,False,1,Premium,High Risk
C01833,49,M,Lucknow,Student,77331.49,Platinum,500000,2019-06-05,9,38,316559.82,4,4,3,443,Loyal,8330.521578947368,316559.82,0.63311964,633119.6399999999,False,0,Mid Value,Medium Risk
C01834,51,F,Chennai,Salaried,87017.41,Platinum,500000,2022-06-19,12,39,408510.63,3,4,5,345,Loyal,10474.63153846154,408510.63,0.81702126,817021.26,False,1,Premium,High Risk
C01835,56,M,Delhi,Student,141491.48,Signature,1000000,2019-05-30,21,29,237289.29,2,1,1,211,At Risk,8182.389310344828,237289.29,0.23728929,474578.58,False,0,Mid Value,Low Risk
C01836,24,M,Pune,Self Employed,134424.94,Silver,100000,2024-01-08,56,30,300233.44,1,2,3,123,At Risk,10007.781333333334,300233.44,1.0,600466.88,False,3,High Value,High Risk
C01837,36,M,Jaipur,Salaried,58447.13,Silver,100000,2019-10-10,30,30,177040.49,2,2,1,221,At Risk,5901.349666666666,177040.49,1.0,354080.98,False,2,Low Value,High Risk
C01838,42,M,Pune,Student,46424.81,Silver,100000,2021-03-08,23,38,233260.3,2,4,1,241,Regular,6138.428947368421,233260.3,1.0,466520.60000000003,False,2,Low Value,High Risk
C01839,62,M,Delhi,Salaried,64864.62,Signature,1000000,2020-02-19,1,42,444082.07,5,5,5,555,Champions,10573.38261904762,444082.07,0.44408207,888164.14,False,1,Premium,Low Risk
C01840,56,M,Lucknow,Self Employed,68016.63,Platinum,500000,2023-01-05,31,29,310521.5,2,1,3,213,At Risk,10707.637931034482,310521.5,0.621043,621043.0,False,0,Mid Value,Medium Risk
C01841,52,F,Hyderabad,Salaried,15000.0,Gold,250000,2019-05-16,7,23,234003.52,4,1,1,411,New,10174.066086956522,234003.52,0.93601408,468007.04,False,2,Low Value,High Risk
C01842,26,F,Jaipur,Business Owner,19304.92,Silver,100000,2020-01-16,27,24,242425.51,2,1,1,211,At Risk,10101.062916666668,242425.51,1.0,484851.02,False,2,Low Value,High Risk
C01843,37,F,Ahmedabad,Salaried,73355.71,Gold,250000,2019-07-10,29,42,307571.87,2,5,3,253,Regular,7323.139761904762,307571.87,1.0,615143.74,False,2,Low Value,High Risk
C01844,59,F,Mumbai,Student,66073.59,Gold,250000,2020-02-24,5,35,443018.37,5,3,5,535,Loyal,12657.667714285713,443018.37,1.0,886036.74,False,1,Premium,High Risk
C01845,30,F,Mumbai,Salaried,70568.74,Signature,1000000,2020-08-27,12,36,419829.60000000003,3,4,5,345,Loyal,11661.933333333334,419829.60000000003,0.4198296,839659.2000000001,False,1,Premium,Low Risk
C01846,37,F,Kolkata,Student,15000.0,Signature,1000000,2020-01-08,6,40,298146.92,4,5,3,453,Loyal,7453.673,298146.92,0.29814692,596293.84,False,0,Mid Value,Low Risk
C01847,61,M,Delhi,Student,102800.77,Signature,1000000,2023-07-25,14,47,303817.03,3,5,3,353,Loyal,6464.192127659575,303817.03,0.30381703000000004,607634.06,False,0,Mid Value,Low Risk
C01848,47,M,Mumbai,Salaried,37402.4,Silver,100000,2019-05-25,31,28,319890.71,2,1,3,213,At Risk,11424.668214285715,319890.71,1.0,639781.42,False,3,High Value,High Risk
C01849,37,M,Jaipur,Self Employed,15000.0,Silver,100000,2022-12-12,7,29,260816.96,4,1,2,412,New,8993.688275862069,260816.96,1.0,521633.92,False,2,Low Value,High Risk
C01850,41,M,Jaipur,Salaried,102409.77,Signature,1000000,2023-12-22,6,48,481934.77,4,5,5,455,Champions,10040.307708333334,481934.77,0.48193477,963869.54,False,1,Premium,Low Risk
C01851,64,F,Jaipur,Salaried,47205.47,Silver,100000,2023-08-15,50,41,449025.85,1,5,5,155,Regular,10951.849999999999,449025.85,1.0,898051.6999999998,False,1,Premium,High Risk
C01852,49,M,Kolkata,Salaried,86322.89,Gold,250000,2022-03-17,17,39,404299.55,3,4,5,345,Loyal,10366.655128205128,404299.55,1.0,808599.1,False,1,Premium,High Risk
C01853,27,M,Chennai,Retired,61009.2,Silver,100000,2020-09-01,2,48,394206.8,5,5,5,555,Champions,8212.641666666666,394206.8,1.0,788413.6,False,1,Premium,High Risk
C01854,43,F,Delhi,Business Owner,47096.04,Silver,100000,2019-10-17,37,37,312222.78,1,4,3,143,Regular,8438.453513513514,312222.78,1.0,624445.56,False,2,Low Value,High Risk
C01855,54,M,Kolkata,Salaried,30066.82,Gold,250000,2020-07-20,1,23,212887.6,5,1,1,511,New,9255.982608695653,212887.6,0.8515504,425775.2,False,2,Low Value,High Risk
C01856,24,F,Bangalore,Salaried,57612.34,Silver,100000,2023-03-10,1,40,406079.04,5,5,5,555,Champions,10151.975999999999,406079.04,1.0,812158.0799999998,False,1,Premium,High Risk
C01857,38,F,Chennai,Salaried,77345.18,Silver,100000,2023-03-27,4,41,347621.04,5,5,4,554,Champions,8478.561951219512,347621.04,1.0,695242.08,False,1,Premium,High Risk
C01858,41,F,Mumbai,Student,108256.17,Gold,250000,2019-01-21,20,38,203346.91,2,4,1,241,Regular,5351.234473684211,203346.91,0.81338764,406693.82,False,2,Low Value,High Risk
C01859,45,F,Pune,Retired,39969.71,Silver,100000,2023-10-13,19,29,300942.07,3,1,3,313,Regular,10377.31275862069,300942.07,1.0,601884.14,False,2,Low Value,High Risk
C01860,21,M,Mumbai,Salaried,100995.7,Silver,100000,2020-06-16,11,29,229941.36000000002,4,1,1,411,New,7929.012413793104,229941.36000000002,1.0,459882.72000000003,False,2,Low Value,High Risk
C01861,59,F,Delhi,Salaried,72613.19,Platinum,500000,2020-01-23,38,32,249613.86000000002,1,2,2,122,At Risk,7800.4331250000005,249613.86000000002,0.49922772000000004,499227.72000000003,False,0,Mid Value,Low Risk
C01862,21,F,Pune,Retired,39766.47,Platinum,500000,2022-08-26,15,29,345207.92,3,1,4,314,Regular,11903.721379310344,345207.92,0.69041584,690415.84,False,1,Premium,Medium Risk
C01863,24,F,Jaipur,Business Owner,49828.19,Gold,250000,2021-12-10,15,32,366243.51,3,2,4,324,Regular,11445.1096875,366243.51,1.0,732487.02,False,1,Premium,High Risk
C01864,37,M,Delhi,Business Owner,80094.99,Platinum,500000,2022-03-24,19,33,207242.56,3,2,1,321,Regular,6280.077575757576,207242.56,0.41448512,414485.12,False,0,Mid Value,Low Risk
C01865,36,F,Kolkata,Salaried,61522.5,Silver,100000,2021-06-22,2,37,365382.2,5,4,4,544,Champions,9875.194594594595,365382.2,1.0,730764.4,False,1,Premium,High Risk
C01866,46,M,Jaipur,Retired,57320.26,Gold,250000,2021-11-12,13,47,468366.85,3,5,5,355,Loyal,9965.252127659574,468366.85,1.0,936733.7,False,1,Premium,High Risk
C01867,48,F,Jaipur,Student,54156.84,Platinum,500000,2021-07-04,3,28,209452.81,5,1,1,511,New,7480.4574999999995,209452.81,0.41890562,418905.62,False,0,Mid Value,Low Risk
C01868,37,M,Bangalore,Salaried,78294.27,Gold,250000,2022-07-22,1,40,286502.23,5,5,2,552,Loyal,7162.5557499999995,286502.23,1.0,573004.46,False,2,Low Value,High Risk
C01869,52,F,Ahmedabad,Salaried,66109.81,Silver,100000,2019-07-15,24,48,484720.78,2,5,5,255,Regular,10098.349583333335,484720.78,1.0,969441.56,False,1,Premium,High Risk
C01870,44,M,Bangalore,Salaried,23904.08,Platinum,500000,2021-07-22,24,30,213606.6,2,2,1,221,At Risk,7120.22,213606.6,0.4272132,427213.2,False,0,Mid Value,Low Risk
C01871,56,M,Mumbai,Salaried,101053.8,Gold,250000,2020-11-22,13,34,386779.44,3,3,4,334,Loyal,11375.86588235294,386779.44,1.0,773558.8799999999,False,1,Premium,High Risk
C01872,41,M,Chennai,Self Employed,45804.63,Platinum,500000,2024-05-21,8,33,256987.41,4,2,2,422,New,7787.4972727272725,256987.41,0.51397482,513974.82,False,0,Mid Value,Medium Risk
C01873,56,M,Hyderabad,Salaried,60576.4,Silver,100000,2019-08-26,5,43,494382.21,5,5,5,555,Champions,11497.26069767442,494382.21,1.0,988764.42,False,1,Premium,High Risk
C01874,50,F,Lucknow,Business Owner,77805.55,Platinum,500000,2020-09-09,2,32,251048.25,5,2,2,522,New,7845.2578125,251048.25,0.5020965,502096.5,False,0,Mid Value,Medium Risk
C01875,46,M,Ahmedabad,Business Owner,79946.29,Platinum,500000,2022-11-21,18,34,294992.44,3,3,3,333,Loyal,8676.248235294117,294992.44,0.58998488,589984.88,False,0,Mid Value,Medium Risk
C01876,37,M,Ahmedabad,Business Owner,97511.3,Platinum,500000,2024-02-14,23,36,395132.95,2,4,5,245,Regular,10975.915277777778,395132.95,0.7902659000000001,790265.9,False,1,Premium,Medium Risk
C01877,35,M,Lucknow,Retired,52856.48,Signature,1000000,2020-04-23,24,46,318287.83,2,5,3,253,Regular,6919.3006521739135,318287.83,0.31828783,636575.66,False,0,Mid Value,Low Risk
C01878,38,F,Pune,Salaried,98985.14,Silver,100000,2022-04-06,26,35,239962.76,2,3,1,231,Regular,6856.0788571428575,239962.76,1.0,479925.52,False,2,Low Value,High Risk
C01879,45,F,Kolkata,Business Owner,58148.59,Silver,100000,2022-07-26,16,37,289484.71,3,4,2,342,Loyal,7823.911081081082,289484.71,1.0,578969.42,False,2,Low Value,High Risk
C01880,40,M,Ahmedabad,Salaried,79271.41,Gold,250000,2024-05-22,21,40,231925.32,2,5,1,251,Regular,5798.133,231925.32,0.9277012800000001,463850.64,False,2,Low Value,High Risk
C01881,43,F,Chennai,Salaried,127278.91,Platinum,500000,2019-07-05,7,35,339279.45,4,3,4,434,Loyal,9693.698571428571,339279.45,0.6785589000000001,678558.9,False,0,Mid Value,Medium Risk
C01882,27,M,Delhi,Retired,38868.86,Silver,100000,2020-06-04,49,30,446684.23,1,2,5,125,At Risk,14889.474333333334,446684.23,1.0,893368.46,False,1,Premium,High Risk
C01883,21,M,Jaipur,Business Owner,15000.0,Gold,250000,2023-01-26,11,36,306182.98,4,4,3,443,Loyal,8505.082777777778,306182.98,1.0,612365.96,False,2,Low Value,High Risk
C01884,37,M,Chennai,Business Owner,106654.14,Silver,100000,2023-08-04,5,32,338479.64,5,2,4,524,New,10577.48875,338479.64,1.0,676959.28,False,1,Premium,High Risk
C01885,27,F,Kolkata,Salaried,120599.54,Platinum,500000,2020-08-10,24,40,426082.54,2,5,5,255,Regular,10652.0635,426082.54,0.8521650799999999,852165.0800000001,False,1,Premium,High Risk
C01886,32,M,Lucknow,Salaried,49295.77,Platinum,500000,2019-03-16,23,41,431518.69,2,5,5,255,Regular,10524.846097560976,431518.69,0.86303738,863037.38,False,1,Premium,High Risk
C01887,47,F,Hyderabad,Salaried,72642.96,Silver,100000,2019-09-11,18,36,260190.19999999998,3,4,2,342,Loyal,7227.5055555555555,260190.19999999998,1.0,520380.4,False,2,Low Value,High Risk
C01888,24,F,Delhi,Salaried,52191.24,Silver,100000,2020-02-01,1,35,254820.85,5,3,2,532,Loyal,7280.595714285714,254820.85,1.0,509641.7,False,2,Low Value,High Risk
C01889,28,M,Hyderabad,Salaried,84586.64,Platinum,500000,2023-08-23,5,34,199996.78,5,3,1,531,Loyal,5882.258235294117,199996.78,0.39999355999999997,399993.55999999994,False,0,Mid Value,Low Risk
C01890,47,M,Lucknow,Business Owner,145851.41,Silver,100000,2022-10-11,1,34,438892.2,5,3,5,535,Loyal,12908.594117647059,438892.2,1.0,877784.4,False,1,Premium,High Risk
C01891,42,F,Hyderabad,Salaried,44788.55,Silver,100000,2023-07-20,38,28,262377.67,1,1,2,112,At Risk,9370.63107142857,262377.67,1.0,524755.34,False,3,High Value,High Risk
C01892,33,F,Mumbai,Self Employed,52044.44,Silver,100000,2023-06-28,44,33,260161.93,1,2,2,122,At Risk,7883.694848484848,260161.93,1.0,520323.86,False,3,High Value,High Risk
C01893,63,M,Lucknow,Retired,73232.8,Platinum,500000,2019-03-09,25,31,304941.15,2,2,3,223,At Risk,9836.811290322581,304941.15,0.6098823000000001,609882.3,False,0,Mid Value,Medium Risk
C01894,52,F,Kolkata,Salaried,62503.19,Gold,250000,2020-04-04,24,38,364800.84,2,4,4,244,Regular,9600.022105263159,364800.84,1.0,729601.68,False,1,Premium,High Risk
C01895,53,M,Ahmedabad,Salaried,76543.41,Gold,250000,2022-10-06,9,33,304393.77,4,2,3,423,New,9224.053636363637,304393.77,1.0,608787.54,False,2,Low Value,High Risk
C01896,30,M,Jaipur,Business Owner,28691.15,Silver,100000,2020-09-17,5,31,223021.61000000002,5,2,1,521,New,7194.245483870968,223021.61000000002,1.0,446043.22000000003,False,2,Low Value,High Risk
C01897,31,M,Jaipur,Self Employed,15000.0,Silver,100000,2022-01-12,54,43,542398.28,1,5,5,155,Regular,12613.913488372094,542398.28,1.0,1084796.56,False,1,Premium,High Risk
C01898,28,M,Kolkata,Salaried,28996.55,Silver,100000,2023-12-24,14,38,398750.54,3,4,5,345,Loyal,10493.435263157895,398750.54,1.0,797501.0800000001,False,1,Premium,High Risk
C01899,43,M,Mumbai,Salaried,45993.32,Platinum,500000,2019-01-04,31,34,299948.45999999996,2,3,3,233,Regular,8822.013529411764,299948.45999999996,0.59989692,599896.9199999999,False,0,Mid Value,Medium Risk
C01900,27,F,Mumbai,Retired,53419.21,Silver,100000,2024-05-29,29,37,377372.43,2,4,4,244,Regular,10199.254864864864,377372.43,1.0,754744.86,False,1,Premium,High Risk
C01901,45,F,Bangalore,Salaried,99055.26,Gold,250000,2023-09-25,1,40,497823.37,5,5,5,555,Champions,12445.58425,497823.37,1.0,995646.74,False,1,Premium,High Risk
C01902,61,M,Bangalore,Salaried,73034.29,Gold,250000,2023-02-14,28,36,286127.85,2,4,2,242,Regular,7947.9958333333325,286127.85,1.0,572255.7,False,2,Low Value,High Risk
C01903,21,M,Jaipur,Salaried,92585.45,Platinum,500000,2023-07-31,6,36,370780.47000000003,4,4,4,444,Champions,10299.4575,370780.47000000003,0.7415609400000001,741560.9400000001,False,1,Premium,Medium Risk
C01904,63,M,Ahmedabad,Self Employed,60000.55,Signature,1000000,2022-02-27,38,35,292867.73,1,3,3,133,Regular,8367.649428571429,292867.73,0.29286773,585735.46,False,0,Mid Value,Low Risk
C01905,36,M,Pune,Salaried,49455.64,Platinum,500000,2020-04-24,34,33,282134.1,2,2,2,222,At Risk,8549.51818181818,282134.1,0.5642682,564268.2,False,0,Mid Value,Medium Risk
C01906,51,F,Kolkata,Student,67171.93,Signature,1000000,2024-04-04,8,37,350756.31,4,4,4,444,Champions,9479.900270270271,350756.31,0.35075631,701512.6200000001,False,0,Mid Value,Low Risk
C01907,47,M,Kolkata,Business Owner,87515.11,Gold,250000,2019-07-13,3,32,375389.51,5,2,4,524,New,11730.9221875,375389.51,1.0,750779.02,False,1,Premium,High Risk
C01908,63,F,Chennai,Retired,56942.55,Gold,250000,2024-04-06,8,24,241801.63,4,1,1,411,New,10075.067916666667,241801.63,0.9672065200000001,483603.26,False,2,Low Value,High Risk
C01909,23,M,Lucknow,Self Employed,57020.21,Silver,100000,2023-12-15,7,35,298648.04000000004,4,3,3,433,Loyal,8532.801142857144,298648.04000000004,1.0,597296.0800000001,False,2,Low Value,High Risk
C01910,31,M,Pune,Business Owner,81773.68,Gold,250000,2021-09-22,30,36,471724.82,2,4,5,245,Regular,13103.467222222222,471724.82,1.0,943449.6399999999,False,1,Premium,High Risk
C01911,42,M,Bangalore,Retired,81001.83,Gold,250000,2019-02-20,20,34,414000.59,2,3,5,235,Regular,12176.48794117647,414000.59,1.0,828001.1799999999,False,1,Premium,High Risk
C01912,58,M,Pune,Salaried,110958.58,Gold,250000,2024-04-09,8,42,334656.3,4,5,4,454,Champions,7968.007142857143,334656.3,1.0,669312.6,False,2,Low Value,High Risk
C01913,29,M,Ahmedabad,Salaried,99377.79,Silver,100000,2021-01-23,74,25,163949.0,1,1,1,111,At Risk,6557.96,163949.0,1.0,327898.0,False,3,High Value,High Risk
C01914,37,M,Ahmedabad,Salaried,62510.33,Gold,250000,2022-02-16,49,30,295670.08999999997,1,2,3,123,At Risk,9855.669666666665,295670.08999999997,1.0,591340.1799999999,False,3,High Value,High Risk
C01915,48,F,Pune,Salaried,100888.13,Gold,250000,2021-03-24,5,41,282987.64,5,5,2,552,Loyal,6902.1375609756105,282987.64,1.0,565975.28,False,2,Low Value,High Risk
C01916,62,F,Kolkata,Salaried,129474.11,Platinum,500000,2024-02-17,6,34,357379.13,4,3,4,434,Loyal,10511.150882352942,357379.13,0.71475826,714758.26,False,1,Premium,Medium Risk
C01917,30,F,Bangalore,Self Employed,45076.42,Silver,100000,2020-10-15,10,34,331101.72000000003,4,3,3,433,Loyal,9738.285882352942,331101.72000000003,1.0,662203.4400000001,False,2,Low Value,High Risk
C01918,54,M,Lucknow,Salaried,60208.37,Platinum,500000,2019-05-09,12,32,193670.62,3,2,1,321,Regular,6052.206875,193670.62,0.38734124,387341.24,False,0,Mid Value,Low Risk
C01919,40,M,Lucknow,Self Employed,87879.54,Silver,100000,2022-09-15,7,27,258252.0,4,1,2,412,New,9564.888888888889,258252.0,1.0,516504.0,False,2,Low Value,High Risk
C01920,31,M,Hyderabad,Salaried,79360.32,Gold,250000,2019-07-09,16,43,438123.76,3,5,5,355,Loyal,10188.924651162792,438123.76,1.0,876247.5200000001,False,1,Premium,High Risk
C01921,55,M,Mumbai,Business Owner,82527.55,Gold,250000,2023-08-15,23,39,340357.95,2,4,4,244,Regular,8727.126923076923,340357.95,1.0,680715.9,False,1,Premium,High Risk
C01922,30,M,Lucknow,Student,26766.95,Silver,100000,2022-06-02,1,35,332736.53,5,3,4,534,Loyal,9506.758000000002,332736.53,1.0,665473.06,False,2,Low Value,High Risk
C01923,54,F,Kolkata,Business Owner,79246.64,Signature,1000000,2023-06-06,30,42,428461.59,2,5,5,255,Regular,10201.46642857143,428461.59,0.42846159,856923.18,False,1,Premium,Low Risk
C01924,25,M,Delhi,Self Employed,102130.61,Silver,100000,2019-11-16,49,34,216381.56,1,3,1,131,Regular,6364.163529411765,216381.56,1.0,432763.12,False,2,Low Value,High Risk
C01925,26,F,Ahmedabad,Salaried,55317.57,Silver,100000,2021-09-25,2,42,401480.5,5,5,5,555,Champions,9559.059523809523,401480.5,1.0,802960.9999999999,False,1,Premium,High Risk
C01926,35,M,Mumbai,Business Owner,15000.0,Gold,250000,2021-12-06,7,33,283012.27,4,2,2,422,New,8576.129393939395,283012.27,1.0,566024.54,False,2,Low Value,High Risk
C01927,53,F,Jaipur,Salaried,83745.65,Gold,250000,2023-11-17,11,37,265948.62,4,4,2,442,Loyal,7187.80054054054,265948.62,1.0,531897.24,False,2,Low Value,High Risk
C01928,58,M,Jaipur,Self Employed,107182.03,Silver,100000,2022-09-04,6,40,451655.46,4,5,5,455,Champions,11291.3865,451655.46,1.0,903310.92,False,1,Premium,High Risk
C01929,33,M,Chennai,Student,15000.0,Gold,250000,2022-02-26,46,23,125582.06,1,1,1,111,At Risk,5460.089565217391,125582.06,0.50232824,251164.12,False,0,Mid Value,Medium Risk
C01930,42,M,Bangalore,Self Employed,30358.31,Gold,250000,2021-04-05,11,35,329105.06,4,3,3,433,Loyal,9403.001714285714,329105.06,1.0,658210.12,False,2,Low Value,High Risk
C01931,49,F,Lucknow,Salaried,102918.56,Silver,100000,2019-05-13,4,28,157180.59,5,1,1,511,New,5613.5925,157180.59,1.0,314361.18,False,2,Low Value,High Risk
C01932,42,F,Ahmedabad,Student,84278.98,Gold,250000,2023-10-06,21,32,257641.68,2,2,2,222,At Risk,8051.3025,257641.68,1.0,515283.36,False,2,Low Value,High Risk
C01933,51,F,Kolkata,Self Employed,94234.19,Signature,1000000,2020-11-10,5,28,232128.40000000002,5,1,1,511,New,8290.300000000001,232128.40000000002,0.2321284,464256.80000000005,False,0,Mid Value,Low Risk
C01934,60,F,Mumbai,Student,68830.27,Platinum,500000,2021-05-04,8,31,252656.77000000002,4,2,2,422,New,8150.218387096775,252656.77000000002,0.5053135400000001,505313.54000000004,False,0,Mid Value,Medium Risk
C01935,51,F,Mumbai,Salaried,91937.1,Gold,250000,2023-05-11,18,36,397140.13,3,4,5,345,Loyal,11031.670277777777,397140.13,1.0,794280.26,False,1,Premium,High Risk
C01936,46,M,Jaipur,Business Owner,27472.19,Silver,100000,2020-03-16,13,39,310793.06,3,4,3,343,Loyal,7969.05282051282,310793.06,1.0,621586.12,False,2,Low Value,High Risk
C01937,21,M,Ahmedabad,Business Owner,114902.7,Gold,250000,2021-06-22,61,32,320438.0,1,2,3,123,At Risk,10013.6875,320438.0,1.0,640876.0,False,3,High Value,High Risk
C01938,61,M,Kolkata,Salaried,67674.76,Gold,250000,2020-04-17,46,33,308868.94,1,2,3,123,At Risk,9359.664848484848,308868.94,1.0,617737.88,False,3,High Value,High Risk
C01939,49,M,Ahmedabad,Salaried,72743.92,Gold,250000,2024-06-03,10,39,404536.89,4,4,5,445,Champions,10372.74076923077,404536.89,1.0,809073.78,False,1,Premium,High Risk
C01940,27,F,Jaipur,Salaried,57810.17,Silver,100000,2023-03-30,9,31,180817.26,4,2,1,421,New,5832.814838709678,180817.26,1.0,361634.52,False,2,Low Value,High Risk
C01941,26,F,Delhi,Salaried,76090.0,Silver,100000,2021-08-16,16,35,268721.84,3,3,2,332,Loyal,7677.766857142858,268721.84,1.0,537443.68,False,2,Low Value,High Risk
C01942,41,F,Pune,Salaried,48206.46,Gold,250000,2022-06-01,15,33,419279.85000000003,3,2,5,325,Regular,12705.45,419279.85000000003,1.0,838559.7000000001,False,1,Premium,High Risk
C01943,24,M,Bangalore,Salaried,109145.04,Signature,1000000,2023-03-05,4,35,401204.6,5,3,5,535,Loyal,11462.98857142857,401204.6,0.40120459999999997,802409.2,False,0,Mid Value,Low Risk
C01944,49,M,Mumbai,Business Owner,74055.29,Gold,250000,2019-11-17,33,31,218348.32,2,2,1,221,At Risk,7043.494193548388,218348.32,0.87339328,436696.64,False,2,Low Value,High Risk
C01945,42,F,Hyderabad,Business Owner,75613.21,Silver,100000,2023-11-19,25,43,403406.13,2,5,5,255,Regular,9381.537906976744,403406.13,1.0,806812.26,False,1,Premium,High Risk
C01946,31,M,Bangalore,Salaried,81652.74,Signature,1000000,2020-01-03,11,31,222915.41,4,2,1,421,New,7190.819677419355,222915.41,0.22291541,445830.82,False,0,Mid Value,Low Risk
C01947,48,M,Bangalore,Student,99631.86,Platinum,500000,2022-04-23,4,33,300130.86,5,2,3,523,New,9094.874545454544,300130.86,0.60026172,600261.72,False,0,Mid Value,Medium Risk
C01948,30,F,Lucknow,Salaried,46731.81,Gold,250000,2023-07-11,4,39,293873.36,5,4,3,543,Loyal,7535.214358974358,293873.36,1.0,587746.72,False,2,Low Value,High Risk
C01949,46,M,Ahmedabad,Salaried,68903.22,Gold,250000,2022-09-17,7,35,319040.81,4,3,3,433,Loyal,9115.451714285715,319040.81,1.0,638081.62,False,2,Low Value,High Risk
C01950,50,M,Mumbai,Student,127112.06,Silver,100000,2020-01-14,6,43,378853.54,4,5,4,454,Champions,8810.547441860464,378853.54,1.0,757707.08,False,1,Premium,High Risk
C01951,61,F,Pune,Student,124275.25,Silver,100000,2023-12-19,1,40,460659.45999999996,5,5,5,555,Champions,11516.486499999999,460659.45999999996,1.0,921318.9199999999,False,1,Premium,High Risk
C01952,57,M,Lucknow,Salaried,45299.59,Gold,250000,2020-01-24,34,30,221573.0,2,2,1,221,At Risk,7385.766666666666,221573.0,0.886292,443146.0,False,2,Low Value,High Risk
C01953,35,M,Mumbai,Self Employed,52356.72,Silver,100000,2019-01-19,24,36,326004.36,2,4,3,243,Regular,9055.676666666666,326004.36,1.0,652008.72,False,2,Low Value,High Risk
C01954,49,M,Pune,Retired,75780.57,Gold,250000,2021-12-11,7,39,316486.93,4,4,3,443,Loyal,8115.049487179487,316486.93,1.0,632973.86,False,2,Low Value,High Risk
C01955,27,F,Jaipur,Salaried,97210.54,Gold,250000,2019-08-14,19,29,240694.83,3,1,1,311,Regular,8299.82172413793,240694.83,0.96277932,481389.6599999999,False,2,Low Value,High Risk
C01956,43,F,Mumbai,Student,85502.65,Silver,100000,2019-06-10,2,34,230443.50999999998,5,3,1,531,Loyal,6777.750294117646,230443.50999999998,1.0,460887.01999999996,False,2,Low Value,High Risk
C01957,52,M,Chennai,Salaried,65739.75,Gold,250000,2021-05-15,22,40,283501.32,2,5,2,252,Regular,7087.533,283501.32,1.0,567002.64,False,2,Low Value,High Risk
C01958,58,M,Lucknow,Self Employed,76346.86,Platinum,500000,2023-06-29,14,33,291381.12,3,2,2,322,Regular,8829.73090909091,291381.12,0.58276224,582762.24,False,0,Mid Value,Medium Risk
C01959,61,M,Ahmedabad,Student,45629.27,Silver,100000,2023-11-23,8,33,162570.89,4,2,1,421,New,4926.390606060607,162570.89,1.0,325141.78,False,2,Low Value,High Risk
C01960,61,M,Bangalore,Salaried,35170.88,Silver,100000,2022-05-27,8,39,431790.93,4,4,5,445,Champions,11071.562307692308,431790.93,1.0,863581.86,False,1,Premium,High Risk
C01961,36,M,Lucknow,Salaried,82330.84,Gold,250000,2020-05-09,14,35,305600.3,3,3,3,333,Loyal,8731.437142857143,305600.3,1.0,611200.6,False,2,Low Value,High Risk
C01962,35,M,Delhi,Student,93249.43,Gold,250000,2020-12-28,14,30,189841.83,3,2,1,321,Regular,6328.061,189841.83,0.75936732,379683.66,False,2,Low Value,Medium Risk
C01963,56,M,Ahmedabad,Salaried,81999.9,Gold,250000,2023-01-23,30,28,319436.24,2,1,3,213,At Risk,11408.437142857143,319436.24,1.0,638872.48,False,3,High Value,High Risk
C01964,34,M,Hyderabad,Salaried,74975.77,Silver,100000,2019-11-13,14,28,292771.44,3,1,3,313,Regular,10456.122857142856,292771.44,1.0,585542.88,False,2,Low Value,High Risk
C01965,56,F,Kolkata,Salaried,54865.25,Gold,250000,2020-02-07,11,42,426146.88,4,5,5,455,Champions,10146.354285714286,426146.88,1.0,852293.76,False,1,Premium,High Risk
C01966,39,M,Mumbai,Salaried,55006.12,Platinum,500000,2020-07-01,8,36,357020.42,4,4,4,444,Champions,9917.233888888888,357020.42,0.71404084,714040.84,False,1,Premium,Medium Risk
C01967,63,F,Kolkata,Salaried,83602.66,Gold,250000,2020-12-01,7,39,297218.27,4,4,3,443,Loyal,7620.9812820512825,297218.27,1.0,594436.54,False,2,Low Value,High Risk
C01968,49,F,Kolkata,Business Owner,92343.07,Silver,100000,2019-10-21,83,33,318440.02,1,2,3,123,At Risk,9649.697575757576,318440.02,1.0,636880.04,False,3,High Value,High Risk
C01969,43,M,Kolkata,Business Owner,94677.19,Signature,1000000,2023-07-08,40,29,245179.99000000002,1,1,2,112,At Risk,8454.482413793105,245179.99000000002,0.24517999000000001,490359.98000000004,False,0,Mid Value,Low Risk
C01970,56,M,Ahmedabad,Salaried,30653.68,Signature,1000000,2021-06-29,29,41,354961.0,2,5,4,254,Regular,8657.585365853658,354961.0,0.354961,709922.0,False,0,Mid Value,Low Risk
C01971,26,M,Jaipur,Salaried,51672.66,Gold,250000,2021-02-19,24,25,257517.58,2,1,2,212,At Risk,10300.7032,257517.58,1.0,515035.16,False,2,Low Value,High Risk
C01972,21,F,Mumbai,Business Owner,58390.36,Platinum,500000,2022-06-06,35,38,328197.26,1,4,3,143,Regular,8636.77,328197.26,0.65639452,656394.52,False,0,Mid Value,Medium Risk
C01973,56,M,Mumbai,Student,52809.07,Silver,100000,2020-01-17,75,38,428150.82,1,4,5,145,Regular,11267.126842105263,428150.82,1.0,856301.64,False,3,High Value,High Risk
C01974,49,F,Pune,Self Employed,97307.55,Silver,100000,2023-07-27,17,35,289397.53,3,3,2,332,Loyal,8268.500857142857,289397.53,1.0,578795.0599999999,False,2,Low Value,High Risk
C01975,27,F,Hyderabad,Self Employed,46745.57,Silver,100000,2024-05-09,16,29,316877.77,3,1,3,313,Regular,10926.819655172414,316877.77,1.0,633755.54,False,2,Low Value,High Risk
C01976,49,F,Chennai,Salaried,48981.21,Platinum,500000,2023-04-26,23,32,326165.65,2,2,3,223,At Risk,10192.6765625,326165.65,0.6523313000000001,652331.3,False,0,Mid Value,Medium Risk
C01977,35,F,Mumbai,Salaried,67921.07,Platinum,500000,2022-06-08,31,35,219604.63999999998,2,3,1,231,Regular,6274.418285714285,219604.63999999998,0.43920928,439209.27999999997,False,0,Mid Value,Low Risk
C01978,36,M,Bangalore,Student,49594.94,Silver,100000,2021-07-14,18,39,293769.78,3,4,3,343,Loyal,7532.558461538462,293769.78,1.0,587539.56,False,2,Low Value,High Risk
C01979,25,M,Hyderabad,Retired,75591.99,Gold,250000,2021-01-07,6,43,424331.21,4,5,5,455,Champions,9868.167674418604,424331.21,1.0,848662.4199999999,False,1,Premium,High Risk
C01980,45,F,Hyderabad,Salaried,15000.0,Gold,250000,2023-05-08,16,38,283206.8,3,4,2,342,Loyal,7452.8105263157895,283206.8,1.0,566413.6,False,2,Low Value,High Risk
C01981,25,F,Bangalore,Salaried,33925.49,Signature,1000000,2021-07-27,44,26,160986.04,1,1,1,111,At Risk,6191.7707692307695,160986.04,0.16098604,321972.08,False,0,Mid Value,Low Risk
C01982,50,M,Hyderabad,Retired,114978.3,Silver,100000,2021-06-09,53,45,482919.53,1,5,5,155,Regular,10731.545111111112,482919.53,1.0,965839.0600000002,False,1,Premium,High Risk
C01983,43,F,Bangalore,Student,79564.25,Gold,250000,2019-01-04,1,34,419952.55,5,3,5,535,Loyal,12351.545588235294,419952.55,1.0,839905.1,False,1,Premium,High Risk
C01984,56,F,Hyderabad,Salaried,69372.37,Silver,100000,2021-07-02,25,40,480027.16000000003,2,5,5,255,Regular,12000.679,480027.16000000003,1.0,960054.3200000001,False,1,Premium,High Risk
C01985,50,F,Chennai,Business Owner,54604.47,Gold,250000,2019-11-26,15,36,308717.73,3,4,3,343,Loyal,8575.4925,308717.73,1.0,617435.46,False,2,Low Value,High Risk
C01986,60,M,Hyderabad,Self Employed,54461.04,Platinum,500000,2022-09-20,3,36,338375.08,5,4,4,544,Champions,9399.307777777778,338375.08,0.67675016,676750.16,False,0,Mid Value,Medium Risk
C01987,52,F,Ahmedabad,Salaried,49137.41,Platinum,500000,2022-05-05,31,28,244301.25,2,1,2,212,At Risk,8725.044642857143,244301.25,0.4886025,488602.5,False,0,Mid Value,Low Risk
C01988,28,M,Chennai,Business Owner,19910.86,Gold,250000,2020-02-09,61,37,296450.57,1,4,3,143,Regular,8012.177567567568,296450.57,1.0,592901.14,False,3,High Value,High Risk
C01989,62,F,Pune,Salaried,101854.5,Platinum,500000,2021-05-11,5,56,481035.56,5,5,5,555,Champions,8589.920714285714,481035.56,0.96207112,962071.12,False,1,Premium,High Risk
C01990,21,F,Lucknow,Salaried,112420.87,Signature,1000000,2020-10-29,13,35,269108.96,3,3,2,332,Loyal,7688.827428571429,269108.96,0.26910896,538217.92,False,0,Mid Value,Low Risk
C01991,35,M,Bangalore,Business Owner,81109.02,Gold,250000,2023-03-24,42,34,225493.65,1,3,1,131,Regular,6632.166176470588,225493.65,0.9019746,450987.3,False,2,Low Value,High Risk
C01992,49,M,Ahmedabad,Salaried,44294.89,Silver,100000,2024-01-11,5,47,406355.93,5,5,5,555,Champions,8645.87085106383,406355.93,1.0,812711.86,False,1,Premium,High Risk
C01993,57,M,Kolkata,Salaried,63645.06,Platinum,500000,2022-04-20,88,28,227636.59,1,1,1,111,At Risk,8129.878214285714,227636.59,0.45527318,455273.18,False,3,High Value,Low Risk
C01994,23,M,Bangalore,Business Owner,47804.8,Signature,1000000,2022-04-09,7,40,304896.25,4,5,3,453,Loyal,7622.40625,304896.25,0.30489625,609792.5,False,0,Mid Value,Low Risk
C01995,46,F,Ahmedabad,Business Owner,67314.79,Silver,100000,2019-02-17,10,37,412133.02999999997,4,4,5,445,Champions,11138.73054054054,412133.02999999997,1.0,824266.0599999999,False,1,Premium,High Risk
C01996,23,M,Jaipur,Business Owner,140461.67,Gold,250000,2024-03-06,11,29,239258.21000000002,4,1,1,411,New,8250.283103448277,239258.21000000002,0.9570328400000001,478516.42000000004,False,2,Low Value,High Risk
C01997,37,M,Ahmedabad,Salaried,89612.77,Platinum,500000,2021-11-16,40,35,247965.31,1,3,2,132,Regular,7084.723142857143,247965.31,0.49593062,495930.62,False,0,Mid Value,Low Risk
C01998,42,F,Ahmedabad,Salaried,74447.92,Silver,100000,2023-08-01,28,38,275077.29,2,4,2,242,Regular,7238.876052631578,275077.29,1.0,550154.58,False,2,Low Value,High Risk
C01999,41,F,Ahmedabad,Salaried,81756.44,Platinum,500000,2024-04-29,40,36,288460.93,1,4,2,142,Regular,8012.8036111111105,288460.93,0.57692186,576921.86,False,0,Mid Value,Medium Risk
C02000,62,M,Kolkata,Business Owner,38962.06,Silver,100000,2022-01-01,12,32,218772.57,3,2,1,321,Regular,6836.6428125,218772.57,1.0,437545.14,False,2,Low Value,High Risk
