customer_id,age,gender,city,occupation,annual_income,card_type,credit_limit,join_date
C00001,59,M,Bangalore,Salaried,53492.97,Platinum,500000,2021-11-10
C00002,31,M,Bangalore,Salaried,85462.99,Platinum,500000,2022-01-28
C00003,22,M,Lucknow,Business Owner,76992.86,Silver,100000,2021-08-13
C00004,64,F,Lucknow,Salaried,73539.84,Silver,100000,2020-04-19
C00005,36,M,Jaipur,Salaried,62468.68,Gold,250000,2024-03-14
C00006,27,M,Jaipur,Retired,65083.99,Silver,100000,2019-06-16
C00007,29,M,Delhi,Salaried,93375.78,Gold,250000,2021-02-14
C00008,60,M,Lucknow,Business Owner,36967.07,Platinum,500000,2021-10-18
C00009,49,M,Ahmedabad,Student,92154.0,Silver,100000,2023-10-17
C00010,38,M,Jaipur,Salaried,75141.05,Gold,250000,2021-03-02
C00011,21,M,Bangalore,Self Employed,68693.9,Gold,250000,2020-10-09
C00012,55,M,Hyderabad,Self Employed,61740.97,Platinum,500000,2020-01-14
C00013,48,M,Ahmedabad,Self Employed,79937.9,Silver,100000,2021-12-07
C00014,64,M,Kolkata,Retired,99266.35,Gold,250000,2023-04-20
C00015,23,M,Lucknow,Salaried,80841.87,Platinum,500000,2021-05-20
C00016,33,F,Chennai,Business Owner,116141.1,Silver,100000,2021-05-13
C00017,24,M,Hyderabad,Salaried,63409.84,Gold,250000,2022-04-09
C00018,42,F,Jaipur,Salaried,80713.38,Platinum,500000,2020-11-12
C00019,48,M,Hyderabad,Student,54107.19,Platinum,500000,2022-09-16
C00020,59,M,Jaipur,Student,85398.02,Signature,1000000,2022-11-09
C00021,61,M,Bangalore,Salaried,43890.85,Gold,250000,2019-11-14
C00022,44,M,Ahmedabad,Self Employed,54800.7,Signature,1000000,2022-10-29
C00023,32,F,Delhi,Retired,69443.48,Silver,100000,2023-07-07
C00024,48,F,Bangalore,Self Employed,19794.86,Silver,100000,2023-10-26
C00025,64,F,Delhi,Self Employed,128951.04,Gold,250000,2023-01-02
C00026,44,F,Delhi,Salaried,15000.0,Gold,250000,2023-06-22
C00027,26,M,Bangalore,Student,93690.18,Silver,100000,2024-05-09
C00028,40,F,Ahmedabad,Salaried,82944.68,Gold,250000,2024-01-18
C00029,38,F,Lucknow,Salaried,84459.37,Platinum,500000,2024-05-23
C00030,36,M,Delhi,Salaried,97793.69,Platinum,500000,2021-10-13
C00031,32,M,Bangalore,Student,100014.57,Silver,100000,2022-06-10
C00032,53,F,Chennai,Student,74572.63,Gold,250000,2020-08-09
C00033,40,M,Mumbai,Business Owner,15000.0,Signature,1000000,2019-06-02
C00034,55,M,Chennai,Salaried,105058.94,Gold,250000,2023-09-01
C00035,41,F,Delhi,Business Owner,56124.19,Platinum,500000,2022-05-03
C00036,42,F,Pune,Salaried,36625.08,Silver,100000,2021-01-19
C00037,28,F,Delhi,Salaried,106281.46,Gold,250000,2019-10-11
C00038,39,F,Delhi,Retired,86138.8,Gold,250000,2022-04-30
C00039,50,F,Chennai,Salaried,66276.03,Signature,1000000,2022-01-27
C00040,41,M,Mumbai,Business Owner,92210.22,Silver,100000,2022-03-30
C00041,51,F,Delhi,Student,35568.4,Silver,100000,2020-05-04
C00042,29,F,Lucknow,Student,111688.08,Platinum,500000,2022-04-14
C00043,55,M,Chennai,Business Owner,89703.92,Silver,100000,2021-06-21
C00044,36,M,Mumbai,Salaried,26922.98,Silver,100000,2024-03-21
C00045,43,M,Lucknow,Student,33996.05,Silver,100000,2022-04-28
C00046,62,M,Kolkata,Business Owner,106041.41,Platinum,500000,2021-12-13
C00047,64,M,Bangalore,Business Owner,68570.69,Platinum,500000,2021-09-18
C00048,36,F,Bangalore,Self Employed,85560.83,Signature,1000000,2020-09-27
C00049,39,M,Jaipur,Self Employed,46224.38,Silver,100000,2019-04-27
C00050,21,M,Pune,Self Employed,66557.91,Silver,100000,2020-05-27
C00051,60,F,Pune,Self Employed,75515.67,Gold,250000,2020-12-04
C00052,23,M,Pune,Salaried,87336.91,Silver,100000,2023-08-07
C00053,34,M,Hyderabad,Salaried,90972.77,Silver,100000,2022-07-01
C00054,25,M,Lucknow,Retired,87996.9,Platinum,500000,2022-04-18
C00055,52,F,Mumbai,Salaried,82149.27,Silver,100000,2021-03-02
C00056,52,F,Bangalore,Business Owner,97292.15,Signature,1000000,2023-08-15
C00057,53,F,Lucknow,Salaried,84436.53,Gold,250000,2023-05-20
C00058,49,M,Bangalore,Business Owner,84011.72,Silver,100000,2023-06-19
C00059,43,M,Bangalore,Salaried,63756.33,Platinum,500000,2023-06-14
C00060,24,F,Ahmedabad,Self Employed,55209.97,Gold,250000,2023-07-08
C00061,41,F,Delhi,Self Employed,71522.32,Gold,250000,2021-07-08
C00062,56,M,Kolkata,Salaried,84838.0,Gold,250000,2019-04-06
C00063,33,M,Jaipur,Salaried,44121.55,Gold,250000,2024-03-19
C00064,39,F,Bangalore,Salaried,93717.82,Gold,250000,2020-01-31
C00065,27,F,Kolkata,Salaried,73107.04,Gold,250000,2023-03-10
C00066,32,M,Kolkata,Self Employed,78029.08,Silver,100000,2021-06-09
C00067,59,M,Bangalore,Student,69632.6,Silver,100000,2022-05-31
C00068,63,M,Lucknow,Student,43082.37,Platinum,500000,2021-01-20
C00069,37,M,Kolkata,Salaried,57000.9,Platinum,500000,2020-09-25
C00070,28,F,Delhi,Retired,76114.68,Gold,250000,2024-01-31
C00071,45,F,Pune,Self Employed,17701.44,Platinum,500000,2023-12-16
C00072,30,M,Mumbai,Business Owner,102084.34,Signature,1000000,2019-02-08
C00073,40,M,Delhi,Salaried,108134.15,Gold,250000,2019-07-09
C00074,53,F,Kolkata,Salaried,93125.89,Silver,100000,2019-05-14
C00075,41,M,Delhi,Business Owner,84208.82,Gold,250000,2022-06-10
C00076,23,F,Lucknow,Retired,71630.52,Signature,1000000,2024-05-30
C00077,28,M,Lucknow,Salaried,43733.15,Silver,100000,2022-02-19
C00078,48,M,Pune,Salaried,62954.55,Silver,100000,2019-02-10
C00079,29,M,Bangalore,Student,98512.72,Gold,250000,2021-07-13
C00080,38,F,Mumbai,Salaried,52692.89,Gold,250000,2020-12-09
C00081,50,F,Kolkata,Self Employed,67791.67,Platinum,500000,2019-08-12
C00082,45,F,Delhi,Business Owner,61533.36,Signature,1000000,2021-03-05
C00083,55,F,Kolkata,Business Owner,76560.49,Gold,250000,2023-07-27
C00084,57,M,Jaipur,Salaried,55468.73,Platinum,500000,2019-03-24
C00085,33,M,Ahmedabad,Salaried,79995.2,Platinum,500000,2019-02-03
C00086,54,M,Delhi,Business Owner,62262.94,Gold,250000,2021-02-09
C00087,25,F,Mumbai,Student,53102.24,Gold,250000,2022-06-06
C00088,59,F,Mumbai,Business Owner,146177.73,Silver,100000,2021-02-02
C00089,50,M,Ahmedabad,Retired,43942.54,Platinum,500000,2019-09-06
C00090,50,F,Chennai,Business Owner,73492.33,Gold,250000,2023-05-06
C00091,37,F,Mumbai,Salaried,18898.53,Gold,250000,2020-06-29
C00092,63,M,Jaipur,Business Owner,68333.57,Gold,250000,2024-06-17
C00093,36,F,Mumbai,Business Owner,36962.44,Silver,100000,2022-05-03
C00094,39,M,Pune,Salaried,84630.2,Platinum,500000,2023-01-29
C00095,21,M,Jaipur,Salaried,15000.0,Platinum,500000,2024-05-22
C00096,42,M,Delhi,Salaried,85388.24,Silver,100000,2019-12-16
C00097,21,M,Pune,Salaried,75445.21,Signature,1000000,2019-10-30
C00098,48,F,Lucknow,Salaried,46743.05,Gold,250000,2022-05-24
C00099,27,M,Lucknow,Salaried,96005.47,Platinum,500000,2023-03-12
C00100,35,M,Lucknow,Business Owner,84131.1,Silver,100000,2023-07-13
C00101,37,M,Jaipur,Self Employed,50602.81,Silver,100000,2019-05-25
C00102,23,M,Pune,Business Owner,37553.56,Gold,250000,2022-03-15
C00103,28,M,Lucknow,Business Owner,114383.02,Gold,250000,2020-09-04
C00104,26,M,Kolkata,Salaried,129584.09,Gold,250000,2022-08-05
C00105,24,M,Ahmedabad,Self Employed,93924.53,Silver,100000,2019-04-28
C00106,22,M,Kolkata,Salaried,74356.12,Gold,250000,2022-11-16
C00107,24,F,Pune,Business Owner,78392.72,Silver,100000,2020-07-12
C00108,31,M,Delhi,Salaried,15000.0,Signature,1000000,2021-04-24
C00109,30,F,Delhi,Salaried,129910.24,Silver,100000,2022-04-06
C00110,29,M,Pune,Salaried,129519.76,Platinum,500000,2024-06-17
C00111,50,F,Bangalore,Salaried,53207.74,Signature,1000000,2023-01-22
C00112,60,F,Ahmedabad,Student,115150.75,Platinum,500000,2023-05-15
C00113,57,M,Lucknow,Retired,55371.81,Silver,100000,2019-01-05
C00114,45,F,Ahmedabad,Salaried,57023.25,Platinum,500000,2019-03-30
C00115,34,M,Jaipur,Salaried,77505.71,Gold,250000,2020-07-28
C00116,22,M,Hyderabad,Salaried,94172.06,Gold,250000,2023-06-28
C00117,26,F,Delhi,Business Owner,106441.66,Gold,250000,2023-03-04
C00118,59,M,Delhi,Self Employed,43574.09,Gold,250000,2019-06-06
C00119,47,M,Chennai,Business Owner,115293.14,Platinum,500000,2021-05-14
C00120,35,M,Chennai,Self Employed,82061.03,Platinum,500000,2022-07-08
C00121,22,M,Kolkata,Student,70817.94,Gold,250000,2021-03-04
C00122,30,M,Lucknow,Retired,65946.99,Silver,100000,2022-03-03
C00123,32,F,Chennai,Retired,61934.97,Platinum,500000,2020-11-13
C00124,25,F,Delhi,Business Owner,56804.07,Signature,1000000,2024-02-07
C00125,29,F,Delhi,Salaried,117795.6,Signature,1000000,2023-10-16
C00126,41,M,Jaipur,Salaried,54663.53,Silver,100000,2020-02-24
C00127,60,F,Kolkata,Business Owner,22497.8,Platinum,500000,2019-07-21
C00128,55,F,Pune,Salaried,112464.48,Gold,250000,2020-06-20
C00129,38,M,Bangalore,Salaried,95215.82,Gold,250000,2021-08-12
C00130,45,M,Delhi,Salaried,68845.25,Gold,250000,2020-12-10
C00131,63,F,Pune,Salaried,39484.23,Signature,1000000,2020-11-19
C00132,60,M,Hyderabad,Salaried,85500.08,Gold,250000,2023-11-28
C00133,39,M,Ahmedabad,Business Owner,56559.19,Gold,250000,2023-02-09
C00134,21,M,Pune,Salaried,15000.0,Platinum,500000,2022-04-13
C00135,50,M,Bangalore,Salaried,34674.15,Silver,100000,2021-07-13
C00136,30,M,Hyderabad,Retired,76111.05,Platinum,500000,2019-06-11
C00137,52,M,Hyderabad,Self Employed,98070.35,Silver,100000,2021-01-28
C00138,28,F,Bangalore,Self Employed,108146.65,Silver,100000,2022-06-16
C00139,28,F,Chennai,Retired,62790.24,Platinum,500000,2022-02-17
C00140,41,F,Hyderabad,Business Owner,58755.38,Gold,250000,2021-04-02
C00141,53,F,Kolkata,Salaried,79783.99,Gold,250000,2020-05-28
C00142,62,F,Chennai,Business Owner,32466.59,Platinum,500000,2020-12-07
C00143,58,F,Pune,Self Employed,51180.68,Platinum,500000,2024-03-05
C00144,37,F,Hyderabad,Self Employed,107549.54,Platinum,500000,2020-09-23
C00145,37,F,Hyderabad,Salaried,138354.36,Platinum,500000,2024-06-08
C00146,42,M,Mumbai,Salaried,15000.0,Platinum,500000,2019-01-04
C00147,31,M,Delhi,Salaried,73619.42,Platinum,500000,2019-02-10
C00148,58,M,Pune,Salaried,109362.76,Platinum,500000,2023-06-11
C00149,51,M,Delhi,Salaried,77680.89,Gold,250000,2021-03-31
C00150,48,M,Pune,Self Employed,99480.73,Platinum,500000,2023-05-01
C00151,56,M,Bangalore,Retired,63249.82,Signature,1000000,2019-07-06
C00152,44,M,Lucknow,Salaried,106227.77,Signature,1000000,2019-03-10
C00153,40,F,Mumbai,Business Owner,78506.74,Platinum,500000,2023-03-11
C00154,22,M,Delhi,Business Owner,61581.52,Silver,100000,2020-12-13
C00155,63,F,Bangalore,Salaried,41659.28,Silver,100000,2023-03-02
C00156,54,M,Delhi,Salaried,139087.36,Silver,100000,2023-06-25
C00157,30,F,Ahmedabad,Business Owner,76525.24,Silver,100000,2023-06-04
C00158,37,F,Ahmedabad,Salaried,128376.14,Gold,250000,2020-01-09
C00159,45,M,Lucknow,Business Owner,110645.36,Silver,100000,2023-04-11
C00160,37,M,Hyderabad,Salaried,100859.28,Silver,100000,2021-09-07
C00161,27,F,Chennai,Student,83399.19,Signature,1000000,2020-12-27
C00162,38,M,Ahmedabad,Salaried,63601.83,Gold,250000,2020-09-06
C00163,54,M,Ahmedabad,Business Owner,72389.74,Gold,250000,2021-09-09
C00164,49,F,Lucknow,Student,100399.48,Gold,250000,2022-11-21
C00165,22,M,Delhi,Salaried,91401.99,Platinum,500000,2021-11-28
C00166,64,M,Jaipur,Self Employed,71410.52,Gold,250000,2023-01-03
C00167,45,M,Ahmedabad,Salaried,78609.22,Platinum,500000,2023-09-09
C00168,24,M,Delhi,Retired,15000.0,Platinum,500000,2019-10-20
C00169,35,F,Kolkata,Self Employed,15000.0,Gold,250000,2022-03-09
C00170,63,F,Ahmedabad,Business Owner,33778.13,Gold,250000,2021-03-17
C00171,33,F,Lucknow,Salaried,65524.33,Platinum,500000,2022-08-26
C00172,46,F,Pune,Student,50217.6,Silver,100000,2020-05-20
C00173,43,F,Bangalore,Salaried,112615.13,Gold,250000,2019-08-04
C00174,45,F,Jaipur,Salaried,52877.61,Gold,250000,2024-04-17
C00175,48,F,Ahmedabad,Retired,51861.17,Platinum,500000,2019-06-19
C00176,31,M,Pune,Salaried,69071.48,Silver,100000,2021-09-10
C00177,25,F,Kolkata,Retired,71367.76,Signature,1000000,2023-09-08
C00178,60,F,Lucknow,Business Owner,51070.24,Platinum,500000,2019-11-14
C00179,60,M,Ahmedabad,Salaried,90456.74,Silver,100000,2022-07-09
C00180,61,F,Lucknow,Salaried,125401.22,Silver,100000,2020-07-10
C00181,47,M,Hyderabad,Salaried,50524.26,Platinum,500000,2021-04-05
C00182,52,F,Mumbai,Student,84416.86,Silver,100000,2023-08-21
C00183,34,F,Delhi,Business Owner,45676.72,Silver,100000,2023-03-29
C00184,60,M,Bangalore,Salaried,95867.89,Silver,100000,2020-11-30
C00185,39,M,Kolkata,Salaried,77481.51,Signature,1000000,2024-01-29
C00186,24,M,Delhi,Self Employed,117323.6,Silver,100000,2020-04-28
C00187,37,F,Chennai,Business Owner,15701.23,Gold,250000,2019-07-29
C00188,32,F,Bangalore,Salaried,98950.45,Silver,100000,2021-06-25
C00189,43,M,Hyderabad,Business Owner,18970.19,Signature,1000000,2022-01-27
C00190,49,F,Chennai,Self Employed,57805.21,Gold,250000,2021-06-02
C00191,47,M,Bangalore,Salaried,15000.0,Silver,100000,2021-07-22
C00192,45,F,Ahmedabad,Salaried,52999.92,Platinum,500000,2023-12-15
C00193,45,M,Hyderabad,Business Owner,80281.76,Platinum,500000,2023-09-06
C00194,64,F,Chennai,Self Employed,83702.6,Silver,100000,2024-01-26
C00195,45,M,Pune,Business Owner,27216.23,Gold,250000,2024-05-21
C00196,22,F,Delhi,Salaried,88184.95,Platinum,500000,2020-01-30
C00197,38,M,Jaipur,Student,41889.34,Signature,1000000,2019-06-15
C00198,58,M,Ahmedabad,Salaried,118564.06,Signature,1000000,2021-02-17
C00199,32,F,Mumbai,Salaried,142060.79,Platinum,500000,2020-12-14
C00200,22,M,Delhi,Student,69321.91,Gold,250000,2023-11-04
C00201,46,F,Mumbai,Salaried,39951.4,Gold,250000,2023-09-06
C00202,64,M,Pune,Business Owner,61566.99,Silver,100000,2024-06-17
C00203,29,F,Chennai,Salaried,71788.91,Platinum,500000,2022-07-11
C00204,27,M,Lucknow,Self Employed,50591.9,Gold,250000,2019-07-27
C00205,23,M,Bangalore,Salaried,120569.45,Gold,250000,2023-03-28
C00206,56,F,Hyderabad,Salaried,56191.14,Platinum,500000,2023-10-23
C00207,64,M,Bangalore,Salaried,121826.3,Silver,100000,2022-10-07
C00208,55,M,Delhi,Student,83089.71,Silver,100000,2024-05-27
C00209,50,M,Chennai,Business Owner,67247.22,Platinum,500000,2021-03-15
C00210,52,F,Chennai,Student,85083.69,Gold,250000,2022-06-27
C00211,54,F,Bangalore,Business Owner,87993.52,Signature,1000000,2019-07-05
C00212,60,M,Ahmedabad,Salaried,104006.4,Platinum,500000,2023-10-27
C00213,50,M,Pune,Business Owner,53490.85,Signature,1000000,2020-01-10
C00214,34,F,Pune,Self Employed,49851.3,Gold,250000,2022-01-12
C00215,45,M,Hyderabad,Business Owner,31159.56,Platinum,500000,2024-05-29
C00216,31,M,Lucknow,Salaried,104824.8,Platinum,500000,2020-09-21
C00217,32,F,Jaipur,Salaried,62222.49,Silver,100000,2023-09-03
C00218,40,F,Kolkata,Business Owner,107010.61,Gold,250000,2022-02-04
C00219,64,M,Mumbai,Retired,102843.51,Gold,250000,2022-06-28
C00220,29,M,Delhi,Salaried,65163.75,Gold,250000,2021-11-09
C00221,26,F,Ahmedabad,Self Employed,75728.13,Gold,250000,2019-10-03
C00222,54,F,Ahmedabad,Business Owner,43163.1,Silver,100000,2023-12-26
C00223,43,M,Mumbai,Salaried,43865.99,Silver,100000,2024-01-11
C00224,28,F,Pune,Student,82101.7,Signature,1000000,2019-05-09
C00225,42,F,Mumbai,Salaried,94155.78,Signature,1000000,2020-03-02
C00226,46,F,Ahmedabad,Self Employed,33430.82,Platinum,500000,2021-01-13
C00227,24,F,Jaipur,Salaried,37700.18,Gold,250000,2021-12-12
C00228,48,M,Jaipur,Student,90052.24,Silver,100000,2020-12-04
C00229,45,M,Mumbai,Salaried,79640.72,Gold,250000,2020-05-03
C00230,24,F,Jaipur,Salaried,82657.62,Gold,250000,2023-01-17
C00231,31,M,Lucknow,Salaried,25927.61,Gold,250000,2020-12-25
C00232,41,M,Delhi,Business Owner,43025.15,Gold,250000,2020-08-27
C00233,55,M,Kolkata,Student,119260.45,Gold,250000,2021-07-30
C00234,22,F,Jaipur,Salaried,100294.51,Gold,250000,2020-09-20
C00235,54,F,Pune,Self Employed,21079.8,Gold,250000,2019-02-12
C00236,64,F,Hyderabad,Student,75129.13,Signature,1000000,2021-10-01
C00237,35,M,Bangalore,Salaried,73126.03,Silver,100000,2021-02-27
C00238,24,F,Bangalore,Business Owner,68122.21,Silver,100000,2023-05-07
C00239,62,F,Hyderabad,Self Employed,115435.53,Silver,100000,2020-10-05
C00240,30,F,Ahmedabad,Self Employed,93192.5,Platinum,500000,2019-06-08
C00241,62,F,Ahmedabad,Business Owner,65684.63,Silver,100000,2024-01-20
C00242,33,M,Jaipur,Self Employed,93886.26,Gold,250000,2022-02-15
C00243,35,F,Delhi,Salaried,27921.84,Platinum,500000,2020-08-06
C00244,57,F,Hyderabad,Self Employed,122487.3,Silver,100000,2020-10-25
C00245,38,M,Bangalore,Student,52967.35,Gold,250000,2020-08-03
C00246,53,M,Bangalore,Business Owner,82965.78,Silver,100000,2020-10-23
C00247,52,M,Mumbai,Salaried,30207.38,Gold,250000,2020-03-16
C00248,27,M,Hyderabad,Self Employed,92581.06,Gold,250000,2024-02-02
C00249,31,F,Chennai,Salaried,79080.56,Gold,250000,2022-04-05
C00250,53,M,Pune,Salaried,53975.55,Gold,250000,2019-03-14
C00251,24,M,Kolkata,Salaried,107156.5,Gold,250000,2020-03-03
C00252,28,M,Lucknow,Salaried,63552.02,Gold,250000,2021-10-10
C00253,26,F,Chennai,Salaried,65694.63,Gold,250000,2024-01-01
C00254,64,M,Jaipur,Salaried,54140.14,Silver,100000,2020-03-28
C00255,62,M,Ahmedabad,Self Employed,66663.22,Platinum,500000,2020-10-18
C00256,36,M,Ahmedabad,Salaried,42882.77,Gold,250000,2022-07-26
C00257,40,M,Pune,Salaried,72189.9,Platinum,500000,2019-05-29
C00258,59,F,Pune,Salaried,93402.35,Platinum,500000,2021-10-09
C00259,34,M,Jaipur,Business Owner,61275.82,Silver,100000,2019-12-27
C00260,31,M,Chennai,Student,57765.31,Platinum,500000,2023-09-22
C00261,26,M,Delhi,Salaried,69817.87,Signature,1000000,2022-01-29
C00262,38,F,Pune,Salaried,95154.72,Gold,250000,2022-03-27
C00263,27,M,Bangalore,Salaried,54786.31,Gold,250000,2020-07-31
C00264,40,F,Jaipur,Business Owner,62909.36,Gold,250000,2019-09-23
C00265,53,F,Chennai,Business Owner,69249.19,Gold,250000,2021-04-01
C00266,61,M,Ahmedabad,Business Owner,94532.99,Platinum,500000,2023-08-04
C00267,24,F,Chennai,Salaried,85232.73,Gold,250000,2023-08-04
C00268,26,F,Hyderabad,Salaried,71619.65,Silver,100000,2019-02-12
C00269,25,F,Ahmedabad,Salaried,63596.71,Silver,100000,2023-12-08
C00270,43,M,Bangalore,Salaried,114721.78,Silver,100000,2022-01-27
C00271,36,M,Chennai,Salaried,70470.6,Signature,1000000,2021-02-23
C00272,56,F,Kolkata,Student,48138.05,Gold,250000,2022-06-08
C00273,55,M,Kolkata,Salaried,34896.61,Platinum,500000,2023-10-31
C00274,22,M,Kolkata,Self Employed,15940.59,Silver,100000,2020-02-09
C00275,59,F,Mumbai,Salaried,24017.94,Platinum,500000,2020-05-07
C00276,52,M,Kolkata,Student,100988.64,Gold,250000,2021-09-21
C00277,46,M,Pune,Salaried,91970.35,Platinum,500000,2023-10-23
C00278,62,M,Ahmedabad,Salaried,32851.13,Platinum,500000,2019-04-15
C00279,21,M,Hyderabad,Self Employed,79755.3,Silver,100000,2019-08-20
C00280,42,F,Hyderabad,Business Owner,64998.28,Gold,250000,2019-03-20
C00281,39,F,Bangalore,Salaried,51869.83,Silver,100000,2019-03-28
C00282,44,F,Lucknow,Business Owner,67725.48,Silver,100000,2019-05-28
C00283,56,M,Lucknow,Salaried,106012.42,Gold,250000,2020-06-23
C00284,50,M,Pune,Salaried,50293.17,Platinum,500000,2020-06-03
C00285,48,M,Mumbai,Salaried,75220.56,Silver,100000,2019-11-25
C00286,56,M,Jaipur,Business Owner,77372.02,Gold,250000,2023-06-02
C00287,30,M,Mumbai,Salaried,50694.45,Signature,1000000,2020-01-09
C00288,35,M,Jaipur,Salaried,97835.2,Silver,100000,2022-11-26
C00289,34,F,Bangalore,Student,131686.21,Signature,1000000,2020-02-18
C00290,41,M,Hyderabad,Student,36903.75,Silver,100000,2023-04-17
C00291,61,F,Ahmedabad,Business Owner,133868.4,Silver,100000,2023-07-20
C00292,43,M,Pune,Retired,90660.34,Gold,250000,2019-07-22
C00293,42,F,Mumbai,Salaried,121896.73,Silver,100000,2019-08-01
C00294,43,M,Kolkata,Business Owner,79005.76,Platinum,500000,2020-04-05
C00295,23,F,Jaipur,Self Employed,86965.29,Gold,250000,2024-01-05
C00296,28,F,Kolkata,Student,17177.12,Gold,250000,2023-08-07
C00297,24,M,Kolkata,Self Employed,63729.3,Platinum,500000,2023-02-23
C00298,59,M,Jaipur,Business Owner,44484.39,Gold,250000,2021-12-25
C00299,42,M,Mumbai,Self Employed,76928.0,Platinum,500000,2024-06-20
C00300,40,F,Pune,Student,77092.74,Silver,100000,2023-11-14
C00301,57,F,Bangalore,Salaried,61372.27,Gold,250000,2024-04-13
C00302,58,M,Pune,Salaried,41752.31,Gold,250000,2021-05-20
C00303,40,M,Lucknow,Business Owner,99414.55,Gold,250000,2023-03-19
C00304,24,F,Mumbai,Business Owner,62323.56,Silver,100000,2020-06-19
C00305,39,F,Lucknow,Self Employed,45454.03,Silver,100000,2022-02-06
C00306,51,M,Chennai,Salaried,69898.77,Platinum,500000,2019-01-19
C00307,53,F,Jaipur,Retired,67519.58,Gold,250000,2021-02-01
C00308,53,M,Pune,Retired,66347.57,Gold,250000,2022-07-07
C00309,31,M,Delhi,Business Owner,79113.41,Signature,1000000,2023-11-30
C00310,26,F,Bangalore,Salaried,28699.25,Gold,250000,2024-03-15
C00311,46,F,Lucknow,Salaried,85408.0,Gold,250000,2019-09-18
C00312,59,M,Jaipur,Salaried,54018.97,Signature,1000000,2021-07-19
C00313,61,F,Jaipur,Retired,80643.35,Silver,100000,2023-04-16
C00314,50,M,Hyderabad,Salaried,37064.13,Silver,100000,2020-09-09
C00315,48,M,Chennai,Salaried,37922.48,Platinum,500000,2020-08-04
C00316,40,M,Chennai,Salaried,15000.0,Gold,250000,2021-05-24
C00317,47,M,Ahmedabad,Business Owner,92105.32,Silver,100000,2023-11-19
C00318,27,M,Jaipur,Business Owner,61560.17,Gold,250000,2023-08-17
C00319,41,M,Bangalore,Retired,93827.94,Silver,100000,2021-09-10
C00320,32,M,Kolkata,Salaried,32371.32,Silver,100000,2020-02-29
C00321,62,M,Mumbai,Salaried,77916.83,Gold,250000,2023-08-15
C00322,63,M,Mumbai,Salaried,52285.66,Silver,100000,2023-06-10
C00323,26,F,Mumbai,Salaried,62900.73,Silver,100000,2019-01-22
C00324,36,F,Ahmedabad,Self Employed,104508.72,Gold,250000,2020-09-28
C00325,58,M,Hyderabad,Student,64513.11,Silver,100000,2024-01-29
C00326,46,F,Ahmedabad,Salaried,111246.29,Silver,100000,2024-03-16
C00327,35,F,Mumbai,Salaried,61245.66,Signature,1000000,2021-11-15
C00328,23,M,Bangalore,Salaried,23104.28,Signature,1000000,2022-01-25
C00329,43,M,Lucknow,Salaried,57209.27,Platinum,500000,2019-11-03
C00330,48,F,Hyderabad,Business Owner,104453.37,Platinum,500000,2020-04-29
C00331,35,F,Mumbai,Salaried,72035.67,Silver,100000,2020-04-12
C00332,23,M,Ahmedabad,Business Owner,95583.21,Gold,250000,2019-10-10
C00333,48,F,Kolkata,Salaried,53604.78,Platinum,500000,2024-03-30
C00334,26,F,Hyderabad,Retired,54528.49,Signature,1000000,2023-12-16
C00335,41,M,Hyderabad,Salaried,42324.62,Signature,1000000,2023-03-10
C00336,25,M,Chennai,Student,105211.81,Gold,250000,2019-12-19
C00337,25,M,Mumbai,Student,84513.18,Silver,100000,2023-05-15
C00338,64,M,Bangalore,Student,62937.53,Silver,100000,2023-10-18
C00339,50,F,Bangalore,Salaried,86374.52,Platinum,500000,2019-07-09
C00340,61,F,Jaipur,Salaried,44803.57,Platinum,500000,2019-12-04
C00341,42,F,Chennai,Self Employed,93871.09,Platinum,500000,2024-02-26
C00342,54,M,Hyderabad,Salaried,88559.92,Silver,100000,2021-07-24
C00343,40,M,Lucknow,Business Owner,87600.81,Silver,100000,2019-07-10
C00344,58,M,Kolkata,Salaried,55752.89,Gold,250000,2020-06-16
C00345,34,F,Mumbai,Self Employed,64037.83,Platinum,500000,2023-11-23
C00346,26,M,Mumbai,Salaried,79004.67,Gold,250000,2020-02-11
C00347,58,F,Chennai,Salaried,52831.09,Silver,100000,2023-08-10
C00348,60,F,Pune,Student,30369.81,Platinum,500000,2019-06-03
C00349,39,F,Hyderabad,Business Owner,95302.43,Signature,1000000,2023-10-08
C00350,39,M,Kolkata,Business Owner,84856.39,Platinum,500000,2020-02-02
C00351,60,M,Jaipur,Salaried,18993.85,Platinum,500000,2021-03-31
C00352,24,F,Pune,Student,85849.09,Platinum,500000,2020-05-28
C00353,36,M,Mumbai,Business Owner,92029.14,Silver,100000,2021-11-24
C00354,41,M,Delhi,Self Employed,50520.06,Silver,100000,2022-07-23
C00355,29,F,Ahmedabad,Business Owner,77954.67,Platinum,500000,2020-12-28
C00356,60,M,Jaipur,Salaried,89257.92,Silver,100000,2023-05-31
C00357,49,M,Chennai,Salaried,112965.1,Gold,250000,2024-01-21
C00358,23,M,Hyderabad,Retired,61854.27,Gold,250000,2019-07-13
C00359,28,M,Pune,Salaried,51320.52,Silver,100000,2024-04-20
C00360,28,F,Delhi,Business Owner,75838.22,Silver,100000,2019-12-28
C00361,34,M,Delhi,Salaried,24858.39,Silver,100000,2020-10-14
C00362,28,M,Hyderabad,Student,92801.68,Silver,100000,2021-06-10
C00363,62,M,Delhi,Salaried,81320.52,Gold,250000,2023-04-22
C00364,59,M,Bangalore,Business Owner,64585.31,Gold,250000,2023-04-24
C00365,21,F,Delhi,Student,114417.04,Platinum,500000,2021-08-14
C00366,59,M,Hyderabad,Self Employed,48719.49,Signature,1000000,2023-01-16
C00367,43,M,Bangalore,Business Owner,94558.92,Platinum,500000,2020-02-24
C00368,60,M,Bangalore,Salaried,33849.89,Platinum,500000,2023-10-27
C00369,59,F,Lucknow,Business Owner,123462.35,Gold,250000,2024-01-17
C00370,29,M,Pune,Salaried,38044.46,Gold,250000,2023-04-13
C00371,22,M,Bangalore,Salaried,108462.97,Signature,1000000,2019-09-15
C00372,35,F,Jaipur,Self Employed,73506.08,Silver,100000,2022-05-21
C00373,58,M,Jaipur,Salaried,84129.36,Gold,250000,2020-09-02
C00374,50,M,Bangalore,Student,95368.05,Gold,250000,2024-03-04
C00375,35,M,Jaipur,Salaried,59229.32,Platinum,500000,2020-11-02
C00376,53,M,Kolkata,Business Owner,76963.86,Gold,250000,2022-08-06
C00377,57,M,Mumbai,Business Owner,60758.97,Silver,100000,2023-08-20
C00378,63,M,Delhi,Salaried,93389.82,Gold,250000,2023-02-07
C00379,25,M,Chennai,Salaried,106663.7,Gold,250000,2023-02-18
C00380,25,M,Chennai,Salaried,73335.16,Silver,100000,2022-09-29
C00381,63,M,Kolkata,Salaried,37055.64,Silver,100000,2024-01-25
C00382,57,F,Kolkata,Business Owner,59145.66,Platinum,500000,2023-04-22
C00383,26,F,Chennai,Salaried,105193.74,Signature,1000000,2019-03-18
C00384,52,F,Jaipur,Business Owner,81089.27,Silver,100000,2019-03-09
C00385,54,M,Bangalore,Salaried,54512.74,Platinum,500000,2021-06-17
C00386,41,M,Hyderabad,Business Owner,49704.85,Silver,100000,2021-09-30
C00387,21,F,Chennai,Salaried,37817.71,Gold,250000,2022-02-08
C00388,37,F,Jaipur,Self Employed,77177.41,Platinum,500000,2024-02-17
C00389,39,F,Pune,Salaried,56562.57,Silver,100000,2020-10-18
C00390,47,M,Pune,Salaried,31725.04,Signature,1000000,2019-09-24
C00391,31,F,Pune,Salaried,49644.12,Gold,250000,2024-05-14
C00392,39,M,Pune,Business Owner,72270.17,Gold,250000,2020-09-11
C00393,56,F,Jaipur,Salaried,42828.03,Platinum,500000,2020-02-03
C00394,37,M,Bangalore,Business Owner,50387.01,Platinum,500000,2021-08-31
C00395,24,F,Delhi,Business Owner,66800.46,Signature,1000000,2024-02-07
C00396,53,M,Bangalore,Salaried,111712.82,Platinum,500000,2019-05-27
C00397,33,F,Pune,Business Owner,96563.77,Signature,1000000,2023-10-16
C00398,41,M,Bangalore,Salaried,93674.02,Gold,250000,2019-07-13
C00399,50,M,Chennai,Student,98593.75,Silver,100000,2020-10-08
C00400,21,F,Kolkata,Student,85392.56,Silver,100000,2019-05-21
C00401,29,M,Mumbai,Salaried,87535.1,Gold,250000,2022-02-01
C00402,24,M,Ahmedabad,Salaried,83489.68,Gold,250000,2022-10-13
C00403,33,M,Mumbai,Self Employed,70905.72,Silver,100000,2021-07-24
C00404,36,M,Ahmedabad,Salaried,88258.22,Gold,250000,2019-11-18
C00405,54,M,Pune,Salaried,96187.58,Signature,1000000,2024-04-01
C00406,59,M,Kolkata,Salaried,51102.84,Silver,100000,2022-06-10
C00407,39,F,Lucknow,Business Owner,44359.81,Platinum,500000,2021-11-12
C00408,28,F,Mumbai,Self Employed,80051.11,Gold,250000,2020-10-21
C00409,44,F,Mumbai,Salaried,85713.13,Silver,100000,2021-12-18
C00410,51,F,Jaipur,Self Employed,17854.59,Silver,100000,2021-04-29
C00411,35,M,Mumbai,Business Owner,91204.52,Gold,250000,2019-07-28
C00412,26,M,Jaipur,Salaried,97907.68,Silver,100000,2021-06-07
C00413,39,F,Bangalore,Retired,102088.25,Gold,250000,2024-02-17
C00414,32,F,Lucknow,Business Owner,75688.84,Gold,250000,2020-02-05
C00415,47,F,Kolkata,Retired,83845.37,Silver,100000,2023-10-15
C00416,64,F,Jaipur,Salaried,97104.42,Silver,100000,2023-01-15
C00417,39,M,Mumbai,Business Owner,69894.76,Gold,250000,2021-10-20
C00418,55,F,Mumbai,Business Owner,40899.88,Gold,250000,2021-06-10
C00419,56,F,Pune,Salaried,58100.14,Gold,250000,2023-01-22
C00420,43,M,Ahmedabad,Self Employed,84475.72,Gold,250000,2019-06-11
C00421,38,F,Bangalore,Self Employed,74148.96,Gold,250000,2021-12-24
C00422,30,F,Kolkata,Retired,59802.56,Gold,250000,2024-01-13
C00423,22,F,Chennai,Salaried,63458.92,Gold,250000,2019-01-17
C00424,63,M,Pune,Self Employed,15000.0,Platinum,500000,2022-11-02
C00425,48,M,Kolkata,Salaried,44024.01,Silver,100000,2024-06-18
C00426,50,M,Kolkata,Salaried,48422.7,Gold,250000,2022-12-15
C00427,27,F,Hyderabad,Student,32826.79,Silver,100000,2020-07-08
C00428,29,F,Jaipur,Salaried,25974.24,Gold,250000,2021-02-14
C00429,42,F,Hyderabad,Self Employed,79362.09,Gold,250000,2022-05-13
C00430,24,M,Ahmedabad,Retired,74497.95,Signature,1000000,2020-01-28
C00431,31,F,Jaipur,Self Employed,32195.06,Silver,100000,2019-12-28
C00432,39,M,Chennai,Salaried,51509.16,Silver,100000,2023-09-13
C00433,48,M,Jaipur,Student,103685.92,Signature,1000000,2022-01-30
C00434,61,M,Kolkata,Business Owner,85526.31,Gold,250000,2021-03-04
C00435,61,F,Lucknow,Self Employed,37327.6,Signature,1000000,2024-04-30
C00436,25,F,Mumbai,Business Owner,65325.36,Gold,250000,2023-05-17
C00437,33,M,Delhi,Salaried,138668.42,Platinum,500000,2020-06-03
C00438,31,M,Pune,Salaried,23297.1,Platinum,500000,2023-03-27
C00439,24,M,Pune,Business Owner,22056.27,Gold,250000,2021-11-08
C00440,46,F,Mumbai,Self Employed,83865.18,Silver,100000,2020-09-11
C00441,63,F,Chennai,Salaried,82776.62,Platinum,500000,2022-03-10
C00442,21,M,Ahmedabad,Self Employed,70574.43,Gold,250000,2020-08-15
C00443,49,M,Lucknow,Student,60608.26,Silver,100000,2023-06-25
C00444,41,M,Hyderabad,Self Employed,69978.74,Silver,100000,2023-11-23
C00445,47,F,Lucknow,Retired,44658.51,Gold,250000,2024-03-14
C00446,47,M,Hyderabad,Salaried,45457.42,Signature,1000000,2019-05-09
C00447,40,F,Chennai,Salaried,67463.11,Silver,100000,2021-11-06
C00448,47,M,Lucknow,Student,49831.65,Gold,250000,2021-08-18
C00449,40,M,Delhi,Salaried,70428.19,Silver,100000,2019-04-15
C00450,54,F,Kolkata,Self Employed,41381.82,Gold,250000,2024-05-14
C00451,41,M,Hyderabad,Retired,118516.38,Silver,100000,2020-11-30
C00452,60,F,Lucknow,Student,73130.68,Gold,250000,2020-04-06
C00453,49,M,Jaipur,Salaried,44199.6,Gold,250000,2023-05-01
C00454,35,M,Ahmedabad,Student,39099.56,Platinum,500000,2024-04-04
C00455,56,M,Delhi,Business Owner,101111.42,Gold,250000,2024-02-02
C00456,43,M,Jaipur,Salaried,92217.73,Signature,1000000,2021-05-12
C00457,26,F,Pune,Self Employed,48054.6,Silver,100000,2023-03-19
C00458,48,F,Jaipur,Student,39304.13,Silver,100000,2023-03-15
C00459,43,F,Jaipur,Salaried,95611.74,Platinum,500000,2022-02-09
C00460,56,F,Pune,Business Owner,77089.78,Signature,1000000,2020-05-18
C00461,36,M,Jaipur,Salaried,72559.54,Platinum,500000,2020-03-18
C00462,52,M,Chennai,Business Owner,45752.03,Silver,100000,2020-05-19
C00463,41,M,Jaipur,Salaried,113701.3,Platinum,500000,2020-07-16
C00464,22,M,Pune,Retired,79354.43,Gold,250000,2022-01-24
C00465,43,M,Pune,Self Employed,63852.29,Silver,100000,2019-03-14
C00466,23,F,Hyderabad,Business Owner,67963.67,Silver,100000,2020-07-14
C00467,37,F,Delhi,Salaried,37248.97,Platinum,500000,2022-02-25
C00468,55,F,Mumbai,Salaried,58387.01,Silver,100000,2021-04-05
C00469,24,F,Bangalore,Salaried,71617.61,Platinum,500000,2021-09-19
C00470,25,M,Bangalore,Retired,157700.67,Platinum,500000,2020-01-25
C00471,36,F,Jaipur,Self Employed,55634.88,Silver,100000,2022-10-31
C00472,27,F,Hyderabad,Retired,44116.73,Silver,100000,2020-01-10
C00473,38,M,Kolkata,Salaried,50116.46,Silver,100000,2021-11-01
C00474,37,F,Kolkata,Salaried,55110.86,Signature,1000000,2020-05-31
C00475,53,M,Hyderabad,Retired,53925.96,Gold,250000,2019-07-16
C00476,33,F,Hyderabad,Salaried,18779.26,Platinum,500000,2020-01-26
C00477,49,F,Ahmedabad,Salaried,61172.05,Silver,100000,2020-12-14
C00478,49,F,Kolkata,Retired,54158.89,Signature,1000000,2019-11-18
C00479,61,M,Hyderabad,Salaried,96705.95,Gold,250000,2023-10-21
C00480,30,M,Ahmedabad,Self Employed,101057.48,Gold,250000,2024-01-01
C00481,42,F,Jaipur,Salaried,78570.69,Silver,100000,2023-02-27
C00482,64,F,Kolkata,Salaried,37998.37,Gold,250000,2023-02-15
C00483,23,F,Jaipur,Business Owner,100229.6,Gold,250000,2022-10-07
C00484,22,M,Jaipur,Salaried,15000.0,Platinum,500000,2021-12-24
C00485,35,M,Chennai,Retired,26664.48,Silver,100000,2023-01-12
C00486,29,M,Jaipur,Student,112910.4,Gold,250000,2024-04-04
C00487,62,M,Pune,Salaried,45058.02,Gold,250000,2021-04-21
C00488,41,F,Chennai,Salaried,90927.6,Signature,1000000,2024-05-01
C00489,29,F,Ahmedabad,Self Employed,77915.55,Gold,250000,2024-05-23
C00490,43,M,Delhi,Salaried,24267.54,Silver,100000,2022-12-30
C00491,25,F,Mumbai,Salaried,40806.54,Silver,100000,2022-03-30
C00492,30,F,Ahmedabad,Salaried,15000.0,Platinum,500000,2020-09-30
C00493,30,M,Lucknow,Salaried,19692.75,Signature,1000000,2023-12-05
C00494,26,M,Delhi,Student,72776.22,Platinum,500000,2019-10-22
C00495,29,M,Chennai,Business Owner,99979.89,Gold,250000,2021-01-11
C00496,63,M,Pune,Self Employed,62887.69,Signature,1000000,2019-04-02
C00497,33,M,Delhi,Self Employed,70761.65,Silver,100000,2021-04-01
C00498,34,M,Pune,Salaried,15000.0,Silver,100000,2019-05-01
C00499,49,M,Chennai,Salaried,93711.16,Platinum,500000,2023-06-08
C00500,24,M,Hyderabad,Salaried,80201.54,Signature,1000000,2019-10-10
C00501,44,F,Lucknow,Salaried,49957.88,Signature,1000000,2024-03-02
C00502,59,M,Jaipur,Salaried,100166.06,Silver,100000,2021-05-30
C00503,55,F,Hyderabad,Business Owner,79247.83,Platinum,500000,2019-03-28
C00504,50,M,Kolkata,Salaried,15000.0,Gold,250000,2020-12-26
C00505,52,F,Kolkata,Self Employed,38889.47,Silver,100000,2022-11-25
C00506,26,M,Delhi,Salaried,92314.47,Platinum,500000,2023-06-18
C00507,63,F,Mumbai,Business Owner,87178.24,Silver,100000,2021-10-16
C00508,48,M,Pune,Salaried,80460.71,Silver,100000,2023-08-30
C00509,35,M,Delhi,Business Owner,83460.69,Signature,1000000,2019-05-17
C00510,30,M,Mumbai,Salaried,116681.48,Gold,250000,2021-09-28
C00511,33,F,Kolkata,Salaried,79834.64,Gold,250000,2019-07-24
C00512,49,F,Hyderabad,Salaried,97728.1,Gold,250000,2021-05-05
C00513,46,F,Delhi,Student,66037.39,Gold,250000,2021-03-31
C00514,23,M,Lucknow,Salaried,75302.64,Gold,250000,2023-07-11
C00515,45,F,Jaipur,Business Owner,97462.51,Platinum,500000,2022-01-21
C00516,61,M,Mumbai,Salaried,102201.34,Gold,250000,2022-12-07
C00517,35,M,Mumbai,Salaried,45998.84,Gold,250000,2022-06-09
C00518,42,M,Chennai,Student,68094.26,Gold,250000,2021-01-20
C00519,38,F,Lucknow,Salaried,106002.37,Gold,250000,2024-06-06
C00520,39,M,Hyderabad,Salaried,55242.93,Silver,100000,2019-07-25
C00521,31,F,Delhi,Salaried,108681.91,Silver,100000,2022-06-12
C00522,51,M,Jaipur,Business Owner,99040.19,Platinum,500000,2019-11-13
C00523,29,F,Chennai,Salaried,111897.91,Platinum,500000,2021-03-17
C00524,57,F,Hyderabad,Self Employed,82439.44,Silver,100000,2019-02-13
C00525,48,F,Lucknow,Student,37023.15,Silver,100000,2021-09-17
C00526,57,M,Lucknow,Salaried,59445.27,Gold,250000,2023-05-17
C00527,31,F,Mumbai,Salaried,44570.98,Silver,100000,2021-11-29
C00528,32,M,Delhi,Business Owner,50437.33,Platinum,500000,2020-01-30
C00529,32,M,Pune,Business Owner,15452.79,Signature,1000000,2022-10-24
C00530,23,M,Kolkata,Self Employed,15000.0,Signature,1000000,2022-05-30
C00531,33,F,Chennai,Business Owner,101181.85,Silver,100000,2022-12-31
C00532,26,F,Delhi,Salaried,84899.94,Platinum,500000,2024-03-07
C00533,21,M,Kolkata,Business Owner,19001.21,Gold,250000,2020-08-30
C00534,26,F,Ahmedabad,Self Employed,62218.25,Gold,250000,2020-01-01
C00535,27,F,Chennai,Retired,55925.53,Gold,250000,2023-11-27
C00536,51,F,Bangalore,Business Owner,89338.85,Platinum,500000,2020-07-26
C00537,36,F,Pune,Business Owner,39499.51,Silver,100000,2023-09-19
C00538,55,F,Mumbai,Self Employed,62677.59,Silver,100000,2022-12-09
C00539,56,M,Bangalore,Business Owner,102142.34,Gold,250000,2024-02-20
C00540,49,F,Jaipur,Salaried,130601.47,Platinum,500000,2020-11-13
C00541,39,M,Kolkata,Retired,60567.82,Gold,250000,2020-06-23
C00542,32,F,Chennai,Retired,98748.65,Gold,250000,2023-11-17
C00543,34,F,Ahmedabad,Retired,68015.7,Gold,250000,2023-05-10
C00544,41,F,Jaipur,Business Owner,50407.25,Gold,250000,2022-09-28
C00545,30,M,Pune,Business Owner,118251.68,Platinum,500000,2019-07-12
C00546,37,M,Mumbai,Self Employed,80649.05,Platinum,500000,2020-10-15
C00547,63,M,Ahmedabad,Retired,15000.0,Gold,250000,2019-06-15
C00548,33,F,Mumbai,Retired,15000.0,Silver,100000,2021-03-15
C00549,46,M,Ahmedabad,Salaried,57420.53,Gold,250000,2020-10-21
C00550,37,M,Hyderabad,Business Owner,77470.35,Gold,250000,2020-09-19
C00551,47,M,Kolkata,Student,43133.32,Platinum,500000,2021-07-19
C00552,51,F,Kolkata,Salaried,99880.26,Signature,1000000,2022-07-11
C00553,40,F,Bangalore,Business Owner,45396.35,Gold,250000,2023-12-14
C00554,54,M,Chennai,Salaried,15000.0,Silver,100000,2019-12-30
C00555,44,F,Ahmedabad,Salaried,18933.6,Platinum,500000,2019-04-20
C00556,59,F,Chennai,Salaried,56115.53,Gold,250000,2022-12-14
C00557,42,M,Hyderabad,Salaried,75978.92,Silver,100000,2024-02-23
C00558,51,F,Kolkata,Business Owner,78601.9,Silver,100000,2022-08-18
C00559,30,M,Hyderabad,Salaried,35029.85,Gold,250000,2022-02-09
C00560,51,F,Kolkata,Salaried,70541.25,Silver,100000,2021-04-04
C00561,29,F,Lucknow,Salaried,53800.37,Gold,250000,2021-08-29
C00562,59,F,Chennai,Salaried,37240.74,Gold,250000,2021-11-21
C00563,41,F,Hyderabad,Salaried,121080.89,Gold,250000,2022-12-22
C00564,38,M,Jaipur,Business Owner,67757.67,Silver,100000,2024-01-05
C00565,60,F,Pune,Salaried,77858.51,Gold,250000,2024-02-25
C00566,59,F,Pune,Salaried,32346.77,Signature,1000000,2021-04-24
C00567,48,F,Pune,Business Owner,76977.85,Gold,250000,2021-01-27
C00568,58,M,Pune,Salaried,63407.49,Signature,1000000,2019-03-13
C00569,55,M,Jaipur,Salaried,107147.14,Gold,250000,2024-02-04
C00570,51,M,Pune,Self Employed,43690.22,Silver,100000,2021-01-31
C00571,62,M,Delhi,Salaried,86044.52,Platinum,500000,2024-05-27
C00572,37,F,Hyderabad,Salaried,106869.42,Silver,100000,2022-09-13
C00573,28,M,Delhi,Self Employed,92264.58,Gold,250000,2021-01-27
C00574,33,F,Mumbai,Salaried,99964.5,Platinum,500000,2023-10-23
C00575,41,M,Kolkata,Salaried,33456.76,Gold,250000,2022-04-18
C00576,50,F,Delhi,Self Employed,89605.06,Gold,250000,2019-11-04
C00577,31,F,Jaipur,Business Owner,23406.04,Silver,100000,2023-02-13
C00578,28,M,Ahmedabad,Salaried,60955.08,Signature,1000000,2022-07-15
C00579,31,F,Kolkata,Student,127372.28,Silver,100000,2020-05-20
C00580,26,M,Bangalore,Business Owner,95924.63,Gold,250000,2020-09-05
C00581,61,F,Ahmedabad,Retired,51543.12,Silver,100000,2022-03-18
C00582,48,F,Pune,Salaried,20762.4,Gold,250000,2021-10-26
C00583,58,M,Lucknow,Self Employed,43322.78,Silver,100000,2019-02-27
C00584,61,F,Lucknow,Salaried,98659.02,Silver,100000,2020-11-30
C00585,60,F,Ahmedabad,Retired,95506.16,Silver,100000,2021-03-26
C00586,24,M,Ahmedabad,Business Owner,56366.17,Silver,100000,2021-07-11
C00587,44,M,Pune,Self Employed,50668.39,Signature,1000000,2023-05-22
C00588,46,F,Bangalore,Salaried,15000.0,Gold,250000,2022-10-15
C00589,23,M,Hyderabad,Salaried,41532.5,Gold,250000,2019-12-17
C00590,21,M,Lucknow,Business Owner,122420.9,Gold,250000,2023-05-21
C00591,40,F,Chennai,Self Employed,76879.42,Silver,100000,2022-03-12
C00592,45,M,Pune,Retired,121380.03,Silver,100000,2021-06-07
C00593,64,F,Hyderabad,Self Employed,95565.37,Signature,1000000,2021-01-08
C00594,60,F,Ahmedabad,Student,107543.69,Gold,250000,2019-12-11
C00595,25,M,Mumbai,Self Employed,48053.72,Gold,250000,2022-05-05
C00596,50,M,Lucknow,Self Employed,62549.26,Platinum,500000,2019-04-18
C00597,28,F,Hyderabad,Retired,80025.29,Platinum,500000,2024-03-28
C00598,41,M,Chennai,Salaried,65342.23,Silver,100000,2020-11-04
C00599,21,M,Lucknow,Salaried,24383.76,Gold,250000,2024-01-31
C00600,41,M,Ahmedabad,Salaried,62982.55,Platinum,500000,2019-01-22
C00601,37,M,Pune,Business Owner,37658.14,Silver,100000,2021-04-28
C00602,34,F,Delhi,Salaried,50899.9,Gold,250000,2023-01-08
C00603,55,M,Chennai,Salaried,65739.77,Gold,250000,2024-01-13
C00604,38,F,Hyderabad,Salaried,47234.44,Silver,100000,2022-06-26
C00605,35,F,Chennai,Business Owner,88306.49,Gold,250000,2022-09-22
C00606,52,F,Delhi,Student,74709.19,Signature,1000000,2019-02-13
C00607,21,F,Chennai,Business Owner,117881.45,Gold,250000,2022-02-25
C00608,36,M,Lucknow,Salaried,59297.84,Platinum,500000,2022-04-28
C00609,22,M,Hyderabad,Salaried,24565.89,Gold,250000,2019-06-20
C00610,28,F,Lucknow,Salaried,79647.8,Silver,100000,2021-05-25
C00611,36,F,Hyderabad,Self Employed,113933.63,Gold,250000,2022-05-05
C00612,63,F,Pune,Retired,53152.36,Platinum,500000,2020-10-24
C00613,64,M,Lucknow,Business Owner,91967.04,Silver,100000,2022-03-15
C00614,57,M,Bangalore,Student,63598.23,Signature,1000000,2021-10-26
C00615,63,F,Bangalore,Retired,115229.01,Silver,100000,2020-12-26
C00616,40,M,Lucknow,Salaried,49235.43,Gold,250000,2021-01-28
C00617,32,M,Lucknow,Business Owner,108470.9,Silver,100000,2022-06-10
C00618,25,F,Jaipur,Salaried,102632.2,Silver,100000,2022-07-03
C00619,45,M,Jaipur,Salaried,89623.17,Gold,250000,2020-08-28
C00620,55,M,Kolkata,Student,96009.71,Gold,250000,2023-10-28
C00621,27,M,Mumbai,Salaried,58790.14,Platinum,500000,2021-04-23
C00622,31,M,Kolkata,Self Employed,54781.86,Gold,250000,2023-11-14
C00623,36,F,Pune,Business Owner,67322.98,Gold,250000,2022-09-18
C00624,47,F,Hyderabad,Business Owner,68872.88,Platinum,500000,2019-03-13
C00625,60,M,Ahmedabad,Salaried,64490.11,Silver,100000,2021-12-22
C00626,28,M,Pune,Salaried,44957.1,Signature,1000000,2020-12-20
C00627,32,M,Kolkata,Self Employed,39771.98,Silver,100000,2021-12-30
C00628,35,F,Lucknow,Salaried,40812.37,Gold,250000,2024-05-19
C00629,57,M,Mumbai,Salaried,51804.9,Silver,100000,2021-04-17
C00630,36,M,Bangalore,Self Employed,83677.13,Silver,100000,2021-08-07
C00631,33,M,Bangalore,Business Owner,31185.42,Silver,100000,2021-04-20
C00632,35,M,Mumbai,Salaried,32976.37,Platinum,500000,2021-10-29
C00633,40,M,Mumbai,Salaried,84034.8,Silver,100000,2024-02-03
C00634,29,M,Lucknow,Self Employed,132438.09,Silver,100000,2019-05-15
C00635,55,F,Chennai,Salaried,101583.75,Silver,100000,2022-04-19
C00636,22,M,Hyderabad,Retired,76712.45,Silver,100000,2023-12-14
C00637,63,M,Mumbai,Salaried,50251.29,Silver,100000,2022-09-12
C00638,37,M,Kolkata,Self Employed,58227.11,Platinum,500000,2022-10-03
C00639,22,F,Bangalore,Salaried,78507.7,Silver,100000,2024-06-17
C00640,62,F,Mumbai,Business Owner,144904.54,Platinum,500000,2019-07-01
C00641,50,F,Ahmedabad,Salaried,39811.92,Silver,100000,2021-02-16
C00642,61,M,Pune,Salaried,59680.72,Gold,250000,2019-10-30
C00643,63,M,Jaipur,Business Owner,81015.1,Gold,250000,2022-01-01
C00644,54,F,Delhi,Self Employed,32962.23,Platinum,500000,2021-11-28
C00645,56,M,Kolkata,Business Owner,53624.72,Gold,250000,2022-01-06
C00646,59,M,Kolkata,Business Owner,43892.31,Gold,250000,2024-04-13
C00647,34,F,Chennai,Self Employed,81289.65,Silver,100000,2023-01-17
C00648,36,F,Delhi,Student,79336.48,Signature,1000000,2020-03-15
C00649,40,M,Kolkata,Self Employed,66530.39,Silver,100000,2019-05-03
C00650,60,M,Pune,Self Employed,77577.7,Silver,100000,2023-11-02
C00651,37,F,Delhi,Student,89962.5,Silver,100000,2023-12-29
C00652,64,F,Hyderabad,Self Employed,128236.52,Gold,250000,2019-04-19
C00653,34,M,Ahmedabad,Student,42511.78,Silver,100000,2024-05-27
C00654,40,F,Jaipur,Salaried,110663.28,Gold,250000,2022-05-09
C00655,22,M,Hyderabad,Salaried,23155.2,Silver,100000,2022-06-24
C00656,59,M,Pune,Student,115102.59,Signature,1000000,2022-09-29
C00657,55,M,Delhi,Business Owner,67288.78,Silver,100000,2022-12-31
C00658,40,F,Delhi,Business Owner,99319.56,Gold,250000,2019-01-29
C00659,55,F,Chennai,Salaried,46325.75,Gold,250000,2019-10-03
C00660,39,F,Jaipur,Salaried,80368.4,Platinum,500000,2020-11-15
C00661,42,M,Lucknow,Salaried,47819.48,Gold,250000,2021-05-07
C00662,33,F,Hyderabad,Retired,48346.38,Gold,250000,2021-11-09
C00663,35,F,Mumbai,Business Owner,23531.18,Gold,250000,2020-02-15
C00664,26,F,Delhi,Retired,77739.28,Silver,100000,2021-01-11
C00665,28,F,Chennai,Salaried,117695.17,Gold,250000,2019-09-24
C00666,46,M,Kolkata,Business Owner,87222.14,Platinum,500000,2020-10-13
C00667,44,M,Delhi,Self Employed,54551.22,Signature,1000000,2019-09-17
C00668,31,F,Mumbai,Business Owner,96132.27,Gold,250000,2022-05-23
C00669,46,M,Delhi,Salaried,65763.32,Silver,100000,2021-02-20
C00670,50,M,Ahmedabad,Retired,110208.48,Signature,1000000,2020-11-15
C00671,58,M,Hyderabad,Salaried,117504.32,Gold,250000,2019-09-01
C00672,27,M,Lucknow,Business Owner,36466.63,Gold,250000,2023-10-12
C00673,27,M,Kolkata,Self Employed,40095.48,Platinum,500000,2020-11-03
C00674,24,F,Chennai,Business Owner,71942.79,Platinum,500000,2020-03-02
C00675,50,F,Mumbai,Business Owner,46920.7,Silver,100000,2021-07-08
C00676,63,M,Bangalore,Salaried,62160.13,Gold,250000,2024-02-13
C00677,51,F,Chennai,Salaried,47310.3,Signature,1000000,2024-05-21
C00678,42,F,Chennai,Self Employed,75176.51,Gold,250000,2019-04-18
C00679,27,M,Pune,Business Owner,34968.2,Signature,1000000,2022-01-18
C00680,44,M,Kolkata,Salaried,105346.84,Gold,250000,2022-01-29
C00681,62,M,Pune,Salaried,111374.88,Signature,1000000,2019-06-04
C00682,49,M,Mumbai,Business Owner,67498.6,Silver,100000,2023-09-22
C00683,64,F,Lucknow,Salaried,73949.34,Signature,1000000,2023-11-07
C00684,51,M,Chennai,Salaried,52312.98,Platinum,500000,2020-08-02
C00685,49,M,Hyderabad,Business Owner,68287.1,Gold,250000,2022-01-13
C00686,48,F,Pune,Salaried,92009.35,Silver,100000,2020-03-08
C00687,43,F,Hyderabad,Salaried,49331.25,Platinum,500000,2022-06-28
C00688,23,M,Bangalore,Salaried,97452.84,Silver,100000,2019-12-14
C00689,58,M,Chennai,Salaried,15000.0,Gold,250000,2019-05-02
C00690,23,M,Bangalore,Student,131589.16,Silver,100000,2024-02-22
C00691,34,M,Ahmedabad,Salaried,75258.6,Gold,250000,2019-01-01
C00692,45,M,Lucknow,Self Employed,29898.24,Signature,1000000,2022-09-30
C00693,34,F,Mumbai,Retired,48489.52,Signature,1000000,2021-08-22
C00694,63,F,Jaipur,Salaried,31462.47,Gold,250000,2020-10-19
C00695,47,M,Jaipur,Salaried,55880.16,Gold,250000,2021-01-01
C00696,23,F,Hyderabad,Salaried,113505.78,Signature,1000000,2023-03-22
C00697,33,M,Mumbai,Business Owner,32157.43,Gold,250000,2021-03-23
C00698,31,M,Pune,Self Employed,85220.23,Platinum,500000,2021-09-25
C00699,44,M,Bangalore,Salaried,24181.13,Signature,1000000,2023-08-14
C00700,48,M,Chennai,Student,18935.97,Gold,250000,2020-11-29
C00701,57,F,Hyderabad,Business Owner,46133.29,Gold,250000,2020-08-14
C00702,42,M,Ahmedabad,Salaried,82731.82,Silver,100000,2020-02-23
C00703,42,F,Mumbai,Business Owner,111042.95,Gold,250000,2021-07-07
C00704,53,F,Mumbai,Salaried,34937.77,Gold,250000,2020-09-06
C00705,60,M,Jaipur,Self Employed,64495.38,Silver,100000,2019-12-13
C00706,51,F,Delhi,Salaried,19906.0,Silver,100000,2019-10-23
C00707,57,M,Jaipur,Salaried,42148.85,Silver,100000,2019-10-24
C00708,26,M,Bangalore,Salaried,87032.71,Silver,100000,2023-08-05
C00709,55,F,Chennai,Salaried,43319.44,Silver,100000,2021-11-24
C00710,63,F,Bangalore,Student,111348.52,Gold,250000,2024-04-19
C00711,45,M,Ahmedabad,Salaried,79623.57,Gold,250000,2024-04-22
C00712,54,F,Lucknow,Salaried,75821.56,Gold,250000,2019-02-14
C00713,61,M,Jaipur,Business Owner,72137.61,Silver,100000,2021-08-13
C00714,24,M,Lucknow,Retired,31194.77,Gold,250000,2023-03-25
C00715,36,F,Mumbai,Student,89863.52,Platinum,500000,2022-07-08
C00716,49,F,Jaipur,Student,15000.0,Signature,1000000,2021-07-26
C00717,29,F,Chennai,Business Owner,58215.93,Gold,250000,2023-03-12
C00718,43,F,Hyderabad,Salaried,29112.66,Gold,250000,2024-01-30
C00719,46,M,Hyderabad,Salaried,90785.67,Gold,250000,2022-12-28
C00720,22,F,Lucknow,Self Employed,92039.13,Signature,1000000,2023-07-16
C00721,23,F,Pune,Salaried,49383.2,Gold,250000,2022-04-30
C00722,39,F,Ahmedabad,Student,16617.12,Gold,250000,2022-09-03
C00723,35,F,Chennai,Salaried,82646.38,Platinum,500000,2021-08-02
C00724,39,M,Ahmedabad,Student,78004.55,Platinum,500000,2022-03-13
C00725,38,F,Hyderabad,Student,99707.15,Platinum,500000,2023-09-23
C00726,54,F,Hyderabad,Student,52391.03,Silver,100000,2020-06-01
C00727,45,M,Mumbai,Salaried,74590.68,Silver,100000,2022-11-07
C00728,31,M,Kolkata,Self Employed,57904.32,Platinum,500000,2019-03-19
C00729,59,F,Hyderabad,Salaried,91941.41,Signature,1000000,2023-10-26
C00730,21,F,Chennai,Business Owner,87712.66,Gold,250000,2022-05-08
C00731,23,M,Lucknow,Business Owner,63888.19,Platinum,500000,2019-06-21
C00732,56,F,Bangalore,Self Employed,124195.49,Gold,250000,2023-09-19
C00733,52,M,Delhi,Salaried,47041.6,Platinum,500000,2022-09-02
C00734,43,F,Pune,Salaried,15000.0,Gold,250000,2023-03-06
C00735,56,M,Ahmedabad,Retired,92772.71,Gold,250000,2021-08-30
C00736,52,M,Delhi,Salaried,38857.34,Signature,1000000,2024-03-22
C00737,35,M,Hyderabad,Business Owner,28951.93,Gold,250000,2020-05-16
C00738,45,M,Mumbai,Salaried,32401.13,Silver,100000,2020-01-27
C00739,34,F,Bangalore,Student,72667.43,Gold,250000,2023-01-08
C00740,63,M,Chennai,Business Owner,102756.74,Gold,250000,2020-03-17
C00741,54,F,Bangalore,Salaried,44811.39,Platinum,500000,2021-12-28
C00742,60,M,Jaipur,Business Owner,102933.16,Gold,250000,2022-12-20
C00743,42,F,Delhi,Self Employed,84364.56,Silver,100000,2022-12-16
C00744,21,M,Chennai,Salaried,90387.27,Silver,100000,2020-05-27
C00745,47,F,Pune,Salaried,112865.73,Platinum,500000,2022-02-02
C00746,54,M,Delhi,Salaried,25776.04,Silver,100000,2021-05-23
C00747,38,M,Mumbai,Student,119860.31,Gold,250000,2019-07-08
C00748,50,M,Hyderabad,Business Owner,60032.27,Platinum,500000,2021-04-05
C00749,62,F,Chennai,Student,19015.08,Platinum,500000,2021-12-27
C00750,49,F,Lucknow,Salaried,84431.6,Platinum,500000,2024-02-13
C00751,26,F,Delhi,Salaried,100054.75,Silver,100000,2021-12-24
C00752,27,M,Bangalore,Salaried,55072.87,Silver,100000,2024-01-29
C00753,49,M,Mumbai,Salaried,15000.0,Silver,100000,2023-04-16
C00754,37,M,Ahmedabad,Salaried,67417.91,Silver,100000,2020-04-15
C00755,39,M,Pune,Salaried,67229.76,Platinum,500000,2023-04-01
C00756,36,F,Delhi,Student,31276.33,Silver,100000,2023-06-24
C00757,43,M,Chennai,Self Employed,71605.68,Gold,250000,2022-03-31
C00758,36,F,Mumbai,Salaried,77288.12,Silver,100000,2020-10-20
C00759,57,M,Kolkata,Salaried,84338.32,Gold,250000,2019-05-09
C00760,39,M,Hyderabad,Salaried,100564.36,Gold,250000,2019-02-14
C00761,27,F,Mumbai,Self Employed,97046.54,Platinum,500000,2022-05-27
C00762,53,M,Lucknow,Self Employed,101804.43,Gold,250000,2021-03-16
C00763,23,F,Lucknow,Business Owner,58587.78,Signature,1000000,2023-08-14
C00764,38,M,Chennai,Business Owner,60070.65,Signature,1000000,2020-09-08
C00765,59,M,Delhi,Salaried,104181.43,Gold,250000,2021-07-05
C00766,62,F,Jaipur,Business Owner,82540.79,Gold,250000,2023-10-06
C00767,47,M,Chennai,Business Owner,43346.1,Gold,250000,2023-01-05
C00768,33,M,Lucknow,Salaried,88473.37,Silver,100000,2022-05-23
C00769,30,M,Ahmedabad,Salaried,44820.39,Silver,100000,2019-02-10
C00770,53,F,Jaipur,Salaried,110633.23,Silver,100000,2019-08-17
C00771,44,F,Lucknow,Self Employed,84187.51,Silver,100000,2020-01-03
C00772,41,F,Delhi,Salaried,63595.84,Gold,250000,2021-07-13
C00773,40,M,Chennai,Retired,62612.74,Gold,250000,2022-12-27
C00774,40,F,Jaipur,Salaried,87871.07,Gold,250000,2020-07-12
C00775,47,M,Lucknow,Salaried,24018.98,Platinum,500000,2024-05-25
C00776,48,M,Mumbai,Retired,64111.58,Gold,250000,2023-02-12
C00777,39,F,Delhi,Student,115400.09,Platinum,500000,2021-04-10
C00778,55,F,Hyderabad,Salaried,81940.84,Signature,1000000,2021-05-17
C00779,56,M,Pune,Self Employed,82880.22,Gold,250000,2020-07-14
C00780,28,F,Chennai,Salaried,81389.19,Platinum,500000,2021-05-09
C00781,61,F,Chennai,Salaried,59772.5,Gold,250000,2022-03-30
C00782,24,F,Delhi,Student,62580.17,Platinum,500000,2020-04-03
C00783,64,M,Chennai,Salaried,137927.74,Gold,250000,2021-01-17
C00784,62,M,Delhi,Student,90462.89,Signature,1000000,2022-01-07
C00785,22,F,Chennai,Salaried,84218.02,Gold,250000,2022-07-15
C00786,39,M,Chennai,Salaried,48381.22,Silver,100000,2023-03-13
C00787,32,F,Bangalore,Salaried,80853.57,Silver,100000,2021-12-30
C00788,47,F,Kolkata,Salaried,102532.89,Platinum,500000,2019-12-23
C00789,23,M,Pune,Salaried,85458.83,Gold,250000,2022-07-18
C00790,41,F,Ahmedabad,Retired,44971.55,Platinum,500000,2021-06-07
C00791,55,M,Mumbai,Salaried,37401.24,Gold,250000,2024-01-04
C00792,37,F,Delhi,Business Owner,43116.55,Silver,100000,2021-08-15
C00793,24,F,Kolkata,Salaried,86414.25,Platinum,500000,2022-02-18
C00794,32,M,Bangalore,Business Owner,44249.34,Platinum,500000,2021-05-15
C00795,32,F,Kolkata,Student,164561.7,Silver,100000,2022-08-25
C00796,28,M,Pune,Self Employed,36295.18,Platinum,500000,2021-05-23
C00797,42,M,Jaipur,Salaried,15000.0,Signature,1000000,2019-08-04
C00798,58,M,Lucknow,Retired,92532.98,Platinum,500000,2023-09-21
C00799,26,F,Kolkata,Business Owner,119301.34,Gold,250000,2019-09-23
C00800,41,M,Mumbai,Salaried,80819.44,Silver,100000,2019-02-08
C00801,52,F,Hyderabad,Salaried,91533.8,Gold,250000,2023-11-05
C00802,60,F,Hyderabad,Salaried,53937.34,Platinum,500000,2020-04-21
C00803,41,M,Mumbai,Salaried,57500.36,Gold,250000,2020-08-18
C00804,38,F,Kolkata,Salaried,62204.58,Silver,100000,2019-03-29
C00805,31,F,Chennai,Student,75580.4,Gold,250000,2020-06-08
C00806,38,M,Pune,Salaried,101817.77,Gold,250000,2022-07-22
C00807,32,M,Bangalore,Salaried,96208.86,Gold,250000,2022-12-08
C00808,46,M,Mumbai,Salaried,69087.92,Gold,250000,2020-11-28
C00809,48,F,Lucknow,Student,103934.54,Gold,250000,2020-09-30
C00810,32,F,Jaipur,Salaried,73088.63,Silver,100000,2021-07-24
C00811,57,M,Mumbai,Student,28858.99,Platinum,500000,2022-04-07
C00812,27,M,Chennai,Self Employed,74987.02,Platinum,500000,2020-02-20
C00813,21,M,Delhi,Retired,89948.66,Signature,1000000,2023-08-14
C00814,60,M,Chennai,Student,40355.1,Silver,100000,2020-09-26
C00815,51,M,Kolkata,Retired,109335.02,Platinum,500000,2023-10-22
C00816,48,F,Mumbai,Self Employed,63270.43,Platinum,500000,2019-07-16
C00817,62,M,Delhi,Salaried,110994.19,Silver,100000,2020-02-26
C00818,61,F,Jaipur,Salaried,68444.04,Platinum,500000,2021-02-06
C00819,35,F,Mumbai,Salaried,65153.32,Silver,100000,2022-11-20
C00820,56,M,Kolkata,Salaried,51253.71,Signature,1000000,2021-08-29
C00821,38,F,Chennai,Business Owner,78830.24,Gold,250000,2019-08-14
C00822,35,M,Kolkata,Salaried,119959.27,Silver,100000,2022-09-21
C00823,21,F,Lucknow,Self Employed,56356.16,Gold,250000,2021-05-08
C00824,46,F,Chennai,Self Employed,38805.8,Gold,250000,2019-10-21
C00825,29,F,Ahmedabad,Salaried,23949.44,Signature,1000000,2023-11-03
C00826,63,M,Lucknow,Business Owner,86125.52,Gold,250000,2023-10-18
C00827,33,M,Bangalore,Self Employed,66077.89,Gold,250000,2021-09-30
C00828,42,M,Delhi,Salaried,103148.26,Platinum,500000,2021-01-23
C00829,41,M,Chennai,Salaried,99704.99,Silver,100000,2024-02-22
C00830,48,M,Mumbai,Student,63486.07,Silver,100000,2021-07-05
C00831,39,F,Bangalore,Business Owner,41461.92,Silver,100000,2021-05-17
C00832,27,M,Mumbai,Student,51883.3,Silver,100000,2022-02-14
C00833,30,M,Pune,Salaried,15000.0,Silver,100000,2024-03-28
C00834,41,F,Kolkata,Self Employed,54948.13,Silver,100000,2020-08-26
C00835,29,M,Chennai,Business Owner,59473.46,Signature,1000000,2022-04-09
C00836,33,F,Delhi,Retired,31726.12,Platinum,500000,2020-08-31
C00837,64,M,Ahmedabad,Retired,96797.34,Platinum,500000,2024-05-31
C00838,40,F,Ahmedabad,Business Owner,62336.79,Gold,250000,2019-01-25
C00839,26,M,Bangalore,Self Employed,90637.0,Platinum,500000,2022-06-04
C00840,58,M,Mumbai,Salaried,119221.87,Silver,100000,2022-12-30
C00841,43,M,Mumbai,Retired,26171.22,Silver,100000,2019-07-20
C00842,27,F,Chennai,Self Employed,50547.59,Gold,250000,2023-04-27
C00843,47,M,Mumbai,Salaried,59822.89,Gold,250000,2023-04-02
C00844,27,M,Chennai,Retired,20723.4,Gold,250000,2023-04-21
C00845,25,M,Jaipur,Self Employed,67708.31,Silver,100000,2024-02-04
C00846,38,F,Hyderabad,Salaried,65574.41,Gold,250000,2019-12-10
C00847,35,M,Chennai,Salaried,68128.92,Gold,250000,2021-03-05
C00848,21,M,Hyderabad,Business Owner,64670.1,Silver,100000,2020-01-14
C00849,38,F,Pune,Retired,99162.72,Platinum,500000,2022-01-10
C00850,54,M,Jaipur,Student,109103.0,Gold,250000,2022-11-26
C00851,28,M,Mumbai,Business Owner,47489.17,Platinum,500000,2023-01-31
C00852,42,F,Pune,Salaried,32612.08,Silver,100000,2021-03-26
C00853,35,F,Mumbai,Salaried,22796.51,Silver,100000,2019-05-20
C00854,32,M,Lucknow,Self Employed,33367.68,Gold,250000,2020-03-25
C00855,27,M,Mumbai,Salaried,104781.43,Gold,250000,2020-05-17
C00856,58,M,Pune,Student,99193.05,Signature,1000000,2022-04-17
C00857,52,M,Delhi,Business Owner,56727.31,Signature,1000000,2023-05-22
C00858,22,F,Chennai,Salaried,59764.76,Silver,100000,2022-06-08
C00859,25,F,Bangalore,Salaried,35737.65,Platinum,500000,2019-06-01
C00860,57,M,Ahmedabad,Business Owner,70867.81,Silver,100000,2019-11-06
C00861,60,F,Ahmedabad,Salaried,76702.71,Silver,100000,2019-09-19
C00862,37,F,Mumbai,Salaried,58896.57,Platinum,500000,2023-11-20
C00863,63,M,Lucknow,Retired,65049.78,Silver,100000,2021-04-14
C00864,25,M,Jaipur,Self Employed,102480.51,Gold,250000,2023-04-24
C00865,32,F,Bangalore,Business Owner,15000.0,Gold,250000,2024-03-24
C00866,25,F,Ahmedabad,Business Owner,123988.56,Gold,250000,2024-04-01
C00867,54,F,Chennai,Salaried,56825.22,Gold,250000,2021-12-25
C00868,36,M,Pune,Self Employed,68457.41,Gold,250000,2020-12-11
C00869,47,M,Delhi,Student,25169.61,Platinum,500000,2024-02-19
C00870,57,M,Kolkata,Salaried,97392.76,Platinum,500000,2022-08-05
C00871,58,F,Mumbai,Salaried,15000.0,Silver,100000,2023-07-17
C00872,36,M,Mumbai,Business Owner,69772.51,Silver,100000,2019-06-12
C00873,61,F,Ahmedabad,Business Owner,82509.16,Gold,250000,2021-01-12
C00874,50,M,Hyderabad,Salaried,62907.03,Silver,100000,2021-07-11
C00875,58,F,Bangalore,Self Employed,105065.31,Signature,1000000,2019-08-12
C00876,49,M,Chennai,Business Owner,57628.47,Platinum,500000,2021-10-14
C00877,49,M,Mumbai,Salaried,102401.68,Platinum,500000,2021-01-04
C00878,31,F,Bangalore,Business Owner,98283.66,Gold,250000,2019-05-03
C00879,48,M,Lucknow,Salaried,53754.73,Gold,250000,2019-07-29
C00880,22,F,Lucknow,Salaried,67850.59,Gold,250000,2019-08-18
C00881,56,F,Kolkata,Salaried,47588.82,Signature,1000000,2020-11-19
C00882,41,M,Lucknow,Salaried,71307.57,Gold,250000,2022-06-07
C00883,35,F,Ahmedabad,Retired,60340.47,Gold,250000,2021-08-05
C00884,63,F,Lucknow,Salaried,73264.11,Silver,100000,2020-03-13
C00885,58,M,Pune,Student,79325.75,Silver,100000,2020-06-16
C00886,40,M,Jaipur,Business Owner,22639.74,Gold,250000,2022-08-18
C00887,29,F,Pune,Salaried,76013.55,Gold,250000,2023-06-04
C00888,27,M,Pune,Salaried,60424.9,Gold,250000,2023-11-03
C00889,58,M,Bangalore,Salaried,16586.29,Signature,1000000,2024-06-19
C00890,48,F,Lucknow,Salaried,80231.16,Gold,250000,2020-12-27
C00891,56,F,Delhi,Salaried,99526.94,Silver,100000,2022-01-01
C00892,62,M,Pune,Business Owner,37070.66,Silver,100000,2023-09-14
C00893,26,F,Chennai,Business Owner,102022.51,Gold,250000,2020-02-08
C00894,37,M,Jaipur,Salaried,86611.0,Gold,250000,2019-04-27
C00895,31,M,Lucknow,Self Employed,86524.8,Silver,100000,2021-04-24
C00896,48,F,Bangalore,Salaried,31522.67,Silver,100000,2019-01-16
C00897,36,M,Kolkata,Salaried,15000.0,Platinum,500000,2023-10-20
C00898,30,M,Lucknow,Salaried,97928.78,Silver,100000,2023-02-14
C00899,27,M,Mumbai,Retired,79428.48,Silver,100000,2023-04-11
C00900,27,M,Chennai,Salaried,64376.89,Silver,100000,2019-10-03
C00901,33,M,Hyderabad,Salaried,42162.36,Silver,100000,2022-08-26
C00902,39,M,Ahmedabad,Business Owner,52279.76,Platinum,500000,2023-07-22
C00903,57,M,Hyderabad,Salaried,110399.3,Gold,250000,2021-11-10
C00904,49,M,Bangalore,Student,32163.64,Silver,100000,2023-06-09
C00905,34,F,Bangalore,Salaried,38453.42,Silver,100000,2021-06-28
C00906,40,F,Kolkata,Student,54230.4,Silver,100000,2022-08-13
C00907,24,F,Lucknow,Retired,38794.19,Gold,250000,2024-03-05
C00908,30,F,Jaipur,Business Owner,128355.85,Signature,1000000,2021-12-28
C00909,56,M,Jaipur,Salaried,66176.11,Signature,1000000,2024-03-31
C00910,62,M,Mumbai,Salaried,62867.95,Silver,100000,2024-02-28
C00911,64,F,Pune,Salaried,94564.11,Silver,100000,2019-04-22
C00912,34,F,Mumbai,Self Employed,74738.73,Gold,250000,2021-12-11
C00913,25,F,Lucknow,Salaried,54801.92,Silver,100000,2019-07-23
C00914,50,F,Chennai,Salaried,44520.12,Silver,100000,2020-01-21
C00915,33,F,Mumbai,Salaried,82130.06,Platinum,500000,2019-02-16
C00916,25,F,Ahmedabad,Salaried,42631.15,Gold,250000,2021-03-22
C00917,45,M,Bangalore,Business Owner,70006.65,Silver,100000,2021-06-04
C00918,44,M,Delhi,Student,119543.49,Gold,250000,2021-03-21
C00919,56,F,Chennai,Salaried,119051.99,Gold,250000,2020-08-19
C00920,42,M,Ahmedabad,Student,109350.8,Silver,100000,2023-07-08
C00921,29,F,Ahmedabad,Self Employed,88423.88,Gold,250000,2021-04-22
C00922,47,M,Bangalore,Business Owner,43924.18,Silver,100000,2019-01-26
C00923,62,F,Hyderabad,Salaried,94983.97,Silver,100000,2019-08-17
C00924,52,M,Kolkata,Student,95402.13,Silver,100000,2023-07-27
C00925,46,M,Mumbai,Salaried,115164.47,Silver,100000,2023-07-01
C00926,50,F,Lucknow,Salaried,88455.23,Signature,1000000,2023-10-07
C00927,58,F,Jaipur,Business Owner,91191.65,Signature,1000000,2019-04-16
C00928,30,M,Pune,Student,57995.77,Silver,100000,2020-03-21
C00929,26,M,Hyderabad,Salaried,92363.35,Gold,250000,2023-05-06
C00930,45,M,Hyderabad,Salaried,69322.67,Gold,250000,2019-08-21
C00931,35,M,Pune,Salaried,105037.95,Signature,1000000,2022-04-24
C00932,62,M,Delhi,Self Employed,66854.73,Signature,1000000,2021-04-17
C00933,38,F,Mumbai,Salaried,32259.26,Platinum,500000,2021-08-22
C00934,61,M,Ahmedabad,Salaried,91948.03,Silver,100000,2022-04-11
C00935,56,M,Lucknow,Salaried,81935.56,Silver,100000,2019-12-17
C00936,52,M,Mumbai,Self Employed,100498.89,Silver,100000,2021-02-08
C00937,60,M,Kolkata,Business Owner,64273.83,Platinum,500000,2021-03-03
C00938,46,F,Jaipur,Salaried,64054.13,Platinum,500000,2021-03-16
C00939,47,M,Delhi,Retired,66308.45,Platinum,500000,2019-12-22
C00940,60,F,Mumbai,Salaried,87647.36,Silver,100000,2021-06-17
C00941,42,F,Kolkata,Retired,15000.0,Signature,1000000,2020-02-27
C00942,51,M,Jaipur,Salaried,102523.99,Gold,250000,2022-11-01
C00943,22,F,Chennai,Business Owner,100214.72,Silver,100000,2021-07-29
C00944,58,M,Lucknow,Business Owner,85539.84,Gold,250000,2023-04-10
C00945,23,F,Jaipur,Retired,38616.37,Platinum,500000,2024-04-15
C00946,32,M,Jaipur,Student,84202.22,Platinum,500000,2023-12-19
C00947,23,F,Ahmedabad,Business Owner,88486.77,Silver,100000,2022-02-01
C00948,40,M,Lucknow,Student,75204.61,Gold,250000,2023-03-02
C00949,52,F,Mumbai,Business Owner,66169.66,Gold,250000,2021-09-26
C00950,52,M,Kolkata,Salaried,72407.53,Platinum,500000,2021-03-14
C00951,61,F,Hyderabad,Salaried,91286.09,Gold,250000,2020-05-30
C00952,46,F,Delhi,Salaried,88532.51,Platinum,500000,2023-08-14
C00953,41,M,Bangalore,Self Employed,70685.73,Signature,1000000,2020-02-02
C00954,33,F,Hyderabad,Business Owner,92125.39,Platinum,500000,2020-03-21
C00955,29,F,Ahmedabad,Business Owner,66960.25,Gold,250000,2020-12-31
C00956,40,M,Kolkata,Salaried,15000.0,Gold,250000,2021-04-21
C00957,36,F,Bangalore,Business Owner,65496.49,Silver,100000,2020-08-14
C00958,60,M,Mumbai,Salaried,32079.81,Silver,100000,2021-03-13
C00959,37,M,Kolkata,Salaried,69679.66,Silver,100000,2023-08-16
C00960,23,M,Delhi,Retired,29297.86,Gold,250000,2019-04-13
C00961,54,F,Lucknow,Salaried,38013.5,Platinum,500000,2020-05-20
C00962,51,M,Ahmedabad,Salaried,141370.27,Silver,100000,2023-10-26
C00963,44,F,Jaipur,Self Employed,90406.46,Gold,250000,2024-04-21
C00964,28,M,Kolkata,Salaried,64034.51,Silver,100000,2024-03-12
C00965,63,F,Kolkata,Salaried,71516.09,Silver,100000,2020-01-31
C00966,49,M,Chennai,Salaried,114694.08,Gold,250000,2024-04-29
C00967,24,M,Ahmedabad,Retired,50286.57,Platinum,500000,2021-06-01
C00968,28,F,Mumbai,Salaried,80130.61,Platinum,500000,2022-06-06
C00969,30,M,Hyderabad,Salaried,85930.78,Gold,250000,2023-01-23
C00970,48,F,Bangalore,Self Employed,74466.3,Gold,250000,2023-12-22
C00971,41,F,Ahmedabad,Salaried,55726.14,Silver,100000,2022-03-10
C00972,55,M,Ahmedabad,Business Owner,45216.64,Silver,100000,2024-05-31
C00973,37,F,Mumbai,Salaried,71338.23,Gold,250000,2019-03-08
C00974,43,M,Delhi,Salaried,107712.39,Gold,250000,2023-02-12
C00975,26,M,Pune,Self Employed,47663.18,Silver,100000,2019-08-17
C00976,35,M,Mumbai,Student,57568.82,Gold,250000,2021-01-27
C00977,63,M,Lucknow,Salaried,76030.45,Gold,250000,2023-08-25
C00978,49,M,Mumbai,Self Employed,57318.57,Signature,1000000,2020-01-14
C00979,28,F,Delhi,Student,38073.4,Gold,250000,2023-02-07
C00980,50,M,Jaipur,Self Employed,69704.66,Gold,250000,2019-03-04
C00981,27,M,Kolkata,Salaried,42955.15,Gold,250000,2020-04-20
C00982,24,M,Hyderabad,Business Owner,88101.2,Silver,100000,2022-10-19
C00983,25,M,Ahmedabad,Student,31842.43,Gold,250000,2024-04-23
C00984,27,M,Lucknow,Self Employed,76341.9,Gold,250000,2020-03-30
C00985,29,M,Jaipur,Business Owner,87621.75,Silver,100000,2019-08-22
C00986,35,M,Chennai,Business Owner,112425.62,Silver,100000,2023-06-28
C00987,48,M,Pune,Salaried,99086.44,Silver,100000,2022-11-18
C00988,61,M,Pune,Student,84140.57,Gold,250000,2022-12-26
C00989,60,F,Hyderabad,Self Employed,105933.78,Gold,250000,2023-10-04
C00990,53,M,Bangalore,Business Owner,107341.44,Platinum,500000,2022-06-13
C00991,21,M,Ahmedabad,Retired,42485.34,Gold,250000,2020-12-09
C00992,54,M,Hyderabad,Self Employed,90094.24,Silver,100000,2019-03-28
C00993,40,F,Pune,Self Employed,37690.73,Gold,250000,2021-07-30
C00994,28,F,Pune,Business Owner,101076.54,Silver,100000,2020-11-05
C00995,57,F,Delhi,Business Owner,25838.89,Gold,250000,2021-01-17
C00996,36,F,Kolkata,Salaried,28784.96,Silver,100000,2023-12-30
C00997,25,M,Ahmedabad,Salaried,72523.19,Gold,250000,2019-03-06
C00998,61,F,Delhi,Salaried,59943.78,Gold,250000,2021-11-01
C00999,31,F,Ahmedabad,Salaried,26271.27,Gold,250000,2023-10-08
C01000,24,M,Chennai,Self Employed,48650.21,Signature,1000000,2021-02-18
C01001,63,F,Delhi,Salaried,84719.86,Platinum,500000,2023-02-09
C01002,59,M,Hyderabad,Retired,83838.04,Gold,250000,2020-10-01
C01003,46,M,Jaipur,Business Owner,15000.0,Signature,1000000,2020-03-14
C01004,37,M,Ahmedabad,Business Owner,131265.34,Gold,250000,2020-02-19
C01005,40,F,Jaipur,Salaried,76152.05,Silver,100000,2023-10-26
C01006,41,F,Pune,Business Owner,92163.9,Gold,250000,2023-10-31
C01007,48,F,Bangalore,Retired,101291.84,Platinum,500000,2021-04-18
C01008,59,M,Ahmedabad,Salaried,110872.06,Silver,100000,2021-10-06
C01009,47,M,Ahmedabad,Salaried,41047.01,Gold,250000,2022-06-15
C01010,62,F,Mumbai,Student,80772.35,Gold,250000,2023-05-19
C01011,37,M,Jaipur,Self Employed,78934.18,Silver,100000,2023-04-23
C01012,51,M,Jaipur,Salaried,133078.07,Gold,250000,2022-09-17
C01013,32,F,Chennai,Salaried,92183.9,Platinum,500000,2020-06-01
C01014,58,M,Mumbai,Salaried,95925.42,Gold,250000,2022-06-26
C01015,45,F,Kolkata,Self Employed,88285.78,Platinum,500000,2020-01-29
C01016,40,F,Pune,Salaried,23338.79,Gold,250000,2020-10-10
C01017,28,M,Pune,Business Owner,98688.85,Signature,1000000,2022-02-01
C01018,27,M,Ahmedabad,Salaried,139740.2,Silver,100000,2021-10-10
C01019,45,M,Delhi,Retired,42160.19,Gold,250000,2022-02-10
C01020,55,F,Delhi,Self Employed,92843.97,Platinum,500000,2024-04-21
C01021,43,F,Mumbai,Self Employed,61958.17,Platinum,500000,2020-05-03
C01022,37,F,Ahmedabad,Business Owner,25726.27,Silver,100000,2024-05-27
C01023,38,M,Mumbai,Business Owner,35145.67,Signature,1000000,2021-02-22
C01024,63,M,Lucknow,Self Employed,18114.93,Gold,250000,2020-11-19
C01025,21,M,Lucknow,Self Employed,38096.1,Platinum,500000,2019-11-07
C01026,50,M,Jaipur,Salaried,15000.0,Gold,250000,2021-08-24
C01027,24,M,Delhi,Student,74487.94,Platinum,500000,2019-08-17
C01028,27,M,Mumbai,Salaried,72934.82,Silver,100000,2021-09-15
C01029,31,M,Kolkata,Retired,92324.43,Gold,250000,2021-10-17
C01030,64,M,Kolkata,Business Owner,111596.2,Platinum,500000,2021-08-24
C01031,31,M,Mumbai,Business Owner,66271.43,Gold,250000,2023-08-20
C01032,26,M,Hyderabad,Retired,63658.47,Platinum,500000,2019-06-14
C01033,53,F,Delhi,Business Owner,74120.57,Silver,100000,2019-04-02
C01034,40,F,Delhi,Salaried,157545.21,Silver,100000,2023-09-27
C01035,49,M,Hyderabad,Self Employed,88863.06,Gold,250000,2023-03-13
C01036,24,M,Pune,Salaried,59278.87,Gold,250000,2020-05-14
C01037,45,F,Kolkata,Retired,79776.5,Gold,250000,2021-12-15
C01038,36,M,Ahmedabad,Business Owner,118625.21,Silver,100000,2020-02-17
C01039,39,F,Kolkata,Salaried,77632.79,Gold,250000,2022-01-19
C01040,47,M,Bangalore,Student,51346.92,Gold,250000,2024-02-13
C01041,50,F,Delhi,Salaried,93614.16,Silver,100000,2023-09-04
C01042,41,M,Jaipur,Business Owner,63668.78,Gold,250000,2024-02-19
C01043,30,M,Hyderabad,Salaried,92603.01,Platinum,500000,2021-08-29
C01044,57,M,Jaipur,Salaried,52858.85,Silver,100000,2020-01-25
C01045,35,F,Bangalore,Business Owner,123543.25,Silver,100000,2019-09-10
C01046,56,F,Lucknow,Self Employed,70403.51,Silver,100000,2024-05-11
C01047,27,F,Ahmedabad,Salaried,38319.08,Gold,250000,2022-03-15
C01048,51,M,Pune,Salaried,62291.65,Gold,250000,2023-12-07
C01049,63,M,Lucknow,Salaried,99161.71,Silver,100000,2023-12-12
C01050,27,M,Ahmedabad,Salaried,69600.86,Silver,100000,2020-08-16
C01051,40,F,Delhi,Business Owner,24188.77,Silver,100000,2021-03-20
C01052,21,F,Hyderabad,Salaried,54896.13,Platinum,500000,2022-05-21
C01053,24,M,Ahmedabad,Student,105732.58,Silver,100000,2022-08-02
C01054,25,M,Ahmedabad,Business Owner,45441.85,Silver,100000,2021-08-13
C01055,46,F,Lucknow,Salaried,80552.98,Silver,100000,2023-04-14
C01056,62,M,Lucknow,Self Employed,85714.22,Gold,250000,2021-07-27
C01057,34,F,Bangalore,Salaried,21102.72,Silver,100000,2020-03-01
C01058,62,M,Hyderabad,Salaried,50857.25,Silver,100000,2020-10-31
C01059,29,M,Chennai,Salaried,102734.47,Platinum,500000,2019-12-06
C01060,24,M,Lucknow,Student,61277.88,Gold,250000,2019-05-30
C01061,29,M,Delhi,Student,84270.88,Silver,100000,2020-04-08
C01062,59,M,Lucknow,Self Employed,45952.78,Platinum,500000,2019-06-14
C01063,28,M,Ahmedabad,Salaried,64594.58,Silver,100000,2020-05-19
C01064,24,M,Ahmedabad,Retired,111144.24,Platinum,500000,2024-06-19
C01065,53,F,Lucknow,Self Employed,91840.24,Gold,250000,2023-07-19
C01066,35,M,Pune,Business Owner,89902.84,Signature,1000000,2024-02-04
C01067,43,M,Delhi,Business Owner,106764.12,Gold,250000,2022-04-29
C01068,26,F,Lucknow,Retired,64497.7,Silver,100000,2021-09-20
C01069,56,F,Pune,Business Owner,26138.99,Silver,100000,2023-06-09
C01070,60,M,Mumbai,Business Owner,90605.86,Silver,100000,2022-01-29
C01071,59,M,Chennai,Student,61755.93,Gold,250000,2021-06-18
C01072,61,F,Mumbai,Salaried,15000.0,Signature,1000000,2019-04-20
C01073,30,M,Hyderabad,Salaried,45126.72,Silver,100000,2020-08-14
C01074,63,M,Lucknow,Salaried,21857.35,Silver,100000,2024-03-04
C01075,51,M,Delhi,Self Employed,77564.67,Silver,100000,2020-12-10
C01076,29,M,Pune,Retired,107830.42,Gold,250000,2024-04-04
C01077,23,F,Pune,Salaried,65288.9,Gold,250000,2019-02-12
C01078,22,M,Delhi,Salaried,125602.32,Silver,100000,2023-04-17
C01079,33,M,Pune,Business Owner,22771.08,Signature,1000000,2022-09-10
C01080,63,F,Mumbai,Salaried,39981.93,Signature,1000000,2021-02-27
C01081,46,M,Pune,Salaried,15000.0,Platinum,500000,2021-01-28
C01082,46,F,Bangalore,Salaried,75315.2,Gold,250000,2022-10-14
C01083,49,M,Ahmedabad,Retired,27668.3,Signature,1000000,2022-02-25
C01084,39,M,Hyderabad,Self Employed,94094.64,Platinum,500000,2022-12-20
C01085,45,M,Kolkata,Salaried,79166.93,Signature,1000000,2022-12-13
C01086,54,M,Pune,Salaried,32385.86,Platinum,500000,2019-10-24
C01087,60,M,Delhi,Salaried,104758.31,Silver,100000,2019-09-27
C01088,22,F,Mumbai,Student,73496.87,Gold,250000,2023-09-01
C01089,34,F,Mumbai,Salaried,98917.21,Platinum,500000,2023-09-02
C01090,39,F,Bangalore,Self Employed,69397.04,Platinum,500000,2022-03-05
C01091,42,F,Kolkata,Salaried,90637.99,Platinum,500000,2020-12-02
C01092,40,M,Chennai,Salaried,51610.5,Silver,100000,2023-09-07
C01093,47,M,Kolkata,Student,42114.01,Platinum,500000,2020-07-13
C01094,24,M,Jaipur,Self Employed,72169.07,Gold,250000,2020-01-16
C01095,46,M,Delhi,Business Owner,51140.37,Gold,250000,2022-07-22
C01096,48,F,Lucknow,Business Owner,61674.59,Platinum,500000,2023-12-07
C01097,34,F,Mumbai,Salaried,60199.8,Gold,250000,2021-07-01
C01098,63,M,Chennai,Salaried,73742.56,Gold,250000,2021-10-23
C01099,36,M,Delhi,Retired,20437.1,Gold,250000,2020-07-14
C01100,32,M,Hyderabad,Student,49342.22,Gold,250000,2022-07-02
C01101,53,F,Pune,Business Owner,61858.98,Silver,100000,2021-01-15
C01102,64,M,Chennai,Self Employed,103299.32,Gold,250000,2021-01-04
C01103,39,M,Jaipur,Salaried,74962.11,Signature,1000000,2020-07-11
C01104,45,M,Chennai,Student,28539.47,Platinum,500000,2019-09-03
C01105,21,M,Mumbai,Retired,63186.82,Signature,1000000,2023-10-12
C01106,59,F,Delhi,Salaried,65747.27,Gold,250000,2020-12-31
C01107,39,M,Chennai,Salaried,32813.13,Gold,250000,2021-05-18
C01108,29,F,Hyderabad,Business Owner,24913.88,Platinum,500000,2022-04-05
C01109,41,F,Ahmedabad,Salaried,92507.54,Silver,100000,2021-12-10
C01110,35,F,Ahmedabad,Salaried,44508.9,Silver,100000,2023-07-04
C01111,61,F,Mumbai,Retired,89419.98,Gold,250000,2019-12-30
C01112,57,F,Jaipur,Business Owner,21163.42,Platinum,500000,2020-06-20
C01113,29,M,Ahmedabad,Student,113537.64,Silver,100000,2022-07-04
C01114,61,M,Mumbai,Student,47817.57,Signature,1000000,2022-07-26
C01115,22,M,Ahmedabad,Business Owner,81946.63,Signature,1000000,2022-11-24
C01116,35,M,Lucknow,Salaried,62435.4,Silver,100000,2022-12-12
C01117,28,F,Chennai,Business Owner,129272.08,Silver,100000,2019-12-28
C01118,52,F,Hyderabad,Salaried,37487.94,Platinum,500000,2019-12-12
C01119,35,F,Pune,Salaried,15000.0,Silver,100000,2023-11-08
C01120,61,F,Delhi,Salaried,59065.43,Signature,1000000,2020-08-07
C01121,64,M,Delhi,Retired,36868.6,Platinum,500000,2022-12-25
C01122,32,F,Pune,Salaried,34933.03,Silver,100000,2021-07-28
C01123,51,M,Kolkata,Retired,133001.44,Gold,250000,2019-09-10
C01124,63,F,Chennai,Salaried,64642.1,Silver,100000,2024-01-18
C01125,59,M,Pune,Student,89785.94,Signature,1000000,2019-11-13
C01126,46,M,Jaipur,Salaried,122995.35,Gold,250000,2023-04-01
C01127,63,M,Pune,Self Employed,79575.0,Gold,250000,2019-01-30
C01128,29,M,Bangalore,Self Employed,75870.17,Signature,1000000,2021-06-23
C01129,41,F,Pune,Business Owner,47785.3,Signature,1000000,2022-04-01
C01130,41,F,Kolkata,Student,95944.73,Gold,250000,2022-12-30
C01131,35,M,Chennai,Self Employed,72245.84,Gold,250000,2019-09-01
C01132,46,F,Jaipur,Business Owner,109558.54,Platinum,500000,2023-07-19
C01133,26,F,Bangalore,Student,45507.93,Signature,1000000,2019-10-26
C01134,39,F,Ahmedabad,Business Owner,98007.51,Silver,100000,2023-09-05
C01135,56,M,Chennai,Salaried,22388.99,Gold,250000,2023-05-16
C01136,51,M,Delhi,Salaried,70257.64,Gold,250000,2021-02-08
C01137,28,F,Bangalore,Business Owner,50766.57,Gold,250000,2022-04-27
C01138,61,F,Mumbai,Self Employed,154729.92,Silver,100000,2019-09-28
C01139,46,M,Chennai,Self Employed,62656.6,Gold,250000,2023-10-25
C01140,44,M,Ahmedabad,Student,84750.06,Signature,1000000,2021-11-12
C01141,61,M,Jaipur,Retired,105377.78,Platinum,500000,2019-09-01
C01142,33,F,Ahmedabad,Student,130080.48,Silver,100000,2019-12-31
C01143,62,M,Jaipur,Business Owner,65131.53,Gold,250000,2019-05-04
C01144,34,F,Hyderabad,Business Owner,69239.58,Gold,250000,2021-06-29
C01145,44,M,Jaipur,Retired,95702.12,Silver,100000,2024-03-26
C01146,42,F,Chennai,Retired,81941.45,Gold,250000,2019-07-06
C01147,46,F,Pune,Salaried,56983.8,Silver,100000,2019-03-11
C01148,51,M,Chennai,Business Owner,121664.65,Silver,100000,2023-09-07
C01149,25,F,Delhi,Business Owner,76282.04,Gold,250000,2022-11-21
C01150,46,F,Jaipur,Business Owner,53171.32,Silver,100000,2021-09-14
C01151,28,M,Jaipur,Salaried,72276.73,Silver,100000,2023-10-18
C01152,21,F,Bangalore,Business Owner,88679.9,Silver,100000,2021-01-15
C01153,49,M,Chennai,Salaried,27085.61,Gold,250000,2023-05-04
C01154,63,M,Kolkata,Retired,97027.88,Silver,100000,2021-08-21
C01155,35,F,Pune,Business Owner,47317.27,Silver,100000,2021-03-02
C01156,54,F,Delhi,Business Owner,96018.5,Gold,250000,2022-01-16
C01157,48,F,Jaipur,Salaried,58280.9,Silver,100000,2019-03-15
C01158,55,F,Hyderabad,Retired,75503.4,Gold,250000,2020-07-11
C01159,45,M,Delhi,Business Owner,90362.28,Gold,250000,2024-01-20
C01160,50,M,Bangalore,Business Owner,71541.56,Silver,100000,2023-02-18
C01161,55,F,Delhi,Retired,162948.98,Silver,100000,2023-10-30
C01162,42,F,Delhi,Self Employed,62254.75,Platinum,500000,2019-03-04
C01163,63,F,Mumbai,Business Owner,67968.48,Gold,250000,2024-06-03
C01164,28,M,Delhi,Salaried,105752.14,Silver,100000,2022-04-08
C01165,23,M,Ahmedabad,Self Employed,30518.97,Gold,250000,2021-09-05
C01166,43,M,Delhi,Student,48241.7,Gold,250000,2019-08-30
C01167,31,F,Kolkata,Salaried,52093.16,Gold,250000,2020-11-18
C01168,39,F,Delhi,Salaried,19765.92,Silver,100000,2023-02-06
C01169,37,F,Chennai,Business Owner,90178.77,Gold,250000,2021-08-22
C01170,44,M,Chennai,Salaried,123121.17,Silver,100000,2020-10-18
C01171,32,M,Delhi,Salaried,15000.0,Gold,250000,2022-04-09
C01172,30,F,Lucknow,Self Employed,74786.27,Gold,250000,2021-09-01
C01173,24,F,Mumbai,Salaried,121672.43,Silver,100000,2021-09-28
C01174,51,F,Kolkata,Student,75989.14,Platinum,500000,2020-05-27
C01175,45,M,Mumbai,Business Owner,50396.11,Gold,250000,2020-01-23
C01176,42,F,Hyderabad,Salaried,58403.75,Platinum,500000,2023-02-03
C01177,57,F,Jaipur,Salaried,72891.08,Gold,250000,2022-06-04
C01178,23,M,Delhi,Student,39531.15,Gold,250000,2021-12-20
C01179,34,F,Pune,Self Employed,73888.21,Platinum,500000,2022-11-20
C01180,53,M,Jaipur,Business Owner,97179.69,Platinum,500000,2023-09-30
C01181,53,M,Mumbai,Salaried,132747.29,Silver,100000,2023-02-11
C01182,48,M,Delhi,Student,68938.3,Silver,100000,2023-07-03
C01183,25,M,Hyderabad,Business Owner,43181.73,Silver,100000,2023-06-20
C01184,48,M,Mumbai,Retired,85728.01,Signature,1000000,2023-01-26
C01185,25,M,Lucknow,Business Owner,50724.96,Gold,250000,2021-11-28
C01186,28,M,Ahmedabad,Salaried,90511.87,Platinum,500000,2021-07-05
C01187,43,F,Bangalore,Salaried,15000.0,Gold,250000,2021-04-12
C01188,46,F,Mumbai,Salaried,65432.08,Gold,250000,2020-11-21
C01189,23,M,Kolkata,Salaried,41271.04,Platinum,500000,2021-06-16
C01190,42,M,Kolkata,Self Employed,98403.0,Gold,250000,2020-02-20
C01191,40,M,Chennai,Retired,81509.47,Silver,100000,2021-09-19
C01192,62,F,Pune,Retired,81369.42,Signature,1000000,2020-06-12
C01193,40,F,Delhi,Business Owner,77708.72,Gold,250000,2021-01-09
C01194,53,M,Lucknow,Student,73527.45,Gold,250000,2019-01-04
C01195,55,F,Ahmedabad,Student,26592.96,Silver,100000,2020-01-16
C01196,58,M,Chennai,Business Owner,107761.28,Platinum,500000,2023-02-14
C01197,53,F,Delhi,Self Employed,78788.56,Platinum,500000,2024-02-15
C01198,41,M,Delhi,Business Owner,33952.35,Platinum,500000,2019-01-09
C01199,28,M,Hyderabad,Salaried,88061.12,Gold,250000,2019-07-23
C01200,36,F,Pune,Salaried,54537.58,Platinum,500000,2021-04-29
C01201,23,F,Delhi,Retired,92931.88,Silver,100000,2022-09-23
C01202,59,F,Jaipur,Salaried,43764.29,Silver,100000,2024-02-15
C01203,63,M,Chennai,Business Owner,89216.88,Platinum,500000,2023-08-13
C01204,32,F,Ahmedabad,Self Employed,59892.95,Platinum,500000,2023-05-19
C01205,32,M,Jaipur,Salaried,84370.09,Gold,250000,2023-05-05
C01206,49,M,Ahmedabad,Salaried,44160.71,Platinum,500000,2023-06-24
C01207,23,M,Mumbai,Salaried,74870.64,Platinum,500000,2024-02-12
C01208,57,F,Pune,Salaried,38280.32,Silver,100000,2021-02-06
C01209,29,M,Ahmedabad,Self Employed,101621.09,Silver,100000,2019-05-03
C01210,37,F,Jaipur,Business Owner,91016.91,Silver,100000,2022-10-28
C01211,27,M,Jaipur,Salaried,92306.14,Silver,100000,2020-06-25
C01212,41,M,Ahmedabad,Business Owner,84760.21,Gold,250000,2021-06-30
C01213,56,M,Ahmedabad,Retired,116149.91,Signature,1000000,2022-01-05
C01214,27,M,Hyderabad,Salaried,84415.56,Gold,250000,2021-11-04
C01215,63,F,Bangalore,Student,36242.05,Platinum,500000,2019-11-26
C01216,63,M,Lucknow,Student,37194.03,Signature,1000000,2024-05-14
C01217,53,F,Bangalore,Business Owner,92164.7,Gold,250000,2023-01-15
C01218,24,F,Kolkata,Salaried,108409.97,Gold,250000,2020-08-29
C01219,30,M,Pune,Business Owner,77927.64,Gold,250000,2019-01-19
C01220,22,M,Delhi,Retired,68789.98,Silver,100000,2021-12-07
C01221,63,F,Pune,Business Owner,54967.48,Signature,1000000,2022-03-06
C01222,46,F,Ahmedabad,Business Owner,84382.21,Silver,100000,2020-06-23
C01223,57,F,Jaipur,Salaried,78270.82,Signature,1000000,2020-03-09
C01224,22,M,Jaipur,Student,60088.49,Signature,1000000,2020-02-24
C01225,48,F,Pune,Business Owner,151253.85,Gold,250000,2019-12-11
C01226,36,F,Jaipur,Retired,94236.13,Gold,250000,2020-03-31
C01227,52,M,Pune,Salaried,85510.51,Gold,250000,2019-03-28
C01228,25,F,Kolkata,Student,83119.71,Silver,100000,2023-03-07
C01229,55,F,Ahmedabad,Salaried,91763.01,Gold,250000,2019-08-16
C01230,43,M,Kolkata,Business Owner,66848.41,Silver,100000,2022-01-14
C01231,39,F,Hyderabad,Self Employed,89702.22,Silver,100000,2021-03-06
C01232,43,F,Kolkata,Retired,74702.79,Silver,100000,2022-03-13
C01233,33,F,Bangalore,Salaried,40003.66,Signature,1000000,2022-10-03
C01234,59,M,Jaipur,Salaried,24123.32,Silver,100000,2024-01-26
C01235,57,F,Mumbai,Salaried,123783.52,Gold,250000,2022-06-12
C01236,59,M,Bangalore,Salaried,107469.19,Platinum,500000,2020-07-19
C01237,64,F,Pune,Student,43480.03,Silver,100000,2022-02-11
C01238,21,F,Delhi,Business Owner,73974.91,Silver,100000,2022-01-14
C01239,61,F,Bangalore,Student,18124.51,Silver,100000,2021-06-16
C01240,38,M,Lucknow,Self Employed,128587.52,Silver,100000,2023-08-27
C01241,35,M,Ahmedabad,Salaried,71377.61,Silver,100000,2019-08-22
C01242,63,M,Ahmedabad,Business Owner,107693.17,Gold,250000,2023-10-25
C01243,26,M,Hyderabad,Business Owner,35473.47,Gold,250000,2021-04-15
C01244,63,F,Mumbai,Student,56350.02,Platinum,500000,2022-08-12
C01245,49,M,Lucknow,Business Owner,35138.03,Gold,250000,2019-09-01
C01246,37,M,Pune,Self Employed,117463.5,Gold,250000,2020-04-27
C01247,35,F,Hyderabad,Salaried,21843.49,Gold,250000,2024-03-18
C01248,55,F,Kolkata,Student,42188.5,Platinum,500000,2020-01-16
C01249,62,M,Bangalore,Salaried,102606.87,Platinum,500000,2019-05-07
C01250,36,M,Ahmedabad,Salaried,49691.15,Platinum,500000,2023-10-17
C01251,23,F,Hyderabad,Business Owner,124910.0,Gold,250000,2020-12-13
C01252,49,M,Pune,Salaried,49289.71,Gold,250000,2023-02-13
C01253,37,M,Chennai,Student,89768.62,Platinum,500000,2020-09-14
C01254,25,M,Pune,Salaried,56610.04,Silver,100000,2021-10-16
C01255,39,M,Lucknow,Business Owner,149136.45,Gold,250000,2020-04-08
C01256,61,F,Lucknow,Retired,79056.2,Silver,100000,2020-05-11
C01257,49,M,Bangalore,Student,39268.08,Silver,100000,2020-01-02
C01258,36,F,Lucknow,Self Employed,55572.18,Gold,250000,2024-02-27
C01259,56,M,Hyderabad,Salaried,46766.15,Gold,250000,2023-06-17
C01260,50,F,Bangalore,Salaried,58410.87,Gold,250000,2022-05-19
C01261,23,M,Jaipur,Self Employed,71094.17,Silver,100000,2024-03-27
C01262,35,M,Ahmedabad,Salaried,97330.82,Platinum,500000,2019-07-16
C01263,30,F,Jaipur,Self Employed,97547.48,Silver,100000,2022-07-11
C01264,41,F,Mumbai,Salaried,55621.35,Silver,100000,2023-03-18
C01265,36,F,Lucknow,Salaried,43591.69,Platinum,500000,2020-10-26
C01266,37,M,Chennai,Self Employed,39414.3,Signature,1000000,2022-06-26
C01267,22,F,Chennai,Salaried,67946.61,Platinum,500000,2021-02-10
C01268,28,M,Kolkata,Salaried,70863.27,Gold,250000,2020-06-26
C01269,43,F,Mumbai,Student,82088.34,Gold,250000,2019-11-04
C01270,28,M,Mumbai,Salaried,83711.2,Platinum,500000,2024-04-14
C01271,49,F,Delhi,Business Owner,48062.54,Platinum,500000,2021-07-11
C01272,46,F,Kolkata,Self Employed,96331.31,Platinum,500000,2020-05-22
C01273,55,M,Delhi,Salaried,124946.65,Gold,250000,2020-08-17
C01274,28,F,Hyderabad,Salaried,62606.15,Silver,100000,2019-03-27
C01275,24,M,Mumbai,Self Employed,15000.0,Gold,250000,2021-01-31
C01276,22,M,Lucknow,Business Owner,62941.78,Gold,250000,2022-01-15
C01277,35,M,Jaipur,Self Employed,92823.47,Signature,1000000,2023-03-11
C01278,29,M,Hyderabad,Self Employed,71740.86,Gold,250000,2023-05-03
C01279,30,F,Pune,Salaried,47703.13,Gold,250000,2024-03-22
C01280,44,M,Delhi,Salaried,46845.94,Signature,1000000,2024-01-18
C01281,46,F,Mumbai,Business Owner,31993.1,Gold,250000,2021-04-13
C01282,36,F,Pune,Salaried,83160.04,Platinum,500000,2019-02-11
C01283,22,F,Hyderabad,Business Owner,42915.73,Silver,100000,2020-02-13
C01284,31,M,Lucknow,Student,94277.94,Signature,1000000,2019-11-20
C01285,56,M,Chennai,Self Employed,92128.78,Gold,250000,2023-03-21
C01286,25,F,Pune,Salaried,48823.63,Silver,100000,2019-09-10
C01287,36,F,Kolkata,Salaried,80936.84,Gold,250000,2020-10-07
C01288,45,F,Ahmedabad,Student,49594.8,Silver,100000,2024-05-23
C01289,52,M,Kolkata,Business Owner,53482.39,Platinum,500000,2024-05-09
C01290,45,F,Hyderabad,Salaried,85290.68,Gold,250000,2022-08-13
C01291,51,F,Lucknow,Business Owner,51133.06,Silver,100000,2020-08-02
C01292,26,M,Ahmedabad,Salaried,124879.89,Signature,1000000,2020-07-16
C01293,63,M,Lucknow,Salaried,47018.64,Silver,100000,2022-06-30
C01294,26,M,Lucknow,Salaried,56161.99,Gold,250000,2024-01-03
C01295,36,M,Pune,Salaried,84317.48,Gold,250000,2019-03-21
C01296,53,M,Lucknow,Salaried,114782.41,Signature,1000000,2023-03-29
C01297,21,F,Kolkata,Student,65425.0,Silver,100000,2020-12-24
C01298,32,M,Bangalore,Salaried,59620.58,Gold,250000,2020-12-24
C01299,32,M,Bangalore,Salaried,79279.4,Platinum,500000,2020-06-29
C01300,46,F,Pune,Salaried,74904.62,Gold,250000,2022-06-11
C01301,35,M,Kolkata,Self Employed,78403.72,Silver,100000,2019-09-13
C01302,25,M,Delhi,Salaried,15000.0,Silver,100000,2022-01-14
C01303,44,M,Kolkata,Salaried,59638.8,Gold,250000,2021-06-17
C01304,55,F,Mumbai,Salaried,121079.34,Platinum,500000,2024-03-30
C01305,56,M,Ahmedabad,Self Employed,101961.29,Silver,100000,2024-05-13
C01306,51,M,Bangalore,Salaried,62258.63,Gold,250000,2020-10-13
C01307,59,M,Hyderabad,Salaried,56105.66,Platinum,500000,2024-03-22
C01308,49,M,Ahmedabad,Salaried,143269.98,Gold,250000,2020-11-18
C01309,29,F,Hyderabad,Student,34533.45,Silver,100000,2023-07-29
C01310,31,M,Kolkata,Retired,82031.94,Silver,100000,2023-05-16
C01311,56,F,Mumbai,Student,87367.86,Gold,250000,2020-11-10
C01312,59,F,Kolkata,Salaried,83801.27,Gold,250000,2019-07-09
C01313,64,M,Lucknow,Business Owner,92330.73,Gold,250000,2022-11-03
C01314,43,F,Chennai,Salaried,89643.9,Gold,250000,2020-08-23
C01315,44,F,Ahmedabad,Retired,61584.94,Silver,100000,2019-12-05
C01316,56,M,Kolkata,Student,27914.02,Signature,1000000,2020-07-27
C01317,62,M,Kolkata,Self Employed,64200.87,Signature,1000000,2020-04-03
C01318,63,M,Hyderabad,Salaried,114147.55,Silver,100000,2023-09-05
C01319,53,M,Kolkata,Student,91864.56,Silver,100000,2021-04-18
C01320,63,M,Pune,Salaried,87776.66,Platinum,500000,2023-05-29
C01321,61,F,Chennai,Salaried,50442.7,Silver,100000,2023-09-24
C01322,57,F,Jaipur,Self Employed,71346.2,Gold,250000,2020-04-26
C01323,34,M,Mumbai,Business Owner,48717.25,Gold,250000,2021-09-17
C01324,50,M,Bangalore,Salaried,67508.82,Silver,100000,2020-10-12
C01325,38,M,Pune,Retired,95730.56,Silver,100000,2020-11-19
C01326,33,F,Pune,Retired,18020.58,Gold,250000,2019-06-28
C01327,39,M,Ahmedabad,Student,97540.94,Platinum,500000,2021-05-19
C01328,25,F,Lucknow,Salaried,90612.01,Gold,250000,2022-04-08
C01329,49,M,Bangalore,Business Owner,71830.86,Gold,250000,2022-11-09
C01330,46,M,Jaipur,Salaried,21326.04,Silver,100000,2022-06-29
C01331,25,M,Chennai,Salaried,137604.72,Signature,1000000,2023-01-17
C01332,25,M,Pune,Business Owner,56091.36,Silver,100000,2019-07-27
C01333,28,M,Chennai,Salaried,69373.92,Gold,250000,2021-10-01
C01334,47,M,Lucknow,Salaried,17687.81,Silver,100000,2023-06-29
C01335,53,M,Ahmedabad,Business Owner,103186.95,Silver,100000,2020-08-14
C01336,33,F,Lucknow,Salaried,76020.96,Signature,1000000,2021-12-15
C01337,53,M,Hyderabad,Business Owner,89635.09,Gold,250000,2020-07-05
C01338,50,M,Bangalore,Salaried,46054.29,Silver,100000,2022-11-07
C01339,53,F,Pune,Business Owner,98250.9,Gold,250000,2021-10-14
C01340,29,F,Kolkata,Salaried,105293.68,Gold,250000,2020-11-06
C01341,57,F,Hyderabad,Salaried,57847.21,Silver,100000,2019-12-10
C01342,23,F,Lucknow,Self Employed,91020.81,Gold,250000,2024-02-14
C01343,26,M,Hyderabad,Self Employed,62865.79,Silver,100000,2022-04-16
C01344,25,F,Mumbai,Salaried,83992.94,Silver,100000,2020-01-16
C01345,35,F,Hyderabad,Business Owner,65100.76,Gold,250000,2023-02-01
C01346,28,M,Kolkata,Business Owner,105574.88,Gold,250000,2023-03-20
C01347,59,M,Chennai,Retired,63424.68,Gold,250000,2019-10-20
C01348,54,F,Pune,Student,45781.83,Platinum,500000,2024-04-27
C01349,63,M,Delhi,Salaried,18858.92,Platinum,500000,2023-08-06
C01350,34,M,Chennai,Self Employed,99451.74,Signature,1000000,2023-01-27
C01351,49,F,Hyderabad,Salaried,43475.76,Signature,1000000,2023-05-12
C01352,24,M,Jaipur,Salaried,124012.03,Platinum,500000,2021-08-28
C01353,24,F,Mumbai,Self Employed,50862.45,Signature,1000000,2023-09-30
C01354,29,M,Bangalore,Student,43701.12,Silver,100000,2023-04-11
C01355,51,F,Bangalore,Student,15000.0,Platinum,500000,2022-02-02
C01356,23,F,Kolkata,Salaried,15000.0,Platinum,500000,2024-02-23
C01357,37,F,Lucknow,Student,134067.6,Gold,250000,2022-12-09
C01358,45,M,Ahmedabad,Business Owner,78461.03,Gold,250000,2020-02-03
C01359,40,M,Ahmedabad,Retired,26166.05,Gold,250000,2023-11-29
C01360,46,F,Delhi,Student,36524.69,Silver,100000,2019-09-28
C01361,48,F,Jaipur,Student,106057.95,Silver,100000,2020-06-29
C01362,59,F,Pune,Student,70263.65,Gold,250000,2019-09-03
C01363,58,F,Lucknow,Student,21369.75,Platinum,500000,2020-12-07
C01364,33,M,Jaipur,Business Owner,49065.12,Gold,250000,2019-05-12
C01365,57,M,Bangalore,Retired,74497.49,Gold,250000,2019-05-29
C01366,64,M,Chennai,Business Owner,91689.15,Gold,250000,2019-06-11
C01367,46,F,Lucknow,Salaried,15000.0,Silver,100000,2019-08-31
C01368,49,M,Bangalore,Retired,25565.63,Silver,100000,2020-06-18
C01369,30,M,Lucknow,Business Owner,158826.09,Silver,100000,2019-02-24
C01370,37,F,Delhi,Salaried,94072.21,Gold,250000,2023-02-17
C01371,48,M,Lucknow,Self Employed,124286.82,Silver,100000,2020-07-04
C01372,32,M,Delhi,Salaried,39514.35,Silver,100000,2022-03-25
C01373,27,M,Pune,Salaried,46212.05,Gold,250000,2022-10-03
C01374,53,F,Pune,Salaried,143829.89,Silver,100000,2022-04-03
C01375,60,M,Lucknow,Student,73005.78,Platinum,500000,2020-07-13
C01376,59,M,Jaipur,Student,138041.84,Gold,250000,2020-05-23
C01377,44,F,Bangalore,Salaried,46459.74,Gold,250000,2022-05-12
C01378,44,M,Ahmedabad,Student,91331.36,Gold,250000,2022-04-26
C01379,28,M,Ahmedabad,Salaried,15000.0,Signature,1000000,2023-12-25
C01380,48,M,Mumbai,Self Employed,43523.19,Silver,100000,2019-10-29
C01381,32,F,Bangalore,Business Owner,34239.21,Silver,100000,2020-08-01
C01382,57,F,Pune,Student,70483.63,Silver,100000,2019-11-30
C01383,56,M,Kolkata,Student,113007.4,Gold,250000,2024-05-12
C01384,51,F,Kolkata,Self Employed,49367.67,Platinum,500000,2021-07-10
C01385,33,M,Pune,Salaried,78040.96,Signature,1000000,2020-04-23
C01386,26,M,Ahmedabad,Self Employed,19522.39,Silver,100000,2021-05-07
C01387,62,F,Ahmedabad,Salaried,52810.78,Silver,100000,2020-06-24
C01388,62,M,Lucknow,Student,99713.88,Platinum,500000,2019-11-05
C01389,37,M,Mumbai,Business Owner,139877.59,Gold,250000,2019-01-20
C01390,38,F,Ahmedabad,Salaried,75052.28,Silver,100000,2022-01-21
C01391,59,M,Hyderabad,Salaried,61390.23,Platinum,500000,2024-01-06
C01392,47,F,Chennai,Business Owner,104514.61,Silver,100000,2022-04-10
C01393,56,F,Ahmedabad,Salaried,57479.86,Silver,100000,2020-06-19
C01394,58,M,Pune,Student,15000.0,Silver,100000,2022-05-11
C01395,32,F,Kolkata,Salaried,90084.29,Silver,100000,2024-02-12
C01396,33,M,Mumbai,Salaried,103743.04,Platinum,500000,2020-04-22
C01397,38,M,Kolkata,Business Owner,71557.9,Signature,1000000,2021-11-21
C01398,33,F,Ahmedabad,Salaried,29220.29,Silver,100000,2022-07-12
C01399,39,F,Ahmedabad,Self Employed,44170.95,Gold,250000,2021-02-01
C01400,31,M,Hyderabad,Business Owner,77055.11,Gold,250000,2024-01-29
C01401,33,M,Lucknow,Retired,62010.3,Signature,1000000,2022-06-27
C01402,51,F,Jaipur,Salaried,64513.73,Silver,100000,2019-04-23
C01403,35,M,Chennai,Salaried,87642.3,Platinum,500000,2020-09-11
C01404,24,F,Hyderabad,Business Owner,98870.36,Gold,250000,2023-02-07
C01405,61,F,Chennai,Salaried,15000.0,Silver,100000,2023-07-20
C01406,34,M,Pune,Retired,79401.14,Gold,250000,2020-10-09
C01407,22,M,Bangalore,Salaried,62543.64,Signature,1000000,2021-02-18
C01408,45,F,Jaipur,Salaried,76928.26,Silver,100000,2019-10-20
C01409,43,M,Chennai,Self Employed,103303.79,Gold,250000,2020-05-05
C01410,26,M,Chennai,Salaried,78861.75,Gold,250000,2021-06-14
C01411,28,M,Pune,Student,22857.4,Gold,250000,2023-09-20
C01412,42,M,Chennai,Salaried,42028.86,Platinum,500000,2023-03-29
C01413,49,M,Lucknow,Business Owner,85451.12,Platinum,500000,2023-03-13
C01414,62,M,Jaipur,Self Employed,50537.98,Platinum,500000,2021-02-02
C01415,45,F,Hyderabad,Salaried,89834.41,Gold,250000,2023-02-28
C01416,49,M,Chennai,Salaried,87974.38,Gold,250000,2021-04-01
C01417,64,M,Jaipur,Business Owner,106174.55,Gold,250000,2022-12-06
C01418,36,M,Bangalore,Retired,41896.14,Gold,250000,2023-12-28
C01419,37,M,Kolkata,Salaried,133537.71,Gold,250000,2022-03-01
C01420,37,F,Kolkata,Salaried,51543.11,Gold,250000,2022-04-18
C01421,32,M,Jaipur,Business Owner,55693.71,Gold,250000,2021-11-06
C01422,25,F,Delhi,Salaried,120313.48,Gold,250000,2023-06-26
C01423,53,F,Bangalore,Self Employed,87300.7,Gold,250000,2023-02-15
C01424,48,M,Jaipur,Business Owner,110058.59,Gold,250000,2020-08-18
C01425,58,F,Pune,Business Owner,42883.59,Silver,100000,2021-08-05
C01426,40,M,Delhi,Self Employed,60459.23,Gold,250000,2024-01-16
C01427,32,M,Jaipur,Salaried,56052.21,Silver,100000,2021-02-28
C01428,46,F,Mumbai,Retired,58664.35,Gold,250000,2020-04-20
C01429,63,M,Pune,Self Employed,67769.64,Gold,250000,2019-03-22
C01430,43,F,Ahmedabad,Business Owner,64463.46,Gold,250000,2024-04-18
C01431,22,F,Kolkata,Salaried,79252.93,Gold,250000,2020-03-22
C01432,44,M,Delhi,Salaried,65186.53,Platinum,500000,2022-12-26
C01433,43,M,Kolkata,Business Owner,93695.73,Platinum,500000,2022-08-19
C01434,25,F,Mumbai,Salaried,89770.34,Platinum,500000,2021-01-24
C01435,30,F,Hyderabad,Business Owner,73721.25,Platinum,500000,2023-09-20
C01436,54,M,Hyderabad,Self Employed,126906.67,Gold,250000,2024-05-01
C01437,26,M,Hyderabad,Self Employed,87287.79,Platinum,500000,2022-09-11
C01438,32,M,Ahmedabad,Business Owner,64013.81,Gold,250000,2021-08-20
C01439,39,M,Delhi,Student,91692.4,Silver,100000,2019-09-10
C01440,52,F,Lucknow,Self Employed,131671.64,Gold,250000,2019-07-24
C01441,40,M,Delhi,Self Employed,76900.08,Gold,250000,2020-03-05
C01442,49,M,Lucknow,Business Owner,20882.55,Gold,250000,2022-10-15
C01443,30,M,Kolkata,Salaried,122189.96,Gold,250000,2020-08-29
C01444,22,M,Lucknow,Student,72558.52,Platinum,500000,2021-07-26
C01445,24,M,Kolkata,Business Owner,68278.08,Signature,1000000,2019-09-18
C01446,26,M,Delhi,Retired,68475.98,Gold,250000,2019-10-02
C01447,49,M,Hyderabad,Salaried,78274.37,Silver,100000,2019-12-31
C01448,44,F,Chennai,Salaried,17135.03,Silver,100000,2020-05-05
C01449,46,M,Jaipur,Salaried,90258.92,Silver,100000,2020-05-29
C01450,37,F,Bangalore,Salaried,74209.45,Gold,250000,2020-10-10
C01451,61,M,Ahmedabad,Business Owner,91575.06,Signature,1000000,2021-08-24
C01452,23,M,Pune,Self Employed,124593.15,Gold,250000,2023-07-04
C01453,32,M,Pune,Business Owner,79953.54,Platinum,500000,2021-06-14
C01454,39,M,Lucknow,Business Owner,23120.29,Silver,100000,2021-08-07
C01455,53,M,Pune,Salaried,95851.74,Gold,250000,2021-07-27
C01456,47,M,Chennai,Retired,53289.54,Platinum,500000,2019-12-28
C01457,23,M,Kolkata,Salaried,46751.12,Silver,100000,2021-06-25
C01458,33,F,Kolkata,Salaried,111042.83,Platinum,500000,2020-07-12
C01459,51,F,Hyderabad,Salaried,15000.0,Silver,100000,2021-09-11
C01460,49,F,Pune,Salaried,50748.19,Platinum,500000,2022-02-12
C01461,45,F,Ahmedabad,Student,43365.71,Platinum,500000,2021-08-12
C01462,39,F,Lucknow,Salaried,44209.63,Silver,100000,2023-07-27
C01463,46,F,Jaipur,Retired,103794.71,Silver,100000,2021-04-25
C01464,37,F,Chennai,Retired,93209.12,Silver,100000,2024-02-05
C01465,30,M,Chennai,Self Employed,82788.44,Gold,250000,2020-07-21
C01466,33,F,Pune,Retired,100344.56,Gold,250000,2020-04-10
C01467,26,M,Ahmedabad,Self Employed,61857.85,Gold,250000,2021-11-16
C01468,52,F,Delhi,Salaried,56081.56,Platinum,500000,2019-11-18
C01469,24,F,Ahmedabad,Salaried,45335.03,Platinum,500000,2021-07-09
C01470,37,F,Mumbai,Business Owner,31371.84,Signature,1000000,2024-05-18
C01471,36,F,Bangalore,Salaried,34243.76,Silver,100000,2020-08-15
C01472,34,F,Delhi,Salaried,128305.87,Signature,1000000,2019-07-26
C01473,49,F,Mumbai,Self Employed,59581.28,Platinum,500000,2023-01-07
C01474,63,F,Ahmedabad,Salaried,41178.12,Gold,250000,2020-03-18
C01475,63,F,Lucknow,Salaried,98260.57,Silver,100000,2019-09-03
C01476,21,F,Pune,Student,77752.77,Silver,100000,2023-05-08
C01477,62,M,Bangalore,Student,108483.85,Gold,250000,2023-08-15
C01478,22,F,Hyderabad,Salaried,72340.22,Platinum,500000,2024-05-05
C01479,60,M,Delhi,Salaried,94486.66,Gold,250000,2022-05-18
C01480,29,F,Hyderabad,Student,38242.95,Gold,250000,2024-01-31
C01481,28,F,Kolkata,Self Employed,86468.48,Silver,100000,2022-05-21
C01482,47,M,Pune,Business Owner,101253.82,Gold,250000,2019-12-25
C01483,44,F,Delhi,Salaried,15000.0,Silver,100000,2021-02-09
C01484,42,M,Kolkata,Business Owner,88332.3,Silver,100000,2024-03-19
C01485,32,M,Bangalore,Self Employed,83838.16,Platinum,500000,2021-09-28
C01486,50,M,Ahmedabad,Business Owner,42269.28,Gold,250000,2021-03-23
C01487,52,F,Lucknow,Salaried,86985.61,Platinum,500000,2020-07-24
C01488,25,M,Jaipur,Salaried,66280.21,Platinum,500000,2021-09-25
C01489,37,M,Pune,Salaried,85323.36,Gold,250000,2021-02-02
C01490,34,M,Jaipur,Business Owner,22280.16,Silver,100000,2020-01-17
C01491,34,M,Ahmedabad,Student,53818.06,Gold,250000,2022-03-19
C01492,30,M,Delhi,Salaried,15000.0,Gold,250000,2021-11-10
C01493,62,F,Jaipur,Self Employed,51000.27,Gold,250000,2021-05-07
C01494,24,M,Pune,Self Employed,129375.35,Silver,100000,2022-06-14
C01495,53,F,Lucknow,Salaried,59191.69,Silver,100000,2022-04-13
C01496,55,M,Hyderabad,Salaried,88675.94,Silver,100000,2022-10-22
C01497,60,M,Kolkata,Business Owner,28124.2,Platinum,500000,2022-08-17
C01498,58,M,Ahmedabad,Business Owner,98267.63,Gold,250000,2022-08-11
C01499,38,F,Pune,Business Owner,88890.11,Silver,100000,2019-03-19
C01500,64,M,Mumbai,Self Employed,71907.89,Gold,250000,2022-01-05
C01501,37,M,Chennai,Salaried,48899.31,Gold,250000,2021-09-20
C01502,64,F,Kolkata,Salaried,46910.33,Signature,1000000,2021-08-17
C01503,33,F,Jaipur,Salaried,100478.12,Gold,250000,2020-01-06
C01504,23,M,Hyderabad,Self Employed,57898.61,Silver,100000,2022-04-02
C01505,38,M,Ahmedabad,Salaried,66509.17,Gold,250000,2020-04-18
C01506,21,M,Mumbai,Salaried,54987.65,Signature,1000000,2022-03-15
C01507,53,F,Chennai,Salaried,70355.88,Gold,250000,2022-09-26
C01508,51,M,Lucknow,Business Owner,40576.36,Silver,100000,2024-02-29
C01509,46,M,Mumbai,Salaried,68885.01,Silver,100000,2021-06-15
C01510,64,F,Delhi,Salaried,106757.47,Gold,250000,2023-08-13
C01511,55,M,Mumbai,Salaried,48252.88,Gold,250000,2021-03-19
C01512,44,M,Ahmedabad,Self Employed,43133.62,Gold,250000,2021-12-27
C01513,22,M,Lucknow,Salaried,81355.06,Gold,250000,2019-08-25
C01514,30,F,Chennai,Self Employed,52318.28,Silver,100000,2020-10-14
C01515,54,M,Lucknow,Salaried,15000.0,Platinum,500000,2024-04-07
C01516,28,M,Hyderabad,Salaried,65366.74,Gold,250000,2019-12-10
C01517,21,F,Hyderabad,Salaried,83854.69,Silver,100000,2023-12-23
C01518,50,F,Kolkata,Salaried,93515.41,Silver,100000,2023-09-08
C01519,55,M,Bangalore,Student,60351.73,Silver,100000,2022-09-09
C01520,22,F,Lucknow,Salaried,110115.31,Silver,100000,2024-02-10
C01521,23,M,Delhi,Self Employed,75539.47,Platinum,500000,2024-05-08
C01522,22,M,Hyderabad,Self Employed,92493.62,Silver,100000,2023-12-03
C01523,49,F,Lucknow,Self Employed,30610.94,Silver,100000,2022-11-16
C01524,44,F,Hyderabad,Business Owner,81819.26,Gold,250000,2021-01-15
C01525,22,M,Pune,Salaried,50123.68,Platinum,500000,2024-04-06
C01526,62,F,Pune,Self Employed,24210.32,Silver,100000,2022-01-19
C01527,39,M,Ahmedabad,Salaried,129417.52,Gold,250000,2023-02-02
C01528,64,M,Hyderabad,Self Employed,74826.29,Silver,100000,2021-12-30
C01529,24,M,Bangalore,Salaried,98359.35,Gold,250000,2021-09-04
C01530,44,F,Mumbai,Self Employed,53422.92,Signature,1000000,2019-01-14
C01531,46,M,Delhi,Salaried,24318.56,Platinum,500000,2021-01-16
C01532,31,M,Delhi,Student,78831.78,Signature,1000000,2019-05-22
C01533,44,M,Lucknow,Business Owner,30075.72,Platinum,500000,2023-11-01
C01534,57,M,Chennai,Business Owner,77027.32,Silver,100000,2019-11-03
C01535,64,M,Kolkata,Retired,63546.59,Platinum,500000,2021-02-11
C01536,44,M,Chennai,Salaried,116268.3,Gold,250000,2023-04-11
C01537,23,F,Hyderabad,Business Owner,55652.05,Platinum,500000,2019-10-02
C01538,29,F,Pune,Salaried,96323.46,Silver,100000,2019-05-06
C01539,64,F,Jaipur,Retired,108298.12,Gold,250000,2021-04-11
C01540,57,M,Bangalore,Salaried,72040.42,Gold,250000,2020-10-03
C01541,32,F,Jaipur,Salaried,62819.42,Silver,100000,2019-01-09
C01542,29,F,Ahmedabad,Business Owner,65686.74,Signature,1000000,2023-04-26
C01543,26,M,Jaipur,Salaried,45439.2,Gold,250000,2020-09-16
C01544,39,M,Hyderabad,Salaried,96933.61,Gold,250000,2019-07-29
C01545,56,M,Mumbai,Self Employed,31432.03,Gold,250000,2022-02-06
C01546,56,M,Delhi,Salaried,21524.61,Gold,250000,2021-08-25
C01547,40,F,Delhi,Retired,59660.16,Silver,100000,2023-04-15
C01548,25,M,Jaipur,Salaried,70370.95,Gold,250000,2023-08-27
C01549,24,F,Lucknow,Business Owner,15000.0,Gold,250000,2021-09-21
C01550,63,F,Ahmedabad,Salaried,60162.31,Silver,100000,2023-03-08
C01551,62,M,Chennai,Business Owner,79761.66,Silver,100000,2019-03-31
C01552,49,M,Bangalore,Retired,83922.98,Platinum,500000,2021-06-12
C01553,38,M,Hyderabad,Self Employed,15000.0,Gold,250000,2021-06-16
C01554,25,M,Delhi,Self Employed,111620.57,Signature,1000000,2024-03-23
C01555,61,M,Lucknow,Self Employed,94472.63,Platinum,500000,2023-09-18
C01556,32,F,Hyderabad,Business Owner,88074.2,Platinum,500000,2022-10-28
C01557,48,F,Pune,Student,75802.19,Silver,100000,2021-12-30
C01558,22,M,Kolkata,Student,71790.76,Gold,250000,2021-05-26
C01559,53,M,Kolkata,Salaried,127701.16,Signature,1000000,2022-01-31
C01560,33,M,Mumbai,Self Employed,90769.44,Silver,100000,2019-04-17
C01561,58,M,Delhi,Self Employed,83562.92,Silver,100000,2022-07-28
C01562,50,F,Pune,Retired,30291.54,Gold,250000,2019-02-03
C01563,60,M,Hyderabad,Salaried,44108.38,Silver,100000,2024-05-12
C01564,32,F,Mumbai,Self Employed,112629.56,Silver,100000,2021-02-24
C01565,36,M,Chennai,Salaried,72114.58,Silver,100000,2022-10-16
C01566,34,F,Pune,Retired,83531.95,Silver,100000,2019-09-02
C01567,36,M,Bangalore,Business Owner,15000.0,Silver,100000,2020-04-08
C01568,54,M,Mumbai,Salaried,104230.61,Silver,100000,2019-04-18
C01569,33,M,Mumbai,Retired,78392.44,Gold,250000,2022-04-24
C01570,61,F,Delhi,Retired,99582.52,Platinum,500000,2022-12-14
C01571,38,F,Delhi,Salaried,67951.15,Gold,250000,2021-11-28
C01572,52,M,Chennai,Salaried,40525.36,Silver,100000,2022-02-13
C01573,24,F,Bangalore,Salaried,72619.86,Gold,250000,2022-02-08
C01574,40,M,Lucknow,Self Employed,17264.7,Platinum,500000,2020-01-11
C01575,43,F,Lucknow,Business Owner,35336.45,Gold,250000,2024-05-22
C01576,58,F,Hyderabad,Salaried,91752.43,Gold,250000,2023-07-11
C01577,25,M,Kolkata,Student,93481.45,Platinum,500000,2019-01-15
C01578,54,M,Hyderabad,Salaried,15000.0,Gold,250000,2023-11-16
C01579,44,F,Bangalore,Salaried,21630.71,Signature,1000000,2019-05-27
C01580,59,F,Pune,Salaried,96584.14,Gold,250000,2019-12-16
C01581,37,M,Hyderabad,Self Employed,83634.67,Gold,250000,2022-04-27
C01582,57,M,Jaipur,Retired,46906.32,Signature,1000000,2024-04-30
C01583,39,F,Mumbai,Business Owner,93185.44,Platinum,500000,2022-03-01
C01584,31,M,Kolkata,Retired,93494.8,Gold,250000,2020-07-21
C01585,30,F,Pune,Salaried,49326.65,Signature,1000000,2023-06-11
C01586,47,F,Lucknow,Salaried,84030.7,Platinum,500000,2023-07-03
C01587,63,F,Delhi,Salaried,101757.67,Platinum,500000,2021-03-16
C01588,46,F,Ahmedabad,Salaried,47791.77,Gold,250000,2020-07-08
C01589,59,M,Chennai,Business Owner,64760.56,Signature,1000000,2023-10-31
C01590,54,M,Hyderabad,Business Owner,110805.04,Signature,1000000,2022-11-13
C01591,28,F,Mumbai,Student,57261.35,Silver,100000,2023-01-31
C01592,39,F,Chennai,Retired,124693.65,Signature,1000000,2021-06-08
C01593,59,F,Jaipur,Salaried,61888.86,Silver,100000,2022-06-02
C01594,44,M,Pune,Self Employed,28306.6,Gold,250000,2019-05-22
C01595,38,F,Chennai,Salaried,29918.26,Silver,100000,2021-05-25
C01596,30,M,Delhi,Business Owner,102116.99,Silver,100000,2023-03-01
C01597,43,M,Chennai,Business Owner,75504.19,Silver,100000,2020-11-24
C01598,55,M,Bangalore,Salaried,71344.07,Silver,100000,2023-12-30
C01599,35,F,Kolkata,Self Employed,42597.25,Silver,100000,2021-11-07
C01600,47,F,Ahmedabad,Salaried,69467.6,Signature,1000000,2020-04-08
C01601,33,F,Hyderabad,Salaried,76067.51,Silver,100000,2020-05-03
C01602,61,M,Chennai,Business Owner,63623.5,Gold,250000,2019-02-10
C01603,44,M,Ahmedabad,Retired,96053.33,Gold,250000,2021-09-12
C01604,64,F,Mumbai,Business Owner,127834.39,Gold,250000,2021-02-26
C01605,45,M,Chennai,Business Owner,67917.31,Silver,100000,2019-02-22
C01606,48,M,Bangalore,Retired,106397.2,Gold,250000,2021-02-02
C01607,55,M,Ahmedabad,Salaried,133629.81,Gold,250000,2020-07-13
C01608,35,F,Jaipur,Business Owner,99335.43,Silver,100000,2023-05-19
C01609,29,M,Hyderabad,Salaried,21246.36,Silver,100000,2020-03-12
C01610,60,F,Hyderabad,Business Owner,72487.36,Gold,250000,2024-06-08
C01611,37,M,Jaipur,Salaried,114533.77,Gold,250000,2021-03-29
C01612,38,M,Ahmedabad,Salaried,30556.8,Silver,100000,2019-03-06
C01613,41,M,Mumbai,Business Owner,75306.58,Platinum,500000,2021-02-25
C01614,55,M,Kolkata,Retired,80476.77,Silver,100000,2023-05-06
C01615,28,F,Pune,Self Employed,53860.64,Silver,100000,2022-12-30
C01616,27,F,Pune,Business Owner,83993.34,Gold,250000,2022-01-05
C01617,40,M,Ahmedabad,Salaried,43556.99,Gold,250000,2022-02-28
C01618,49,F,Delhi,Salaried,72709.29,Gold,250000,2020-01-04
C01619,41,F,Bangalore,Salaried,95891.82,Gold,250000,2024-04-09
C01620,21,M,Chennai,Self Employed,57833.8,Silver,100000,2022-11-15
C01621,45,F,Hyderabad,Salaried,89812.63,Silver,100000,2022-08-28
C01622,56,F,Delhi,Retired,65579.2,Silver,100000,2019-01-16
C01623,40,M,Lucknow,Self Employed,68893.33,Gold,250000,2023-11-21
C01624,25,M,Chennai,Salaried,52471.15,Gold,250000,2021-11-17
C01625,41,M,Lucknow,Student,41098.11,Gold,250000,2024-02-14
C01626,33,M,Hyderabad,Retired,15000.0,Signature,1000000,2022-09-13
C01627,34,F,Pune,Business Owner,72182.3,Silver,100000,2022-09-18
C01628,55,M,Pune,Salaried,35245.49,Platinum,500000,2022-11-25
C01629,35,M,Lucknow,Salaried,96370.42,Signature,1000000,2022-12-22
C01630,38,M,Kolkata,Self Employed,41605.28,Silver,100000,2023-10-15
C01631,63,M,Pune,Student,116983.12,Silver,100000,2019-02-02
C01632,34,F,Hyderabad,Salaried,15000.0,Signature,1000000,2024-05-22
C01633,21,F,Ahmedabad,Salaried,68464.45,Platinum,500000,2020-04-22
C01634,39,F,Pune,Self Employed,22559.34,Silver,100000,2024-03-17
C01635,43,F,Ahmedabad,Salaried,36735.51,Platinum,500000,2021-04-11
C01636,28,M,Delhi,Self Employed,76100.61,Gold,250000,2019-03-07
C01637,34,F,Ahmedabad,Salaried,62315.25,Silver,100000,2022-01-30
C01638,24,F,Hyderabad,Self Employed,108261.2,Platinum,500000,2021-07-14
C01639,53,M,Delhi,Business Owner,55877.35,Gold,250000,2023-07-18
C01640,35,M,Mumbai,Business Owner,103635.64,Silver,100000,2021-03-21
C01641,46,F,Bangalore,Student,82249.01,Gold,250000,2020-11-13
C01642,41,F,Hyderabad,Student,97500.11,Signature,1000000,2020-11-30
C01643,29,F,Jaipur,Salaried,66076.68,Signature,1000000,2022-06-03
C01644,60,M,Pune,Salaried,111193.72,Gold,250000,2019-08-12
C01645,54,F,Jaipur,Self Employed,106125.11,Gold,250000,2021-12-02
C01646,40,M,Ahmedabad,Salaried,58110.27,Signature,1000000,2022-05-01
C01647,22,M,Pune,Business Owner,37766.09,Gold,250000,2020-01-25
C01648,30,F,Chennai,Self Employed,58976.5,Silver,100000,2023-11-25
C01649,59,F,Hyderabad,Salaried,57020.87,Signature,1000000,2024-04-17
C01650,56,F,Pune,Retired,135571.92,Silver,100000,2024-04-19
C01651,28,M,Jaipur,Salaried,43028.24,Gold,250000,2020-03-05
C01652,32,F,Lucknow,Student,44102.95,Signature,1000000,2019-04-19
C01653,54,M,Kolkata,Business Owner,49474.0,Gold,250000,2021-10-01
C01654,29,M,Hyderabad,Retired,56678.69,Silver,100000,2019-06-17
C01655,60,F,Ahmedabad,Self Employed,105107.82,Gold,250000,2020-07-15
C01656,46,M,Chennai,Self Employed,53596.48,Silver,100000,2019-06-05
C01657,53,F,Ahmedabad,Salaried,101071.97,Silver,100000,2023-06-18
C01658,62,M,Lucknow,Salaried,92445.87,Platinum,500000,2019-01-13
C01659,40,M,Pune,Salaried,117297.09,Silver,100000,2023-03-10
C01660,24,M,Jaipur,Salaried,92454.66,Silver,100000,2023-05-12
C01661,61,M,Lucknow,Salaried,79378.61,Silver,100000,2021-10-19
C01662,29,M,Ahmedabad,Business Owner,95651.19,Platinum,500000,2022-06-02
C01663,26,F,Chennai,Salaried,96471.91,Gold,250000,2023-07-28
C01664,50,M,Kolkata,Student,100824.38,Platinum,500000,2024-04-06
C01665,58,M,Pune,Salaried,94944.97,Signature,1000000,2019-06-29
C01666,37,F,Kolkata,Student,93942.73,Silver,100000,2022-03-15
C01667,32,M,Kolkata,Student,113452.35,Platinum,500000,2020-01-20
C01668,39,M,Bangalore,Business Owner,90541.58,Silver,100000,2023-03-15
C01669,47,F,Mumbai,Salaried,52082.84,Gold,250000,2021-07-30
C01670,55,M,Jaipur,Self Employed,76274.31,Silver,100000,2020-02-19
C01671,29,F,Pune,Salaried,15000.0,Silver,100000,2020-06-27
C01672,56,M,Pune,Student,97235.43,Signature,1000000,2021-03-24
C01673,53,M,Lucknow,Salaried,95144.45,Silver,100000,2021-12-11
C01674,58,M,Pune,Business Owner,62275.75,Silver,100000,2021-10-03
C01675,57,M,Chennai,Self Employed,24783.23,Platinum,500000,2020-03-18
C01676,56,M,Delhi,Retired,53298.46,Gold,250000,2023-02-22
C01677,35,F,Hyderabad,Business Owner,65582.97,Signature,1000000,2024-01-20
C01678,39,F,Chennai,Salaried,92626.18,Silver,100000,2023-06-25
C01679,48,F,Chennai,Retired,56097.47,Silver,100000,2019-09-21
C01680,37,M,Mumbai,Business Owner,38045.32,Platinum,500000,2023-10-16
C01681,35,F,Pune,Self Employed,52322.39,Gold,250000,2022-10-03
C01682,61,F,Delhi,Business Owner,32397.95,Platinum,500000,2021-12-02
C01683,36,F,Mumbai,Retired,15000.0,Gold,250000,2021-04-23
C01684,54,F,Hyderabad,Business Owner,77529.9,Gold,250000,2023-05-29
C01685,35,F,Delhi,Student,15000.0,Gold,250000,2022-10-01
C01686,22,M,Lucknow,Salaried,119829.76,Platinum,500000,2023-04-12
C01687,29,M,Chennai,Salaried,38716.47,Silver,100000,2021-09-10
C01688,60,F,Hyderabad,Retired,15000.0,Platinum,500000,2021-04-30
C01689,26,F,Pune,Salaried,88403.8,Silver,100000,2022-09-27
C01690,28,M,Pune,Salaried,69024.88,Silver,100000,2023-08-09
C01691,22,F,Jaipur,Salaried,74729.04,Signature,1000000,2021-01-01
C01692,56,M,Kolkata,Student,75848.65,Gold,250000,2023-11-28
C01693,54,F,Mumbai,Self Employed,56037.16,Gold,250000,2021-05-08
C01694,46,M,Chennai,Business Owner,77833.76,Silver,100000,2022-07-17
C01695,35,F,Lucknow,Self Employed,93358.82,Silver,100000,2022-04-27
C01696,54,M,Delhi,Business Owner,36332.35,Silver,100000,2021-07-11
C01697,29,M,Bangalore,Business Owner,72143.67,Silver,100000,2022-10-25
C01698,44,M,Chennai,Salaried,60197.99,Gold,250000,2023-04-02
C01699,52,F,Jaipur,Business Owner,15000.0,Gold,250000,2019-10-27
C01700,42,F,Delhi,Self Employed,112897.83,Platinum,500000,2019-07-21
C01701,46,M,Kolkata,Salaried,87134.24,Silver,100000,2022-07-20
C01702,60,F,Hyderabad,Business Owner,48295.4,Platinum,500000,2023-09-09
C01703,57,M,Kolkata,Salaried,62112.78,Gold,250000,2023-11-20
C01704,32,M,Chennai,Self Employed,15000.0,Platinum,500000,2020-11-18
C01705,62,F,Jaipur,Self Employed,15000.0,Gold,250000,2021-10-29
C01706,29,F,Jaipur,Salaried,68054.05,Silver,100000,2021-11-10
C01707,25,M,Hyderabad,Salaried,100121.27,Silver,100000,2022-02-19
C01708,25,M,Lucknow,Business Owner,106368.13,Silver,100000,2021-09-12
C01709,54,F,Bangalore,Salaried,81058.5,Platinum,500000,2024-04-14
C01710,57,F,Kolkata,Salaried,15000.0,Platinum,500000,2020-12-15
C01711,40,M,Lucknow,Business Owner,44415.42,Gold,250000,2020-06-15
C01712,24,F,Kolkata,Retired,81659.76,Silver,100000,2019-10-28
C01713,41,F,Kolkata,Self Employed,112218.8,Silver,100000,2022-07-10
C01714,28,F,Delhi,Salaried,76966.58,Platinum,500000,2022-02-26
C01715,50,M,Jaipur,Student,105233.5,Signature,1000000,2022-08-03
C01716,31,M,Kolkata,Self Employed,105626.6,Platinum,500000,2020-12-04
C01717,52,M,Jaipur,Self Employed,156587.42,Gold,250000,2019-11-08
C01718,30,M,Mumbai,Self Employed,86460.72,Silver,100000,2021-10-13
C01719,34,F,Mumbai,Retired,67096.89,Platinum,500000,2023-03-15
C01720,41,M,Pune,Retired,106129.79,Silver,100000,2020-09-12
C01721,38,F,Bangalore,Salaried,64143.92,Gold,250000,2023-02-04
C01722,24,M,Mumbai,Student,48218.28,Silver,100000,2019-05-21
C01723,44,M,Hyderabad,Salaried,37944.38,Silver,100000,2020-05-26
C01724,44,F,Chennai,Business Owner,80362.43,Gold,250000,2021-03-20
C01725,24,M,Hyderabad,Salaried,47783.09,Gold,250000,2019-12-23
C01726,34,F,Mumbai,Business Owner,15000.0,Platinum,500000,2022-07-28
C01727,64,M,Mumbai,Business Owner,69640.08,Gold,250000,2022-03-11
C01728,38,F,Delhi,Salaried,40659.31,Silver,100000,2021-10-04
C01729,43,M,Bangalore,Salaried,121186.58,Platinum,500000,2023-01-08
C01730,52,F,Lucknow,Business Owner,17065.33,Signature,1000000,2022-07-05
C01731,62,M,Bangalore,Student,46692.73,Signature,1000000,2019-11-27
C01732,55,F,Jaipur,Salaried,35984.46,Signature,1000000,2022-06-12
C01733,45,F,Bangalore,Self Employed,118511.35,Gold,250000,2022-06-05
C01734,22,M,Lucknow,Retired,46887.26,Gold,250000,2023-05-17
C01735,58,M,Delhi,Self Employed,37339.2,Gold,250000,2020-06-17
C01736,52,F,Chennai,Salaried,86844.18,Silver,100000,2021-01-31
C01737,34,M,Lucknow,Salaried,123348.08,Gold,250000,2021-04-11
C01738,60,M,Jaipur,Salaried,89203.75,Signature,1000000,2021-03-09
C01739,26,F,Hyderabad,Salaried,103628.1,Platinum,500000,2023-02-16
C01740,35,F,Bangalore,Retired,117088.86,Gold,250000,2024-01-05
C01741,37,M,Hyderabad,Student,19381.63,Silver,100000,2019-12-01
C01742,23,M,Pune,Retired,94936.33,Signature,1000000,2020-09-10
C01743,35,F,Lucknow,Salaried,103917.74,Gold,250000,2020-06-24
C01744,43,F,Delhi,Business Owner,66830.94,Platinum,500000,2021-09-17
C01745,41,M,Hyderabad,Salaried,43033.56,Platinum,500000,2023-09-04
C01746,46,M,Pune,Business Owner,67741.04,Platinum,500000,2024-04-25
C01747,64,F,Hyderabad,Self Employed,122329.33,Signature,1000000,2022-02-17
C01748,64,M,Ahmedabad,Self Employed,89907.94,Gold,250000,2024-03-24
C01749,49,M,Delhi,Retired,103035.33,Silver,100000,2024-02-09
C01750,25,F,Delhi,Salaried,73553.12,Gold,250000,2022-03-14
C01751,42,M,Pune,Salaried,74217.46,Silver,100000,2019-02-22
C01752,52,M,Lucknow,Salaried,57406.97,Gold,250000,2022-12-22
C01753,35,M,Bangalore,Salaried,15000.0,Silver,100000,2023-08-21
C01754,29,M,Ahmedabad,Self Employed,94672.97,Gold,250000,2023-11-17
C01755,39,F,Bangalore,Business Owner,131537.41,Signature,1000000,2024-03-11
C01756,44,M,Bangalore,Retired,49185.87,Platinum,500000,2019-01-08
C01757,34,F,Bangalore,Salaried,77366.02,Silver,100000,2020-10-30
C01758,53,M,Chennai,Retired,67693.19,Gold,250000,2021-06-09
C01759,32,F,Kolkata,Salaried,100468.84,Signature,1000000,2024-03-02
C01760,41,F,Bangalore,Salaried,75623.78,Silver,100000,2019-11-03
C01761,26,F,Ahmedabad,Self Employed,92444.22,Gold,250000,2023-05-20
C01762,62,M,Kolkata,Salaried,78011.33,Gold,250000,2019-01-06
C01763,51,F,Delhi,Salaried,33989.24,Platinum,500000,2021-04-17
C01764,34,M,Jaipur,Salaried,112707.35,Silver,100000,2023-02-12
C01765,42,M,Mumbai,Salaried,88485.28,Silver,100000,2019-10-26
C01766,52,F,Mumbai,Self Employed,86697.34,Silver,100000,2022-11-19
C01767,56,M,Pune,Business Owner,45522.71,Platinum,500000,2021-05-13
C01768,37,F,Lucknow,Student,35388.81,Silver,100000,2022-02-09
C01769,44,F,Pune,Salaried,51269.87,Gold,250000,2022-08-14
C01770,29,M,Chennai,Self Employed,36379.25,Silver,100000,2021-07-03
C01771,46,F,Chennai,Business Owner,77954.92,Silver,100000,2023-10-03
C01772,21,F,Kolkata,Business Owner,50530.04,Silver,100000,2019-02-16
C01773,38,F,Kolkata,Retired,53621.14,Gold,250000,2022-01-14
C01774,47,M,Pune,Salaried,29510.51,Silver,100000,2022-10-04
C01775,40,F,Ahmedabad,Retired,54584.01,Silver,100000,2019-06-25
C01776,23,M,Hyderabad,Retired,95046.0,Silver,100000,2019-11-02
C01777,28,M,Lucknow,Salaried,42087.31,Platinum,500000,2020-09-05
C01778,21,F,Bangalore,Business Owner,38577.65,Silver,100000,2024-06-01
C01779,51,M,Kolkata,Business Owner,137226.99,Gold,250000,2022-07-09
C01780,39,F,Kolkata,Salaried,15000.0,Gold,250000,2020-12-17
C01781,26,F,Hyderabad,Retired,81698.03,Signature,1000000,2023-10-11
C01782,41,F,Ahmedabad,Salaried,72376.5,Silver,100000,2021-07-16
C01783,28,F,Kolkata,Retired,96362.03,Gold,250000,2021-04-26
C01784,50,M,Hyderabad,Salaried,23671.8,Gold,250000,2021-11-02
C01785,47,F,Mumbai,Salaried,37970.75,Gold,250000,2020-06-02
C01786,40,F,Lucknow,Salaried,40666.53,Platinum,500000,2020-12-01
C01787,40,F,Mumbai,Business Owner,47867.34,Platinum,500000,2020-10-23
C01788,63,M,Jaipur,Student,15000.0,Platinum,500000,2023-10-07
C01789,27,M,Ahmedabad,Salaried,36444.3,Gold,250000,2019-02-01
C01790,34,M,Kolkata,Student,89285.66,Silver,100000,2023-05-04
C01791,28,F,Bangalore,Business Owner,15000.0,Signature,1000000,2022-02-01
C01792,35,F,Mumbai,Student,93812.74,Silver,100000,2024-02-26
C01793,51,F,Pune,Student,65639.52,Gold,250000,2021-02-09
C01794,49,M,Mumbai,Business Owner,80421.92,Signature,1000000,2024-03-03
C01795,54,F,Pune,Self Employed,78501.34,Gold,250000,2023-03-10
C01796,31,M,Jaipur,Salaried,62384.23,Gold,250000,2020-10-02
C01797,57,M,Hyderabad,Self Employed,90011.96,Platinum,500000,2020-03-19
C01798,50,M,Pune,Self Employed,23648.31,Silver,100000,2019-08-22
C01799,55,M,Ahmedabad,Retired,53116.09,Signature,1000000,2022-02-14
C01800,58,M,Chennai,Business Owner,118135.84,Silver,100000,2021-03-15
C01801,55,M,Lucknow,Business Owner,23833.32,Silver,100000,2023-11-29
C01802,39,M,Chennai,Business Owner,64397.47,Platinum,500000,2019-01-01
C01803,51,F,Chennai,Salaried,23493.38,Signature,1000000,2021-10-18
C01804,46,M,Ahmedabad,Salaried,98122.87,Gold,250000,2019-05-28
C01805,28,F,Hyderabad,Business Owner,63921.83,Platinum,500000,2019-02-06
C01806,27,M,Chennai,Salaried,99400.13,Platinum,500000,2019-01-10
C01807,34,F,Bangalore,Self Employed,64515.93,Silver,100000,2019-09-20
C01808,41,M,Chennai,Self Employed,43831.01,Silver,100000,2019-03-26
C01809,49,M,Chennai,Student,46580.37,Gold,250000,2019-11-20
C01810,38,M,Mumbai,Salaried,62094.37,Signature,1000000,2024-01-31
C01811,57,M,Bangalore,Salaried,95271.81,Platinum,500000,2022-05-07
C01812,49,M,Kolkata,Salaried,132053.06,Silver,100000,2022-01-15
C01813,34,F,Delhi,Salaried,64876.73,Silver,100000,2021-01-07
C01814,48,M,Lucknow,Retired,43190.39,Silver,100000,2020-06-27
C01815,43,M,Bangalore,Salaried,93931.59,Platinum,500000,2022-05-11
C01816,61,M,Ahmedabad,Business Owner,30803.62,Gold,250000,2023-10-07
C01817,27,M,Kolkata,Business Owner,81216.26,Silver,100000,2021-03-14
C01818,51,M,Lucknow,Business Owner,112357.07,Platinum,500000,2022-06-03
C01819,40,F,Lucknow,Salaried,91308.96,Silver,100000,2022-04-16
C01820,50,M,Pune,Retired,69154.95,Silver,100000,2019-06-10
C01821,21,F,Delhi,Business Owner,101419.16,Gold,250000,2019-07-05
C01822,59,F,Pune,Salaried,71165.71,Gold,250000,2023-09-15
C01823,49,F,Kolkata,Student,91995.38,Gold,250000,2023-08-27
C01824,56,M,Mumbai,Self Employed,111344.28,Platinum,500000,2020-06-11
C01825,38,F,Delhi,Retired,56762.12,Platinum,500000,2023-03-31
C01826,40,M,Bangalore,Student,78718.64,Silver,100000,2024-05-18
C01827,24,F,Chennai,Salaried,90026.3,Platinum,500000,2019-02-24
C01828,32,F,Kolkata,Retired,132205.97,Gold,250000,2020-03-09
C01829,26,F,Hyderabad,Business Owner,75851.43,Platinum,500000,2021-10-29
C01830,57,M,Kolkata,Salaried,102224.94,Platinum,500000,2023-07-11
C01831,39,F,Lucknow,Business Owner,101029.58,Silver,100000,2021-12-06
C01832,37,M,Bangalore,Salaried,18336.95,Silver,100000,2019-02-08
C01833,49,M,Lucknow,Student,77331.49,Platinum,500000,2019-06-05
C01834,51,F,Chennai,Salaried,87017.41,Platinum,500000,2022-06-19
C01835,56,M,Delhi,Student,141491.48,Signature,1000000,2019-05-30
C01836,24,M,Pune,Self Employed,134424.94,Silver,100000,2024-01-08
C01837,36,M,Jaipur,Salaried,58447.13,Silver,100000,2019-10-10
C01838,42,M,Pune,Student,46424.81,Silver,100000,2021-03-08
C01839,62,M,Delhi,Salaried,64864.62,Signature,1000000,2020-02-19
C01840,56,M,Lucknow,Self Employed,68016.63,Platinum,500000,2023-01-05
C01841,52,F,Hyderabad,Salaried,15000.0,Gold,250000,2019-05-16
C01842,26,F,Jaipur,Business Owner,19304.92,Silver,100000,2020-01-16
C01843,37,F,Ahmedabad,Salaried,73355.71,Gold,250000,2019-07-10
C01844,59,F,Mumbai,Student,66073.59,Gold,250000,2020-02-24
C01845,30,F,Mumbai,Salaried,70568.74,Signature,1000000,2020-08-27
C01846,37,F,Kolkata,Student,15000.0,Signature,1000000,2020-01-08
C01847,61,M,Delhi,Student,102800.77,Signature,1000000,2023-07-25
C01848,47,M,Mumbai,Salaried,37402.4,Silver,100000,2019-05-25
C01849,37,M,Jaipur,Self Employed,15000.0,Silver,100000,2022-12-12
C01850,41,M,Jaipur,Salaried,102409.77,Signature,1000000,2023-12-22
C01851,64,F,Jaipur,Salaried,47205.47,Silver,100000,2023-08-15
C01852,49,M,Kolkata,Salaried,86322.89,Gold,250000,2022-03-17
C01853,27,M,Chennai,Retired,61009.2,Silver,100000,2020-09-01
C01854,43,F,Delhi,Business Owner,47096.04,Silver,100000,2019-10-17
C01855,54,M,Kolkata,Salaried,30066.82,Gold,250000,2020-07-20
C01856,24,F,Bangalore,Salaried,57612.34,Silver,100000,2023-03-10
C01857,38,F,Chennai,Salaried,77345.18,Silver,100000,2023-03-27
C01858,41,F,Mumbai,Student,108256.17,Gold,250000,2019-01-21
C01859,45,F,Pune,Retired,39969.71,Silver,100000,2023-10-13
C01860,21,M,Mumbai,Salaried,100995.7,Silver,100000,2020-06-16
C01861,59,F,Delhi,Salaried,72613.19,Platinum,500000,2020-01-23
C01862,21,F,Pune,Retired,39766.47,Platinum,500000,2022-08-26
C01863,24,F,Jaipur,Business Owner,49828.19,Gold,250000,2021-12-10
C01864,37,M,Delhi,Business Owner,80094.99,Platinum,500000,2022-03-24
C01865,36,F,Kolkata,Salaried,61522.5,Silver,100000,2021-06-22
C01866,46,M,Jaipur,Retired,57320.26,Gold,250000,2021-11-12
C01867,48,F,Jaipur,Student,54156.84,Platinum,500000,2021-07-04
C01868,37,M,Bangalore,Salaried,78294.27,Gold,250000,2022-07-22
C01869,52,F,Ahmedabad,Salaried,66109.81,Silver,100000,2019-07-15
C01870,44,M,Bangalore,Salaried,23904.08,Platinum,500000,2021-07-22
C01871,56,M,Mumbai,Salaried,101053.8,Gold,250000,2020-11-22
C01872,41,M,Chennai,Self Employed,45804.63,Platinum,500000,2024-05-21
C01873,56,M,Hyderabad,Salaried,60576.4,Silver,100000,2019-08-26
C01874,50,F,Lucknow,Business Owner,77805.55,Platinum,500000,2020-09-09
C01875,46,M,Ahmedabad,Business Owner,79946.29,Platinum,500000,2022-11-21
C01876,37,M,Ahmedabad,Business Owner,97511.3,Platinum,500000,2024-02-14
C01877,35,M,Lucknow,Retired,52856.48,Signature,1000000,2020-04-23
C01878,38,F,Pune,Salaried,98985.14,Silver,100000,2022-04-06
C01879,45,F,Kolkata,Business Owner,58148.59,Silver,100000,2022-07-26
C01880,40,M,Ahmedabad,Salaried,79271.41,Gold,250000,2024-05-22
C01881,43,F,Chennai,Salaried,127278.91,Platinum,500000,2019-07-05
C01882,27,M,Delhi,Retired,38868.86,Silver,100000,2020-06-04
C01883,21,M,Jaipur,Business Owner,15000.0,Gold,250000,2023-01-26
C01884,37,M,Chennai,Business Owner,106654.14,Silver,100000,2023-08-04
C01885,27,F,Kolkata,Salaried,120599.54,Platinum,500000,2020-08-10
C01886,32,M,Lucknow,Salaried,49295.77,Platinum,500000,2019-03-16
C01887,47,F,Hyderabad,Salaried,72642.96,Silver,100000,2019-09-11
C01888,24,F,Delhi,Salaried,52191.24,Silver,100000,2020-02-01
C01889,28,M,Hyderabad,Salaried,84586.64,Platinum,500000,2023-08-23
C01890,47,M,Lucknow,Business Owner,145851.41,Silver,100000,2022-10-11
C01891,42,F,Hyderabad,Salaried,44788.55,Silver,100000,2023-07-20
C01892,33,F,Mumbai,Self Employed,52044.44,Silver,100000,2023-06-28
C01893,63,M,Lucknow,Retired,73232.8,Platinum,500000,2019-03-09
C01894,52,F,Kolkata,Salaried,62503.19,Gold,250000,2020-04-04
C01895,53,M,Ahmedabad,Salaried,76543.41,Gold,250000,2022-10-06
C01896,30,M,Jaipur,Business Owner,28691.15,Silver,100000,2020-09-17
C01897,31,M,Jaipur,Self Employed,15000.0,Silver,100000,2022-01-12
C01898,28,M,Kolkata,Salaried,28996.55,Silver,100000,2023-12-24
C01899,43,M,Mumbai,Salaried,45993.32,Platinum,500000,2019-01-04
C01900,27,F,Mumbai,Retired,53419.21,Silver,100000,2024-05-29
C01901,45,F,Bangalore,Salaried,99055.26,Gold,250000,2023-09-25
C01902,61,M,Bangalore,Salaried,73034.29,Gold,250000,2023-02-14
C01903,21,M,Jaipur,Salaried,92585.45,Platinum,500000,2023-07-31
C01904,63,M,Ahmedabad,Self Employed,60000.55,Signature,1000000,2022-02-27
C01905,36,M,Pune,Salaried,49455.64,Platinum,500000,2020-04-24
C01906,51,F,Kolkata,Student,67171.93,Signature,1000000,2024-04-04
C01907,47,M,Kolkata,Business Owner,87515.11,Gold,250000,2019-07-13
C01908,63,F,Chennai,Retired,56942.55,Gold,250000,2024-04-06
C01909,23,M,Lucknow,Self Employed,57020.21,Silver,100000,2023-12-15
C01910,31,M,Pune,Business Owner,81773.68,Gold,250000,2021-09-22
C01911,42,M,Bangalore,Retired,81001.83,Gold,250000,2019-02-20
C01912,58,M,Pune,Salaried,110958.58,Gold,250000,2024-04-09
C01913,29,M,Ahmedabad,Salaried,99377.79,Silver,100000,2021-01-23
C01914,37,M,Ahmedabad,Salaried,62510.33,Gold,250000,2022-02-16
C01915,48,F,Pune,Salaried,100888.13,Gold,250000,2021-03-24
C01916,62,F,Kolkata,Salaried,129474.11,Platinum,500000,2024-02-17
C01917,30,F,Bangalore,Self Employed,45076.42,Silver,100000,2020-10-15
C01918,54,M,Lucknow,Salaried,60208.37,Platinum,500000,2019-05-09
C01919,40,M,Lucknow,Self Employed,87879.54,Silver,100000,2022-09-15
C01920,31,M,Hyderabad,Salaried,79360.32,Gold,250000,2019-07-09
C01921,55,M,Mumbai,Business Owner,82527.55,Gold,250000,2023-08-15
C01922,30,M,Lucknow,Student,26766.95,Silver,100000,2022-06-02
C01923,54,F,Kolkata,Business Owner,79246.64,Signature,1000000,2023-06-06
C01924,25,M,Delhi,Self Employed,102130.61,Silver,100000,2019-11-16
C01925,26,F,Ahmedabad,Salaried,55317.57,Silver,100000,2021-09-25
C01926,35,M,Mumbai,Business Owner,15000.0,Gold,250000,2021-12-06
C01927,53,F,Jaipur,Salaried,83745.65,Gold,250000,2023-11-17
C01928,58,M,Jaipur,Self Employed,107182.03,Silver,100000,2022-09-04
C01929,33,M,Chennai,Student,15000.0,Gold,250000,2022-02-26
C01930,42,M,Bangalore,Self Employed,30358.31,Gold,250000,2021-04-05
C01931,49,F,Lucknow,Salaried,102918.56,Silver,100000,2019-05-13
C01932,42,F,Ahmedabad,Student,84278.98,Gold,250000,2023-10-06
C01933,51,F,Kolkata,Self Employed,94234.19,Signature,1000000,2020-11-10
C01934,60,F,Mumbai,Student,68830.27,Platinum,500000,2021-05-04
C01935,51,F,Mumbai,Salaried,91937.1,Gold,250000,2023-05-11
C01936,46,M,Jaipur,Business Owner,27472.19,Silver,100000,2020-03-16
C01937,21,M,Ahmedabad,Business Owner,114902.7,Gold,250000,2021-06-22
C01938,61,M,Kolkata,Salaried,67674.76,Gold,250000,2020-04-17
C01939,49,M,Ahmedabad,Salaried,72743.92,Gold,250000,2024-06-03
C01940,27,F,Jaipur,Salaried,57810.17,Silver,100000,2023-03-30
C01941,26,F,Delhi,Salaried,76090.0,Silver,100000,2021-08-16
C01942,41,F,Pune,Salaried,48206.46,Gold,250000,2022-06-01
C01943,24,M,Bangalore,Salaried,109145.04,Signature,1000000,2023-03-05
C01944,49,M,Mumbai,Business Owner,74055.29,Gold,250000,2019-11-17
C01945,42,F,Hyderabad,Business Owner,75613.21,Silver,100000,2023-11-19
C01946,31,M,Bangalore,Salaried,81652.74,Signature,1000000,2020-01-03
C01947,48,M,Bangalore,Student,99631.86,Platinum,500000,2022-04-23
C01948,30,F,Lucknow,Salaried,46731.81,Gold,250000,2023-07-11
C01949,46,M,Ahmedabad,Salaried,68903.22,Gold,250000,2022-09-17
C01950,50,M,Mumbai,Student,127112.06,Silver,100000,2020-01-14
C01951,61,F,Pune,Student,124275.25,Silver,100000,2023-12-19
C01952,57,M,Lucknow,Salaried,45299.59,Gold,250000,2020-01-24
C01953,35,M,Mumbai,Self Employed,52356.72,Silver,100000,2019-01-19
C01954,49,M,Pune,Retired,75780.57,Gold,250000,2021-12-11
C01955,27,F,Jaipur,Salaried,97210.54,Gold,250000,2019-08-14
C01956,43,F,Mumbai,Student,85502.65,Silver,100000,2019-06-10
C01957,52,M,Chennai,Salaried,65739.75,Gold,250000,2021-05-15
C01958,58,M,Lucknow,Self Employed,76346.86,Platinum,500000,2023-06-29
C01959,61,M,Ahmedabad,Student,45629.27,Silver,100000,2023-11-23
C01960,61,M,Bangalore,Salaried,35170.88,Silver,100000,2022-05-27
C01961,36,M,Lucknow,Salaried,82330.84,Gold,250000,2020-05-09
C01962,35,M,Delhi,Student,93249.43,Gold,250000,2020-12-28
C01963,56,M,Ahmedabad,Salaried,81999.9,Gold,250000,2023-01-23
C01964,34,M,Hyderabad,Salaried,74975.77,Silver,100000,2019-11-13
C01965,56,F,Kolkata,Salaried,54865.25,Gold,250000,2020-02-07
C01966,39,M,Mumbai,Salaried,55006.12,Platinum,500000,2020-07-01
C01967,63,F,Kolkata,Salaried,83602.66,Gold,250000,2020-12-01
C01968,49,F,Kolkata,Business Owner,92343.07,Silver,100000,2019-10-21
C01969,43,M,Kolkata,Business Owner,94677.19,Signature,1000000,2023-07-08
C01970,56,M,Ahmedabad,Salaried,30653.68,Signature,1000000,2021-06-29
C01971,26,M,Jaipur,Salaried,51672.66,Gold,250000,2021-02-19
C01972,21,F,Mumbai,Business Owner,58390.36,Platinum,500000,2022-06-06
C01973,56,M,Mumbai,Student,52809.07,Silver,100000,2020-01-17
C01974,49,F,Pune,Self Employed,97307.55,Silver,100000,2023-07-27
C01975,27,F,Hyderabad,Self Employed,46745.57,Silver,100000,2024-05-09
C01976,49,F,Chennai,Salaried,48981.21,Platinum,500000,2023-04-26
C01977,35,F,Mumbai,Salaried,67921.07,Platinum,500000,2022-06-08
C01978,36,M,Bangalore,Student,49594.94,Silver,100000,2021-07-14
C01979,25,M,Hyderabad,Retired,75591.99,Gold,250000,2021-01-07
C01980,45,F,Hyderabad,Salaried,15000.0,Gold,250000,2023-05-08
C01981,25,F,Bangalore,Salaried,33925.49,Signature,1000000,2021-07-27
C01982,50,M,Hyderabad,Retired,114978.3,Silver,100000,2021-06-09
C01983,43,F,Bangalore,Student,79564.25,Gold,250000,2019-01-04
C01984,56,F,Hyderabad,Salaried,69372.37,Silver,100000,2021-07-02
C01985,50,F,Chennai,Business Owner,54604.47,Gold,250000,2019-11-26
C01986,60,M,Hyderabad,Self Employed,54461.04,Platinum,500000,2022-09-20
C01987,52,F,Ahmedabad,Salaried,49137.41,Platinum,500000,2022-05-05
C01988,28,M,Chennai,Business Owner,19910.86,Gold,250000,2020-02-09
C01989,62,F,Pune,Salaried,101854.5,Platinum,500000,2021-05-11
C01990,21,F,Lucknow,Salaried,112420.87,Signature,1000000,2020-10-29
C01991,35,M,Bangalore,Business Owner,81109.02,Gold,250000,2023-03-24
C01992,49,M,Ahmedabad,Salaried,44294.89,Silver,100000,2024-01-11
C01993,57,M,Kolkata,Salaried,63645.06,Platinum,500000,2022-04-20
C01994,23,M,Bangalore,Business Owner,47804.8,Signature,1000000,2022-04-09
C01995,46,F,Ahmedabad,Business Owner,67314.79,Silver,100000,2019-02-17
C01996,23,M,Jaipur,Business Owner,140461.67,Gold,250000,2024-03-06
C01997,37,M,Ahmedabad,Salaried,89612.77,Platinum,500000,2021-11-16
C01998,42,F,Ahmedabad,Salaried,74447.92,Silver,100000,2023-08-01
C01999,41,F,Ahmedabad,Salaried,81756.44,Platinum,500000,2024-04-29
C02000,62,M,Kolkata,Business Owner,38962.06,Silver,100000,2022-01-01
