customer_id,month,amount
C00001,2024-01,37183.72
C00001,2024-02,901.84
C00001,2024-03,2522.57
C00001,2024-04,12095.849999999999
C00001,2024-05,37772.19
C00001,2024-06,11874.83
C00001,2024-07,14600.11
C00001,2024-08,33639.01
C00001,2024-09,20301.65
C00001,2024-10,5153.1
C00001,2024-11,10771.58
C00001,2024-12,20292.11
C00001,2025-01,11380.12
C00001,2025-02,2527.27
C00001,2025-03,9402.93
C00001,2025-04,1712.58
C00001,2025-05,4483.31
C00001,2025-07,4646.2
C00001,2025-08,4453.76
C00001,2025-09,40002.37
C00001,2025-10,8650.28
C00001,2025-11,2563.75
C00001,2025-12,3898.52
C00002,2024-01,16406.0
C00002,2024-02,780.89
C00002,2024-03,35170.77
C00002,2024-08,93280.96
C00002,2024-09,22459.52
C00002,2024-10,15201.76
C00002,2024-12,15033.38
C00002,2025-01,10279.43
C00002,2025-02,11909.89
C00002,2025-03,29516.87
C00002,2025-05,21939.94
C00002,2025-06,19286.350000000002
C00002,2025-07,1421.5100000000002
C00002,2025-08,8453.9
C00002,2025-09,918.03
C00003,2024-01,2642.21
C00003,2024-02,729.18
C00003,2024-03,783.48
C00003,2024-04,30889.38
C00003,2024-05,1506.61
C00003,2024-06,7502.59
C00003,2024-07,6019.8
C00003,2024-08,25526.9
C00003,2024-09,13839.95
C00003,2024-10,18731.379999999997
C00003,2024-12,16708.16
C00003,2025-02,2354.58
C00003,2025-04,11115.6
C00003,2025-06,1548.71
C00003,2025-07,5653.43
C00003,2025-08,913.67
C00003,2025-09,7488.14
C00003,2025-10,5595.12
C00003,2025-11,8119.56
C00003,2025-12,50278.92999999999
C00004,2024-01,12088.4
C00004,2024-02,13415.300000000001
C00004,2024-03,55717.59
C00004,2024-05,16617.96
C00004,2024-07,46999.56
C00004,2024-08,8606.18
C00004,2024-09,2138.0
C00004,2024-10,51845.939999999995
C00004,2024-12,1315.62
C00004,2025-01,4500.15
C00004,2025-02,481.58
C00004,2025-03,2075.68
C00004,2025-06,8589.03
C00004,2025-08,24532.26
C00004,2025-09,2020.94
C00004,2025-10,2678.71
C00004,2025-11,8677.29
C00004,2025-12,63321.759999999995
C00005,2024-01,1985.52
C00005,2024-02,1284.6
C00005,2024-03,1321.58
C00005,2024-04,5522.07
C00005,2024-05,66125.45
C00005,2024-06,2465.78
C00005,2024-07,82667.11
C00005,2024-08,1190.51
C00005,2024-10,13731.720000000001
C00005,2024-11,8663.14
C00005,2024-12,3694.86
C00005,2025-01,42226.03999999999
C00005,2025-02,2802.38
C00005,2025-04,10523.439999999999
C00005,2025-05,119150.66
C00005,2025-06,67627.21
C00005,2025-08,10800.46
C00005,2025-09,2320.07
C00005,2025-10,48139.25
C00005,2025-11,2243.65
C00005,2025-12,16242.58
C00006,2024-02,19404.27
C00006,2024-03,23439.25
C00006,2024-04,41274.68
C00006,2024-05,10828.33
C00006,2024-07,13482.83
C00006,2024-08,61689.09
C00006,2024-09,6540.96
C00006,2024-10,1214.9
C00006,2024-11,4546.24
C00006,2024-12,949.3
C00006,2025-01,906.35
C00006,2025-03,12382.96
C00006,2025-04,9771.5
C00006,2025-05,2030.64
C00006,2025-06,3327.42
C00006,2025-07,16244.92
C00006,2025-08,43959.200000000004
C00006,2025-09,880.15
C00006,2025-10,8066.5
C00006,2025-11,2188.4
C00007,2024-02,44896.21
C00007,2024-03,983.2
C00007,2024-04,11127.5
C00007,2024-05,4995.03
C00007,2024-06,9869.03
C00007,2024-07,5395.4400000000005
C00007,2024-08,1071.64
C00007,2024-09,15643.75
C00007,2024-10,3196.47
C00007,2024-11,13083.470000000001
C00007,2024-12,22093.32
C00007,2025-01,47793.53
C00007,2025-02,12741.98
C00007,2025-03,10604.49
C00007,2025-04,1112.13
C00007,2025-05,5451.38
C00007,2025-06,19190.22
C00007,2025-07,2829.75
C00007,2025-08,22924.079999999998
C00007,2025-09,4447.13
C00007,2025-10,5291.23
C00007,2025-12,480.03
C00008,2024-01,439.89
C00008,2024-02,2368.8
C00008,2024-03,34686.509999999995
C00008,2024-04,2105.73
C00008,2024-06,2024.05
C00008,2024-07,39001.880000000005
C00008,2024-08,59910.91
C00008,2024-09,19908.37
C00008,2024-12,24393.78
C00008,2025-02,2934.96
C00008,2025-03,24345.420000000002
C00008,2025-04,39500.74
C00008,2025-06,730.5
C00008,2025-07,343.3
C00008,2025-08,2259.95
C00008,2025-09,14702.689999999999
C00008,2025-11,16710.97
C00008,2025-12,5411.09
C00009,2024-01,20177.57
C00009,2024-02,12851.32
C00009,2024-03,34835.65
C00009,2024-04,17784.190000000002
C00009,2024-07,1871.49
C00009,2024-08,189.56
C00009,2024-09,719.45
C00009,2024-11,23219.65
C00009,2025-01,8234.53
C00009,2025-02,1309.13
C00009,2025-03,827.09
C00009,2025-04,4089.67
C00009,2025-06,17501.24
C00009,2025-07,85801.24
C00009,2025-11,45900.29
C00009,2025-12,6907.14
C00010,2024-02,1890.91
C00010,2024-03,20169.78
C00010,2024-05,2695.89
C00010,2024-06,15638.27
C00010,2024-07,1736.36
C00010,2024-08,285.35
C00010,2024-09,2728.98
C00010,2024-10,1411.32
C00010,2024-12,15444.15
C00010,2025-01,791.51
C00010,2025-02,37384.0
C00010,2025-04,10406.52
C00010,2025-05,17039.19
C00010,2025-08,32286.38
C00010,2025-09,1747.63
C00010,2025-10,24396.44
C00011,2024-01,1721.63
C00011,2024-02,1207.3
C00011,2024-03,20578.28
C00011,2024-04,39667.299999999996
C00011,2024-05,1481.51
C00011,2024-07,1797.36
C00011,2024-08,2348.2
C00011,2024-09,2689.68
C00011,2024-10,19023.239999999998
C00011,2024-11,24194.31
C00011,2024-12,20356.739999999998
C00011,2025-02,27149.51
C00011,2025-03,3019.5299999999997
C00011,2025-04,68658.2
C00011,2025-05,1632.42
C00011,2025-06,1941.77
C00011,2025-07,34597.74
C00011,2025-09,65740.54000000001
C00011,2025-12,717.78
C00012,2024-01,23106.7
C00012,2024-03,4343.1900000000005
C00012,2024-04,48679.380000000005
C00012,2024-05,1413.72
C00012,2024-06,3676.15
C00012,2024-07,24811.620000000003
C00012,2024-09,17638.49
C00012,2024-10,2395.22
C00012,2024-11,3124.15
C00012,2024-12,28498.38
C00012,2025-01,6081.87
C00012,2025-02,631.94
C00012,2025-03,6626.37
C00012,2025-05,46487.229999999996
C00012,2025-06,16654.12
C00012,2025-07,14282.3
C00012,2025-08,1026.86
C00012,2025-09,12948.42
C00012,2025-11,4872.85
C00012,2025-12,17505.19
C00013,2024-01,1382.67
C00013,2024-02,41098.06
C00013,2024-03,3635.38
C00013,2024-04,22797.27
C00013,2024-05,18365.6
C00013,2024-07,6782.91
C00013,2024-08,1508.73
C00013,2024-09,37832.54
C00013,2024-10,15570.41
C00013,2024-11,115464.79000000001
C00013,2024-12,6434.11
C00013,2025-01,10104.380000000001
C00013,2025-03,5083.42
C00013,2025-04,23064.76
C00013,2025-05,5615.8
C00013,2025-06,46031.55
C00013,2025-07,25782.91
C00013,2025-08,22366.5
C00013,2025-09,19423.52
C00013,2025-11,11002.77
C00014,2024-01,2163.24
C00014,2024-02,5111.360000000001
C00014,2024-03,21636.16
C00014,2024-05,1072.48
C00014,2024-06,21940.47
C00014,2024-07,2268.97
C00014,2024-08,2662.36
C00014,2024-09,1773.41
C00014,2024-10,1939.53
C00014,2024-11,20683.43
C00014,2025-01,15041.84
C00014,2025-02,65028.22
C00014,2025-03,33156.94
C00014,2025-04,31090.32
C00014,2025-05,57646.850000000006
C00014,2025-07,5177.85
C00014,2025-08,8286.69
C00014,2025-09,3835.0299999999997
C00014,2025-10,8095.030000000001
C00014,2025-11,61440.82
C00014,2025-12,15166.41
C00015,2024-01,23258.559999999998
C00015,2024-02,2699.52
C00015,2024-03,17162.66
C00015,2024-04,4797.13
C00015,2024-05,10243.35
C00015,2024-07,9188.12
C00015,2024-08,2400.3999999999996
C00015,2024-11,1879.88
C00015,2025-01,1298.06
C00015,2025-03,55819.0
C00015,2025-04,2573.09
C00015,2025-05,2090.1800000000003
C00015,2025-06,6803.8
C00015,2025-07,5424.99
C00015,2025-08,2341.94
C00015,2025-09,8028.37
C00015,2025-10,6874.32
C00015,2025-11,11632.54
C00015,2025-12,2886.75
C00016,2024-01,70461.58
C00016,2024-02,18909.83
C00016,2024-03,5912.98
C00016,2024-04,3175.07
C00016,2024-05,12267.52
C00016,2024-06,3929.99
C00016,2024-07,37547.11
C00016,2024-08,53190.07
C00016,2024-10,16901.07
C00016,2024-11,38420.58
C00016,2024-12,16327.65
C00016,2025-02,4007.35
C00016,2025-03,3165.07
C00016,2025-05,57773.85
C00016,2025-06,2975.86
C00016,2025-09,11850.42
C00016,2025-10,61028.31
C00016,2025-11,446.66
C00016,2025-12,10475.49
C00017,2024-01,6669.13
C00017,2024-02,1009.48
C00017,2024-03,2010.11
C00017,2024-04,7402.48
C00017,2024-06,13154.24
C00017,2024-07,31475.09
C00017,2024-08,347.28
C00017,2024-09,7848.25
C00017,2024-10,37577.68
C00017,2024-11,546.34
C00017,2024-12,10751.0
C00017,2025-01,3547.5
C00017,2025-03,1903.13
C00017,2025-04,10427.74
C00017,2025-06,7222.67
C00017,2025-08,52100.81
C00017,2025-10,68669.01
C00017,2025-11,6768.58
C00017,2025-12,1120.53
C00018,2024-02,16496.850000000002
C00018,2024-03,22087.800000000003
C00018,2024-05,2177.5
C00018,2024-07,43222.87
C00018,2024-09,32007.89
C00018,2024-10,37269.93
C00018,2024-11,5014.4
C00018,2024-12,16279.67
C00018,2025-01,19712.78
C00018,2025-02,4155.55
C00018,2025-05,9858.28
C00018,2025-06,488.83
C00018,2025-11,108330.59
C00019,2024-01,1130.68
C00019,2024-03,4641.41
C00019,2024-04,1432.37
C00019,2024-07,4054.64
C00019,2024-08,11832.7
C00019,2024-09,7052.81
C00019,2024-10,26778.5
C00019,2024-11,3617.27
C00019,2024-12,30846.53
C00019,2025-01,12930.61
C00019,2025-02,31917.48
C00019,2025-03,40489.11
C00019,2025-04,1700.02
C00019,2025-05,91716.9
C00019,2025-06,19777.69
C00019,2025-07,1499.64
C00019,2025-08,67503.93
C00019,2025-10,16488.82
C00019,2025-11,7441.01
C00019,2025-12,7113.11
C00020,2024-01,263.34
C00020,2024-02,9545.21
C00020,2024-04,71211.16
C00020,2024-05,23219.97
C00020,2024-08,16486.94
C00020,2024-09,2930.28
C00020,2024-11,6230.5
C00020,2024-12,25096.87
C00020,2025-03,3698.81
C00020,2025-04,3405.49
C00020,2025-05,14416.15
C00020,2025-06,2392.18
C00020,2025-07,1104.43
C00020,2025-08,396.93
C00020,2025-09,4045.26
C00020,2025-10,1667.31
C00020,2025-12,44560.86
C00021,2024-02,19842.62
C00021,2024-03,47035.89
C00021,2024-04,1386.31
C00021,2024-05,2390.62
C00021,2024-08,265.46
C00021,2024-09,2425.93
C00021,2024-10,5743.1900000000005
C00021,2024-11,3067.2
C00021,2024-12,1375.18
C00021,2025-01,17148.59
C00021,2025-02,45866.93
C00021,2025-03,6262.139999999999
C00021,2025-05,271.21
C00021,2025-06,3814.81
C00021,2025-07,18697.969999999998
C00021,2025-08,50288.28
C00021,2025-09,14868.480000000001
C00021,2025-12,38466.47
C00022,2024-01,867.01
C00022,2024-03,29876.45
C00022,2024-05,10002.18
C00022,2024-06,32033.95
C00022,2024-07,57628.369999999995
C00022,2024-10,14095.98
C00022,2024-11,56089.869999999995
C00022,2024-12,48643.38
C00022,2025-01,6581.96
C00022,2025-02,3138.21
C00022,2025-05,32619.75
C00022,2025-06,8927.21
C00022,2025-07,21573.06
C00022,2025-08,1140.71
C00022,2025-09,3897.81
C00022,2025-10,24739.25
C00022,2025-11,14208.25
C00022,2025-12,173.17
C00023,2024-01,51037.22
C00023,2024-02,71142.64
C00023,2024-05,44093.85
C00023,2024-06,2659.69
C00023,2024-09,12431.449999999999
C00023,2024-10,97564.23000000001
C00023,2024-11,4660.24
C00023,2024-12,2439.34
C00023,2025-01,5936.58
C00023,2025-03,19037.21
C00023,2025-04,6345.93
C00023,2025-05,22360.11
C00023,2025-06,4509.69
C00023,2025-08,25427.65
C00023,2025-09,9065.36
C00023,2025-12,1613.99
C00024,2024-01,54117.869999999995
C00024,2024-02,46519.18
C00024,2024-03,2415.38
C00024,2024-05,4840.73
C00024,2024-08,26940.72
C00024,2024-10,1963.19
C00024,2024-11,32273.02
C00024,2024-12,57668.26
C00024,2025-01,18557.57
C00024,2025-02,49397.99
C00024,2025-03,1577.98
C00024,2025-06,5230.39
C00024,2025-07,12918.72
C00024,2025-08,7802.22
C00024,2025-09,15914.69
C00024,2025-10,2395.3
C00024,2025-11,19421.14
C00024,2025-12,1296.16
C00025,2024-01,21692.29
C00025,2024-02,3547.43
C00025,2024-05,35493.6
C00025,2024-06,8544.689999999999
C00025,2024-07,15079.189999999999
C00025,2024-08,22114.5
C00025,2024-09,25771.75
C00025,2024-11,5521.38
C00025,2024-12,3966.46
C00025,2025-01,5914.67
C00025,2025-02,427.34
C00025,2025-03,3888.61
C00025,2025-04,15456.87
C00025,2025-05,13699.53
C00025,2025-06,4355.38
C00025,2025-07,7966.33
C00025,2025-08,4964.71
C00025,2025-10,26988.42
C00025,2025-11,26210.489999999998
C00026,2024-01,5147.91
C00026,2024-03,17387.81
C00026,2024-05,1857.43
C00026,2024-07,79580.65
C00026,2024-08,8965.42
C00026,2024-09,1851.24
C00026,2024-11,2836.49
C00026,2024-12,14770.640000000001
C00026,2025-01,5882.35
C00026,2025-02,3895.34
C00026,2025-03,13617.23
C00026,2025-04,4894.76
C00026,2025-06,8992.52
C00026,2025-07,9956.769999999999
C00026,2025-08,62852.69
C00026,2025-10,19615.45
C00026,2025-12,48065.229999999996
C00027,2024-01,21328.719999999998
C00027,2024-02,1663.08
C00027,2024-04,4149.08
C00027,2024-05,4864.05
C00027,2024-06,10294.960000000001
C00027,2024-07,3750.7
C00027,2024-10,5515.97
C00027,2024-11,4699.79
C00027,2025-02,6754.1
C00027,2025-05,18509.54
C00027,2025-07,15779.68
C00027,2025-08,1309.59
C00027,2025-09,44390.7
C00027,2025-10,80253.41
C00027,2025-11,2866.12
C00027,2025-12,274.17
C00028,2024-01,3066.88
C00028,2024-02,15412.46
C00028,2024-05,19492.23
C00028,2024-06,12976.6
C00028,2024-07,47696.53
C00028,2024-08,40463.95
C00028,2024-09,27198.89
C00028,2024-10,1446.12
C00028,2024-11,16712.43
C00028,2025-01,9793.13
C00028,2025-02,14040.7
C00028,2025-03,18232.64
C00028,2025-05,38511.96
C00028,2025-07,2568.7200000000003
C00028,2025-08,28947.43
C00028,2025-10,23718.0
C00028,2025-11,1699.44
C00028,2025-12,2275.09
C00029,2024-02,1068.7
C00029,2024-04,3413.87
C00029,2024-05,4295.01
C00029,2024-07,19391.11
C00029,2024-08,24715.120000000003
C00029,2024-09,12838.35
C00029,2024-11,37187.85
C00029,2024-12,12657.18
C00029,2025-01,6975.44
C00029,2025-02,1832.2599999999998
C00029,2025-03,12931.86
C00029,2025-04,57065.67
C00029,2025-05,40406.54
C00029,2025-06,1008.67
C00029,2025-08,75428.42
C00029,2025-09,17208.66
C00029,2025-10,11941.92
C00029,2025-11,2215.83
C00029,2025-12,3051.91
C00030,2024-01,81369.23999999999
C00030,2024-02,8369.79
C00030,2024-03,8455.14
C00030,2024-09,23268.01
C00030,2024-10,17114.8
C00030,2024-12,52410.78
C00030,2025-01,1372.39
C00030,2025-04,21523.879999999997
C00030,2025-05,18791.14
C00030,2025-07,57139.68
C00030,2025-08,2784.2
C00030,2025-09,14229.84
C00030,2025-10,5440.64
C00030,2025-11,1777.05
C00030,2025-12,1183.23
C00031,2024-02,36370.19
C00031,2024-04,14093.050000000001
C00031,2024-07,1163.42
C00031,2024-09,15633.74
C00031,2024-11,11707.78
C00031,2024-12,8664.1
C00031,2025-02,3877.21
C00031,2025-04,42019.11
C00031,2025-06,1522.15
C00031,2025-07,50226.57
C00031,2025-08,128327.19
C00031,2025-11,1583.21
C00031,2025-12,561.66
C00032,2024-02,3727.03
C00032,2024-03,57048.55
C00032,2024-04,2123.53
C00032,2024-05,19477.07
C00032,2024-06,19311.23
C00032,2024-07,12168.16
C00032,2024-09,16038.010000000002
C00032,2024-10,6344.18
C00032,2024-11,20304.85
C00032,2025-01,12292.96
C00032,2025-02,3670.59
C00032,2025-03,35130.79
C00032,2025-04,19681.18
C00032,2025-05,841.02
C00032,2025-06,3038.2
C00032,2025-07,2106.54
C00032,2025-09,13108.99
C00032,2025-11,7677.24
C00033,2024-01,11099.34
C00033,2024-02,1044.18
C00033,2024-04,34721.38
C00033,2024-05,24134.05
C00033,2024-06,9945.3
C00033,2024-07,6208.79
C00033,2024-08,8497.64
C00033,2024-09,2495.61
C00033,2024-11,17747.22
C00033,2025-04,13309.199999999999
C00033,2025-05,26269.730000000003
C00033,2025-06,24438.67
C00033,2025-08,9064.97
C00033,2025-09,3804.52
C00034,2024-01,3602.51
C00034,2024-02,7583.400000000001
C00034,2024-03,3846.33
C00034,2024-04,48033.74
C00034,2024-07,17054.79
C00034,2024-08,21141.99
C00034,2024-09,5852.86
C00034,2024-10,18966.19
C00034,2024-11,18152.48
C00034,2024-12,26193.57
C00034,2025-01,6854.8
C00034,2025-02,46262.83
C00034,2025-03,38445.06
C00034,2025-04,21734.04
C00034,2025-05,707.44
C00034,2025-06,71167.3
C00034,2025-07,1027.2
C00034,2025-08,998.89
C00034,2025-09,18896.969999999998
C00034,2025-11,8998.61
C00034,2025-12,14382.0
C00035,2024-03,8937.61
C00035,2024-04,14068.11
C00035,2024-05,12450.24
C00035,2024-07,33644.0
C00035,2024-08,41741.13
C00035,2024-09,51263.56
C00035,2024-10,5289.25
C00035,2024-11,1971.56
C00035,2024-12,983.41
C00035,2025-01,6161.58
C00035,2025-02,50212.06
C00035,2025-03,14348.75
C00035,2025-04,2755.92
C00035,2025-05,7102.65
C00035,2025-06,45022.72
C00035,2025-07,2853.55
C00035,2025-09,18884.31
C00035,2025-10,20243.129999999997
C00035,2025-11,2508.92
C00035,2025-12,29746.2
C00036,2024-02,19949.56
C00036,2024-03,5383.98
C00036,2024-04,14119.53
C00036,2024-05,5273.87
C00036,2024-06,23631.980000000003
C00036,2024-07,36066.35
C00036,2024-09,2017.44
C00036,2024-10,2463.91
C00036,2024-11,17278.68
C00036,2024-12,103694.98
C00036,2025-01,1670.77
C00036,2025-03,77614.33
C00036,2025-04,5947.95
C00036,2025-05,19669.77
C00036,2025-06,5080.96
C00036,2025-07,3192.21
C00036,2025-08,37174.06
C00036,2025-10,37859.38
C00036,2025-11,35700.01
C00036,2025-12,2786.35
C00037,2024-04,46287.11
C00037,2024-06,5844.31
C00037,2024-07,13298.74
C00037,2024-08,10183.75
C00037,2024-09,46716.5
C00037,2024-10,61447.78999999999
C00037,2024-11,5831.76
C00037,2025-01,1135.08
C00037,2025-04,9180.14
C00037,2025-05,54236.67
C00037,2025-06,3525.89
C00037,2025-07,31861.32
C00037,2025-08,1750.3
C00037,2025-09,41347.1
C00037,2025-10,2793.7
C00037,2025-11,1303.38
C00037,2025-12,6164.22
C00038,2024-01,37366.240000000005
C00038,2024-02,2831.06
C00038,2024-03,17633.07
C00038,2024-04,34868.020000000004
C00038,2024-05,3717.0699999999997
C00038,2024-06,9197.59
C00038,2024-09,13988.66
C00038,2024-10,5132.82
C00038,2024-11,13335.65
C00038,2024-12,14954.710000000001
C00038,2025-01,11539.439999999999
C00038,2025-02,19979.42
C00038,2025-03,26554.08
C00038,2025-04,8684.96
C00038,2025-07,43813.07
C00038,2025-09,1543.64
C00038,2025-10,40181.32
C00039,2024-05,12274.49
C00039,2024-06,6765.3099999999995
C00039,2024-07,7739.74
C00039,2024-09,4113.11
C00039,2024-10,1808.73
C00039,2024-11,13653.27
C00039,2024-12,934.99
C00039,2025-02,50263.74
C00039,2025-03,50987.240000000005
C00039,2025-04,2198.4
C00039,2025-05,25575.93
C00039,2025-06,601.19
C00039,2025-10,33121.1
C00039,2025-12,39179.96
C00040,2024-01,1839.64
C00040,2024-02,32145.940000000002
C00040,2024-03,15525.77
C00040,2024-04,10698.79
C00040,2024-06,11487.68
C00040,2024-08,14812.27
C00040,2024-11,4585.83
C00040,2024-12,51812.47
C00040,2025-01,42334.38
C00040,2025-02,2556.57
C00040,2025-03,10261.76
C00040,2025-04,250.81
C00040,2025-05,6300.25
C00040,2025-06,3180.7599999999998
C00040,2025-07,12660.939999999999
C00040,2025-08,51663.70999999999
C00040,2025-09,12934.33
C00040,2025-10,31102.5
C00040,2025-11,1843.35
C00040,2025-12,10712.35
C00041,2024-01,26502.55
C00041,2024-03,35247.14
C00041,2024-04,52509.75
C00041,2024-05,1447.77
C00041,2024-07,35073.18
C00041,2024-08,14359.68
C00041,2024-09,21244.43
C00041,2024-10,35684.24
C00041,2024-11,7911.81
C00041,2025-01,23153.29
C00041,2025-03,3157.9
C00041,2025-04,29074.230000000003
C00041,2025-05,36245.61
C00041,2025-07,967.32
C00041,2025-09,17149.33
C00041,2025-10,1138.8
C00041,2025-11,36529.69
C00041,2025-12,17867.86
C00042,2024-01,6890.84
C00042,2024-02,37901.08
C00042,2024-03,10000.56
C00042,2024-04,2987.92
C00042,2024-05,2654.88
C00042,2024-07,1476.31
C00042,2024-09,3102.17
C00042,2024-10,701.16
C00042,2024-11,9312.02
C00042,2024-12,24395.72
C00042,2025-01,15063.59
C00042,2025-04,36211.0
C00042,2025-06,4193.38
C00042,2025-07,60308.380000000005
C00042,2025-08,49289.7
C00042,2025-09,2355.08
C00042,2025-10,9296.31
C00042,2025-11,7844.19
C00042,2025-12,7253.29
C00043,2024-01,1259.55
C00043,2024-02,2798.25
C00043,2024-03,48988.8
C00043,2024-07,16837.41
C00043,2024-08,2355.79
C00043,2024-09,51282.63
C00043,2024-10,2847.14
C00043,2024-11,4590.1
C00043,2024-12,2162.12
C00043,2025-01,25001.38
C00043,2025-02,2879.23
C00043,2025-03,5563.91
C00043,2025-04,11995.75
C00043,2025-06,53905.03
C00043,2025-07,3135.29
C00043,2025-09,26589.49
C00043,2025-11,6713.639999999999
C00043,2025-12,3822.55
C00044,2024-01,8649.31
C00044,2024-03,2283.86
C00044,2024-04,33926.42
C00044,2024-06,17676.64
C00044,2024-07,35611.31
C00044,2024-08,3371.36
C00044,2024-09,7400.6
C00044,2024-11,17120.73
C00044,2025-01,9842.0
C00044,2025-03,7960.039999999999
C00044,2025-05,12434.47
C00044,2025-07,3725.16
C00044,2025-08,4455.32
C00044,2025-09,10722.75
C00044,2025-11,2199.23
C00044,2025-12,5430.83
C00045,2024-02,1944.28
C00045,2024-03,1102.33
C00045,2024-04,11777.28
C00045,2024-05,1607.65
C00045,2024-06,43512.42
C00045,2024-07,8215.3
C00045,2024-08,21772.19
C00045,2024-09,3765.7799999999997
C00045,2024-10,1673.49
C00045,2024-12,11028.46
C00045,2025-01,13942.24
C00045,2025-02,1622.2
C00045,2025-03,27018.4
C00045,2025-04,21043.399999999998
C00045,2025-05,1920.66
C00045,2025-06,8640.56
C00045,2025-07,20909.55
C00045,2025-08,7675.26
C00045,2025-09,3524.54
C00045,2025-11,1441.7
C00045,2025-12,51954.340000000004
C00046,2024-01,2979.5
C00046,2024-02,7671.59
C00046,2024-04,36321.55
C00046,2024-05,201.69
C00046,2024-06,29292.24
C00046,2024-07,5099.99
C00046,2024-08,2865.93
C00046,2024-09,13194.5
C00046,2024-10,39337.97
C00046,2024-11,25538.5
C00046,2024-12,919.47
C00046,2025-01,7103.360000000001
C00046,2025-02,9794.900000000001
C00046,2025-03,22196.47
C00046,2025-04,288.68
C00046,2025-05,24920.07
C00046,2025-07,5141.45
C00046,2025-08,41038.85
C00046,2025-09,1840.63
C00046,2025-11,4153.08
C00047,2024-01,17574.22
C00047,2024-02,22581.690000000002
C00047,2024-03,33267.99
C00047,2024-04,20113.969999999998
C00047,2024-05,14341.69
C00047,2024-06,50682.19
C00047,2024-08,64242.29
C00047,2024-11,14815.77
C00047,2024-12,11990.91
C00047,2025-01,372.74
C00047,2025-02,19828.75
C00047,2025-03,18984.88
C00047,2025-06,4103.25
C00047,2025-07,4359.639999999999
C00047,2025-08,34346.31
C00047,2025-10,64703.119999999995
C00048,2024-01,845.92
C00048,2024-02,7034.41
C00048,2024-03,52638.28999999999
C00048,2024-04,539.95
C00048,2024-05,2270.85
C00048,2024-06,7907.86
C00048,2024-07,3683.45
C00048,2024-08,7134.58
C00048,2024-10,31337.66
C00048,2024-11,10326.08
C00048,2025-01,32225.01
C00048,2025-02,19626.86
C00048,2025-04,19861.27
C00048,2025-05,33262.05
C00048,2025-06,9617.07
C00048,2025-07,25640.39
C00048,2025-08,20724.25
C00048,2025-10,9740.99
C00048,2025-11,24015.55
C00049,2024-02,5957.07
C00049,2024-03,1246.34
C00049,2024-04,520.13
C00049,2024-05,71527.26999999999
C00049,2024-06,2526.85
C00049,2024-07,6134.48
C00049,2024-08,18722.78
C00049,2024-09,18208.14
C00049,2024-10,62684.92999999999
C00049,2024-11,3238.19
C00049,2025-01,558.51
C00049,2025-03,21073.99
C00049,2025-05,28509.77
C00049,2025-06,1155.89
C00049,2025-07,4256.88
C00049,2025-08,13779.17
C00049,2025-09,38301.479999999996
C00049,2025-10,3275.76
C00049,2025-11,34163.64
C00049,2025-12,2571.95
C00050,2024-01,21740.11
C00050,2024-02,3719.74
C00050,2024-03,26308.8
C00050,2024-04,2944.74
C00050,2024-05,11893.55
C00050,2024-06,36385.07
C00050,2024-07,517.18
C00050,2024-08,6274.07
C00050,2024-09,19159.09
C00050,2024-10,9933.87
C00050,2024-11,7667.45
C00050,2024-12,4827.28
C00050,2025-01,6197.13
C00050,2025-02,18415.97
C00050,2025-03,7293.24
C00050,2025-04,22574.59
C00050,2025-06,6734.27
C00050,2025-07,25516.18
C00050,2025-09,24250.73
C00050,2025-10,10473.18
C00050,2025-11,2421.65
C00050,2025-12,43177.24
C00051,2024-01,1139.73
C00051,2024-02,14719.859999999999
C00051,2024-04,2064.19
C00051,2024-05,15007.52
C00051,2024-07,2019.25
C00051,2024-08,9730.16
C00051,2024-09,6647.69
C00051,2024-10,6373.68
C00051,2024-11,26835.52
C00051,2024-12,2782.09
C00051,2025-02,14237.99
C00051,2025-03,25496.469999999998
C00051,2025-05,1794.23
C00051,2025-06,39938.93
C00051,2025-07,21156.14
C00051,2025-08,377.12
C00051,2025-09,3902.96
C00051,2025-11,46866.030000000006
C00051,2025-12,1930.91
C00052,2024-01,2824.23
C00052,2024-02,14819.130000000001
C00052,2024-03,9875.67
C00052,2024-04,760.57
C00052,2024-06,14354.039999999999
C00052,2024-07,1720.41
C00052,2024-08,30472.57
C00052,2024-09,12229.46
C00052,2024-10,2161.51
C00052,2024-11,3197.75
C00052,2025-01,13670.210000000001
C00052,2025-02,1198.45
C00052,2025-03,21525.0
C00052,2025-05,3733.9399999999996
C00052,2025-06,28171.05
C00052,2025-07,3346.74
C00052,2025-08,2897.15
C00052,2025-09,67775.81999999999
C00052,2025-10,51183.38
C00052,2025-11,10382.88
C00053,2024-01,12583.92
C00053,2024-02,17315.75
C00053,2024-03,13717.13
C00053,2024-04,31850.8
C00053,2024-06,2423.05
C00053,2024-07,5518.34
C00053,2024-08,2300.23
C00053,2024-09,17003.37
C00053,2024-10,10249.54
C00053,2024-12,11730.05
C00053,2025-01,5388.42
C00053,2025-02,10053.15
C00053,2025-03,18628.05
C00053,2025-04,1677.64
C00053,2025-05,17554.97
C00053,2025-06,12981.78
C00053,2025-07,11881.060000000001
C00053,2025-08,14467.0
C00053,2025-09,2866.67
C00053,2025-10,51500.020000000004
C00053,2025-11,19293.8
C00054,2024-01,69536.78
C00054,2024-03,16658.52
C00054,2024-05,56762.520000000004
C00054,2024-06,1312.08
C00054,2024-08,2757.31
C00054,2024-09,46342.21
C00054,2024-10,31559.28
C00054,2024-12,479.7
C00054,2025-02,17594.239999999998
C00054,2025-03,11618.5
C00054,2025-04,25909.72
C00054,2025-05,15631.21
C00054,2025-07,4718.7
C00054,2025-08,8084.14
C00054,2025-09,28352.26
C00054,2025-10,2863.75
C00054,2025-11,5158.53
C00054,2025-12,48090.36
C00055,2024-01,3298.2400000000002
C00055,2024-02,17394.52
C00055,2024-04,19259.96
C00055,2024-05,15301.02
C00055,2024-08,4602.14
C00055,2024-09,3101.66
C00055,2024-10,7327.6
C00055,2024-11,1632.84
C00055,2025-01,52551.02
C00055,2025-02,1045.75
C00055,2025-04,17846.33
C00055,2025-05,6695.67
C00055,2025-07,59079.25
C00055,2025-08,1127.43
C00055,2025-09,34921.04
C00055,2025-10,14753.04
C00055,2025-11,1313.08
C00055,2025-12,6335.219999999999
C00056,2024-01,2063.48
C00056,2024-02,3791.96
C00056,2024-03,4289.6900000000005
C00056,2024-04,319.16
C00056,2024-05,27844.309999999998
C00056,2024-06,13896.92
C00056,2024-07,5252.719999999999
C00056,2024-08,25062.7
C00056,2024-09,8456.13
C00056,2024-10,35103.9
C00056,2024-11,2661.75
C00056,2024-12,36856.15
C00056,2025-01,6533.4400000000005
C00056,2025-02,2185.6
C00056,2025-03,12718.269999999999
C00056,2025-04,12925.119999999999
C00056,2025-05,27411.960000000003
C00056,2025-06,45697.91
C00056,2025-07,39158.17
C00056,2025-10,7219.469999999999
C00056,2025-11,1978.37
C00056,2025-12,7232.33
C00057,2024-03,2471.6200000000003
C00057,2024-04,1105.53
C00057,2024-06,39606.02
C00057,2024-07,14339.77
C00057,2024-08,1599.61
C00057,2024-09,13847.72
C00057,2024-11,25439.23
C00057,2024-12,5015.09
C00057,2025-01,61933.13
C00057,2025-03,37690.46
C00057,2025-04,19579.08
C00057,2025-05,22371.739999999998
C00057,2025-06,19691.28
C00057,2025-07,46050.31
C00057,2025-09,2439.41
C00057,2025-10,1330.25
C00057,2025-11,19627.23
C00057,2025-12,6635.08
C00058,2024-01,5291.860000000001
C00058,2024-02,10984.44
C00058,2024-03,2304.09
C00058,2024-04,1136.34
C00058,2024-05,10187.25
C00058,2024-07,18123.079999999998
C00058,2024-08,46384.53
C00058,2024-10,31772.56
C00058,2025-01,8182.48
C00058,2025-02,14348.04
C00058,2025-03,3269.8
C00058,2025-04,30924.289999999997
C00058,2025-06,334.91
C00058,2025-07,3137.81
C00058,2025-08,7562.94
C00058,2025-09,9296.86
C00058,2025-10,33919.880000000005
C00058,2025-11,2288.57
C00059,2024-01,39062.66
C00059,2024-03,13169.68
C00059,2024-05,53087.62
C00059,2024-07,13341.32
C00059,2024-08,45599.49
C00059,2024-12,2942.19
C00059,2025-01,34504.55
C00059,2025-02,1366.81
C00059,2025-03,43267.54
C00059,2025-04,45883.72
C00059,2025-05,24867.27
C00059,2025-06,5202.3
C00059,2025-07,36715.95
C00059,2025-08,9032.26
C00059,2025-09,34156.83
C00059,2025-10,1521.63
C00059,2025-11,16383.1
C00059,2025-12,1277.21
C00060,2024-01,5499.22
C00060,2024-04,39255.11
C00060,2024-05,9456.57
C00060,2024-06,1466.97
C00060,2024-07,13717.99
C00060,2024-08,991.86
C00060,2024-09,53454.33
C00060,2024-11,30784.12
C00060,2024-12,757.15
C00060,2025-02,10548.3
C00060,2025-04,24500.25
C00060,2025-05,1589.84
C00060,2025-06,13718.59
C00060,2025-07,13639.76
C00060,2025-08,14924.95
C00060,2025-09,30306.75
C00060,2025-12,19427.510000000002
C00061,2024-02,530.5
C00061,2024-03,38533.82
C00061,2024-04,379.02
C00061,2024-05,6634.610000000001
C00061,2024-07,6284.26
C00061,2024-08,25022.379999999997
C00061,2024-09,18758.41
C00061,2024-10,38527.82
C00061,2024-11,19627.0
C00061,2024-12,18748.06
C00061,2025-02,855.12
C00061,2025-03,2554.63
C00061,2025-04,7048.49
C00061,2025-05,36528.51
C00061,2025-07,49852.31
C00061,2025-08,1430.75
C00061,2025-09,7894.91
C00061,2025-10,3369.04
C00061,2025-12,58925.18
C00062,2024-01,2241.93
C00062,2024-03,8506.73
C00062,2024-04,5749.93
C00062,2024-05,5820.97
C00062,2024-06,10999.77
C00062,2024-07,4382.81
C00062,2024-08,26360.61
C00062,2024-10,34846.51
C00062,2024-11,80389.92
C00062,2024-12,27443.8
C00062,2025-01,3108.4799999999996
C00062,2025-02,16626.83
C00062,2025-04,326.83
C00062,2025-05,23082.44
C00062,2025-06,3318.17
C00062,2025-07,4407.68
C00062,2025-08,15080.699999999997
C00062,2025-09,25108.39
C00062,2025-10,3954.12
C00062,2025-11,38296.119999999995
C00062,2025-12,5327.76
C00063,2024-01,37941.21
C00063,2024-04,6482.43
C00063,2024-06,60733.119999999995
C00063,2024-09,12010.59
C00063,2024-10,6793.33
C00063,2024-11,9707.03
C00063,2024-12,7870.39
C00063,2025-01,1728.73
C00063,2025-02,2370.52
C00063,2025-03,1759.9
C00063,2025-06,1713.03
C00063,2025-07,42719.19
C00063,2025-08,17808.67
C00063,2025-10,1801.08
C00063,2025-11,7223.16
C00063,2025-12,20804.32
C00064,2024-01,2722.63
C00064,2024-02,37560.79
C00064,2024-04,10276.7
C00064,2024-05,15779.35
C00064,2024-06,667.49
C00064,2024-07,39167.53
C00064,2024-08,10056.68
C00064,2024-11,7890.05
C00064,2024-12,2964.09
C00064,2025-01,20607.18
C00064,2025-02,2078.71
C00064,2025-03,42925.55
C00064,2025-04,20495.91
C00064,2025-07,2007.38
C00064,2025-09,2110.8
C00064,2025-10,3923.54
C00064,2025-11,12212.09
C00064,2025-12,47759.63
C00065,2024-01,16973.79
C00065,2024-03,24423.06
C00065,2024-05,16085.28
C00065,2024-06,114297.9
C00065,2024-10,20190.63
C00065,2024-11,4568.13
C00065,2025-03,34491.33
C00065,2025-04,4058.85
C00065,2025-05,47809.61
C00065,2025-06,3142.7999999999997
C00065,2025-08,64987.42
C00065,2025-10,28695.47
C00065,2025-11,16638.4
C00065,2025-12,39954.07
C00066,2024-03,16386.53
C00066,2024-04,1667.42
C00066,2024-05,33002.05
C00066,2024-06,24614.32
C00066,2024-10,6102.099999999999
C00066,2024-11,7238.08
C00066,2024-12,45276.88
C00066,2025-01,46566.55
C00066,2025-04,193.92
C00066,2025-05,2327.49
C00066,2025-08,27753.309999999998
C00066,2025-09,7091.16
C00066,2025-11,3041.8
C00066,2025-12,3030.5
C00067,2024-01,5752.74
C00067,2024-02,4517.98
C00067,2024-03,7136.02
C00067,2024-06,43665.04
C00067,2024-08,647.96
C00067,2024-09,10501.27
C00067,2024-10,9261.310000000001
C00067,2024-11,6212.14
C00067,2024-12,15294.0
C00067,2025-01,74537.06
C00067,2025-02,11013.52
C00067,2025-04,21953.559999999998
C00067,2025-06,60079.28999999999
C00067,2025-08,2483.59
C00067,2025-09,6694.700000000001
C00067,2025-11,13230.990000000002
C00067,2025-12,4880.37
C00068,2024-01,1600.59
C00068,2024-02,56725.25
C00068,2024-03,69471.65000000001
C00068,2024-04,46166.2
C00068,2024-05,12512.57
C00068,2024-06,6794.24
C00068,2024-08,71649.39
C00068,2024-09,18965.8
C00068,2024-10,3836.23
C00068,2024-11,10891.7
C00068,2024-12,9958.11
C00068,2025-02,1604.06
C00068,2025-07,4011.2
C00068,2025-08,37809.59
C00068,2025-10,30084.03
C00068,2025-11,298.18
C00068,2025-12,246.35
C00069,2024-01,8777.57
C00069,2024-03,24447.039999999997
C00069,2024-04,7343.77
C00069,2024-05,41941.67
C00069,2024-06,36568.53
C00069,2024-07,14567.52
C00069,2024-09,4053.2799999999997
C00069,2024-10,562.09
C00069,2024-11,15936.04
C00069,2024-12,1064.65
C00069,2025-01,4586.73
C00069,2025-02,11045.119999999999
C00069,2025-03,3103.8
C00069,2025-04,11265.69
C00069,2025-07,9230.32
C00069,2025-08,6850.6
C00069,2025-09,2883.4
C00069,2025-10,7664.45
C00069,2025-12,71801.11
C00070,2024-01,19357.17
C00070,2024-02,10971.64
C00070,2024-03,4772.02
C00070,2024-07,8491.97
C00070,2024-08,28643.39
C00070,2024-09,2734.72
C00070,2024-10,11457.86
C00070,2024-11,12891.66
C00070,2024-12,6897.75
C00070,2025-01,19149.84
C00070,2025-03,12333.8
C00070,2025-04,797.07
C00070,2025-05,4622.38
C00070,2025-08,445.22
C00070,2025-09,844.99
C00070,2025-10,2958.36
C00070,2025-11,22199.3
C00071,2024-01,36730.24
C00071,2024-02,22750.19
C00071,2024-03,1479.72
C00071,2024-05,16353.53
C00071,2024-06,53815.1
C00071,2024-07,10425.33
C00071,2024-09,11857.95
C00071,2024-10,6039.85
C00071,2024-11,873.92
C00071,2025-01,939.73
C00071,2025-02,11337.970000000001
C00071,2025-03,6540.26
C00071,2025-06,2620.4
C00071,2025-07,43801.18
C00071,2025-08,32435.25
C00071,2025-09,4383.29
C00071,2025-10,42339.42
C00071,2025-11,34224.76
C00072,2024-01,1642.91
C00072,2024-02,10698.77
C00072,2024-06,11937.119999999999
C00072,2024-07,21932.14
C00072,2024-08,8892.130000000001
C00072,2024-11,20334.61
C00072,2024-12,16310.4
C00072,2025-02,7640.82
C00072,2025-04,7290.47
C00072,2025-05,11814.08
C00072,2025-06,2039.06
C00072,2025-08,9077.46
C00072,2025-09,16397.93
C00072,2025-10,2924.5
C00073,2024-01,298.03
C00073,2024-02,25061.19
C00073,2024-03,1713.83
C00073,2024-04,1961.44
C00073,2024-05,12978.0
C00073,2024-06,33347.24
C00073,2024-07,26113.899999999998
C00073,2024-08,2881.07
C00073,2024-11,3374.23
C00073,2024-12,12796.44
C00073,2025-02,13382.54
C00073,2025-03,9656.33
C00073,2025-04,55172.11
C00073,2025-05,3389.3
C00073,2025-07,1996.35
C00073,2025-08,5144.74
C00073,2025-11,13402.46
C00074,2024-01,1537.28
C00074,2024-02,2193.58
C00074,2024-03,29824.57
C00074,2024-04,5572.92
C00074,2024-05,84968.19
C00074,2024-06,3613.58
C00074,2024-07,50167.57
C00074,2024-08,20471.940000000002
C00074,2024-09,22793.57
C00074,2024-10,927.92
C00074,2024-12,6884.14
C00074,2025-01,8530.49
C00074,2025-04,17771.11
C00074,2025-05,22275.22
C00074,2025-06,8068.17
C00074,2025-07,701.98
C00074,2025-09,73014.44
C00074,2025-10,12572.550000000001
C00074,2025-11,77906.93
C00074,2025-12,1005.55
C00075,2024-01,5294.96
C00075,2024-02,10323.98
C00075,2024-03,975.3
C00075,2024-05,9222.55
C00075,2024-06,18698.85
C00075,2024-07,5489.8
C00075,2024-08,15214.52
C00075,2024-09,27769.629999999997
C00075,2024-11,21318.63
C00075,2024-12,16721.44
C00075,2025-01,19322.629999999997
C00075,2025-02,7221.4
C00075,2025-03,47123.48
C00075,2025-04,6489.29
C00075,2025-05,752.2
C00075,2025-06,12313.81
C00075,2025-07,12648.349999999999
C00075,2025-08,29481.67
C00075,2025-10,5035.33
C00075,2025-11,17985.15
C00076,2024-01,11553.77
C00076,2024-02,26254.5
C00076,2024-03,14070.23
C00076,2024-08,1630.71
C00076,2024-12,65207.009999999995
C00076,2025-02,6397.34
C00076,2025-03,26876.92
C00076,2025-05,27628.82
C00076,2025-06,6314.5599999999995
C00076,2025-07,20538.65
C00076,2025-08,2449.61
C00076,2025-09,11991.39
C00076,2025-10,9138.49
C00076,2025-11,2557.26
C00077,2024-01,9970.65
C00077,2024-02,45001.4
C00077,2024-03,646.53
C00077,2024-04,552.66
C00077,2024-05,38238.659999999996
C00077,2024-06,28628.54
C00077,2024-07,3744.95
C00077,2024-08,7717.48
C00077,2024-10,2111.81
C00077,2024-11,1052.33
C00077,2025-01,13140.74
C00077,2025-03,3060.55
C00077,2025-04,578.07
C00077,2025-05,61960.85999999999
C00077,2025-07,11361.46
C00077,2025-08,10124.19
C00077,2025-09,5804.379999999999
C00077,2025-11,2300.73
C00077,2025-12,39550.37
C00078,2024-01,33175.01
C00078,2024-02,18280.18
C00078,2024-03,266.68
C00078,2024-04,17868.010000000002
C00078,2024-05,3038.23
C00078,2024-07,2486.7
C00078,2024-08,30843.97
C00078,2024-10,6079.87
C00078,2024-11,14213.98
C00078,2024-12,2680.13
C00078,2025-01,1190.21
C00078,2025-02,6594.94
C00078,2025-04,14730.0
C00078,2025-05,557.5
C00078,2025-06,4400.72
C00078,2025-07,38337.03
C00078,2025-09,2920.11
C00078,2025-10,19740.23
C00079,2024-01,10514.22
C00079,2024-03,11874.640000000001
C00079,2024-04,9685.82
C00079,2024-05,47498.22
C00079,2024-06,1719.23
C00079,2024-09,2440.77
C00079,2024-10,20671.71
C00079,2024-11,1731.39
C00079,2024-12,34842.14
C00079,2025-01,7986.040000000001
C00079,2025-02,1213.25
C00079,2025-03,1993.33
C00079,2025-04,57135.09
C00079,2025-06,1738.51
C00079,2025-07,9641.87
C00079,2025-08,27150.0
C00079,2025-11,13018.84
C00079,2025-12,2692.5
C00080,2024-01,50922.52
C00080,2024-02,1568.75
C00080,2024-03,8083.02
C00080,2024-04,5292.35
C00080,2024-05,2489.95
C00080,2024-06,30084.31
C00080,2024-07,5988.29
C00080,2024-08,1083.3
C00080,2024-10,7346.05
C00080,2024-12,20515.77
C00080,2025-01,2953.42
C00080,2025-03,41159.130000000005
C00080,2025-04,30277.91
C00080,2025-05,29472.13
C00080,2025-06,21899.89
C00080,2025-07,2417.45
C00080,2025-08,2729.59
C00080,2025-12,2907.42
C00081,2024-01,1282.13
C00081,2024-04,28785.52
C00081,2024-05,43951.6
C00081,2024-06,2373.77
C00081,2024-07,8117.88
C00081,2024-08,2723.4700000000003
C00081,2024-11,89345.66
C00081,2024-12,2227.07
C00081,2025-01,15251.35
C00081,2025-02,2579.58
C00081,2025-03,1356.63
C00081,2025-04,948.27
C00081,2025-05,21951.98
C00081,2025-06,1419.41
C00081,2025-07,4335.280000000001
C00081,2025-08,34478.96
C00081,2025-09,6185.79
C00081,2025-10,14552.89
C00081,2025-11,14561.47
C00081,2025-12,1202.5
C00082,2024-03,3361.84
C00082,2024-05,5573.54
C00082,2024-06,24882.800000000003
C00082,2024-08,46311.44
C00082,2024-10,40808.04
C00082,2024-11,57794.92
C00082,2024-12,2944.99
C00082,2025-01,65490.66
C00082,2025-02,7547.93
C00082,2025-03,33439.44
C00082,2025-04,220.9
C00082,2025-05,26894.54
C00082,2025-06,363.6
C00082,2025-07,1803.2
C00082,2025-08,47491.18
C00082,2025-09,44503.98
C00082,2025-10,8191.97
C00082,2025-11,44339.41
C00082,2025-12,4975.12
C00083,2024-03,18760.320000000003
C00083,2024-04,1277.62
C00083,2024-05,10579.91
C00083,2024-06,33220.16
C00083,2024-07,25848.54
C00083,2024-10,11902.34
C00083,2024-11,3849.72
C00083,2025-01,8960.650000000001
C00083,2025-02,32930.79
C00083,2025-03,59570.73
C00083,2025-04,2780.76
C00083,2025-05,25075.04
C00083,2025-06,32561.02
C00083,2025-08,19398.56
C00083,2025-09,2191.69
C00083,2025-10,1451.01
C00083,2025-12,2829.14
C00084,2024-01,15096.73
C00084,2024-02,60444.659999999996
C00084,2024-04,22489.26
C00084,2024-05,9950.86
C00084,2024-07,4734.49
C00084,2024-08,33537.36
C00084,2024-09,9010.42
C00084,2024-10,4970.47
C00084,2024-11,68903.31
C00084,2024-12,16497.370000000003
C00084,2025-01,15663.070000000002
C00084,2025-02,38519.96
C00084,2025-04,1277.29
C00084,2025-05,61005.420000000006
C00084,2025-07,17946.9
C00084,2025-08,37348.840000000004
C00084,2025-09,10463.71
C00084,2025-11,4198.48
C00084,2025-12,42743.92
C00085,2024-01,20866.94
C00085,2024-02,15249.289999999999
C00085,2024-03,1557.0
C00085,2024-04,11462.21
C00085,2024-05,40411.74
C00085,2024-06,21589.99
C00085,2024-08,19425.15
C00085,2024-09,2130.2
C00085,2024-10,12136.38
C00085,2024-11,32727.54
C00085,2024-12,17593.84
C00085,2025-02,1951.29
C00085,2025-03,3282.54
C00085,2025-04,16763.37
C00085,2025-07,22469.48
C00085,2025-08,20978.46
C00085,2025-10,8177.28
C00085,2025-12,8417.27
C00086,2024-01,24981.25
C00086,2024-02,1339.54
C00086,2024-03,361.12
C00086,2024-04,17440.629999999997
C00086,2024-06,14831.91
C00086,2024-07,6792.44
C00086,2024-09,52726.0
C00086,2024-10,57255.55
C00086,2024-11,17522.7
C00086,2024-12,3773.44
C00086,2025-01,37240.170000000006
C00086,2025-02,271.64
C00086,2025-03,16376.42
C00086,2025-04,8416.88
C00086,2025-06,18053.57
C00086,2025-07,17157.809999999998
C00086,2025-08,12964.29
C00086,2025-10,2488.67
C00086,2025-11,17559.0
C00086,2025-12,2504.68
C00087,2024-01,2868.61
C00087,2024-02,29411.44
C00087,2024-04,17540.65
C00087,2024-06,19786.62
C00087,2024-07,58953.16
C00087,2024-08,20253.17
C00087,2024-09,2743.06
C00087,2024-10,48458.13
C00087,2024-12,4361.27
C00087,2025-01,26312.67
C00087,2025-03,4328.67
C00087,2025-04,31277.38
C00087,2025-05,11569.43
C00087,2025-06,926.72
C00087,2025-08,7647.09
C00087,2025-09,12987.859999999999
C00087,2025-10,5687.07
C00087,2025-11,13054.990000000002
C00087,2025-12,4770.21
C00088,2024-02,1456.14
C00088,2024-04,5703.1
C00088,2024-05,31644.92
C00088,2024-06,2108.58
C00088,2024-07,2496.24
C00088,2024-08,3532.9399999999996
C00088,2024-10,15671.18
C00088,2024-12,56744.71
C00088,2025-01,19750.39
C00088,2025-02,19287.63
C00088,2025-03,12754.15
C00088,2025-04,2440.31
C00088,2025-05,2689.92
C00088,2025-06,25095.53
C00088,2025-07,15343.86
C00088,2025-08,3364.33
C00088,2025-09,11961.33
C00088,2025-11,4373.84
C00089,2024-01,51505.450000000004
C00089,2024-03,10959.64
C00089,2024-05,9847.990000000002
C00089,2024-06,36525.37
C00089,2024-07,4325.82
C00089,2024-08,44177.71
C00089,2024-10,56891.58
C00089,2024-11,16685.15
C00089,2024-12,24216.87
C00089,2025-01,19802.399999999998
C00089,2025-03,9863.41
C00089,2025-04,28941.39
C00089,2025-05,29664.46
C00089,2025-06,2726.17
C00089,2025-07,5490.32
C00089,2025-09,27880.36
C00089,2025-10,30492.510000000002
C00089,2025-11,62485.72
C00089,2025-12,4621.25
C00090,2024-01,1665.92
C00090,2024-02,50242.9
C00090,2024-03,7496.2300000000005
C00090,2024-04,2180.34
C00090,2024-05,6299.99
C00090,2024-06,1783.16
C00090,2024-07,2051.02
C00090,2024-08,3165.03
C00090,2024-09,63030.079999999994
C00090,2024-11,1301.86
C00090,2024-12,13249.5
C00090,2025-01,4467.93
C00090,2025-02,8903.5
C00090,2025-03,7361.58
C00090,2025-04,13556.92
C00090,2025-05,54431.090000000004
C00090,2025-06,6638.95
C00090,2025-07,1806.16
C00090,2025-08,28164.0
C00090,2025-09,1946.36
C00090,2025-11,2910.39
C00091,2024-01,1803.19
C00091,2024-02,8109.6900000000005
C00091,2024-03,1855.82
C00091,2024-04,19753.66
C00091,2024-06,68289.59
C00091,2024-07,24252.54
C00091,2024-09,8842.07
C00091,2024-10,23455.58
C00091,2024-12,1740.58
C00091,2025-01,84222.79
C00091,2025-02,50841.95
C00091,2025-03,2310.96
C00091,2025-04,18369.72
C00091,2025-05,30737.82
C00091,2025-07,9883.35
C00091,2025-08,38522.16
C00091,2025-09,858.78
C00091,2025-10,88779.68000000001
C00092,2024-01,46637.8
C00092,2024-02,5688.63
C00092,2024-03,28119.16
C00092,2024-04,12218.77
C00092,2024-05,1219.3
C00092,2024-07,32487.12
C00092,2024-08,948.44
C00092,2024-09,36714.68
C00092,2024-10,19691.29
C00092,2024-11,28673.37
C00092,2025-01,25469.4
C00092,2025-05,865.31
C00092,2025-06,1194.69
C00092,2025-09,1676.71
C00092,2025-11,8268.96
C00092,2025-12,3042.51
C00093,2024-01,7951.06
C00093,2024-03,6531.539999999999
C00093,2024-04,41895.58
C00093,2024-06,22341.039999999997
C00093,2024-09,2839.98
C00093,2024-10,65911.06
C00093,2025-01,3287.12
C00093,2025-02,2069.3
C00093,2025-03,19465.79
C00093,2025-04,25133.71
C00093,2025-06,21100.33
C00093,2025-09,3178.42
C00093,2025-10,8073.61
C00093,2025-12,16267.44
C00094,2024-03,2883.33
C00094,2024-04,21014.539999999997
C00094,2024-06,26802.84
C00094,2024-07,9308.960000000001
C00094,2024-08,25644.68
C00094,2024-09,3486.81
C00094,2024-10,25383.74
C00094,2024-11,44132.4
C00094,2024-12,36330.7
C00094,2025-01,8368.18
C00094,2025-02,5636.47
C00094,2025-03,16397.74
C00094,2025-04,1574.3600000000001
C00094,2025-05,10483.48
C00094,2025-06,24158.47
C00094,2025-07,2679.1899999999996
C00094,2025-09,26132.739999999998
C00094,2025-10,6219.6900000000005
C00094,2025-11,2709.27
C00094,2025-12,5310.05
C00095,2024-01,18641.120000000003
C00095,2024-02,27838.95
C00095,2024-03,19456.010000000002
C00095,2024-05,14485.2
C00095,2024-07,21712.22
C00095,2024-10,9329.699999999999
C00095,2024-11,19254.93
C00095,2024-12,3067.15
C00095,2025-03,92549.9
C00095,2025-04,8957.15
C00095,2025-05,7851.7
C00095,2025-06,47310.04
C00095,2025-07,11621.21
C00095,2025-08,54805.56
C00095,2025-09,2083.31
C00095,2025-10,12772.42
C00095,2025-11,11996.03
C00095,2025-12,10673.95
C00096,2024-01,69688.64
C00096,2024-02,8046.82
C00096,2024-03,9195.9
C00096,2024-04,5334.07
C00096,2024-06,2775.36
C00096,2024-07,2721.98
C00096,2024-08,20548.81
C00096,2024-09,10898.64
C00096,2024-11,522.23
C00096,2024-12,2940.11
C00096,2025-01,24516.14
C00096,2025-03,6720.900000000001
C00096,2025-04,61882.08
C00096,2025-05,36596.82
C00096,2025-06,15965.63
C00096,2025-07,6048.19
C00096,2025-09,54951.24
C00096,2025-10,56134.15
C00096,2025-11,1627.37
C00096,2025-12,26511.82
C00097,2024-02,15990.23
C00097,2024-03,21367.980000000003
C00097,2024-04,52619.479999999996
C00097,2024-05,1330.06
C00097,2024-06,11964.369999999999
C00097,2024-07,18698.08
C00097,2024-08,17134.99
C00097,2024-09,6447.96
C00097,2024-10,10232.47
C00097,2024-11,2293.7
C00097,2024-12,28628.09
C00097,2025-01,2092.88
C00097,2025-02,2348.58
C00097,2025-04,55721.76
C00097,2025-05,3914.9900000000002
C00097,2025-06,20729.52
C00097,2025-07,23956.0
C00097,2025-08,1114.88
C00097,2025-10,31926.68
C00097,2025-12,22412.93
C00098,2024-02,1294.01
C00098,2024-03,978.65
C00098,2024-04,33350.1
C00098,2024-05,20627.92
C00098,2024-06,7647.15
C00098,2024-07,55572.83
C00098,2024-08,15413.380000000001
C00098,2024-11,4744.31
C00098,2024-12,38881.11
C00098,2025-01,17473.989999999998
C00098,2025-02,10279.75
C00098,2025-03,36961.89
C00098,2025-05,5842.07
C00098,2025-06,11465.48
C00098,2025-07,27318.9
C00098,2025-09,491.3
C00098,2025-10,12198.119999999999
C00098,2025-11,47121.02
C00098,2025-12,1508.19
C00099,2024-01,3104.58
C00099,2024-02,16547.629999999997
C00099,2024-03,1988.18
C00099,2024-04,2573.12
C00099,2024-05,4607.700000000001
C00099,2024-06,4823.969999999999
C00099,2024-07,21581.95
C00099,2024-08,40359.61
C00099,2024-09,1698.78
C00099,2024-10,33893.020000000004
C00099,2024-12,2623.34
C00099,2025-01,7505.4
C00099,2025-02,1300.73
C00099,2025-03,2749.15
C00099,2025-04,12362.650000000001
C00099,2025-05,59656.58
C00099,2025-06,3506.8700000000003
C00099,2025-07,12603.18
C00099,2025-08,21646.13
C00099,2025-09,8434.77
C00099,2025-10,18749.83
C00099,2025-11,17172.739999999998
C00099,2025-12,44951.38
C00100,2024-01,1313.44
C00100,2024-02,5738.64
C00100,2024-03,3791.58
C00100,2024-04,2165.04
C00100,2024-05,24078.64
C00100,2024-06,868.73
C00100,2024-07,1138.05
C00100,2024-09,2561.79
C00100,2024-12,35695.88
C00100,2025-01,6548.09
C00100,2025-02,17052.73
C00100,2025-03,6685.37
C00100,2025-04,35003.159999999996
C00100,2025-05,10265.96
C00100,2025-06,42270.29
C00100,2025-07,27807.59
C00100,2025-10,10513.119999999999
C00100,2025-12,12700.13
C00101,2024-01,567.1
C00101,2024-04,5501.8
C00101,2024-05,1863.13
C00101,2024-06,5658.73
C00101,2024-08,21044.5
C00101,2024-09,6824.99
C00101,2024-11,1838.63
C00101,2024-12,31826.07
C00101,2025-01,7856.5199999999995
C00101,2025-02,59050.8
C00101,2025-03,3168.24
C00101,2025-05,11655.82
C00101,2025-06,6632.38
C00101,2025-07,15339.52
C00101,2025-08,4029.16
C00101,2025-09,9452.9
C00101,2025-10,54789.54
C00101,2025-11,14490.92
C00101,2025-12,10499.45
C00102,2024-01,61609.14
C00102,2024-02,18681.44
C00102,2024-04,14258.939999999999
C00102,2024-05,9508.220000000001
C00102,2024-07,17222.9
C00102,2024-08,3882.63
C00102,2024-09,20794.59
C00102,2024-11,50916.58
C00102,2024-12,34890.2
C00102,2025-02,28477.350000000002
C00102,2025-03,1431.59
C00102,2025-04,28740.47
C00102,2025-06,11074.64
C00102,2025-07,4341.38
C00102,2025-09,26757.2
C00102,2025-11,33185.18
C00102,2025-12,32502.15
C00103,2024-03,4309.63
C00103,2024-04,55819.86
C00103,2024-07,16369.14
C00103,2024-09,3147.56
C00103,2024-10,36324.08
C00103,2024-11,9988.51
C00103,2024-12,16985.51
C00103,2025-01,38255.88
C00103,2025-02,38716.39
C00103,2025-03,38491.259999999995
C00103,2025-05,3170.02
C00103,2025-06,5657.23
C00103,2025-08,12400.91
C00103,2025-09,23025.2
C00103,2025-10,9820.83
C00103,2025-11,37942.27
C00103,2025-12,8444.71
C00104,2024-01,1395.95
C00104,2024-02,11748.93
C00104,2024-03,44486.98
C00104,2024-04,935.71
C00104,2024-06,47769.11
C00104,2024-07,2413.99
C00104,2024-08,23945.11
C00104,2024-09,25889.96
C00104,2024-12,79278.55
C00104,2025-03,43506.100000000006
C00104,2025-04,35257.05
C00104,2025-06,5748.57
C00104,2025-07,2219.04
C00104,2025-08,9994.9
C00104,2025-09,2216.03
C00104,2025-10,8200.63
C00104,2025-11,9573.56
C00104,2025-12,9609.78
C00105,2024-01,1633.68
C00105,2024-02,31910.34
C00105,2024-03,2038.09
C00105,2024-04,1487.52
C00105,2024-05,3948.47
C00105,2024-06,18510.59
C00105,2024-07,3913.26
C00105,2024-08,12258.99
C00105,2024-09,46603.42
C00105,2024-10,56139.99
C00105,2025-01,2952.61
C00105,2025-02,44438.119999999995
C00105,2025-03,2008.01
C00105,2025-04,3285.93
C00105,2025-05,11373.18
C00105,2025-06,30812.5
C00105,2025-07,2520.78
C00105,2025-08,1656.43
C00105,2025-09,2472.0
C00105,2025-10,1919.74
C00105,2025-11,43164.66
C00105,2025-12,27968.19
C00106,2024-01,13752.69
C00106,2024-02,9197.03
C00106,2024-03,15220.76
C00106,2024-05,3183.93
C00106,2024-06,35123.630000000005
C00106,2024-07,32364.41
C00106,2024-08,676.25
C00106,2024-09,5892.28
C00106,2024-11,1990.0700000000002
C00106,2024-12,17769.98
C00106,2025-01,27946.31
C00106,2025-03,12421.0
C00106,2025-04,19551.89
C00106,2025-05,14932.93
C00106,2025-07,2901.88
C00106,2025-09,1288.5
C00107,2024-01,1439.74
C00107,2024-02,4336.49
C00107,2024-05,38554.8
C00107,2024-06,893.61
C00107,2024-08,72003.25
C00107,2024-09,29644.24
C00107,2024-10,27018.52
C00107,2024-12,1710.15
C00107,2025-01,1200.09
C00107,2025-03,2987.46
C00107,2025-04,4189.04
C00107,2025-05,37814.57
C00107,2025-06,95861.35
C00107,2025-07,7849.81
C00107,2025-09,52749.64
C00107,2025-12,5286.5
C00108,2024-01,28980.21
C00108,2024-03,39369.94
C00108,2024-04,20098.43
C00108,2024-05,14794.63
C00108,2024-06,1205.65
C00108,2024-07,19940.41
C00108,2024-08,19858.09
C00108,2024-09,2248.34
C00108,2024-10,36541.17
C00108,2024-12,19424.49
C00108,2025-01,1220.28
C00108,2025-03,19770.55
C00108,2025-04,1915.68
C00108,2025-05,3389.07
C00108,2025-07,36940.66
C00108,2025-08,2981.38
C00108,2025-11,37534.61
C00108,2025-12,37968.57
C00109,2024-01,18113.28
C00109,2024-02,15727.08
C00109,2024-03,3429.11
C00109,2024-04,3225.1099999999997
C00109,2024-05,12495.21
C00109,2024-06,8509.65
C00109,2024-07,5296.8
C00109,2024-08,1156.16
C00109,2024-09,21515.71
C00109,2024-10,19837.57
C00109,2024-11,23261.95
C00109,2024-12,11921.89
C00109,2025-04,15078.460000000001
C00109,2025-06,4398.38
C00109,2025-07,42831.41
C00109,2025-09,1309.2
C00109,2025-10,984.6999999999999
C00109,2025-11,2197.87
C00109,2025-12,9269.21
C00110,2024-01,12999.42
C00110,2024-03,12971.45
C00110,2024-04,1446.28
C00110,2024-05,3674.93
C00110,2024-07,6971.38
C00110,2024-09,1006.86
C00110,2024-10,6767.71
C00110,2024-12,35343.29
C00110,2025-01,13173.59
C00110,2025-02,2516.78
C00110,2025-03,3624.6
C00110,2025-04,5843.13
C00110,2025-05,4848.2
C00110,2025-06,9896.19
C00110,2025-07,450.67
C00110,2025-08,3009.29
C00110,2025-09,6573.290000000001
C00110,2025-10,3137.96
C00110,2025-11,8529.08
C00111,2024-01,47793.88
C00111,2024-02,1679.29
C00111,2024-03,9917.38
C00111,2024-05,2570.19
C00111,2024-07,1575.18
C00111,2024-08,6322.33
C00111,2024-09,959.1
C00111,2024-10,9115.1
C00111,2024-11,13600.12
C00111,2024-12,6607.3099999999995
C00111,2025-01,11322.689999999999
C00111,2025-02,1217.72
C00111,2025-03,18599.93
C00111,2025-05,1330.5
C00111,2025-06,6350.969999999999
C00111,2025-08,1051.44
C00111,2025-09,2111.71
C00111,2025-10,2712.9
C00111,2025-11,6996.49
C00111,2025-12,46564.840000000004
C00112,2024-01,14190.41
C00112,2024-02,5576.12
C00112,2024-03,8506.529999999999
C00112,2024-04,30633.79
C00112,2024-05,43759.619999999995
C00112,2024-06,2748.96
C00112,2024-07,11913.57
C00112,2024-09,54498.45
C00112,2024-10,2214.69
C00112,2024-12,15317.07
C00112,2025-01,8483.39
C00112,2025-03,30600.05
C00112,2025-05,10066.77
C00112,2025-06,18316.21
C00112,2025-08,35865.68
C00112,2025-09,24337.21
C00112,2025-10,2333.97
C00112,2025-11,19854.07
C00112,2025-12,5439.66
C00113,2024-01,16119.99
C00113,2024-02,29929.96
C00113,2024-03,45744.56
C00113,2024-04,44708.09
C00113,2024-05,49858.84
C00113,2024-06,8592.47
C00113,2024-08,40012.44
C00113,2024-09,64196.31
C00113,2024-10,4544.07
C00113,2024-11,9113.16
C00113,2025-01,18680.370000000003
C00113,2025-02,3165.15
C00113,2025-03,5114.89
C00113,2025-04,42911.04
C00113,2025-05,11054.63
C00113,2025-08,20810.14
C00113,2025-09,20569.460000000003
C00113,2025-10,14650.73
C00113,2025-11,1408.05
C00114,2024-01,21954.5
C00114,2024-03,18241.06
C00114,2024-05,22804.78
C00114,2024-06,49853.240000000005
C00114,2024-08,5210.07
C00114,2024-09,1557.01
C00114,2024-10,21664.14
C00114,2024-11,1546.9
C00114,2024-12,8261.630000000001
C00114,2025-02,22366.160000000003
C00114,2025-04,18098.39
C00114,2025-05,26437.38
C00114,2025-06,30677.629999999997
C00114,2025-07,32645.49
C00114,2025-08,325.97
C00114,2025-09,13257.1
C00114,2025-10,1942.05
C00114,2025-11,25087.420000000002
C00115,2024-02,22909.39
C00115,2024-03,28746.65
C00115,2024-04,49989.36
C00115,2024-05,9065.21
C00115,2024-07,11666.25
C00115,2024-08,47243.14
C00115,2024-10,16038.19
C00115,2024-12,26115.28
C00115,2025-01,14447.61
C00115,2025-03,3425.6200000000003
C00115,2025-05,43546.38
C00115,2025-06,16205.48
C00115,2025-07,73782.38
C00115,2025-08,3733.83
C00115,2025-09,17167.75
C00115,2025-10,18101.84
C00115,2025-11,693.65
C00115,2025-12,2392.7200000000003
C00116,2024-01,60989.82
C00116,2024-03,69244.07
C00116,2024-05,3128.71
C00116,2024-07,38356.46
C00116,2024-08,5893.08
C00116,2024-09,19968.18
C00116,2024-11,1881.19
C00116,2024-12,2676.83
C00116,2025-02,37746.54
C00116,2025-03,15736.21
C00116,2025-05,1439.48
C00116,2025-07,36172.07
C00116,2025-10,15492.81
C00117,2024-01,3635.6
C00117,2024-02,1993.89
C00117,2024-03,4344.14
C00117,2024-04,8308.39
C00117,2024-07,10251.51
C00117,2024-08,1075.85
C00117,2024-09,12662.31
C00117,2024-11,16905.48
C00117,2024-12,11499.119999999999
C00117,2025-01,52512.71
C00117,2025-02,30751.11
C00117,2025-03,7762.36
C00117,2025-05,15168.48
C00117,2025-06,12860.92
C00117,2025-08,10331.09
C00117,2025-10,18911.89
C00118,2024-01,11541.6
C00118,2024-02,6535.41
C00118,2024-03,205.82
C00118,2024-04,8914.62
C00118,2024-05,13864.119999999999
C00118,2024-06,7218.0
C00118,2024-07,18362.88
C00118,2024-08,14009.16
C00118,2024-10,24537.29
C00118,2024-11,1621.81
C00118,2024-12,12194.12
C00118,2025-01,1420.27
C00118,2025-02,4140.29
C00118,2025-03,33762.51
C00118,2025-04,58063.51
C00118,2025-05,29037.36
C00118,2025-06,33843.01
C00118,2025-09,3122.67
C00118,2025-11,23336.260000000002
C00119,2024-01,19245.24
C00119,2024-03,463.55
C00119,2024-04,19878.28
C00119,2024-05,78379.84
C00119,2024-06,2004.63
C00119,2024-07,14584.52
C00119,2024-08,1726.08
C00119,2024-09,55085.85
C00119,2024-10,4420.67
C00119,2024-11,19527.27
C00119,2024-12,5156.09
C00119,2025-01,33833.91
C00119,2025-02,36426.84
C00119,2025-03,2868.36
C00119,2025-04,1674.76
C00119,2025-06,14818.5
C00119,2025-08,1242.48
C00119,2025-10,16186.85
C00119,2025-11,17590.989999999998
C00119,2025-12,34410.82
C00120,2024-01,2606.96
C00120,2024-03,19879.67
C00120,2024-05,1855.88
C00120,2024-06,3918.06
C00120,2024-07,44819.38
C00120,2024-09,22022.58
C00120,2024-10,75032.51999999999
C00120,2024-12,23407.65
C00120,2025-01,25825.9
C00120,2025-02,7409.58
C00120,2025-04,21571.74
C00120,2025-05,7327.87
C00120,2025-06,766.69
C00120,2025-09,14761.87
C00120,2025-10,19905.45
C00120,2025-11,14087.04
C00120,2025-12,22210.29
C00121,2024-02,10357.81
C00121,2024-03,59479.18
C00121,2024-04,4837.49
C00121,2024-05,6580.96
C00121,2024-06,7992.07
C00121,2024-08,24375.0
C00121,2024-09,61561.689999999995
C00121,2024-11,3813.85
C00121,2024-12,10752.04
C00121,2025-01,28460.76
C00121,2025-02,6072.55
C00121,2025-03,13869.37
C00121,2025-04,16625.68
C00121,2025-05,7933.4
C00121,2025-08,45621.630000000005
C00121,2025-09,13781.88
C00121,2025-10,43637.72
C00121,2025-12,579.59
C00122,2024-04,38034.04
C00122,2024-05,2996.63
C00122,2024-06,75278.59
C00122,2024-08,11330.85
C00122,2024-09,42876.09
C00122,2024-10,2243.87
C00122,2024-11,18259.109999999997
C00122,2024-12,17474.86
C00122,2025-01,1374.14
C00122,2025-04,14813.310000000001
C00122,2025-05,12533.67
C00122,2025-06,16383.56
C00122,2025-07,232.8
C00122,2025-09,17613.59
C00122,2025-10,3590.0799999999995
C00122,2025-11,48542.649999999994
C00122,2025-12,2877.06
C00123,2024-01,3030.77
C00123,2024-02,19019.940000000002
C00123,2024-04,10679.42
C00123,2024-05,21152.19
C00123,2024-08,19021.91
C00123,2024-09,1766.63
C00123,2024-10,2461.54
C00123,2024-11,37043.78
C00123,2024-12,5692.56
C00123,2025-01,43528.42999999999
C00123,2025-02,71263.34
C00123,2025-03,23248.350000000002
C00123,2025-04,24549.97
C00123,2025-05,886.73
C00123,2025-07,1186.96
C00123,2025-10,3210.54
C00123,2025-11,25960.14
C00123,2025-12,2800.42
C00124,2024-01,20333.2
C00124,2024-02,10066.81
C00124,2024-04,70279.24
C00124,2024-05,50680.27
C00124,2024-07,48450.72
C00124,2024-09,3468.08
C00124,2024-10,80542.82
C00124,2024-11,18315.760000000002
C00124,2024-12,4194.16
C00124,2025-03,2032.23
C00124,2025-04,13546.4
C00124,2025-05,1164.57
C00124,2025-06,37104.56
C00124,2025-07,28117.23
C00124,2025-08,8872.15
C00124,2025-10,2548.24
C00124,2025-11,12886.72
C00125,2024-01,2229.15
C00125,2024-02,12878.01
C00125,2024-03,18662.420000000002
C00125,2024-04,43408.85
C00125,2024-05,371.16
C00125,2024-07,33379.97
C00125,2024-08,14351.6
C00125,2024-09,11854.05
C00125,2024-10,9403.76
C00125,2024-11,2601.42
C00125,2025-01,12054.44
C00125,2025-02,5691.05
C00125,2025-03,67403.85
C00125,2025-04,26435.010000000002
C00125,2025-05,38078.94
C00125,2025-08,16050.529999999999
C00125,2025-10,881.97
C00125,2025-11,637.68
C00125,2025-12,68321.37999999999
C00126,2024-01,5279.37
C00126,2024-02,37812.15
C00126,2024-03,37476.119999999995
C00126,2024-04,45106.17
C00126,2024-05,70704.45999999999
C00126,2024-06,4301.05
C00126,2024-07,83750.69
C00126,2024-08,71325.81
C00126,2024-09,109243.35
C00126,2024-11,17068.56
C00126,2024-12,1751.41
C00126,2025-02,6373.19
C00126,2025-03,4818.77
C00126,2025-04,73192.62
C00126,2025-05,6446.31
C00126,2025-06,2110.16
C00126,2025-08,1464.31
C00126,2025-10,32460.64
C00126,2025-11,2271.95
C00126,2025-12,15370.01
C00127,2024-01,7015.44
C00127,2024-02,261.81
C00127,2024-05,25982.18
C00127,2024-07,1505.36
C00127,2024-08,11208.26
C00127,2024-11,1797.21
C00127,2024-12,3080.28
C00127,2025-03,25543.89
C00127,2025-04,15567.869999999999
C00127,2025-05,17214.989999999998
C00127,2025-07,1825.49
C00127,2025-08,11078.52
C00127,2025-09,23156.89
C00127,2025-10,16533.1
C00127,2025-11,12276.529999999999
C00127,2025-12,2234.96
C00128,2024-01,1620.16
C00128,2024-02,23919.44
C00128,2024-03,8219.68
C00128,2024-04,13535.06
C00128,2024-05,3889.36
C00128,2024-06,4043.42
C00128,2024-07,14562.21
C00128,2024-08,10999.34
C00128,2024-09,7546.0
C00128,2024-10,2242.61
C00128,2024-12,34111.9
C00128,2025-01,53104.73
C00128,2025-02,4362.68
C00128,2025-03,22268.98
C00128,2025-04,50866.18
C00128,2025-05,26434.139999999996
C00128,2025-06,16044.57
C00128,2025-07,12295.99
C00128,2025-08,18731.61
C00128,2025-09,26119.17
C00128,2025-10,54911.11
C00128,2025-12,6884.95
C00129,2024-01,49358.46
C00129,2024-02,605.45
C00129,2024-03,11356.109999999999
C00129,2024-04,31314.24
C00129,2024-05,37102.94
C00129,2024-06,2132.0499999999997
C00129,2024-07,1918.99
C00129,2024-08,2640.43
C00129,2024-09,35221.36
C00129,2024-10,56405.55
C00129,2024-11,31568.92
C00129,2024-12,16882.22
C00129,2025-02,2275.29
C00129,2025-03,2376.13
C00129,2025-04,6002.63
C00129,2025-05,4162.2
C00129,2025-06,699.91
C00129,2025-07,75172.65
C00129,2025-09,3650.77
C00129,2025-10,13493.06
C00129,2025-11,35997.549999999996
C00129,2025-12,5001.93
C00130,2024-01,5229.610000000001
C00130,2024-02,10886.06
C00130,2024-03,7451.9
C00130,2024-05,5687.17
C00130,2024-06,33845.68
C00130,2024-07,1547.95
C00130,2024-08,2398.91
C00130,2024-09,9454.86
C00130,2024-10,7464.110000000001
C00130,2025-01,2131.04
C00130,2025-02,6324.1900000000005
C00130,2025-03,11593.09
C00130,2025-04,26688.21
C00130,2025-05,97625.81
C00130,2025-06,13919.990000000002
C00130,2025-07,717.53
C00130,2025-09,4221.15
C00130,2025-10,1539.09
C00130,2025-11,11944.02
C00130,2025-12,43232.12
C00131,2024-02,39891.55
C00131,2024-03,18559.23
C00131,2024-04,2591.19
C00131,2024-05,16733.02
C00131,2024-06,16764.46
C00131,2024-08,14000.23
C00131,2024-09,3373.78
C00131,2024-10,1919.0
C00131,2024-11,3991.33
C00131,2025-01,34029.58
C00131,2025-02,34533.27
C00131,2025-03,64047.310000000005
C00131,2025-04,21770.12
C00131,2025-06,11583.67
C00131,2025-07,58848.07
C00131,2025-08,3923.77
C00131,2025-09,6375.99
C00131,2025-10,15816.18
C00131,2025-11,4701.58
C00132,2024-01,19363.67
C00132,2024-02,29645.83
C00132,2024-03,15399.929999999998
C00132,2024-04,21304.46
C00132,2024-05,28537.12
C00132,2024-07,2828.27
C00132,2024-08,6007.12
C00132,2024-09,3302.44
C00132,2024-10,17175.59
C00132,2024-11,45068.659999999996
C00132,2024-12,2549.96
C00132,2025-03,3139.17
C00132,2025-04,2206.69
C00132,2025-06,3696.25
C00132,2025-08,33317.770000000004
C00132,2025-09,32084.02
C00132,2025-11,23250.53
C00132,2025-12,18760.82
C00133,2024-01,3104.45
C00133,2024-02,48206.28
C00133,2024-03,19365.65
C00133,2024-04,44015.090000000004
C00133,2024-05,19525.16
C00133,2024-06,1748.27
C00133,2024-08,34237.39
C00133,2024-10,9275.23
C00133,2024-12,16467.42
C00133,2025-01,13313.68
C00133,2025-02,4893.879999999999
C00133,2025-03,4466.07
C00133,2025-06,1823.2
C00133,2025-07,348.55
C00133,2025-08,936.86
C00133,2025-09,21031.96
C00133,2025-10,42015.48
C00133,2025-11,1043.46
C00134,2024-01,1918.3700000000001
C00134,2024-02,14912.52
C00134,2024-04,71844.74
C00134,2024-05,20377.07
C00134,2024-06,4107.84
C00134,2024-07,10181.23
C00134,2024-09,50842.44
C00134,2024-12,39773.020000000004
C00134,2025-01,796.13
C00134,2025-02,34739.87
C00134,2025-03,2176.06
C00134,2025-04,730.24
C00134,2025-05,1597.45
C00134,2025-08,3333.4
C00134,2025-09,32902.36
C00134,2025-10,3904.5
C00134,2025-11,2022.96
C00134,2025-12,8167.9
C00135,2024-01,6019.9
C00135,2024-02,13309.22
C00135,2024-03,804.06
C00135,2024-04,10277.87
C00135,2024-05,1802.09
C00135,2024-06,4996.83
C00135,2024-08,18800.780000000002
C00135,2024-10,1547.22
C00135,2025-01,37080.72
C00135,2025-02,1806.29
C00135,2025-03,2053.48
C00135,2025-04,67117.93
C00135,2025-05,9485.74
C00135,2025-06,7477.26
C00135,2025-08,15927.099999999999
C00135,2025-09,24736.760000000002
C00135,2025-10,16573.78
C00135,2025-11,55093.2
C00135,2025-12,23030.300000000003
C00136,2024-01,2957.99
C00136,2024-02,2407.59
C00136,2024-03,35331.31
C00136,2024-04,35478.85
C00136,2024-06,2917.0
C00136,2024-07,5223.120000000001
C00136,2024-09,21470.170000000002
C00136,2024-10,12059.78
C00136,2024-11,3919.79
C00136,2024-12,23239.08
C00136,2025-01,41911.1
C00136,2025-02,460.68
C00136,2025-03,7615.19
C00136,2025-04,557.91
C00136,2025-05,2633.67
C00136,2025-06,17386.85
C00136,2025-07,7344.91
C00136,2025-08,14584.21
C00136,2025-10,14730.23
C00136,2025-11,1698.28
C00136,2025-12,1105.87
C00137,2024-01,2977.29
C00137,2024-02,21300.120000000003
C00137,2024-03,16958.53
C00137,2024-04,1982.45
C00137,2024-05,1659.53
C00137,2024-06,37474.509999999995
C00137,2024-07,33287.14
C00137,2024-08,9100.39
C00137,2024-09,44800.490000000005
C00137,2024-11,7286.34
C00137,2025-01,8952.88
C00137,2025-03,12874.66
C00137,2025-04,2078.45
C00137,2025-05,59616.07
C00137,2025-06,47621.22
C00137,2025-07,13245.09
C00137,2025-08,10089.630000000001
C00137,2025-09,4928.950000000001
C00137,2025-10,26040.190000000002
C00137,2025-11,20915.34
C00137,2025-12,8263.91
C00138,2024-01,10834.7
C00138,2024-02,32281.55
C00138,2024-03,2425.55
C00138,2024-04,12583.11
C00138,2024-05,234.87
C00138,2024-06,1522.11
C00138,2024-07,14423.5
C00138,2024-08,6982.01
C00138,2024-09,31900.23
C00138,2024-11,2012.41
C00138,2024-12,1809.97
C00138,2025-01,6206.2
C00138,2025-02,1831.42
C00138,2025-03,41560.53
C00138,2025-04,1412.81
C00138,2025-05,7239.54
C00138,2025-06,20843.08
C00138,2025-07,32037.69
C00138,2025-09,4097.87
C00138,2025-10,9402.9
C00138,2025-11,18126.87
C00138,2025-12,2095.7
C00139,2024-02,16018.45
C00139,2024-03,1046.02
C00139,2024-04,34389.66
C00139,2024-05,4897.06
C00139,2024-06,16443.760000000002
C00139,2024-07,3734.35
C00139,2024-08,49865.91
C00139,2024-09,956.68
C00139,2024-10,4462.01
C00139,2024-11,34700.3
C00139,2025-01,22340.26
C00139,2025-03,1894.74
C00139,2025-04,13211.65
C00139,2025-06,915.04
C00139,2025-07,25558.379999999997
C00139,2025-08,4728.5
C00139,2025-10,994.79
C00139,2025-11,6332.03
C00139,2025-12,5266.28
C00140,2024-01,6885.27
C00140,2024-02,33456.29
C00140,2024-03,1304.81
C00140,2024-04,2125.1
C00140,2024-08,68733.37
C00140,2024-09,22321.280000000002
C00140,2024-10,2791.2
C00140,2024-11,1662.76
C00140,2024-12,6130.89
C00140,2025-01,21067.79
C00140,2025-03,42350.78
C00140,2025-05,16613.09
C00140,2025-06,4166.38
C00140,2025-07,21175.01
C00140,2025-08,110605.17
C00140,2025-09,16892.41
C00140,2025-10,21149.46
C00140,2025-11,9260.56
C00141,2024-01,189.87
C00141,2024-02,3571.32
C00141,2024-03,11676.0
C00141,2024-04,20912.03
C00141,2024-06,22520.18
C00141,2024-10,4841.25
C00141,2024-12,2165.94
C00141,2025-01,27326.66
C00141,2025-03,13670.82
C00141,2025-04,2551.75
C00141,2025-05,51876.88
C00141,2025-07,12635.84
C00141,2025-08,66752.65
C00141,2025-09,7741.63
C00141,2025-10,2709.7
C00141,2025-11,27286.239999999998
C00141,2025-12,15204.34
C00142,2024-01,13755.599999999999
C00142,2024-02,5837.5
C00142,2024-03,1416.31
C00142,2024-04,4266.46
C00142,2024-05,22737.11
C00142,2024-06,18927.41
C00142,2024-07,1095.77
C00142,2024-08,26116.18
C00142,2024-10,4044.83
C00142,2024-11,5723.83
C00142,2024-12,2839.97
C00142,2025-01,2207.35
C00142,2025-02,7269.67
C00142,2025-03,11027.28
C00142,2025-04,18693.06
C00142,2025-05,16615.78
C00142,2025-06,2529.36
C00142,2025-07,16306.99
C00142,2025-08,41174.35
C00142,2025-10,17664.699999999997
C00142,2025-12,8142.43
C00143,2024-01,20945.16
C00143,2024-02,51323.81
C00143,2024-03,4371.94
C00143,2024-04,3344.63
C00143,2024-05,19757.73
C00143,2024-06,25835.73
C00143,2024-07,59147.11
C00143,2024-09,707.26
C00143,2024-10,18030.96
C00143,2024-11,12314.05
C00143,2024-12,16544.21
C00143,2025-01,14758.54
C00143,2025-03,9927.76
C00143,2025-06,60632.87
C00143,2025-09,45054.54
C00143,2025-11,38904.75
C00143,2025-12,28713.85
C00144,2024-02,2347.27
C00144,2024-03,1862.92
C00144,2024-05,2136.38
C00144,2024-09,39996.89
C00144,2024-10,6917.95
C00144,2024-11,29867.21
C00144,2025-03,18751.07
C00144,2025-04,43245.369999999995
C00144,2025-05,7131.549999999999
C00144,2025-06,4280.0599999999995
C00144,2025-07,3446.91
C00144,2025-08,4108.55
C00144,2025-10,2523.12
C00144,2025-12,3360.8900000000003
C00145,2024-01,7806.96
C00145,2024-03,30285.53
C00145,2024-06,15394.53
C00145,2024-09,13151.73
C00145,2024-10,38827.25
C00145,2024-11,4200.94
C00145,2024-12,1079.92
C00145,2025-01,1291.5
C00145,2025-02,16543.31
C00145,2025-06,6627.28
C00145,2025-07,60181.86
C00145,2025-08,700.47
C00145,2025-09,534.82
C00145,2025-10,606.27
C00145,2025-11,2036.34
C00145,2025-12,1733.47
C00146,2024-01,1930.03
C00146,2024-03,16765.52
C00146,2024-04,13439.75
C00146,2024-05,26642.0
C00146,2024-06,4669.389999999999
C00146,2024-07,3959.08
C00146,2024-08,7860.63
C00146,2024-09,4436.35
C00146,2024-10,5403.759999999999
C00146,2024-11,22123.85
C00146,2024-12,20649.18
C00146,2025-01,17291.52
C00146,2025-02,4397.5
C00146,2025-04,12188.34
C00146,2025-07,35568.09
C00146,2025-08,1550.91
C00146,2025-09,28008.67
C00146,2025-10,8004.61
C00147,2024-01,8353.6
C00147,2024-02,2462.16
C00147,2024-04,38688.94
C00147,2024-06,3165.28
C00147,2024-07,14937.61
C00147,2024-08,2989.63
C00147,2024-09,39123.88
C00147,2024-10,24921.48
C00147,2024-11,67826.31
C00147,2025-02,18008.56
C00147,2025-03,6223.07
C00147,2025-04,40891.13
C00147,2025-05,18772.89
C00147,2025-07,2221.41
C00147,2025-08,11097.71
C00147,2025-09,36086.27
C00147,2025-10,31340.63
C00147,2025-12,2221.64
C00148,2024-01,6780.89
C00148,2024-03,10441.39
C00148,2024-04,12486.53
C00148,2024-05,16282.730000000001
C00148,2024-06,58184.46
C00148,2024-07,5408.95
C00148,2024-08,13453.42
C00148,2024-09,950.97
C00148,2024-10,17759.8
C00148,2024-11,41403.87
C00148,2024-12,5961.0199999999995
C00148,2025-01,263.34
C00148,2025-02,1102.42
C00148,2025-04,18614.89
C00148,2025-05,17024.969999999998
C00148,2025-06,4026.7200000000003
C00148,2025-07,251.63
C00148,2025-08,7449.79
C00148,2025-09,29004.36
C00148,2025-10,10631.45
C00148,2025-11,8079.17
C00149,2024-02,31616.41
C00149,2024-03,24742.32
C00149,2024-04,1860.94
C00149,2024-05,9097.25
C00149,2024-06,8887.88
C00149,2024-07,33676.87
C00149,2024-08,2473.63
C00149,2024-10,3811.7700000000004
C00149,2024-11,26804.53
C00149,2024-12,2906.5099999999998
C00149,2025-01,13292.310000000001
C00149,2025-02,2690.95
C00149,2025-04,43118.9
C00149,2025-05,9346.89
C00149,2025-06,21719.41
C00149,2025-07,23813.64
C00149,2025-08,13715.82
C00149,2025-09,3796.7799999999997
C00149,2025-10,4837.360000000001
C00149,2025-11,33281.16
C00149,2025-12,57960.0
C00150,2024-01,599.8
C00150,2024-02,24853.61
C00150,2024-03,9065.37
C00150,2024-04,414.61
C00150,2024-05,1584.76
C00150,2024-06,15932.64
C00150,2024-07,39539.81
C00150,2024-08,3011.95
C00150,2024-09,19296.8
C00150,2024-10,1012.66
C00150,2024-12,58862.32
C00150,2025-01,6616.78
C00150,2025-02,21885.46
C00150,2025-03,12806.8
C00150,2025-04,1674.32
C00150,2025-05,17798.13
C00150,2025-07,17092.41
C00150,2025-08,8075.46
C00150,2025-09,4764.679999999999
C00150,2025-10,13052.2
C00150,2025-11,1438.49
C00150,2025-12,4739.75
C00151,2024-01,9223.31
C00151,2024-02,24857.65
C00151,2024-03,10260.49
C00151,2024-04,63693.51
C00151,2024-05,49543.24
C00151,2024-07,8465.33
C00151,2024-08,11885.33
C00151,2024-10,14389.45
C00151,2024-11,6726.56
C00151,2024-12,7546.08
C00151,2025-01,21673.88
C00151,2025-03,13398.15
C00151,2025-04,9631.9
C00151,2025-05,10452.779999999999
C00151,2025-06,4013.86
C00151,2025-07,10854.21
C00151,2025-08,30147.06
C00151,2025-09,405.49
C00151,2025-11,38255.7
C00152,2024-01,1555.08
C00152,2024-03,23981.199999999997
C00152,2024-05,709.59
C00152,2024-06,6393.57
C00152,2024-07,75271.52
C00152,2024-08,19169.4
C00152,2024-12,27794.379999999997
C00152,2025-01,2486.77
C00152,2025-02,4135.23
C00152,2025-05,4605.97
C00152,2025-07,9276.51
C00152,2025-08,70217.49
C00152,2025-09,12945.61
C00152,2025-10,29398.56
C00152,2025-11,2992.91
C00152,2025-12,42390.07
C00153,2024-02,2845.39
C00153,2024-03,4979.41
C00153,2024-04,18597.739999999998
C00153,2024-05,2626.29
C00153,2024-06,7882.17
C00153,2024-07,9224.51
C00153,2024-08,19244.72
C00153,2024-10,57748.21
C00153,2024-11,2629.5
C00153,2024-12,1253.1
C00153,2025-01,7470.11
C00153,2025-02,16617.99
C00153,2025-04,554.0
C00153,2025-06,507.14
C00153,2025-07,41330.5
C00153,2025-08,19197.24
C00153,2025-09,26062.07
C00153,2025-10,974.25
C00153,2025-11,43149.01
C00153,2025-12,4392.62
C00154,2024-01,490.27
C00154,2024-02,862.38
C00154,2024-03,4000.89
C00154,2024-05,15890.13
C00154,2024-07,38384.65
C00154,2024-10,9144.2
C00154,2024-11,11160.51
C00154,2024-12,1284.77
C00154,2025-01,39217.21
C00154,2025-02,14389.23
C00154,2025-03,8135.12
C00154,2025-04,25334.26
C00154,2025-05,1885.11
C00154,2025-06,22717.949999999997
C00154,2025-07,10213.77
C00154,2025-08,57721.52
C00154,2025-09,57253.600000000006
C00154,2025-10,222.38
C00154,2025-11,11339.119999999999
C00154,2025-12,18133.989999999998
C00155,2024-03,6002.06
C00155,2024-04,19711.940000000002
C00155,2024-05,46124.47
C00155,2024-06,3734.26
C00155,2024-07,20105.95
C00155,2024-09,10467.35
C00155,2024-10,1779.17
C00155,2024-11,1303.49
C00155,2025-01,2785.41
C00155,2025-02,7835.629999999999
C00155,2025-06,3555.66
C00155,2025-07,5178.92
C00155,2025-08,13578.38
C00155,2025-09,8287.12
C00155,2025-10,18691.36
C00155,2025-12,1407.99
C00156,2024-01,19539.98
C00156,2024-02,1570.35
C00156,2024-03,2982.76
C00156,2024-05,4895.14
C00156,2024-06,29355.489999999998
C00156,2024-07,3270.86
C00156,2024-08,1875.13
C00156,2024-09,4301.07
C00156,2024-10,11949.25
C00156,2024-12,22904.99
C00156,2025-01,16465.690000000002
C00156,2025-02,1404.04
C00156,2025-03,11895.52
C00156,2025-04,13357.15
C00156,2025-05,10650.9
C00156,2025-06,3715.63
C00156,2025-07,6495.27
C00156,2025-08,11819.81
C00156,2025-09,5617.84
C00156,2025-10,18717.350000000002
C00156,2025-11,9315.47
C00157,2024-01,2882.11
C00157,2024-02,3365.13
C00157,2024-03,2383.89
C00157,2024-04,9477.28
C00157,2024-05,13274.88
C00157,2024-06,1821.29
C00157,2024-07,1719.61
C00157,2024-08,1153.0
C00157,2024-10,14409.449999999999
C00157,2024-11,34897.15
C00157,2024-12,17329.58
C00157,2025-04,6462.09
C00157,2025-05,5419.41
C00157,2025-07,49055.64
C00157,2025-08,23102.15
C00157,2025-09,10880.89
C00157,2025-10,34012.219999999994
C00157,2025-11,5641.51
C00157,2025-12,6391.06
C00158,2024-01,15746.87
C00158,2024-02,1899.12
C00158,2024-03,45668.83
C00158,2024-04,13698.640000000001
C00158,2024-05,9100.9
C00158,2024-06,33970.29
C00158,2024-07,55127.6
C00158,2024-08,1283.58
C00158,2024-09,9322.72
C00158,2024-10,8748.130000000001
C00158,2024-11,13313.56
C00158,2024-12,7558.21
C00158,2025-02,959.94
C00158,2025-05,2857.0
C00158,2025-07,3440.91
C00158,2025-08,2603.8199999999997
C00158,2025-09,13282.55
C00158,2025-11,214.14
C00158,2025-12,11651.81
C00159,2024-01,6181.25
C00159,2024-02,5585.78
C00159,2024-03,5060.5
C00159,2024-04,25817.41
C00159,2024-05,5700.23
C00159,2024-07,7629.97
C00159,2024-08,1451.21
C00159,2024-09,16211.439999999999
C00159,2024-10,1065.15
C00159,2024-11,40480.369999999995
C00159,2024-12,2288.45
C00159,2025-01,34938.89
C00159,2025-02,22909.56
C00159,2025-03,2127.92
C00159,2025-04,3513.76
C00159,2025-05,5147.38
C00159,2025-06,8404.34
C00159,2025-07,3221.72
C00159,2025-08,25920.58
C00159,2025-09,10479.12
C00159,2025-10,5876.889999999999
C00159,2025-12,40951.8
C00160,2024-03,52203.43
C00160,2024-05,18275.43
C00160,2024-06,3337.64
C00160,2024-07,38835.79
C00160,2024-08,54776.17
C00160,2024-10,86513.09000000001
C00160,2024-11,25692.42
C00160,2024-12,4031.41
C00160,2025-01,8115.54
C00160,2025-03,51572.630000000005
C00160,2025-05,4990.15
C00160,2025-06,10737.01
C00160,2025-07,1752.25
C00160,2025-08,17586.399999999998
C00160,2025-09,2389.2200000000003
C00160,2025-10,3055.87
C00160,2025-11,1938.36
C00160,2025-12,22500.74
C00161,2024-01,14782.96
C00161,2024-02,786.76
C00161,2024-04,7882.29
C00161,2024-05,24234.120000000003
C00161,2024-06,19534.51
C00161,2024-07,44408.28
C00161,2024-08,7354.14
C00161,2024-09,24267.12
C00161,2024-10,5357.98
C00161,2024-12,12347.6
C00161,2025-01,729.45
C00161,2025-03,261.47
C00161,2025-04,5438.69
C00161,2025-06,5299.65
C00161,2025-07,37988.55
C00161,2025-08,17562.550000000003
C00161,2025-09,44983.73
C00161,2025-10,16404.129999999997
C00161,2025-11,35795.909999999996
C00162,2024-01,597.97
C00162,2024-02,1211.49
C00162,2024-03,32741.05
C00162,2024-04,20265.519999999997
C00162,2024-05,12574.49
C00162,2024-07,7722.39
C00162,2024-08,15008.42
C00162,2024-10,4024.17
C00162,2024-12,699.45
C00162,2025-01,20179.19
C00162,2025-02,5328.86
C00162,2025-03,40445.39
C00162,2025-04,31783.450000000004
C00162,2025-06,10786.32
C00162,2025-07,9621.27
C00162,2025-08,19661.72
C00162,2025-09,8859.18
C00162,2025-11,1743.13
C00162,2025-12,10965.199999999999
C00163,2024-03,34930.67
C00163,2024-04,7508.86
C00163,2024-05,2891.87
C00163,2024-06,4720.28
C00163,2024-07,53747.75
C00163,2024-08,13673.34
C00163,2024-11,7719.87
C00163,2024-12,17903.69
C00163,2025-01,1877.31
C00163,2025-02,2673.9
C00163,2025-03,6556.33
C00163,2025-04,11837.75
C00163,2025-05,64367.299999999996
C00163,2025-06,4941.8
C00163,2025-07,9791.470000000001
C00163,2025-08,4030.52
C00163,2025-09,2527.62
C00163,2025-11,1986.77
C00163,2025-12,7182.339999999999
C00164,2024-01,20949.48
C00164,2024-04,87329.13
C00164,2024-05,20718.7
C00164,2024-07,25210.81
C00164,2024-08,29374.04
C00164,2024-09,23528.25
C00164,2024-11,5786.77
C00164,2024-12,811.92
C00164,2025-01,10961.509999999998
C00164,2025-02,9433.08
C00164,2025-03,19339.68
C00164,2025-04,30652.3
C00164,2025-05,4784.5
C00164,2025-06,21828.09
C00164,2025-07,3624.3500000000004
C00164,2025-08,8899.06
C00164,2025-09,100885.17
C00164,2025-10,45250.74
C00164,2025-11,42417.090000000004
C00164,2025-12,2962.26
C00165,2024-01,3241.84
C00165,2024-04,37037.2
C00165,2024-07,6645.6
C00165,2024-09,2856.32
C00165,2024-10,40279.98
C00165,2024-11,19583.18
C00165,2025-01,17050.65
C00165,2025-02,27760.05
C00165,2025-03,31099.85
C00165,2025-04,36007.26
C00165,2025-05,13090.88
C00165,2025-08,1195.74
C00165,2025-09,1177.71
C00165,2025-12,1029.81
C00166,2024-01,5393.71
C00166,2024-02,10712.79
C00166,2024-03,1493.25
C00166,2024-04,1203.03
C00166,2024-05,63964.590000000004
C00166,2024-07,1265.72
C00166,2024-08,1784.05
C00166,2024-09,7469.07
C00166,2024-10,7119.65
C00166,2024-11,5258.03
C00166,2024-12,1556.88
C00166,2025-01,83175.47
C00166,2025-02,41658.21
C00166,2025-06,3665.44
C00166,2025-07,3584.13
C00166,2025-08,1410.96
C00166,2025-09,3212.06
C00166,2025-10,15910.18
C00166,2025-11,16068.740000000002
C00166,2025-12,2662.23
C00167,2024-01,3872.48
C00167,2024-02,2484.64
C00167,2024-03,19019.28
C00167,2024-04,47137.52
C00167,2024-05,15467.48
C00167,2024-06,773.24
C00167,2024-07,63651.42
C00167,2024-08,6757.71
C00167,2024-09,3842.7
C00167,2024-10,28446.319999999996
C00167,2025-01,2820.5299999999997
C00167,2025-03,101943.37
C00167,2025-04,20192.65
C00167,2025-05,4771.39
C00167,2025-06,2424.95
C00167,2025-09,28210.38
C00167,2025-10,3943.4700000000003
C00167,2025-11,10715.85
C00167,2025-12,38509.28
C00168,2024-01,11110.74
C00168,2024-02,12662.49
C00168,2024-03,7718.04
C00168,2024-04,1681.44
C00168,2024-05,10166.01
C00168,2024-06,15807.34
C00168,2024-07,19820.32
C00168,2024-09,6985.83
C00168,2024-10,46304.600000000006
C00168,2024-12,24581.05
C00168,2025-01,6589.33
C00168,2025-02,19669.72
C00168,2025-03,2987.89
C00168,2025-04,1022.91
C00168,2025-05,4274.35
C00168,2025-06,25411.870000000003
C00168,2025-08,17954.85
C00168,2025-10,9351.33
C00168,2025-11,4092.23
C00168,2025-12,56992.62
C00169,2024-02,27550.3
C00169,2024-03,1621.68
C00169,2024-04,9634.79
C00169,2024-06,22675.38
C00169,2024-07,25848.84
C00169,2024-08,2427.1
C00169,2024-09,1890.38
C00169,2024-11,6856.5
C00169,2025-01,15736.93
C00169,2025-02,16107.279999999999
C00169,2025-03,16001.76
C00169,2025-05,1076.53
C00169,2025-06,21143.620000000003
C00169,2025-08,17062.06
C00170,2024-01,15713.16
C00170,2024-02,15044.56
C00170,2024-03,18659.16
C00170,2024-04,8146.32
C00170,2024-05,12544.56
C00170,2024-07,39939.62
C00170,2024-08,8850.97
C00170,2024-09,46540.02
C00170,2024-10,4745.65
C00170,2024-11,47339.5
C00170,2024-12,4682.4
C00170,2025-01,10775.81
C00170,2025-02,25495.03
C00170,2025-03,2432.27
C00170,2025-04,16872.620000000003
C00170,2025-06,28216.62
C00170,2025-07,1630.03
C00170,2025-08,29894.8
C00170,2025-09,1736.11
C00170,2025-10,39727.19
C00170,2025-11,50691.3
C00170,2025-12,2186.43
C00171,2024-01,13548.98
C00171,2024-02,16860.09
C00171,2024-03,9513.490000000002
C00171,2024-04,3390.35
C00171,2024-05,3722.0
C00171,2024-06,5483.79
C00171,2024-07,2646.02
C00171,2024-08,1870.75
C00171,2024-09,8823.57
C00171,2024-10,48729.5
C00171,2024-11,43510.46
C00171,2025-01,1849.27
C00171,2025-02,16006.33
C00171,2025-03,39729.22
C00171,2025-05,21885.64
C00171,2025-06,11064.61
C00171,2025-07,3486.53
C00171,2025-08,31490.87
C00171,2025-09,1027.85
C00171,2025-10,22699.97
C00171,2025-11,14955.97
C00171,2025-12,70869.6
C00172,2024-01,887.34
C00172,2024-03,5833.52
C00172,2024-04,40704.38
C00172,2024-05,25506.09
C00172,2024-06,2633.53
C00172,2024-08,16084.2
C00172,2024-09,5132.3
C00172,2024-12,9387.55
C00172,2025-01,1324.21
C00172,2025-02,5737.51
C00172,2025-04,19097.37
C00172,2025-05,20792.309999999998
C00172,2025-06,381.9
C00172,2025-07,56899.78
C00172,2025-08,13174.5
C00172,2025-09,45105.69
C00172,2025-11,14677.12
C00173,2024-01,44596.11
C00173,2024-02,10220.52
C00173,2024-03,7520.07
C00173,2024-04,6501.07
C00173,2024-06,17755.32
C00173,2024-07,6921.99
C00173,2024-09,14123.76
C00173,2024-10,5879.6
C00173,2024-11,19698.99
C00173,2025-01,16833.34
C00173,2025-02,10447.609999999999
C00173,2025-04,4145.86
C00173,2025-05,7800.0
C00173,2025-06,1728.4699999999998
C00173,2025-07,7640.64
C00173,2025-08,17216.35
C00173,2025-09,16257.18
C00173,2025-10,9665.08
C00173,2025-11,15467.21
C00173,2025-12,2996.16
C00174,2024-01,10039.81
C00174,2024-03,7709.21
C00174,2024-05,30870.840000000004
C00174,2024-06,3416.75
C00174,2024-07,44346.34
C00174,2024-08,3506.88
C00174,2024-09,13937.74
C00174,2024-11,6407.13
C00174,2025-01,15648.13
C00174,2025-02,67310.98999999999
C00174,2025-05,16240.71
C00174,2025-06,18358.94
C00174,2025-07,8701.8
C00174,2025-08,1498.78
C00174,2025-09,11380.44
C00174,2025-10,17698.4
C00174,2025-11,15425.55
C00174,2025-12,31183.16
C00175,2024-01,9853.619999999999
C00175,2024-03,56723.85
C00175,2024-06,55097.69
C00175,2024-08,3116.65
C00175,2024-09,8307.47
C00175,2024-12,14024.81
C00175,2025-01,1450.6
C00175,2025-02,61585.21000000001
C00175,2025-03,15493.900000000001
C00175,2025-04,3124.12
C00175,2025-05,8438.68
C00175,2025-08,33162.46
C00175,2025-09,8411.06
C00175,2025-10,9698.8
C00175,2025-11,42352.72
C00175,2025-12,3631.35
C00176,2024-01,12742.1
C00176,2024-02,4275.21
C00176,2024-03,16861.44
C00176,2024-04,7147.83
C00176,2024-05,1982.14
C00176,2024-07,2877.76
C00176,2024-09,1934.96
C00176,2024-10,555.22
C00176,2024-11,1391.51
C00176,2025-01,9089.01
C00176,2025-02,2807.04
C00176,2025-06,1089.34
C00176,2025-08,2845.91
C00176,2025-09,3218.37
C00176,2025-10,15513.63
C00176,2025-12,2280.12
C00177,2024-01,2141.32
C00177,2024-02,12060.21
C00177,2024-03,428.91
C00177,2024-04,46219.299999999996
C00177,2024-05,46803.28
C00177,2024-06,13834.02
C00177,2024-08,3231.16
C00177,2024-11,15165.3
C00177,2025-02,2032.32
C00177,2025-03,2612.99
C00177,2025-04,5047.11
C00177,2025-05,62904.5
C00177,2025-06,8970.63
C00177,2025-07,3054.26
C00177,2025-08,2534.29
C00177,2025-09,3314.73
C00177,2025-11,17331.44
C00177,2025-12,12643.1
C00178,2024-01,18395.489999999998
C00178,2024-02,351.1
C00178,2024-03,6901.33
C00178,2024-04,89754.38
C00178,2024-05,66600.49
C00178,2024-06,39860.69
C00178,2024-07,18402.82
C00178,2024-08,2665.3
C00178,2024-09,3037.12
C00178,2024-11,2979.37
C00178,2025-01,2179.85
C00178,2025-02,36585.03
C00178,2025-03,58772.810000000005
C00178,2025-04,7007.05
C00178,2025-05,17826.68
C00178,2025-07,826.55
C00178,2025-08,8689.119999999999
C00178,2025-09,5507.9
C00178,2025-10,5017.2
C00178,2025-11,21797.61
C00179,2024-01,2254.71
C00179,2024-04,1630.49
C00179,2024-05,65845.38
C00179,2024-06,14122.46
C00179,2024-08,21674.16
C00179,2024-09,1150.64
C00179,2024-11,3053.06
C00179,2024-12,4523.77
C00179,2025-02,22541.550000000003
C00179,2025-03,10586.56
C00179,2025-05,17353.3
C00179,2025-06,2967.75
C00179,2025-09,4101.01
C00179,2025-10,20739.920000000002
C00179,2025-11,17014.35
C00179,2025-12,15555.91
C00180,2024-01,48138.31
C00180,2024-02,31207.09
C00180,2024-03,64907.77
C00180,2024-05,2114.52
C00180,2024-06,11773.15
C00180,2024-07,50444.89000000001
C00180,2024-08,34232.25
C00180,2024-10,10834.1
C00180,2024-11,77547.95
C00180,2024-12,50927.71
C00180,2025-01,2447.17
C00180,2025-03,39780.67
C00180,2025-04,38815.04
C00180,2025-06,10695.68
C00180,2025-07,342.19
C00180,2025-08,11301.34
C00180,2025-10,54625.12
C00180,2025-11,13825.62
C00180,2025-12,1334.14
C00181,2024-01,1712.29
C00181,2024-02,2095.2
C00181,2024-03,32644.21
C00181,2024-04,1895.47
C00181,2024-05,6366.26
C00181,2024-06,5190.74
C00181,2024-07,1822.45
C00181,2024-08,4056.59
C00181,2024-09,23275.54
C00181,2024-11,62745.65
C00181,2025-02,3473.62
C00181,2025-03,12942.71
C00181,2025-05,2706.9
C00181,2025-07,1784.88
C00181,2025-08,19883.43
C00181,2025-10,8499.9
C00181,2025-12,2699.09
C00182,2024-02,12296.04
C00182,2024-03,8970.029999999999
C00182,2024-04,1815.57
C00182,2024-06,4637.85
C00182,2024-07,1168.0
C00182,2024-08,37156.35
C00182,2024-10,6339.74
C00182,2024-12,16039.92
C00182,2025-02,59819.68
C00182,2025-03,1296.3
C00182,2025-05,16694.54
C00182,2025-07,20490.89
C00182,2025-08,55547.780000000006
C00182,2025-09,20904.87
C00182,2025-10,16059.6
C00182,2025-11,8080.73
C00182,2025-12,7621.74
C00183,2024-01,1179.97
C00183,2024-02,13592.98
C00183,2024-03,8751.11
C00183,2024-04,15149.45
C00183,2024-05,1389.2
C00183,2024-06,10587.01
C00183,2024-07,46487.98
C00183,2024-09,25138.1
C00183,2024-10,32274.14
C00183,2024-11,2959.56
C00183,2024-12,611.64
C00183,2025-02,15405.26
C00183,2025-04,47658.72
C00183,2025-05,34727.82
C00183,2025-06,29304.02
C00183,2025-07,8356.49
C00183,2025-08,20385.92
C00183,2025-09,2236.37
C00183,2025-10,15243.75
C00183,2025-11,5848.2699999999995
C00183,2025-12,26024.28
C00184,2024-01,7476.22
C00184,2024-03,67403.12
C00184,2024-04,316.49
C00184,2024-07,1818.28
C00184,2024-09,1366.09
C00184,2024-11,3912.92
C00184,2024-12,551.51
C00184,2025-01,14027.78
C00184,2025-02,16235.86
C00184,2025-03,41134.44
C00184,2025-05,6831.54
C00184,2025-06,14835.45
C00184,2025-07,14978.58
C00184,2025-08,10787.48
C00184,2025-10,29009.94
C00184,2025-11,83598.22
C00184,2025-12,6746.780000000001
C00185,2024-01,40562.85
C00185,2024-02,15086.76
C00185,2024-03,24273.57
C00185,2024-04,3082.81
C00185,2024-05,1951.02
C00185,2024-06,11562.95
C00185,2024-08,18209.31
C00185,2024-10,33154.63
C00185,2024-12,53134.52
C00185,2025-01,18849.72
C00185,2025-03,3993.0699999999997
C00185,2025-04,23023.64
C00185,2025-05,14823.07
C00185,2025-06,1313.81
C00185,2025-08,28114.16
C00185,2025-09,29859.940000000002
C00185,2025-10,35946.61
C00185,2025-12,26693.2
C00186,2024-01,46455.75
C00186,2024-02,872.72
C00186,2024-03,47393.560000000005
C00186,2024-04,41657.13
C00186,2024-05,15502.3
C00186,2024-07,6743.43
C00186,2024-09,19958.29
C00186,2024-10,3618.37
C00186,2024-12,9338.14
C00186,2025-01,6910.94
C00186,2025-02,26766.0
C00186,2025-03,22138.55
C00186,2025-04,24966.190000000002
C00186,2025-06,7029.69
C00186,2025-08,43476.25
C00186,2025-09,24153.32
C00186,2025-10,57875.79
C00186,2025-12,1493.58
C00187,2024-01,20698.61
C00187,2024-02,12314.3
C00187,2024-03,22041.84
C00187,2024-04,1476.23
C00187,2024-05,905.28
C00187,2024-07,22236.07
C00187,2024-09,5404.6
C00187,2024-10,19477.989999999998
C00187,2024-11,6938.98
C00187,2024-12,20599.52
C00187,2025-01,3857.78
C00187,2025-03,940.42
C00187,2025-04,2547.9700000000003
C00187,2025-05,609.78
C00187,2025-06,30415.77
C00187,2025-07,2231.43
C00187,2025-08,62395.490000000005
C00187,2025-09,1508.07
C00187,2025-10,2229.68
C00187,2025-11,12936.62
C00187,2025-12,39881.66
C00188,2024-01,9283.57
C00188,2024-03,48265.11
C00188,2024-04,16823.04
C00188,2024-05,2393.44
C00188,2024-06,72957.34
C00188,2024-07,2338.99
C00188,2024-08,9217.65
C00188,2024-09,12372.4
C00188,2024-11,14109.75
C00188,2024-12,1113.85
C00188,2025-01,39629.759999999995
C00188,2025-02,7165.08
C00188,2025-03,45345.15
C00188,2025-04,2264.02
C00188,2025-05,7653.22
C00188,2025-07,11913.6
C00188,2025-08,13175.94
C00188,2025-09,30114.51
C00188,2025-10,43188.46000000001
C00188,2025-11,12583.06
C00189,2024-02,1126.69
C00189,2024-03,10197.46
C00189,2024-04,1881.54
C00189,2024-05,1837.82
C00189,2024-08,38521.19
C00189,2024-09,20225.24
C00189,2024-10,16036.81
C00189,2024-11,3106.7
C00189,2024-12,18708.56
C00189,2025-01,12786.779999999999
C00189,2025-02,3869.23
C00189,2025-03,40227.61
C00189,2025-04,28575.679999999997
C00189,2025-05,38118.82
C00189,2025-06,2874.72
C00189,2025-07,10878.1
C00189,2025-08,2558.08
C00189,2025-09,37092.99
C00189,2025-10,9877.58
C00189,2025-12,3764.04
C00190,2024-02,4591.55
C00190,2024-03,39901.11
C00190,2024-04,14455.58
C00190,2024-05,12396.689999999999
C00190,2024-06,17087.9
C00190,2024-07,24567.19
C00190,2024-08,22200.82
C00190,2024-10,7123.57
C00190,2024-11,1164.01
C00190,2024-12,17183.9
C00190,2025-01,10728.96
C00190,2025-02,40852.83
C00190,2025-03,52564.04
C00190,2025-04,486.16
C00190,2025-05,4821.75
C00190,2025-06,16973.52
C00190,2025-07,6327.65
C00190,2025-08,1060.19
C00190,2025-09,1592.65
C00190,2025-10,2856.8599999999997
C00190,2025-11,3966.06
C00191,2024-01,1681.22
C00191,2024-02,12774.7
C00191,2024-03,1309.28
C00191,2024-04,2318.34
C00191,2024-05,45183.2
C00191,2024-06,13747.03
C00191,2024-08,16697.99
C00191,2024-09,3883.34
C00191,2024-10,47595.4
C00191,2024-11,1711.9099999999999
C00191,2024-12,2361.47
C00191,2025-01,4525.33
C00191,2025-02,18197.81
C00191,2025-03,2687.89
C00191,2025-04,40810.729999999996
C00191,2025-05,7061.0
C00191,2025-08,14558.76
C00191,2025-09,46704.11
C00191,2025-11,20789.02
C00191,2025-12,19679.260000000002
C00192,2024-01,15627.91
C00192,2024-02,29700.4
C00192,2024-04,1165.43
C00192,2024-05,917.17
C00192,2024-06,795.66
C00192,2024-07,17797.510000000002
C00192,2024-08,38008.6
C00192,2024-09,2851.27
C00192,2024-10,100000.53
C00192,2024-11,13278.47
C00192,2024-12,85331.7
C00192,2025-01,16511.739999999998
C00192,2025-02,7324.93
C00192,2025-04,14813.29
C00192,2025-05,8419.48
C00192,2025-06,1869.97
C00192,2025-07,6229.89
C00192,2025-08,53596.01
C00192,2025-09,1599.76
C00192,2025-11,10225.24
C00192,2025-12,7459.47
C00193,2024-01,14269.0
C00193,2024-05,2807.1
C00193,2024-06,5142.11
C00193,2024-07,1505.79
C00193,2024-08,528.03
C00193,2024-09,18027.510000000002
C00193,2024-10,1984.3200000000002
C00193,2024-11,9188.29
C00193,2024-12,2551.56
C00193,2025-01,52801.299999999996
C00193,2025-03,236.72
C00193,2025-04,28986.95
C00193,2025-05,7853.23
C00193,2025-06,26195.579999999998
C00193,2025-07,2528.61
C00193,2025-09,11614.55
C00193,2025-11,5904.99
C00194,2024-01,14628.66
C00194,2024-02,4214.35
C00194,2024-03,4204.97
C00194,2024-07,41882.81
C00194,2024-08,39453.84
C00194,2024-09,1005.48
C00194,2024-10,54307.240000000005
C00194,2024-11,16088.47
C00194,2024-12,46508.04
C00194,2025-01,74708.64
C00194,2025-02,14418.31
C00194,2025-03,26644.13
C00194,2025-04,13865.17
C00194,2025-05,27908.41
C00194,2025-07,1644.41
C00194,2025-09,17074.64
C00194,2025-12,15202.48
C00195,2024-01,901.54
C00195,2024-02,820.48
C00195,2024-03,4657.4
C00195,2024-04,19380.3
C00195,2024-08,18303.24
C00195,2024-09,9980.27
C00195,2024-10,18708.5
C00195,2024-11,3856.69
C00195,2024-12,11872.05
C00195,2025-01,2303.07
C00195,2025-02,6190.48
C00195,2025-03,58843.91
C00195,2025-04,8361.27
C00195,2025-07,6414.400000000001
C00195,2025-08,65490.43000000001
C00195,2025-09,11470.01
C00195,2025-12,1370.46
C00196,2024-01,7524.47
C00196,2024-02,4985.21
C00196,2024-03,5175.34
C00196,2024-04,1361.2
C00196,2024-05,5253.299999999999
C00196,2024-06,15176.01
C00196,2024-08,10310.58
C00196,2024-09,22265.79
C00196,2024-10,4595.62
C00196,2024-11,18144.079999999998
C00196,2024-12,12991.65
C00196,2025-03,49119.58
C00196,2025-04,2148.01
C00196,2025-05,21634.41
C00196,2025-06,19122.62
C00196,2025-07,7722.469999999999
C00196,2025-10,13811.13
C00196,2025-11,1734.04
C00196,2025-12,1291.0
C00197,2024-01,7637.16
C00197,2024-03,3088.45
C00197,2024-05,1258.67
C00197,2024-08,2941.81
C00197,2024-09,417.06
C00197,2024-10,38197.63
C00197,2024-12,3782.55
C00197,2025-02,11066.6
C00197,2025-03,8187.509999999999
C00197,2025-04,4532.6
C00197,2025-06,7380.04
C00197,2025-07,14582.48
C00197,2025-08,7744.23
C00197,2025-11,5774.04
C00197,2025-12,9255.64
C00198,2024-01,23477.16
C00198,2024-02,592.6
C00198,2024-03,2363.19
C00198,2024-04,1416.78
C00198,2024-05,19128.34
C00198,2024-07,14024.09
C00198,2024-08,47731.16
C00198,2024-09,37127.73
C00198,2024-10,17167.09
C00198,2024-12,2514.65
C00198,2025-01,73277.72
C00198,2025-03,3730.51
C00198,2025-05,5997.82
C00198,2025-06,1087.64
C00198,2025-07,34240.35
C00198,2025-08,53906.9
C00198,2025-09,32492.29
C00198,2025-11,5645.0
C00198,2025-12,2465.04
C00199,2024-01,821.89
C00199,2024-03,15826.65
C00199,2024-04,11535.34
C00199,2024-05,10934.0
C00199,2024-06,402.97
C00199,2024-07,4970.31
C00199,2024-08,57676.42
C00199,2024-09,1406.58
C00199,2024-10,31766.469999999998
C00199,2024-11,52002.16
C00199,2024-12,768.81
C00199,2025-02,2367.14
C00199,2025-03,1066.57
C00199,2025-04,6985.14
C00199,2025-05,1637.18
C00199,2025-06,1547.93
C00199,2025-08,6384.5
C00199,2025-10,4295.47
C00199,2025-11,7812.93
C00200,2024-01,12914.01
C00200,2024-02,9079.09
C00200,2024-03,5777.49
C00200,2024-04,218.83
C00200,2024-05,1533.19
C00200,2024-07,5523.72
C00200,2024-08,37745.450000000004
C00200,2024-09,25250.25
C00200,2024-10,24684.260000000002
C00200,2025-01,3345.75
C00200,2025-02,14338.33
C00200,2025-03,25669.49
C00200,2025-05,23308.769999999997
C00200,2025-06,11558.23
C00200,2025-09,6734.35
C00200,2025-10,31390.27
C00200,2025-11,22741.440000000002
C00201,2024-02,1064.47
C00201,2024-04,5494.28
C00201,2024-05,41790.25
C00201,2024-07,22043.95
C00201,2024-08,5847.75
C00201,2024-09,19713.79
C00201,2024-10,33127.850000000006
C00201,2024-11,6345.56
C00201,2024-12,1939.94
C00201,2025-01,37157.909999999996
C00201,2025-03,2720.1
C00201,2025-04,252.23
C00201,2025-05,1406.74
C00201,2025-06,62418.549999999996
C00201,2025-07,55648.29
C00201,2025-08,2911.86
C00201,2025-09,64710.090000000004
C00202,2024-01,66037.67
C00202,2024-02,21503.63
C00202,2024-03,85693.20999999999
C00202,2024-06,22101.46
C00202,2024-07,6312.74
C00202,2024-08,15767.72
C00202,2024-09,10668.25
C00202,2024-10,17488.31
C00202,2024-11,10416.41
C00202,2024-12,35438.54
C00202,2025-01,29065.53
C00202,2025-02,12235.4
C00202,2025-04,8165.74
C00202,2025-06,20208.6
C00202,2025-08,23861.370000000003
C00202,2025-09,5236.35
C00202,2025-10,39755.479999999996
C00202,2025-11,12363.779999999999
C00203,2024-01,16534.71
C00203,2024-02,12476.4
C00203,2024-04,2882.2
C00203,2024-06,2155.44
C00203,2024-07,21072.4
C00203,2024-08,29264.809999999998
C00203,2024-11,4812.08
C00203,2025-02,16553.64
C00203,2025-03,12871.37
C00203,2025-04,2430.63
C00203,2025-06,27811.86
C00203,2025-07,6251.09
C00203,2025-08,20278.48
C00203,2025-09,2718.32
C00203,2025-10,4137.9
C00203,2025-11,635.59
C00203,2025-12,12321.130000000001
C00204,2024-01,19875.6
C00204,2024-02,19976.2
C00204,2024-04,25035.86
C00204,2024-06,7020.31
C00204,2024-07,10512.26
C00204,2024-08,13656.58
C00204,2024-09,14882.46
C00204,2024-10,828.72
C00204,2024-12,40832.41
C00204,2025-01,8530.92
C00204,2025-02,34056.74
C00204,2025-03,1668.14
C00204,2025-04,34315.270000000004
C00204,2025-05,28738.34
C00204,2025-08,13760.619999999999
C00204,2025-09,20517.19
C00204,2025-11,25152.46
C00204,2025-12,612.77
C00205,2024-01,72675.86
C00205,2024-02,8286.42
C00205,2024-03,10630.150000000001
C00205,2024-05,4860.32
C00205,2024-06,12776.32
C00205,2024-07,6941.42
C00205,2024-08,34238.37
C00205,2024-09,3196.22
C00205,2024-12,9700.49
C00205,2025-01,898.85
C00205,2025-03,11114.810000000001
C00205,2025-05,9168.2
C00205,2025-06,14293.37
C00205,2025-09,7719.6
C00205,2025-11,32725.27
C00205,2025-12,6061.7699999999995
C00206,2024-01,4358.799999999999
C00206,2024-02,36097.13
C00206,2024-03,28445.58
C00206,2024-04,64071.69
C00206,2024-06,40027.71
C00206,2024-07,1540.16
C00206,2024-08,11354.6
C00206,2024-10,11718.0
C00206,2024-11,2449.75
C00206,2024-12,5165.84
C00206,2025-01,4178.14
C00206,2025-02,52154.32
C00206,2025-03,46109.57
C00206,2025-07,1077.33
C00206,2025-08,11320.5
C00206,2025-09,1358.98
C00206,2025-11,11787.390000000001
C00206,2025-12,2381.43
C00207,2024-01,39922.42
C00207,2024-02,63727.92999999999
C00207,2024-03,58858.92
C00207,2024-06,2228.87
C00207,2024-07,10494.41
C00207,2024-09,6072.75
C00207,2024-10,18016.74
C00207,2024-11,2827.9500000000003
C00207,2024-12,2447.66
C00207,2025-04,25931.23
C00207,2025-05,11981.15
C00207,2025-06,11524.73
C00207,2025-07,32496.84
C00207,2025-09,70518.23
C00207,2025-11,39309.02
C00208,2024-01,11566.78
C00208,2024-03,41302.86
C00208,2024-04,2365.35
C00208,2024-06,7859.12
C00208,2024-07,12638.75
C00208,2024-08,18283.73
C00208,2024-10,2041.28
C00208,2024-11,22059.18
C00208,2024-12,1953.66
C00208,2025-01,31696.82
C00208,2025-02,20792.780000000002
C00208,2025-03,39897.71
C00208,2025-04,35041.96
C00208,2025-06,58230.87
C00208,2025-07,12558.03
C00208,2025-08,34867.420000000006
C00208,2025-09,6339.47
C00208,2025-10,33739.39
C00208,2025-11,444.14
C00208,2025-12,43035.15
C00209,2024-01,22479.56
C00209,2024-02,8286.85
C00209,2024-03,894.25
C00209,2024-04,3463.47
C00209,2024-05,1596.72
C00209,2024-06,16790.05
C00209,2024-07,186.46
C00209,2024-08,14193.84
C00209,2024-09,1147.59
C00209,2024-10,1335.3
C00209,2024-11,1979.83
C00209,2025-01,4164.18
C00209,2025-03,4839.650000000001
C00209,2025-04,697.16
C00209,2025-05,4427.299999999999
C00209,2025-06,15160.44
C00209,2025-07,5077.22
C00209,2025-08,37248.06
C00209,2025-09,9081.21
C00209,2025-11,2195.49
C00210,2024-01,65754.66
C00210,2024-02,39627.27
C00210,2024-03,12591.779999999999
C00210,2024-04,13939.46
C00210,2024-05,282.64
C00210,2024-06,22842.48
C00210,2024-07,8943.369999999999
C00210,2024-08,51395.03999999999
C00210,2024-09,15008.150000000001
C00210,2024-10,19527.25
C00210,2024-11,2676.77
C00210,2024-12,4063.08
C00210,2025-01,30103.4
C00210,2025-02,3959.31
C00210,2025-03,14825.04
C00210,2025-04,20574.09
C00210,2025-05,3114.27
C00210,2025-06,4874.16
C00210,2025-07,3870.85
C00210,2025-08,5224.34
C00210,2025-11,6613.02
C00211,2024-01,36561.85
C00211,2024-02,42371.8
C00211,2024-03,2827.15
C00211,2024-04,2365.99
C00211,2024-05,1212.91
C00211,2024-06,7309.05
C00211,2024-07,36422.38
C00211,2024-08,2014.82
C00211,2024-10,14405.03
C00211,2024-12,52647.73
C00211,2025-01,1771.87
C00211,2025-02,17566.809999999998
C00211,2025-05,883.72
C00211,2025-06,36769.91
C00211,2025-07,2902.9
C00211,2025-08,9681.02
C00211,2025-10,2676.14
C00211,2025-12,9409.09
C00212,2024-01,28771.29
C00212,2024-02,37824.96
C00212,2024-03,14583.8
C00212,2024-04,18161.17
C00212,2024-07,2148.12
C00212,2024-08,1722.34
C00212,2024-10,61778.270000000004
C00212,2024-11,54318.38
C00212,2024-12,23666.64
C00212,2025-02,4547.05
C00212,2025-03,12808.35
C00212,2025-05,15565.19
C00212,2025-07,3324.8
C00212,2025-10,12293.89
C00212,2025-11,58489.59
C00212,2025-12,13863.65
C00213,2024-01,19278.77
C00213,2024-02,1866.58
C00213,2024-03,4125.69
C00213,2024-04,19788.510000000002
C00213,2024-05,1100.56
C00213,2024-06,3240.67
C00213,2024-07,79565.92
C00213,2024-09,30949.02
C00213,2024-11,9260.64
C00213,2025-01,7277.1
C00213,2025-02,5554.669999999999
C00213,2025-04,10704.279999999999
C00213,2025-05,19297.55
C00213,2025-06,4751.9400000000005
C00213,2025-08,23018.46
C00213,2025-12,2951.22
C00214,2024-01,18453.63
C00214,2024-02,55831.69
C00214,2024-03,9813.64
C00214,2024-04,5264.93
C00214,2024-06,1405.96
C00214,2024-08,20493.47
C00214,2024-09,18078.32
C00214,2024-11,38776.88
C00214,2024-12,22830.96
C00214,2025-01,27550.96
C00214,2025-02,10281.84
C00214,2025-04,3941.18
C00214,2025-06,6851.8
C00214,2025-07,11401.59
C00214,2025-12,7183.13
C00215,2024-02,7657.72
C00215,2024-03,578.17
C00215,2024-04,2056.17
C00215,2024-05,3392.62
C00215,2024-06,34609.42
C00215,2024-08,983.61
C00215,2024-09,6620.27
C00215,2024-10,7254.21
C00215,2024-11,26437.0
C00215,2024-12,4845.37
C00215,2025-01,26635.63
C00215,2025-02,14313.06
C00215,2025-03,1584.89
C00215,2025-04,35539.149999999994
C00215,2025-08,2478.5800000000004
C00215,2025-09,4656.41
C00215,2025-10,8632.96
C00215,2025-11,8673.02
C00216,2024-01,2501.46
C00216,2024-05,22498.410000000003
C00216,2024-07,3301.15
C00216,2024-08,9104.89
C00216,2024-09,24660.63
C00216,2024-10,14983.43
C00216,2024-11,1259.9
C00216,2024-12,10379.87
C00216,2025-03,743.12
C00216,2025-04,2817.94
C00216,2025-05,2069.04
C00216,2025-06,46379.04
C00216,2025-08,47448.55
C00216,2025-09,36786.69
C00216,2025-10,586.71
C00216,2025-11,71798.07
C00216,2025-12,66789.14
C00217,2024-01,3767.36
C00217,2024-04,28242.17
C00217,2024-05,5127.7
C00217,2024-07,4167.01
C00217,2024-09,1066.01
C00217,2024-10,2295.59
C00217,2024-12,5338.45
C00217,2025-01,9773.11
C00217,2025-02,19613.58
C00217,2025-03,20819.5
C00217,2025-04,61910.04
C00217,2025-05,40410.5
C00217,2025-08,7296.31
C00217,2025-09,38916.29
C00217,2025-11,11589.3
C00217,2025-12,13843.89
C00218,2024-01,17007.56
C00218,2024-02,10295.84
C00218,2024-03,14850.62
C00218,2024-04,1573.87
C00218,2024-05,41489.59
C00218,2024-06,36102.99
C00218,2024-08,3454.2300000000005
C00218,2024-09,16277.62
C00218,2024-10,18458.08
C00218,2024-12,55798.590000000004
C00218,2025-01,53402.36
C00218,2025-03,5181.07
C00218,2025-04,5652.35
C00218,2025-06,13695.27
C00218,2025-07,10194.57
C00218,2025-10,22020.56
C00218,2025-11,23180.04
C00219,2024-04,250.94
C00219,2024-07,1251.19
C00219,2024-09,68616.1
C00219,2024-12,13836.12
C00219,2025-01,2397.09
C00219,2025-02,11363.84
C00219,2025-03,6280.97
C00219,2025-04,1870.28
C00219,2025-06,1968.53
C00219,2025-07,3662.9
C00219,2025-08,405.93
C00219,2025-10,718.25
C00219,2025-11,32805.93
C00219,2025-12,3283.53
C00220,2024-01,15614.38
C00220,2024-02,20034.45
C00220,2024-03,3546.69
C00220,2024-04,2162.81
C00220,2024-05,33371.41
C00220,2024-06,36204.299999999996
C00220,2024-07,24663.089999999997
C00220,2024-08,5270.4400000000005
C00220,2024-10,1288.21
C00220,2024-12,16019.72
C00220,2025-03,56039.36
C00220,2025-04,6960.459999999999
C00220,2025-06,40802.41
C00220,2025-07,25382.839999999997
C00220,2025-09,1606.68
C00220,2025-10,19070.609999999997
C00220,2025-11,1444.52
C00220,2025-12,3425.87
C00221,2024-01,29711.67
C00221,2024-02,5964.53
C00221,2024-04,4268.72
C00221,2024-06,12679.02
C00221,2024-07,1849.09
C00221,2024-08,14141.79
C00221,2024-09,13747.73
C00221,2024-10,4149.88
C00221,2024-11,40403.78
C00221,2024-12,49296.020000000004
C00221,2025-01,23023.25
C00221,2025-03,9246.98
C00221,2025-04,1015.18
C00221,2025-05,16279.150000000001
C00221,2025-06,1936.0
C00221,2025-07,7359.259999999999
C00221,2025-08,3086.85
C00221,2025-09,14719.56
C00221,2025-10,15892.84
C00221,2025-12,3474.32
C00222,2024-01,2694.8
C00222,2024-04,18869.85
C00222,2024-05,9055.19
C00222,2024-06,2372.93
C00222,2024-07,6083.51
C00222,2024-08,622.15
C00222,2024-09,9211.85
C00222,2024-10,6856.81
C00222,2024-12,13568.62
C00222,2025-01,3235.76
C00222,2025-02,6474.48
C00222,2025-03,12857.06
C00222,2025-05,11965.8
C00222,2025-06,36864.95
C00222,2025-07,14053.15
C00222,2025-08,17184.78
C00222,2025-09,14188.099999999999
C00222,2025-12,9657.83
C00223,2024-01,12504.03
C00223,2024-02,8582.14
C00223,2024-04,2813.93
C00223,2024-05,17261.95
C00223,2024-06,13446.75
C00223,2024-07,24102.6
C00223,2024-08,3858.34
C00223,2024-10,21718.2
C00223,2024-11,23329.51
C00223,2024-12,9020.38
C00223,2025-02,2072.01
C00223,2025-03,4654.04
C00223,2025-04,29289.62
C00223,2025-05,28528.03
C00223,2025-06,18803.0
C00223,2025-07,5611.66
C00223,2025-08,41847.28
C00223,2025-09,23246.11
C00223,2025-10,16692.7
C00223,2025-12,9408.880000000001
C00224,2024-02,1766.53
C00224,2024-03,20511.649999999998
C00224,2024-04,10199.7
C00224,2024-05,54080.15
C00224,2024-06,6198.41
C00224,2024-07,621.46
C00224,2024-08,39432.53
C00224,2024-11,19926.15
C00224,2024-12,2748.8
C00224,2025-02,5230.16
C00224,2025-03,28954.38
C00224,2025-06,23765.04
C00224,2025-07,35872.340000000004
C00224,2025-08,33434.04
C00224,2025-09,23290.51
C00224,2025-10,34671.369999999995
C00224,2025-12,27324.260000000002
C00225,2024-01,2624.41
C00225,2024-02,8748.12
C00225,2024-03,38228.979999999996
C00225,2024-05,4069.24
C00225,2024-07,6100.99
C00225,2024-08,94889.03
C00225,2024-10,51362.54
C00225,2024-11,5390.11
C00225,2025-01,22217.199999999997
C00225,2025-02,668.42
C00225,2025-03,2243.55
C00225,2025-04,36329.49
C00225,2025-05,6040.63
C00225,2025-06,12214.26
C00225,2025-08,2137.67
C00225,2025-10,1729.91
C00225,2025-11,9490.26
C00226,2024-01,41565.39
C00226,2024-02,12356.82
C00226,2024-03,12228.99
C00226,2024-04,1588.58
C00226,2024-05,1161.76
C00226,2024-06,9495.460000000001
C00226,2024-07,36363.39
C00226,2024-08,614.74
C00226,2024-09,21653.64
C00226,2024-10,22098.190000000002
C00226,2024-12,1155.86
C00226,2025-01,25659.75
C00226,2025-03,15966.04
C00226,2025-04,14541.49
C00226,2025-08,1924.76
C00226,2025-09,4395.96
C00226,2025-11,90662.97
C00226,2025-12,14389.45
C00227,2024-01,3973.5699999999997
C00227,2024-02,2462.16
C00227,2024-04,37500.57
C00227,2024-05,7410.01
C00227,2024-06,1055.61
C00227,2024-07,262.93
C00227,2024-08,3077.55
C00227,2024-09,3537.85
C00227,2024-10,203.16
C00227,2024-12,16145.4
C00227,2025-02,18145.6
C00227,2025-04,6060.1
C00227,2025-05,4686.27
C00227,2025-06,15562.9
C00227,2025-07,91871.74
C00227,2025-08,2275.56
C00227,2025-09,3832.07
C00227,2025-11,22910.339999999997
C00227,2025-12,14689.63
C00228,2024-01,23125.71
C00228,2024-02,2088.48
C00228,2024-03,5373.68
C00228,2024-05,16428.0
C00228,2024-06,10765.14
C00228,2024-07,3148.11
C00228,2024-09,1676.63
C00228,2024-10,11550.21
C00228,2024-11,11194.43
C00228,2024-12,44417.280000000006
C00228,2025-01,30507.920000000002
C00228,2025-02,3715.0
C00228,2025-03,28238.57
C00228,2025-04,10335.539999999999
C00228,2025-05,3847.67
C00228,2025-07,2945.31
C00228,2025-08,20863.89
C00228,2025-09,14115.0
C00228,2025-10,449.12
C00228,2025-11,27447.71
C00228,2025-12,4971.3
C00229,2024-01,7276.37
C00229,2024-02,2253.0
C00229,2024-03,16052.060000000001
C00229,2024-04,50227.13
C00229,2024-05,820.95
C00229,2024-07,2746.9399999999996
C00229,2024-09,16098.47
C00229,2024-10,2424.52
C00229,2025-01,71222.81
C00229,2025-02,10264.24
C00229,2025-03,19573.649999999998
C00229,2025-05,78599.47
C00229,2025-06,9536.58
C00229,2025-07,13185.41
C00229,2025-08,15391.29
C00229,2025-09,11828.529999999999
C00229,2025-10,51983.27
C00229,2025-11,21972.84
C00229,2025-12,464.32
C00230,2024-01,2161.09
C00230,2024-04,3572.27
C00230,2024-08,762.8
C00230,2024-09,64333.93
C00230,2024-11,40356.829999999994
C00230,2024-12,360.0
C00230,2025-01,14155.9
C00230,2025-02,5394.8
C00230,2025-03,68468.07
C00230,2025-04,14749.11
C00230,2025-05,10791.81
C00230,2025-06,9109.6
C00230,2025-07,4495.51
C00230,2025-08,83302.92
C00230,2025-09,981.38
C00230,2025-12,3867.11
C00231,2024-01,10521.79
C00231,2024-03,1377.53
C00231,2024-04,8585.9
C00231,2024-05,3979.79
C00231,2024-07,44373.509999999995
C00231,2024-08,1306.03
C00231,2024-10,6657.65
C00231,2024-11,33752.2
C00231,2025-02,5691.27
C00231,2025-03,4294.81
C00231,2025-04,2659.57
C00231,2025-06,1388.55
C00231,2025-08,10957.83
C00231,2025-09,10665.85
C00231,2025-10,49238.6
C00231,2025-12,8292.05
C00232,2024-01,1347.6
C00232,2024-02,8805.720000000001
C00232,2024-03,3265.96
C00232,2024-04,5960.71
C00232,2024-05,3940.79
C00232,2024-06,4217.3
C00232,2024-07,770.95
C00232,2024-08,6587.01
C00232,2024-09,4815.4
C00232,2024-10,34299.03
C00232,2024-11,6332.39
C00232,2024-12,1898.43
C00232,2025-01,264.21
C00232,2025-02,17676.62
C00232,2025-04,25563.06
C00232,2025-05,20514.94
C00232,2025-06,23179.25
C00232,2025-07,756.69
C00232,2025-09,29248.46
C00232,2025-11,1779.95
C00232,2025-12,16984.8
C00233,2024-02,21988.79
C00233,2024-03,23939.42
C00233,2024-04,2081.27
C00233,2024-05,5828.259999999999
C00233,2024-06,32859.15
C00233,2024-07,11087.539999999999
C00233,2024-08,39678.509999999995
C00233,2024-09,42096.18
C00233,2024-11,1597.39
C00233,2024-12,21251.739999999998
C00233,2025-01,11613.57
C00233,2025-04,15703.16
C00233,2025-05,4177.91
C00233,2025-06,6381.54
C00233,2025-07,3400.51
C00233,2025-08,2396.65
C00233,2025-09,4998.39
C00233,2025-10,50541.55
C00233,2025-12,6653.66
C00234,2024-01,5440.15
C00234,2024-02,25623.7
C00234,2024-03,35238.490000000005
C00234,2024-04,3880.33
C00234,2024-05,29210.56
C00234,2024-07,14295.43
C00234,2024-08,23133.67
C00234,2024-09,22865.51
C00234,2024-10,8267.23
C00234,2024-12,2050.12
C00234,2025-01,26708.98
C00234,2025-02,2261.13
C00234,2025-03,11347.0
C00234,2025-04,21053.949999999997
C00234,2025-05,20863.26
C00234,2025-06,1363.05
C00234,2025-07,7105.95
C00234,2025-09,7003.52
C00234,2025-10,19091.64
C00234,2025-12,822.38
C00235,2024-01,3000.45
C00235,2024-03,100582.18000000001
C00235,2024-05,9232.42
C00235,2024-06,4296.24
C00235,2024-07,16844.75
C00235,2024-08,21168.74
C00235,2024-09,4965.63
C00235,2024-10,6070.77
C00235,2024-11,60389.65
C00235,2024-12,27274.420000000002
C00235,2025-02,17046.54
C00235,2025-03,22737.66
C00235,2025-06,2906.01
C00235,2025-07,8164.95
C00235,2025-08,9462.86
C00235,2025-09,31727.91
C00235,2025-10,1464.0
C00235,2025-11,41498.64
C00235,2025-12,18310.03
C00236,2024-02,32452.17
C00236,2024-03,24583.07
C00236,2024-04,20800.45
C00236,2024-05,37588.4
C00236,2024-06,4573.93
C00236,2024-07,2504.06
C00236,2024-09,1487.64
C00236,2024-10,10729.35
C00236,2024-11,49384.21
C00236,2025-01,7179.860000000001
C00236,2025-02,22390.95
C00236,2025-04,34662.49
C00236,2025-05,4242.65
C00236,2025-06,11592.23
C00236,2025-08,5734.21
C00236,2025-09,7561.25
C00236,2025-10,11733.74
C00237,2024-04,22320.33
C00237,2024-07,713.31
C00237,2024-09,2520.56
C00237,2024-10,32159.28
C00237,2024-11,5988.1
C00237,2024-12,8008.450000000001
C00237,2025-01,34243.7
C00237,2025-02,6117.32
C00237,2025-03,8435.57
C00237,2025-04,22189.890000000003
C00237,2025-05,4305.02
C00237,2025-07,42116.079999999994
C00237,2025-08,35397.3
C00237,2025-09,39816.229999999996
C00237,2025-10,21021.34
C00237,2025-12,1799.74
C00238,2024-01,35174.25
C00238,2024-02,8596.88
C00238,2024-03,20686.03
C00238,2024-04,8625.89
C00238,2024-05,1931.59
C00238,2024-06,12634.11
C00238,2024-08,2315.8
C00238,2024-09,11111.41
C00238,2024-10,93027.28
C00238,2024-11,6469.6900000000005
C00238,2024-12,12956.56
C00238,2025-01,2044.03
C00238,2025-03,48960.27
C00238,2025-04,28861.35
C00238,2025-07,19194.339999999997
C00238,2025-08,47886.950000000004
C00238,2025-09,2369.38
C00238,2025-10,1130.63
C00238,2025-11,47747.99
C00239,2024-01,3194.6
C00239,2024-03,16996.420000000002
C00239,2024-04,27893.63
C00239,2024-05,57790.46
C00239,2024-06,1927.83
C00239,2024-07,24489.730000000003
C00239,2024-08,36936.1
C00239,2024-10,1688.55
C00239,2024-11,66336.94
C00239,2025-01,7869.27
C00239,2025-02,15945.6
C00239,2025-04,18660.19
C00239,2025-05,56342.01
C00239,2025-07,242.69
C00239,2025-08,5907.09
C00239,2025-10,21484.78
C00239,2025-11,40615.47
C00239,2025-12,48237.03
C00240,2024-02,38779.9
C00240,2024-03,26404.85
C00240,2024-04,6735.639999999999
C00240,2024-05,4613.05
C00240,2024-07,17829.01
C00240,2024-08,2462.87
C00240,2024-09,29918.61
C00240,2024-10,3139.27
C00240,2024-12,51663.55
C00240,2025-01,15297.85
C00240,2025-02,43473.75
C00240,2025-03,344.0
C00240,2025-04,4524.76
C00240,2025-05,38451.840000000004
C00240,2025-06,3019.67
C00240,2025-07,21010.12
C00240,2025-08,1337.2
C00240,2025-09,4044.37
C00240,2025-12,8136.42
C00241,2024-01,7775.469999999999
C00241,2024-02,2004.88
C00241,2024-03,39310.11
C00241,2024-04,15078.25
C00241,2024-05,9107.2
C00241,2024-06,12556.76
C00241,2024-08,24088.23
C00241,2024-09,11034.99
C00241,2024-10,16766.92
C00241,2024-11,6700.65
C00241,2025-01,41610.71
C00241,2025-03,29892.61
C00241,2025-05,3282.04
C00241,2025-06,3819.72
C00241,2025-08,25591.4
C00241,2025-11,26361.98
C00241,2025-12,24176.100000000002
C00242,2024-01,49327.34
C00242,2024-02,2860.13
C00242,2024-03,17361.809999999998
C00242,2024-04,15442.38
C00242,2024-05,26611.43
C00242,2024-07,11092.07
C00242,2024-08,49474.04
C00242,2024-09,56493.130000000005
C00242,2024-11,269.95
C00242,2025-02,31693.21
C00242,2025-03,6823.25
C00242,2025-04,14286.18
C00242,2025-05,103625.95999999999
C00242,2025-07,43006.89
C00243,2024-01,59034.89
C00243,2024-03,46244.3
C00243,2024-04,318.99
C00243,2024-05,34880.65
C00243,2024-06,3470.3
C00243,2024-07,6524.52
C00243,2024-08,2403.0099999999998
C00243,2024-09,2677.56
C00243,2024-11,2696.8
C00243,2024-12,13066.34
C00243,2025-01,2594.74
C00243,2025-02,7290.28
C00243,2025-03,39474.49
C00243,2025-04,26998.039999999997
C00243,2025-05,11177.77
C00243,2025-06,20514.21
C00243,2025-07,7596.21
C00243,2025-08,22546.45
C00243,2025-09,1057.49
C00243,2025-11,17956.03
C00243,2025-12,1313.94
C00244,2024-01,27324.010000000002
C00244,2024-02,6654.35
C00244,2024-03,21146.920000000002
C00244,2024-07,6513.75
C00244,2024-10,12080.19
C00244,2024-11,1506.77
C00244,2024-12,3828.27
C00244,2025-01,32117.649999999998
C00244,2025-02,5800.66
C00244,2025-03,5176.32
C00244,2025-04,24653.9
C00244,2025-05,3540.47
C00244,2025-07,4055.98
C00244,2025-08,26385.809999999998
C00244,2025-09,6700.539999999999
C00244,2025-10,14764.35
C00244,2025-11,29597.100000000002
C00244,2025-12,915.96
C00245,2024-01,26135.4
C00245,2024-03,22653.06
C00245,2024-04,45397.91
C00245,2024-05,10181.99
C00245,2024-06,2932.09
C00245,2024-07,8136.07
C00245,2024-08,31968.31
C00245,2024-10,17412.61
C00245,2024-11,2333.95
C00245,2025-01,777.58
C00245,2025-02,8545.54
C00245,2025-03,31934.329999999998
C00245,2025-05,845.47
C00245,2025-06,8708.41
C00245,2025-07,16242.98
C00245,2025-08,12203.53
C00245,2025-09,12279.59
C00245,2025-11,9860.64
C00245,2025-12,13444.3
C00246,2024-01,39917.91
C00246,2024-03,3232.88
C00246,2024-04,24845.93
C00246,2024-05,1954.92
C00246,2024-06,2192.35
C00246,2024-07,4682.92
C00246,2024-09,59344.33
C00246,2024-11,28036.440000000002
C00246,2024-12,70645.07
C00246,2025-01,1667.64
C00246,2025-02,28937.81
C00246,2025-03,5624.36
C00246,2025-04,19273.56
C00246,2025-05,14791.29
C00246,2025-07,3694.7999999999997
C00246,2025-09,44014.27
C00246,2025-10,5482.45
C00246,2025-12,2511.94
C00247,2024-01,54367.35
C00247,2024-02,84420.59
C00247,2024-03,4508.1
C00247,2024-05,2941.88
C00247,2024-07,8507.87
C00247,2024-09,21992.230000000003
C00247,2024-10,44976.04
C00247,2024-11,6915.25
C00247,2024-12,32923.99
C00247,2025-01,2265.7
C00247,2025-02,63946.68
C00247,2025-03,2134.15
C00247,2025-04,25927.55
C00247,2025-05,38864.46
C00247,2025-07,1294.52
C00247,2025-08,53087.63
C00247,2025-09,14051.73
C00247,2025-10,49250.45
C00247,2025-11,2008.72
C00247,2025-12,12510.19
C00248,2024-01,303.31
C00248,2024-02,17395.54
C00248,2024-03,8563.15
C00248,2024-05,2233.44
C00248,2024-06,16545.48
C00248,2024-08,3726.41
C00248,2024-09,38016.81
C00248,2024-10,9781.99
C00248,2024-11,4139.43
C00248,2024-12,23585.37
C00248,2025-01,16454.85
C00248,2025-03,53344.24
C00248,2025-05,2214.89
C00248,2025-06,3719.02
C00248,2025-07,39248.12
C00248,2025-08,3611.4300000000003
C00248,2025-09,28255.559999999998
C00248,2025-10,2066.99
C00248,2025-11,36417.78
C00248,2025-12,3196.72
C00249,2024-01,63148.810000000005
C00249,2024-03,15601.68
C00249,2024-04,13959.19
C00249,2024-05,13251.21
C00249,2024-06,35723.619999999995
C00249,2024-07,13879.98
C00249,2024-08,22994.65
C00249,2024-10,35406.68
C00249,2024-11,17718.55
C00249,2024-12,9104.51
C00249,2025-02,16404.05
C00249,2025-03,1181.99
C00249,2025-04,4391.08
C00249,2025-05,14892.32
C00249,2025-07,2823.2
C00249,2025-08,24358.36
C00249,2025-11,5732.83
C00249,2025-12,2849.2000000000003
C00250,2024-03,3056.79
C00250,2024-04,1979.59
C00250,2024-06,2094.45
C00250,2024-07,36236.55
C00250,2024-08,12508.46
C00250,2024-09,49199.13
C00250,2024-10,6095.59
C00250,2024-11,9763.79
C00250,2025-01,22181.61
C00250,2025-04,3011.9
C00250,2025-05,2965.55
C00250,2025-06,4385.33
C00250,2025-07,26923.379999999997
C00250,2025-08,18075.32
C00250,2025-09,12718.69
C00250,2025-11,10470.45
C00250,2025-12,4418.4400000000005
C00251,2024-01,8793.14
C00251,2024-02,6692.59
C00251,2024-03,9287.95
C00251,2024-05,12616.23
C00251,2024-06,6530.91
C00251,2024-07,5792.05
C00251,2024-08,13159.81
C00251,2024-09,10316.83
C00251,2024-10,15633.69
C00251,2025-01,19776.82
C00251,2025-02,14744.86
C00251,2025-03,17111.38
C00251,2025-04,7707.959999999999
C00251,2025-05,7195.460000000001
C00251,2025-06,3607.24
C00251,2025-07,1238.41
C00251,2025-10,16581.09
C00252,2024-02,1082.65
C00252,2024-05,1204.09
C00252,2024-06,14802.51
C00252,2024-07,27439.01
C00252,2024-09,14698.45
C00252,2024-10,1074.78
C00252,2024-11,9286.289999999999
C00252,2024-12,2328.49
C00252,2025-01,8793.47
C00252,2025-02,12271.75
C00252,2025-03,46459.119999999995
C00252,2025-04,5664.04
C00252,2025-05,1670.3600000000001
C00252,2025-06,8231.22
C00252,2025-07,19406.9
C00252,2025-08,2845.88
C00252,2025-09,1614.06
C00252,2025-11,2737.67
C00253,2024-01,3928.41
C00253,2024-02,6854.47
C00253,2024-04,10169.05
C00253,2024-05,5762.21
C00253,2024-06,41525.69
C00253,2024-08,20775.06
C00253,2024-09,6033.98
C00253,2024-10,5729.1
C00253,2024-11,3071.27
C00253,2024-12,8146.289999999999
C00253,2025-02,27777.27
C00253,2025-03,53203.68
C00253,2025-04,91885.58
C00253,2025-05,21382.23
C00253,2025-07,26747.39
C00253,2025-08,37418.270000000004
C00253,2025-09,1443.07
C00253,2025-10,4900.24
C00253,2025-11,5638.67
C00253,2025-12,735.58
C00254,2024-01,16522.78
C00254,2024-02,13975.5
C00254,2024-03,36443.740000000005
C00254,2024-04,2906.62
C00254,2024-05,7177.47
C00254,2024-06,13296.83
C00254,2024-07,67302.89
C00254,2024-08,20628.84
C00254,2024-09,5957.32
C00254,2024-11,43817.78
C00254,2024-12,3310.86
C00254,2025-03,12557.85
C00254,2025-04,592.39
C00254,2025-05,4594.82
C00254,2025-06,2682.52
C00254,2025-08,1739.92
C00254,2025-09,13082.08
C00254,2025-10,2060.85
C00254,2025-12,4566.73
C00255,2024-01,49077.66
C00255,2024-02,2614.92
C00255,2024-03,7303.55
C00255,2024-04,5122.14
C00255,2024-05,20565.66
C00255,2024-06,25379.589999999997
C00255,2024-07,16312.71
C00255,2024-08,2066.63
C00255,2024-09,26745.8
C00255,2024-10,6369.16
C00255,2024-11,2773.1
C00255,2024-12,20634.88
C00255,2025-01,11463.56
C00255,2025-02,1765.78
C00255,2025-03,18130.03
C00255,2025-04,7730.43
C00255,2025-05,1793.72
C00255,2025-06,6534.94
C00255,2025-07,58120.52
C00255,2025-09,86021.69
C00255,2025-12,5691.9400000000005
C00256,2024-01,2261.4
C00256,2024-02,85183.62
C00256,2024-03,42295.9
C00256,2024-04,19085.03
C00256,2024-05,1322.81
C00256,2024-08,15254.05
C00256,2024-09,51213.7
C00256,2024-11,14951.25
C00256,2025-01,560.91
C00256,2025-02,15525.52
C00256,2025-04,6293.71
C00256,2025-05,2420.64
C00256,2025-06,50433.15
C00256,2025-07,36382.08
C00256,2025-09,429.59
C00256,2025-11,40813.95
C00257,2024-01,33012.95
C00257,2024-02,21954.52
C00257,2024-03,1130.67
C00257,2024-05,1600.92
C00257,2024-07,1568.63
C00257,2024-08,10671.43
C00257,2024-09,30967.26
C00257,2024-11,4357.5
C00257,2025-01,701.69
C00257,2025-02,3787.93
C00257,2025-03,3071.81
C00257,2025-04,1601.14
C00257,2025-06,25295.84
C00257,2025-08,2661.66
C00257,2025-09,12789.54
C00257,2025-10,14588.1
C00257,2025-11,55526.49
C00257,2025-12,75803.09
C00258,2024-01,2595.54
C00258,2024-02,1432.22
C00258,2024-03,5143.99
C00258,2024-05,1791.73
C00258,2024-07,8289.24
C00258,2024-08,1993.55
C00258,2024-10,59005.88
C00258,2024-11,419.16
C00258,2025-01,41968.259999999995
C00258,2025-04,1135.38
C00258,2025-05,2194.74
C00258,2025-06,57575.17
C00258,2025-08,21379.15
C00258,2025-09,13542.14
C00258,2025-10,3018.08
C00258,2025-11,25478.47
C00258,2025-12,20270.34
C00259,2024-02,33201.55
C00259,2024-06,61737.01
C00259,2024-08,3000.44
C00259,2024-09,1105.16
C00259,2024-10,15967.52
C00259,2024-12,9807.849999999999
C00259,2025-02,22513.05
C00259,2025-03,29314.309999999998
C00259,2025-05,287.86
C00259,2025-06,4996.51
C00259,2025-07,45531.27
C00259,2025-08,1912.94
C00259,2025-09,10464.4
C00259,2025-11,52953.479999999996
C00259,2025-12,26566.85
C00260,2024-01,16287.82
C00260,2024-02,16818.48
C00260,2024-04,35967.15
C00260,2024-05,24966.43
C00260,2024-07,929.62
C00260,2024-08,30114.95
C00260,2024-09,1506.42
C00260,2024-10,14509.920000000002
C00260,2024-11,57771.10999999999
C00260,2024-12,88420.87000000001
C00260,2025-01,54342.85
C00260,2025-02,36602.06
C00260,2025-04,10547.12
C00260,2025-05,17775.2
C00260,2025-06,3458.09
C00260,2025-07,3185.04
C00260,2025-08,60052.17
C00260,2025-09,29370.21
C00260,2025-10,13368.64
C00260,2025-11,37507.159999999996
C00260,2025-12,20157.879999999997
C00261,2024-01,3332.1400000000003
C00261,2024-02,24231.32
C00261,2024-03,889.67
C00261,2024-04,32465.56
C00261,2024-05,1675.68
C00261,2024-06,18145.67
C00261,2024-07,10045.33
C00261,2024-10,36731.600000000006
C00261,2024-12,48958.659999999996
C00261,2025-01,52343.19
C00261,2025-02,3354.33
C00261,2025-03,15799.35
C00261,2025-05,13015.26
C00261,2025-06,9168.01
C00261,2025-07,6201.88
C00261,2025-08,38706.5
C00261,2025-09,5552.23
C00261,2025-10,25434.409999999996
C00261,2025-12,6033.18
C00262,2024-01,2512.27
C00262,2024-02,5563.03
C00262,2024-03,171.28
C00262,2024-04,431.28
C00262,2024-05,24820.84
C00262,2024-07,36335.99
C00262,2024-08,20464.22
C00262,2024-09,2498.5
C00262,2024-10,2404.69
C00262,2024-11,14464.09
C00262,2025-02,10913.560000000001
C00262,2025-03,3643.44
C00262,2025-04,39782.38
C00262,2025-05,33686.4
C00262,2025-06,77003.09
C00262,2025-07,29285.56
C00262,2025-08,7953.36
C00262,2025-09,14160.6
C00262,2025-10,28124.09
C00262,2025-11,12044.27
C00262,2025-12,2886.81
C00263,2024-01,1442.07
C00263,2024-02,6880.48
C00263,2024-03,9932.89
C00263,2024-04,34835.64
C00263,2024-06,3115.5299999999997
C00263,2024-07,6235.3
C00263,2024-08,18915.77
C00263,2024-09,1944.46
C00263,2024-10,3580.2599999999998
C00263,2024-11,2704.08
C00263,2024-12,2765.86
C00263,2025-01,3325.43
C00263,2025-02,20799.11
C00263,2025-03,25278.07
C00263,2025-05,40865.55
C00263,2025-07,25500.009999999995
C00263,2025-08,1038.37
C00263,2025-09,4342.34
C00263,2025-10,37303.439999999995
C00263,2025-12,40685.21000000001
C00264,2024-02,917.95
C00264,2024-03,43320.03999999999
C00264,2024-04,12903.21
C00264,2024-05,24064.64
C00264,2024-06,9449.35
C00264,2024-07,13568.810000000001
C00264,2024-08,32307.96
C00264,2024-09,29849.32
C00264,2024-10,869.24
C00264,2024-11,836.0
C00264,2024-12,6375.16
C00264,2025-01,3091.75
C00264,2025-04,17776.370000000003
C00264,2025-05,35204.82
C00264,2025-06,7842.1
C00264,2025-07,39865.37
C00264,2025-08,21101.010000000002
C00264,2025-09,45443.3
C00264,2025-10,2714.65
C00264,2025-11,5215.9
C00264,2025-12,10986.529999999999
C00265,2024-02,83269.31
C00265,2024-03,2957.71
C00265,2024-06,5861.48
C00265,2024-07,572.97
C00265,2024-08,28700.23
C00265,2024-09,54236.82
C00265,2024-11,40333.75
C00265,2025-02,1384.18
C00265,2025-03,29149.71
C00265,2025-04,35294.83
C00265,2025-06,7541.74
C00265,2025-07,33847.409999999996
C00265,2025-08,21566.719999999998
C00265,2025-10,1320.42
C00265,2025-11,2921.43
C00266,2024-01,13122.19
C00266,2024-02,23350.29
C00266,2024-03,5267.799999999999
C00266,2024-04,9649.83
C00266,2024-05,10766.85
C00266,2024-06,1655.43
C00266,2024-07,43596.840000000004
C00266,2024-08,23372.370000000003
C00266,2024-09,7864.52
C00266,2024-10,1463.86
C00266,2024-12,49707.55
C00266,2025-01,2195.31
C00266,2025-02,100500.05
C00266,2025-04,15605.539999999999
C00266,2025-05,3079.58
C00266,2025-06,14183.94
C00266,2025-08,20668.71
C00266,2025-09,66074.53
C00266,2025-10,2511.11
C00266,2025-11,24250.46
C00266,2025-12,44692.81
C00267,2024-01,2187.48
C00267,2024-02,13416.080000000002
C00267,2024-03,3737.28
C00267,2024-04,5178.65
C00267,2024-06,1077.85
C00267,2024-07,2502.98
C00267,2024-08,6786.44
C00267,2024-09,3333.99
C00267,2024-10,6045.36
C00267,2024-12,71514.06
C00267,2025-01,5522.1
C00267,2025-02,28043.72
C00267,2025-03,24171.46
C00267,2025-04,7967.5199999999995
C00267,2025-05,2951.63
C00267,2025-06,28837.010000000002
C00267,2025-08,9708.49
C00267,2025-09,3760.1000000000004
C00267,2025-11,11465.73
C00267,2025-12,3429.81
C00268,2024-03,3252.75
C00268,2024-04,17901.31
C00268,2024-05,1438.95
C00268,2024-06,2897.73
C00268,2024-07,829.31
C00268,2024-08,39021.72
C00268,2024-10,4248.99
C00268,2024-11,4317.13
C00268,2024-12,11560.06
C00268,2025-01,5491.15
C00268,2025-02,10494.8
C00268,2025-03,48936.71
C00268,2025-05,15172.130000000001
C00268,2025-06,79432.13
C00268,2025-07,1994.13
C00268,2025-08,17701.43
C00268,2025-09,6423.4800000000005
C00268,2025-11,1239.76
C00268,2025-12,320.77
C00269,2024-01,56024.23
C00269,2024-02,2788.12
C00269,2024-03,7369.39
C00269,2024-04,12462.97
C00269,2024-05,2295.95
C00269,2024-07,1998.92
C00269,2024-08,9421.88
C00269,2024-09,18631.43
C00269,2024-10,16299.51
C00269,2025-01,30065.52
C00269,2025-02,2125.53
C00269,2025-03,37870.76
C00269,2025-04,1476.42
C00269,2025-06,3199.84
C00269,2025-07,27550.010000000002
C00269,2025-08,12298.98
C00269,2025-09,6210.54
C00269,2025-10,15546.32
C00269,2025-11,24597.41
C00269,2025-12,3956.47
C00270,2024-01,1752.3899999999999
C00270,2024-02,9586.13
C00270,2024-04,40470.51
C00270,2024-05,31222.780000000002
C00270,2024-06,16817.949999999997
C00270,2024-07,3303.73
C00270,2024-08,3893.27
C00270,2024-09,25734.63
C00270,2024-11,19819.67
C00270,2024-12,1287.83
C00270,2025-01,1468.17
C00270,2025-02,5687.139999999999
C00270,2025-04,4389.19
C00270,2025-05,18669.53
C00270,2025-06,5719.41
C00270,2025-08,55780.03
C00270,2025-09,7379.04
C00270,2025-10,41798.32
C00270,2025-11,13474.61
C00271,2024-01,54130.5
C00271,2024-02,5799.76
C00271,2024-03,49163.89
C00271,2024-04,6244.89
C00271,2024-05,14068.09
C00271,2024-06,7559.79
C00271,2024-08,4134.88
C00271,2024-09,1830.34
C00271,2024-10,17186.26
C00271,2024-11,1514.02
C00271,2024-12,10478.12
C00271,2025-01,22234.7
C00271,2025-02,6519.55
C00271,2025-03,6609.97
C00271,2025-04,12487.789999999999
C00271,2025-06,1681.78
C00271,2025-07,2255.97
C00271,2025-09,687.75
C00271,2025-10,78125.16
C00271,2025-11,40890.99
C00271,2025-12,1160.55
C00272,2024-01,29703.129999999997
C00272,2024-02,49196.36
C00272,2024-03,1783.06
C00272,2024-04,57337.07
C00272,2024-05,69442.86
C00272,2024-06,3388.92
C00272,2024-08,15482.08
C00272,2024-09,3628.03
C00272,2024-10,1069.91
C00272,2024-12,6298.61
C00272,2025-01,1420.76
C00272,2025-03,1145.64
C00272,2025-05,35565.96000000001
C00272,2025-06,3662.94
C00272,2025-07,14429.48
C00272,2025-08,2003.28
C00272,2025-09,3500.29
C00272,2025-10,1366.12
C00272,2025-11,12407.67
C00272,2025-12,19401.690000000002
C00273,2024-01,27877.47
C00273,2024-02,12411.289999999999
C00273,2024-03,9537.82
C00273,2024-04,14317.16
C00273,2024-05,25285.86
C00273,2024-07,4335.33
C00273,2024-08,12508.439999999999
C00273,2024-10,1023.61
C00273,2024-11,31625.38
C00273,2024-12,1872.93
C00273,2025-01,2326.77
C00273,2025-02,4564.66
C00273,2025-03,9750.79
C00273,2025-04,916.75
C00273,2025-07,22967.01
C00273,2025-08,15388.05
C00273,2025-11,4311.8099999999995
C00274,2024-01,344.13
C00274,2024-03,4040.85
C00274,2024-04,18072.34
C00274,2024-06,46030.19
C00274,2024-07,29625.589999999997
C00274,2024-09,22107.59
C00274,2024-10,48002.97
C00274,2024-11,2602.67
C00274,2025-01,14723.33
C00274,2025-05,34178.68
C00274,2025-06,13031.130000000001
C00274,2025-07,175.34
C00274,2025-09,10931.480000000001
C00274,2025-10,8410.84
C00274,2025-11,50099.45
C00274,2025-12,1249.37
C00275,2024-02,2456.16
C00275,2024-04,28588.25
C00275,2024-05,15462.65
C00275,2024-06,21440.24
C00275,2024-07,26705.7
C00275,2024-10,9552.51
C00275,2024-11,15353.61
C00275,2025-01,54544.67
C00275,2025-03,34990.67
C00275,2025-04,38584.39
C00275,2025-05,4778.18
C00275,2025-07,22252.66
C00275,2025-08,3402.95
C00275,2025-10,13840.82
C00275,2025-11,9337.49
C00275,2025-12,14304.06
C00276,2024-01,8213.92
C00276,2024-02,759.1
C00276,2024-03,16657.0
C00276,2024-04,23169.22
C00276,2024-07,21042.16
C00276,2024-08,2257.76
C00276,2024-10,2191.42
C00276,2024-11,4135.53
C00276,2024-12,35817.270000000004
C00276,2025-01,58747.34
C00276,2025-02,20826.09
C00276,2025-03,290.68
C00276,2025-04,10969.470000000001
C00276,2025-05,15635.13
C00276,2025-06,56444.1
C00276,2025-08,4391.55
C00276,2025-10,3951.65
C00276,2025-11,9291.93
C00276,2025-12,24634.95
C00277,2024-01,116483.79000000001
C00277,2024-02,23647.44
C00277,2024-04,11058.66
C00277,2024-06,158.42
C00277,2024-07,20936.78
C00277,2024-08,9341.61
C00277,2024-09,1166.83
C00277,2024-10,19097.49
C00277,2024-11,5240.79
C00277,2024-12,14106.77
C00277,2025-02,78733.40000000001
C00277,2025-05,7541.78
C00277,2025-06,16327.47
C00277,2025-08,717.28
C00277,2025-09,173.07
C00277,2025-10,1264.41
C00277,2025-11,1031.39
C00277,2025-12,18463.84
C00278,2024-01,33174.27
C00278,2024-03,4973.110000000001
C00278,2024-04,6585.18
C00278,2024-05,65147.55
C00278,2024-07,339.81
C00278,2024-09,335.72
C00278,2024-12,5900.0
C00278,2025-01,2453.11
C00278,2025-02,600.84
C00278,2025-04,7406.11
C00278,2025-06,6928.280000000001
C00278,2025-07,28438.690000000002
C00278,2025-08,6121.5
C00278,2025-09,37050.07
C00278,2025-10,34975.0
C00278,2025-12,26142.38
C00279,2024-01,27038.74
C00279,2024-02,608.89
C00279,2024-03,7424.01
C00279,2024-04,66147.98999999999
C00279,2024-05,2067.46
C00279,2024-06,5710.82
C00279,2024-07,27397.14
C00279,2024-08,23962.55
C00279,2024-09,7551.129999999999
C00279,2024-10,20810.09
C00279,2024-11,19365.92
C00279,2025-01,4321.09
C00279,2025-02,18976.77
C00279,2025-03,4432.33
C00279,2025-04,4325.66
C00279,2025-05,53950.88
C00279,2025-06,20204.46
C00279,2025-08,7549.31
C00279,2025-09,26443.120000000003
C00279,2025-10,25438.91
C00279,2025-11,22199.809999999998
C00279,2025-12,4962.889999999999
C00280,2024-01,3698.69
C00280,2024-02,2850.5
C00280,2024-05,1753.24
C00280,2024-06,17191.11
C00280,2024-09,21587.65
C00280,2024-10,2235.23
C00280,2024-11,3567.49
C00280,2025-02,9152.15
C00280,2025-03,13339.08
C00280,2025-04,22574.01
C00280,2025-05,3457.62
C00280,2025-06,82018.99
C00280,2025-07,21610.02
C00280,2025-10,36526.54
C00280,2025-11,36539.35
C00280,2025-12,22006.87
C00281,2024-01,2663.18
C00281,2024-02,28275.87
C00281,2024-03,29364.25
C00281,2024-04,35957.79
C00281,2024-05,7452.43
C00281,2024-06,17706.5
C00281,2024-09,33797.25
C00281,2024-10,27969.77
C00281,2024-11,58642.19
C00281,2025-01,5967.81
C00281,2025-07,52098.21
C00281,2025-08,1807.37
C00281,2025-10,4306.63
C00281,2025-11,1055.15
C00281,2025-12,105046.18
C00282,2024-03,56171.23
C00282,2024-04,11747.85
C00282,2024-05,31993.989999999998
C00282,2024-08,43039.399999999994
C00282,2024-09,1682.58
C00282,2024-12,4599.02
C00282,2025-01,15765.12
C00282,2025-02,23877.66
C00282,2025-05,8753.39
C00282,2025-06,43551.35
C00282,2025-07,2576.56
C00282,2025-10,12996.63
C00282,2025-11,25123.35
C00282,2025-12,33252.9
C00283,2024-02,407.94
C00283,2024-03,113358.89
C00283,2024-04,1878.73
C00283,2024-05,27632.45
C00283,2024-07,3124.64
C00283,2024-08,1016.2
C00283,2024-09,22427.489999999998
C00283,2024-10,42310.380000000005
C00283,2024-11,10721.279999999999
C00283,2024-12,1487.7800000000002
C00283,2025-01,38146.48
C00283,2025-04,3189.51
C00283,2025-05,26975.14
C00283,2025-06,12094.140000000001
C00283,2025-07,44975.04
C00283,2025-08,24142.6
C00283,2025-09,5754.78
C00283,2025-11,56330.89
C00283,2025-12,9259.73
C00284,2024-01,3452.07
C00284,2024-02,6534.13
C00284,2024-04,20933.45
C00284,2024-05,12601.69
C00284,2024-07,20056.58
C00284,2024-08,36747.78
C00284,2024-09,14899.89
C00284,2024-10,8702.32
C00284,2024-11,4759.06
C00284,2025-01,35395.86
C00284,2025-02,8110.09
C00284,2025-03,1832.59
C00284,2025-05,23235.71
C00284,2025-06,1418.57
C00284,2025-07,17683.91
C00284,2025-08,1085.28
C00284,2025-09,13124.939999999999
C00284,2025-10,17037.25
C00284,2025-11,59512.56
C00284,2025-12,8110.99
C00285,2024-01,28014.21
C00285,2024-02,545.57
C00285,2024-03,134914.81
C00285,2024-04,6863.31
C00285,2024-05,5525.469999999999
C00285,2024-06,6184.26
C00285,2024-07,15784.1
C00285,2024-08,39738.68
C00285,2024-09,63161.82
C00285,2024-11,1684.48
C00285,2024-12,767.93
C00285,2025-01,13687.96
C00285,2025-03,24424.59
C00285,2025-04,10479.130000000001
C00285,2025-05,2870.42
C00285,2025-06,48158.759999999995
C00285,2025-07,19633.06
C00285,2025-09,1550.31
C00285,2025-10,8905.12
C00285,2025-11,13517.48
C00285,2025-12,6013.110000000001
C00286,2024-01,18372.379999999997
C00286,2024-02,25448.02
C00286,2024-03,38289.229999999996
C00286,2024-04,2150.14
C00286,2024-05,1557.01
C00286,2024-06,13400.31
C00286,2024-07,1329.84
C00286,2024-08,19751.39
C00286,2024-09,8671.45
C00286,2024-10,14601.84
C00286,2024-11,9665.88
C00286,2024-12,2190.1
C00286,2025-01,625.96
C00286,2025-02,3913.98
C00286,2025-03,13456.82
C00286,2025-04,41922.24
C00286,2025-05,1875.6200000000001
C00286,2025-06,20578.010000000002
C00286,2025-07,24584.17
C00286,2025-10,25523.58
C00286,2025-12,11525.5
C00287,2024-03,24889.5
C00287,2024-04,2695.51
C00287,2024-05,7578.94
C00287,2024-06,7907.700000000001
C00287,2024-07,20153.87
C00287,2024-08,1273.85
C00287,2024-09,2748.3
C00287,2024-10,32460.170000000002
C00287,2024-11,922.29
C00287,2024-12,6000.05
C00287,2025-01,40831.66
C00287,2025-03,1251.02
C00287,2025-04,1912.25
C00287,2025-05,12895.45
C00287,2025-06,45379.47
C00287,2025-08,61423.1
C00287,2025-09,26705.19
C00287,2025-11,89038.51
C00287,2025-12,12375.88
C00288,2024-01,10082.869999999999
C00288,2024-03,33261.5
C00288,2024-04,3757.25
C00288,2024-05,2106.77
C00288,2024-06,16131.76
C00288,2024-07,2292.82
C00288,2024-08,15581.72
C00288,2024-09,7315.52
C00288,2024-10,41095.96
C00288,2024-11,19774.7
C00288,2024-12,9473.0
C00288,2025-01,2266.26
C00288,2025-03,7245.04
C00288,2025-05,74406.85
C00288,2025-06,14641.22
C00288,2025-07,21195.32
C00288,2025-09,4287.74
C00288,2025-11,7996.26
C00289,2024-01,960.97
C00289,2024-02,8450.87
C00289,2024-03,670.98
C00289,2024-05,62021.369999999995
C00289,2024-06,19703.05
C00289,2024-07,4363.93
C00289,2024-09,649.19
C00289,2024-11,2448.31
C00289,2024-12,673.97
C00289,2025-01,23486.39
C00289,2025-02,18919.39
C00289,2025-03,2903.58
C00289,2025-04,3801.01
C00289,2025-05,39538.7
C00289,2025-06,40429.34
C00289,2025-07,55484.26
C00289,2025-08,2446.98
C00289,2025-09,2877.03
C00289,2025-10,1370.77
C00289,2025-11,1984.06
C00290,2024-01,50003.39
C00290,2024-03,9919.29
C00290,2024-04,1819.73
C00290,2024-05,1550.63
C00290,2024-07,1129.04
C00290,2024-08,17567.06
C00290,2024-09,1933.87
C00290,2024-10,2362.89
C00290,2024-11,22876.23
C00290,2024-12,33261.55
C00290,2025-01,4666.54
C00290,2025-02,16101.61
C00290,2025-04,2488.71
C00290,2025-06,2005.85
C00290,2025-07,10980.59
C00290,2025-08,55897.16
C00290,2025-09,13665.05
C00290,2025-10,2554.62
C00290,2025-11,12843.06
C00290,2025-12,5261.950000000001
C00291,2024-01,19709.25
C00291,2024-02,333.3
C00291,2024-03,11790.32
C00291,2024-04,2246.92
C00291,2024-05,3865.92
C00291,2024-06,30386.49
C00291,2024-07,37396.35
C00291,2024-08,40757.07
C00291,2024-09,26806.61
C00291,2024-10,6559.12
C00291,2024-11,215.01
C00291,2024-12,317.76
C00291,2025-01,1932.15
C00291,2025-02,13568.69
C00291,2025-04,2938.41
C00291,2025-05,15848.189999999999
C00291,2025-06,1499.7
C00291,2025-07,75684.08
C00291,2025-10,37089.67
C00291,2025-11,515.84
C00291,2025-12,34543.950000000004
C00292,2024-01,965.88
C00292,2024-03,1188.26
C00292,2024-04,972.59
C00292,2024-06,18419.71
C00292,2024-07,3050.62
C00292,2024-08,22064.47
C00292,2024-10,21419.82
C00292,2024-11,12894.05
C00292,2025-01,17945.07
C00292,2025-02,31784.72
C00292,2025-03,30666.15
C00292,2025-04,14943.45
C00292,2025-06,3510.62
C00292,2025-07,21902.46
C00292,2025-08,778.34
C00292,2025-09,33878.45
C00292,2025-10,12608.62
C00292,2025-11,92660.73000000001
C00293,2024-01,56764.97
C00293,2024-02,28264.93
C00293,2024-03,4824.349999999999
C00293,2024-04,53202.520000000004
C00293,2024-06,4924.85
C00293,2024-07,59947.509999999995
C00293,2024-08,36396.85
C00293,2024-11,21084.27
C00293,2025-01,3152.9
C00293,2025-04,2953.2200000000003
C00293,2025-05,930.94
C00293,2025-06,498.19
C00293,2025-07,2445.63
C00293,2025-08,9477.24
C00293,2025-10,1469.84
C00293,2025-11,2317.93
C00293,2025-12,12094.14
C00294,2024-01,2123.44
C00294,2024-02,10580.81
C00294,2024-07,31245.22
C00294,2024-08,2383.01
C00294,2024-09,2234.52
C00294,2024-10,4456.35
C00294,2024-11,12474.19
C00294,2024-12,11743.71
C00294,2025-01,1817.52
C00294,2025-02,11704.94
C00294,2025-03,15285.39
C00294,2025-04,17543.38
C00294,2025-05,705.09
C00294,2025-06,1865.87
C00294,2025-07,1543.52
C00294,2025-08,45723.44
C00294,2025-09,299.24
C00294,2025-11,57880.93
C00294,2025-12,17659.46
C00295,2024-01,20408.18
C00295,2024-02,2770.71
C00295,2024-03,3569.75
C00295,2024-04,2678.88
C00295,2024-05,40993.93
C00295,2024-06,2272.88
C00295,2024-07,15231.88
C00295,2024-08,12616.44
C00295,2024-10,27963.14
C00295,2024-11,38663.31999999999
C00295,2025-01,1459.97
C00295,2025-02,17385.99
C00295,2025-03,22004.45
C00295,2025-04,21499.289999999997
C00295,2025-05,16854.15
C00295,2025-06,2799.12
C00295,2025-07,88859.76999999999
C00295,2025-10,10166.87
C00295,2025-11,1724.85
C00295,2025-12,62580.85
C00296,2024-01,16992.89
C00296,2024-03,3098.55
C00296,2024-04,2678.25
C00296,2024-05,12781.51
C00296,2024-06,9846.54
C00296,2024-07,4016.26
C00296,2024-09,16402.59
C00296,2024-10,35167.0
C00296,2024-11,6800.099999999999
C00296,2024-12,694.8
C00296,2025-01,12246.28
C00296,2025-02,247.18
C00296,2025-03,30798.48
C00296,2025-04,12454.12
C00296,2025-05,1937.23
C00296,2025-06,5214.14
C00296,2025-07,2349.71
C00296,2025-08,20546.850000000002
C00296,2025-09,33929.99
C00296,2025-10,3119.06
C00296,2025-12,24590.11
C00297,2024-01,17658.27
C00297,2024-03,12766.449999999999
C00297,2024-04,18046.82
C00297,2024-05,2250.63
C00297,2024-06,34728.72
C00297,2024-07,17648.02
C00297,2024-08,3870.7
C00297,2024-10,8649.91
C00297,2024-11,33892.71
C00297,2024-12,79728.8
C00297,2025-01,1276.21
C00297,2025-02,19278.44
C00297,2025-03,2262.14
C00297,2025-04,1311.66
C00297,2025-06,1346.73
C00297,2025-08,1196.68
C00297,2025-10,9759.43
C00297,2025-11,24717.149999999998
C00297,2025-12,975.14
C00298,2024-02,34198.83
C00298,2024-03,12136.32
C00298,2024-04,33080.020000000004
C00298,2024-05,253.01
C00298,2024-06,1959.96
C00298,2024-07,57670.87
C00298,2024-08,2252.59
C00298,2024-09,19824.06
C00298,2024-10,38782.27
C00298,2024-11,8144.6900000000005
C00298,2024-12,4986.52
C00298,2025-01,15338.829999999998
C00298,2025-02,58728.87
C00298,2025-04,1157.87
C00298,2025-05,1278.11
C00298,2025-06,29927.64
C00298,2025-07,2062.24
C00298,2025-09,29540.11
C00298,2025-10,5409.11
C00298,2025-11,2352.84
C00298,2025-12,14070.13
C00299,2024-01,4840.27
C00299,2024-04,11901.39
C00299,2024-06,32291.59
C00299,2024-07,20278.79
C00299,2024-08,32837.51
C00299,2024-09,25439.28
C00299,2024-10,1447.16
C00299,2024-11,12543.73
C00299,2024-12,1252.88
C00299,2025-02,17734.0
C00299,2025-04,4298.15
C00299,2025-05,4006.46
C00299,2025-06,106847.52
C00299,2025-07,35836.9
C00299,2025-08,3120.4700000000003
C00299,2025-09,3348.4799999999996
C00299,2025-12,3691.6
C00300,2024-01,6151.43
C00300,2024-02,16185.09
C00300,2024-03,23859.29
C00300,2024-04,961.61
C00300,2024-05,18479.96
C00300,2024-06,16908.78
C00300,2024-07,1998.19
C00300,2024-08,2900.69
C00300,2024-10,62198.3
C00300,2024-11,20217.33
C00300,2025-01,1219.7
C00300,2025-03,12442.65
C00300,2025-04,8461.9
C00300,2025-05,38980.56
C00300,2025-06,26097.8
C00300,2025-07,8230.869999999999
C00300,2025-08,54802.770000000004
C00300,2025-09,22394.39
C00300,2025-10,20702.8
C00300,2025-11,2518.7
C00300,2025-12,10380.96
C00301,2024-01,20369.27
C00301,2024-02,2936.21
C00301,2024-03,3891.19
C00301,2024-04,12371.77
C00301,2024-05,15104.52
C00301,2024-06,934.94
C00301,2024-07,55475.380000000005
C00301,2024-09,14546.57
C00301,2024-10,2141.72
C00301,2024-11,1252.21
C00301,2024-12,932.2
C00301,2025-02,19664.969999999998
C00301,2025-03,41723.66
C00301,2025-04,38283.17
C00301,2025-05,2462.65
C00301,2025-07,24207.58
C00301,2025-09,4336.76
C00301,2025-10,3377.53
C00301,2025-12,1117.72
C00302,2024-01,342.48
C00302,2024-02,22397.75
C00302,2024-03,54273.100000000006
C00302,2024-04,26600.61
C00302,2024-05,7512.16
C00302,2024-06,5085.8099999999995
C00302,2024-08,40874.07
C00302,2024-09,49474.700000000004
C00302,2024-10,17827.46
C00302,2024-11,74788.29999999999
C00302,2024-12,84174.5
C00302,2025-01,257.88
C00302,2025-02,29749.64
C00302,2025-03,1665.78
C00302,2025-04,7434.95
C00302,2025-05,36227.34
C00302,2025-06,23454.129999999997
C00302,2025-07,35618.52
C00302,2025-10,1435.86
C00302,2025-11,60122.42
C00303,2024-01,15288.28
C00303,2024-02,25453.9
C00303,2024-03,6518.25
C00303,2024-04,4459.0
C00303,2024-05,2957.75
C00303,2024-06,11629.13
C00303,2024-08,15739.0
C00303,2024-09,5229.389999999999
C00303,2024-10,19377.690000000002
C00303,2024-11,5811.78
C00303,2024-12,7876.62
C00303,2025-01,33010.03
C00303,2025-03,6796.349999999999
C00303,2025-05,3286.0299999999997
C00303,2025-06,4723.96
C00303,2025-07,20397.81
C00303,2025-08,22741.84
C00303,2025-09,2403.83
C00303,2025-10,7512.3
C00303,2025-12,18109.75
C00304,2024-01,48879.4
C00304,2024-02,11967.32
C00304,2024-03,13090.529999999999
C00304,2024-04,3989.68
C00304,2024-05,21340.629999999997
C00304,2024-06,1857.4
C00304,2024-07,2277.3
C00304,2024-08,6966.709999999999
C00304,2024-10,19937.510000000002
C00304,2025-02,2427.64
C00304,2025-03,1524.18
C00304,2025-04,7613.18
C00304,2025-06,16168.06
C00304,2025-07,1996.83
C00304,2025-09,8193.46
C00304,2025-10,781.35
C00305,2024-03,1538.83
C00305,2024-05,5513.41
C00305,2024-06,14209.37
C00305,2024-07,8134.469999999999
C00305,2024-08,38954.92
C00305,2024-09,2934.5699999999997
C00305,2024-10,19430.17
C00305,2024-12,56763.25
C00305,2025-01,17100.87
C00305,2025-02,56527.1
C00305,2025-03,21461.6
C00305,2025-04,22915.45
C00305,2025-05,59925.869999999995
C00305,2025-06,48120.68
C00305,2025-08,42779.229999999996
C00305,2025-09,1907.06
C00305,2025-10,10482.8
C00305,2025-11,4546.86
C00306,2024-01,7424.1900000000005
C00306,2024-02,33667.75
C00306,2024-03,1097.6
C00306,2024-04,1455.74
C00306,2024-06,6480.549999999999
C00306,2024-07,11798.42
C00306,2024-08,4575.72
C00306,2024-10,24330.85
C00306,2024-12,7258.13
C00306,2025-01,13025.71
C00306,2025-02,1316.12
C00306,2025-03,2817.33
C00306,2025-05,2960.61
C00306,2025-07,1826.06
C00306,2025-08,37447.2
C00306,2025-09,55773.25
C00306,2025-11,51802.24
C00306,2025-12,910.28
C00307,2024-01,1254.84
C00307,2024-02,2336.5
C00307,2024-03,2044.81
C00307,2024-04,12926.369999999999
C00307,2024-05,7986.540000000001
C00307,2024-06,9270.33
C00307,2024-08,53781.47
C00307,2024-09,23702.68
C00307,2024-12,43912.74
C00307,2025-01,728.96
C00307,2025-02,40223.69
C00307,2025-03,12331.05
C00307,2025-06,14665.449999999999
C00307,2025-07,4117.93
C00307,2025-08,13608.1
C00307,2025-09,922.97
C00307,2025-11,16649.15
C00307,2025-12,452.71
C00308,2024-03,8197.93
C00308,2024-05,8161.07
C00308,2024-07,1575.19
C00308,2024-08,28850.09
C00308,2024-09,36205.84
C00308,2024-10,14404.46
C00308,2024-11,2905.7
C00308,2024-12,19674.21
C00308,2025-01,14850.08
C00308,2025-02,32292.32
C00308,2025-03,11019.87
C00308,2025-05,4398.84
C00308,2025-06,16190.32
C00308,2025-09,38815.0
C00308,2025-10,59718.270000000004
C00308,2025-12,3651.74
C00309,2024-02,3872.2400000000002
C00309,2024-04,39692.76
C00309,2024-06,14860.69
C00309,2024-07,5735.48
C00309,2024-08,1603.75
C00309,2024-09,5647.6900000000005
C00309,2024-11,3514.85
C00309,2024-12,64639.43
C00309,2025-01,9152.01
C00309,2025-03,16128.21
C00309,2025-04,300.96
C00309,2025-06,2926.11
C00309,2025-08,1868.29
C00309,2025-09,6869.030000000001
C00309,2025-11,134168.28
C00310,2024-01,11331.84
C00310,2024-02,17718.51
C00310,2024-03,7290.25
C00310,2024-04,8671.07
C00310,2024-07,11381.46
C00310,2024-09,47134.119999999995
C00310,2024-10,26221.16
C00310,2024-11,5456.6
C00310,2024-12,49874.03
C00310,2025-01,43737.78
C00310,2025-02,10155.62
C00310,2025-03,3489.64
C00310,2025-04,2986.97
C00310,2025-05,5778.59
C00310,2025-06,14448.89
C00310,2025-07,11575.73
C00310,2025-08,29510.15
C00310,2025-09,1597.29
C00310,2025-10,30468.079999999998
C00310,2025-11,1134.79
C00310,2025-12,47264.52
C00311,2024-01,4206.83
C00311,2024-04,2658.41
C00311,2024-05,1482.71
C00311,2024-06,11735.78
C00311,2024-08,28643.41
C00311,2024-10,19841.039999999997
C00311,2025-01,8876.63
C00311,2025-03,16320.41
C00311,2025-04,700.31
C00311,2025-06,1299.67
C00311,2025-08,14600.22
C00311,2025-09,2452.44
C00311,2025-10,16100.699999999999
C00311,2025-11,3478.17
C00311,2025-12,2052.81
C00312,2024-02,4074.75
C00312,2024-03,71189.98999999999
C00312,2024-04,39515.78
C00312,2024-05,1955.19
C00312,2024-06,2778.44
C00312,2024-07,47312.909999999996
C00312,2024-08,16299.23
C00312,2025-01,1564.42
C00312,2025-02,1796.06
C00312,2025-03,6160.76
C00312,2025-04,35499.46
C00312,2025-05,5133.18
C00312,2025-06,19939.79
C00312,2025-07,60095.71
C00312,2025-08,6181.63
C00312,2025-10,30863.79
C00312,2025-12,42278.74
C00313,2024-01,5210.66
C00313,2024-03,742.94
C00313,2024-04,11000.34
C00313,2024-08,3502.8199999999997
C00313,2024-09,10199.380000000001
C00313,2024-11,10011.54
C00313,2024-12,49691.84
C00313,2025-01,22378.54
C00313,2025-02,22838.93
C00313,2025-03,98772.74
C00313,2025-05,26797.879999999997
C00313,2025-06,327.04
C00313,2025-07,15940.96
C00313,2025-08,1035.58
C00313,2025-09,7370.75
C00313,2025-10,56138.1
C00314,2024-01,1600.26
C00314,2024-02,8396.58
C00314,2024-04,7373.54
C00314,2024-05,18722.41
C00314,2024-06,38512.990000000005
C00314,2024-07,20542.22
C00314,2024-08,85977.92
C00314,2024-09,14463.44
C00314,2024-10,2479.96
C00314,2024-11,2798.07
C00314,2024-12,16270.099999999999
C00314,2025-02,26142.6
C00314,2025-03,13623.41
C00314,2025-04,4417.66
C00314,2025-05,19543.97
C00314,2025-07,1883.35
C00314,2025-09,21019.879999999997
C00314,2025-10,14490.130000000001
C00314,2025-11,19472.67
C00315,2024-01,1795.72
C00315,2024-03,28111.559999999998
C00315,2024-05,37635.0
C00315,2024-06,5254.09
C00315,2024-07,11191.98
C00315,2024-08,17195.79
C00315,2024-09,918.72
C00315,2024-10,2181.14
C00315,2024-11,10517.47
C00315,2024-12,2674.79
C00315,2025-03,18255.3
C00315,2025-04,12225.48
C00315,2025-07,474.83
C00315,2025-08,20074.41
C00315,2025-09,11557.58
C00315,2025-10,2874.27
C00315,2025-11,48647.799999999996
C00316,2024-01,5110.13
C00316,2024-02,29724.010000000002
C00316,2024-05,35465.69
C00316,2024-06,1695.83
C00316,2024-07,19086.55
C00316,2024-08,14716.53
C00316,2024-09,46151.15
C00316,2024-10,11398.87
C00316,2024-12,7437.64
C00316,2025-01,10426.94
C00316,2025-02,3725.13
C00316,2025-03,1581.08
C00316,2025-04,3286.56
C00316,2025-05,3149.36
C00316,2025-07,1586.63
C00316,2025-08,851.35
C00316,2025-10,50538.46
C00316,2025-11,14276.369999999999
C00316,2025-12,8558.79
C00317,2024-03,18520.760000000002
C00317,2024-06,1031.5
C00317,2024-08,39169.11
C00317,2024-09,6879.04
C00317,2024-10,105507.59999999999
C00317,2024-11,13254.58
C00317,2024-12,1762.08
C00317,2025-01,412.87
C00317,2025-02,2442.06
C00317,2025-03,40884.1
C00317,2025-04,33058.94
C00317,2025-05,40454.76
C00317,2025-08,401.43
C00317,2025-09,31391.34
C00317,2025-10,8279.27
C00317,2025-11,10405.06
C00317,2025-12,16600.13
C00318,2024-01,1205.0
C00318,2024-03,16712.879999999997
C00318,2024-04,2511.09
C00318,2024-05,36905.6
C00318,2024-07,62858.979999999996
C00318,2024-08,3920.9900000000002
C00318,2024-09,4373.26
C00318,2024-10,2726.53
C00318,2024-11,1335.91
C00318,2024-12,12037.74
C00318,2025-01,10483.9
C00318,2025-02,1670.63
C00318,2025-03,9977.720000000001
C00318,2025-04,9948.39
C00318,2025-05,13496.16
C00318,2025-06,37964.53999999999
C00318,2025-07,4178.86
C00318,2025-08,9854.19
C00318,2025-09,2283.16
C00318,2025-10,56074.06
C00318,2025-11,1815.78
C00318,2025-12,2069.8
C00319,2024-01,16378.81
C00319,2024-02,16573.57
C00319,2024-04,13707.15
C00319,2024-05,8689.64
C00319,2024-06,36797.68
C00319,2024-08,64395.72
C00319,2024-09,3729.59
C00319,2024-11,4672.85
C00319,2024-12,61478.420000000006
C00319,2025-01,15060.53
C00319,2025-02,1900.98
C00319,2025-03,70230.87
C00319,2025-06,107211.39
C00319,2025-07,272.7
C00319,2025-08,4799.09
C00319,2025-09,11114.14
C00319,2025-10,19514.26
C00319,2025-11,15782.96
C00319,2025-12,45278.47
C00320,2024-01,5350.29
C00320,2024-02,5566.7
C00320,2024-03,20949.120000000003
C00320,2024-04,35001.27
C00320,2024-05,495.21
C00320,2024-06,7216.09
C00320,2024-07,19648.6
C00320,2024-08,15171.09
C00320,2024-09,3264.83
C00320,2024-10,77319.58
C00320,2024-12,18415.739999999998
C00320,2025-01,551.4
C00320,2025-03,2244.4
C00320,2025-04,3381.52
C00320,2025-05,37075.119999999995
C00320,2025-06,34077.55
C00320,2025-07,1388.69
C00320,2025-08,25598.68
C00320,2025-09,37638.56
C00320,2025-11,32086.44
C00321,2024-01,11161.59
C00321,2024-02,51624.0
C00321,2024-03,7209.150000000001
C00321,2024-04,6297.59
C00321,2024-05,17179.79
C00321,2024-06,1856.91
C00321,2024-07,2354.94
C00321,2024-08,29602.36
C00321,2024-09,8832.310000000001
C00321,2024-10,14221.0
C00321,2024-11,3397.7
C00321,2025-01,35663.64
C00321,2025-02,7658.09
C00321,2025-03,12710.31
C00321,2025-04,1503.21
C00321,2025-05,2785.54
C00321,2025-06,1532.39
C00321,2025-07,16185.79
C00321,2025-08,11754.32
C00321,2025-09,14638.58
C00322,2024-02,15101.310000000001
C00322,2024-04,1097.42
C00322,2024-06,11866.490000000002
C00322,2024-07,2226.99
C00322,2024-08,44270.89
C00322,2024-11,68135.59
C00322,2025-02,1621.21
C00322,2025-03,11223.26
C00322,2025-05,51808.200000000004
C00322,2025-06,45173.83
C00322,2025-07,11861.16
C00322,2025-08,1316.84
C00322,2025-09,18283.92
C00322,2025-10,54500.2
C00322,2025-12,4462.24
C00323,2024-01,1911.03
C00323,2024-02,24404.58
C00323,2024-03,4065.47
C00323,2024-04,2570.57
C00323,2024-07,47666.37
C00323,2024-08,22383.1
C00323,2024-09,34354.84
C00323,2024-10,34500.24
C00323,2024-11,12353.3
C00323,2025-02,2359.6
C00323,2025-04,29638.96
C00323,2025-06,47846.65
C00323,2025-07,2818.51
C00323,2025-10,2267.47
C00323,2025-12,4315.25
C00324,2024-01,1694.13
C00324,2024-02,836.45
C00324,2024-03,22079.15
C00324,2024-04,13567.35
C00324,2024-06,2391.95
C00324,2024-07,12685.79
C00324,2024-09,7116.61
C00324,2024-10,2014.51
C00324,2024-11,11389.550000000001
C00324,2025-03,33453.44
C00324,2025-04,11779.45
C00324,2025-06,1974.22
C00324,2025-08,17327.41
C00324,2025-10,10288.43
C00324,2025-11,2128.6
C00324,2025-12,38360.03
C00325,2024-02,2580.24
C00325,2024-03,2510.13
C00325,2024-06,4471.73
C00325,2024-08,50782.1
C00325,2024-09,3548.08
C00325,2024-10,13364.13
C00325,2024-11,17523.51
C00325,2025-02,670.65
C00325,2025-03,929.78
C00325,2025-04,21814.34
C00325,2025-05,13295.009999999998
C00325,2025-06,2487.64
C00325,2025-07,4228.77
C00325,2025-08,13066.09
C00325,2025-09,19015.6
C00325,2025-12,2980.16
C00326,2024-01,20996.11
C00326,2024-02,52517.659999999996
C00326,2024-03,1720.08
C00326,2024-04,20407.8
C00326,2024-05,2776.97
C00326,2024-07,20515.25
C00326,2024-08,48261.44
C00326,2024-09,679.91
C00326,2024-10,22691.940000000002
C00326,2024-12,13668.1
C00326,2025-01,8500.43
C00326,2025-02,200.56
C00326,2025-03,7347.4
C00326,2025-04,9829.6
C00326,2025-05,2191.62
C00326,2025-06,34349.58
C00326,2025-07,33470.01
C00326,2025-08,31394.21
C00326,2025-09,30737.870000000003
C00326,2025-11,21501.45
C00326,2025-12,57052.57000000001
C00327,2024-01,8689.38
C00327,2024-02,2472.45
C00327,2024-04,113044.77
C00327,2024-05,3589.34
C00327,2024-06,572.42
C00327,2024-07,3556.15
C00327,2024-08,777.15
C00327,2024-09,4728.26
C00327,2024-10,17373.32
C00327,2024-11,14686.07
C00327,2025-01,1532.84
C00327,2025-02,34904.61
C00327,2025-03,9394.01
C00327,2025-04,47595.68
C00327,2025-05,7744.15
C00327,2025-06,39893.55
C00327,2025-07,13872.79
C00327,2025-08,20151.23
C00327,2025-10,16337.06
C00327,2025-11,5882.0
C00327,2025-12,9719.289999999999
C00328,2024-01,36702.02
C00328,2024-02,1111.36
C00328,2024-03,2638.82
C00328,2024-04,11547.19
C00328,2024-05,17018.31
C00328,2024-06,15369.15
C00328,2024-07,4285.700000000001
C00328,2024-09,28816.35
C00328,2024-11,11459.64
C00328,2024-12,11679.91
C00328,2025-01,56700.25
C00328,2025-03,33916.0
C00328,2025-04,5274.91
C00328,2025-05,4760.05
C00328,2025-06,21139.29
C00328,2025-07,63820.659999999996
C00328,2025-08,8203.84
C00328,2025-09,5939.91
C00328,2025-10,11021.23
C00329,2024-03,46798.72
C00329,2024-04,1282.51
C00329,2024-05,55642.8
C00329,2024-07,16285.81
C00329,2024-08,35549.46000000001
C00329,2024-09,7035.5
C00329,2024-11,9361.14
C00329,2024-12,1179.31
C00329,2025-01,10583.61
C00329,2025-02,38457.61
C00329,2025-03,25841.29
C00329,2025-04,3650.65
C00329,2025-05,32283.120000000003
C00329,2025-06,11875.759999999998
C00329,2025-08,4287.01
C00329,2025-09,34549.44
C00329,2025-10,344.75
C00329,2025-11,14266.0
C00329,2025-12,2092.0
C00330,2024-01,46388.79
C00330,2024-02,97742.40000000001
C00330,2024-03,43106.85
C00330,2024-04,6080.74
C00330,2024-05,58163.95
C00330,2024-06,37354.38
C00330,2024-07,8626.19
C00330,2024-08,1748.87
C00330,2024-10,64189.71
C00330,2024-11,7224.54
C00330,2024-12,1894.42
C00330,2025-01,39262.130000000005
C00330,2025-02,1565.62
C00330,2025-03,23142.22
C00330,2025-04,2453.45
C00330,2025-05,19102.66
C00330,2025-07,1067.52
C00330,2025-08,36336.47
C00330,2025-09,3982.45
C00330,2025-10,16644.2
C00330,2025-12,14856.18
C00331,2024-01,7693.41
C00331,2024-02,20522.64
C00331,2024-04,16926.67
C00331,2024-05,3698.16
C00331,2024-06,20271.4
C00331,2024-09,1697.05
C00331,2024-10,4489.73
C00331,2024-11,6353.7
C00331,2025-02,25372.64
C00331,2025-03,6552.34
C00331,2025-04,13479.46
C00331,2025-05,2995.32
C00331,2025-06,2873.17
C00331,2025-07,20997.46
C00331,2025-08,57182.33
C00331,2025-10,34573.84
C00331,2025-11,3540.9700000000003
C00331,2025-12,2697.3799999999997
C00332,2024-01,39997.42
C00332,2024-02,331.86
C00332,2024-03,5838.23
C00332,2024-04,9040.61
C00332,2024-05,64136.31
C00332,2024-08,2705.14
C00332,2024-09,1349.52
C00332,2024-10,2091.53
C00332,2024-11,1283.25
C00332,2024-12,514.89
C00332,2025-01,16675.76
C00332,2025-02,28508.92
C00332,2025-03,14942.11
C00332,2025-04,15903.009999999998
C00332,2025-05,2981.02
C00332,2025-06,12572.44
C00332,2025-07,13359.57
C00332,2025-08,2868.33
C00332,2025-10,40461.85
C00332,2025-11,18877.11
C00332,2025-12,68359.72
C00333,2024-01,70690.37
C00333,2024-02,4893.26
C00333,2024-03,5682.14
C00333,2024-04,1451.39
C00333,2024-05,17246.04
C00333,2024-06,13490.8
C00333,2024-07,15436.06
C00333,2024-08,2629.03
C00333,2024-11,60645.42
C00333,2024-12,2307.29
C00333,2025-02,1327.71
C00333,2025-03,14029.37
C00333,2025-04,27285.6
C00333,2025-05,5180.48
C00333,2025-06,15434.85
C00333,2025-07,49385.41
C00333,2025-08,7484.25
C00333,2025-09,1421.29
C00333,2025-10,58252.67
C00333,2025-11,4763.5
C00333,2025-12,9567.57
C00334,2024-03,27753.789999999997
C00334,2024-05,1117.34
C00334,2024-06,23833.67
C00334,2024-07,16748.35
C00334,2024-08,12234.82
C00334,2024-09,2300.01
C00334,2024-11,54032.63
C00334,2024-12,3318.05
C00334,2025-01,835.56
C00334,2025-02,3259.83
C00334,2025-03,15373.35
C00334,2025-05,7839.45
C00334,2025-06,3092.0
C00334,2025-07,827.83
C00334,2025-08,5071.93
C00334,2025-10,4204.14
C00334,2025-11,31356.65
C00334,2025-12,2176.68
C00335,2024-01,2476.53
C00335,2024-02,28554.81
C00335,2024-03,1366.4
C00335,2024-04,1447.63
C00335,2024-05,632.91
C00335,2024-08,15450.44
C00335,2024-10,9295.38
C00335,2024-11,9920.93
C00335,2024-12,9083.25
C00335,2025-01,39068.83
C00335,2025-02,16360.09
C00335,2025-03,4846.68
C00335,2025-05,23053.0
C00335,2025-06,14679.1
C00335,2025-07,28355.03
C00335,2025-08,11822.92
C00335,2025-09,10774.44
C00335,2025-10,55672.75
C00335,2025-11,3852.16
C00335,2025-12,8157.67
C00336,2024-01,33443.43
C00336,2024-02,20866.25
C00336,2024-03,4938.42
C00336,2024-04,13148.46
C00336,2024-05,17962.12
C00336,2024-06,659.78
C00336,2024-07,1721.06
C00336,2024-08,2106.92
C00336,2024-10,1930.94
C00336,2024-11,34707.51
C00336,2025-03,14554.54
C00336,2025-04,1186.73
C00336,2025-05,13837.7
C00336,2025-06,36305.87
C00336,2025-07,36536.63
C00336,2025-08,1272.45
C00336,2025-09,5605.29
C00336,2025-10,20132.02
C00336,2025-11,11346.38
C00336,2025-12,2102.93
C00337,2024-01,12415.400000000001
C00337,2024-02,9000.02
C00337,2024-03,23460.05
C00337,2024-05,74179.06
C00337,2024-06,7044.4
C00337,2024-08,43391.34
C00337,2025-01,2069.69
C00337,2025-02,21068.41
C00337,2025-03,766.19
C00337,2025-05,3671.91
C00337,2025-06,43267.409999999996
C00337,2025-08,18373.95
C00337,2025-10,20595.88
C00337,2025-11,12350.02
C00338,2024-01,43048.96
C00338,2024-02,3942.48
C00338,2024-05,2217.42
C00338,2024-06,7191.47
C00338,2024-08,2192.15
C00338,2024-09,14756.87
C00338,2024-11,2053.34
C00338,2024-12,10634.04
C00338,2025-01,24478.68
C00338,2025-02,8925.7
C00338,2025-04,1042.8
C00338,2025-05,2256.73
C00338,2025-07,9931.220000000001
C00338,2025-08,2016.27
C00338,2025-09,44343.21
C00338,2025-10,7843.34
C00338,2025-12,4715.78
C00339,2024-01,22339.3
C00339,2024-02,26758.68
C00339,2024-03,2761.75
C00339,2024-04,33776.2
C00339,2024-06,511.8
C00339,2024-07,4462.27
C00339,2024-08,4426.68
C00339,2024-09,68451.37
C00339,2024-10,35098.87
C00339,2024-11,48044.52
C00339,2025-01,33825.3
C00339,2025-04,68504.18
C00339,2025-05,7937.26
C00339,2025-06,3194.5099999999998
C00339,2025-08,62072.24
C00339,2025-09,21603.5
C00339,2025-10,14335.880000000001
C00339,2025-11,28818.64
C00339,2025-12,16675.84
C00340,2024-01,2226.16
C00340,2024-03,55021.82
C00340,2024-04,4689.05
C00340,2024-05,21336.55
C00340,2024-06,3213.61
C00340,2024-07,8935.77
C00340,2024-08,6040.66
C00340,2024-10,762.09
C00340,2024-12,2385.89
C00340,2025-01,1665.6899999999998
C00340,2025-04,23027.71
C00340,2025-05,15914.39
C00340,2025-07,3334.51
C00340,2025-09,10012.25
C00340,2025-10,27679.25
C00340,2025-11,316.77
C00341,2024-01,18728.39
C00341,2024-02,41901.74
C00341,2024-03,3070.63
C00341,2024-05,2742.16
C00341,2024-06,57731.619999999995
C00341,2024-07,56001.59
C00341,2024-09,63322.84
C00341,2024-10,35365.990000000005
C00341,2024-11,12564.72
C00341,2024-12,16140.09
C00341,2025-01,4658.01
C00341,2025-02,1480.1
C00341,2025-03,1191.79
C00341,2025-04,10563.01
C00341,2025-05,211.05
C00341,2025-07,21517.7
C00341,2025-08,13440.72
C00341,2025-09,1354.61
C00341,2025-10,3377.3
C00341,2025-11,31085.409999999996
C00342,2024-01,19176.84
C00342,2024-03,10714.14
C00342,2024-04,40431.54
C00342,2024-05,9516.67
C00342,2024-06,9567.7
C00342,2024-08,31285.29
C00342,2024-09,11180.27
C00342,2024-10,3066.45
C00342,2024-11,3067.0099999999998
C00342,2025-01,17097.27
C00342,2025-02,27171.28
C00342,2025-03,3709.68
C00342,2025-04,15410.2
C00342,2025-05,39765.38
C00342,2025-06,5262.47
C00342,2025-07,27266.4
C00342,2025-08,9307.22
C00342,2025-09,38097.259999999995
C00342,2025-11,28723.64
C00342,2025-12,1316.29
C00343,2024-01,20963.730000000003
C00343,2024-03,18641.01
C00343,2024-05,12266.720000000001
C00343,2024-07,10138.82
C00343,2024-08,18942.53
C00343,2024-09,71669.13
C00343,2024-10,14742.02
C00343,2024-11,21095.4
C00343,2024-12,51132.049999999996
C00343,2025-01,37326.18
C00343,2025-02,37178.09
C00343,2025-04,58276.73
C00343,2025-05,35422.01
C00343,2025-06,9011.24
C00343,2025-08,23797.81
C00343,2025-10,3524.45
C00343,2025-11,7401.73
C00343,2025-12,57587.07
C00344,2024-01,30657.53
C00344,2024-02,36814.83
C00344,2024-04,13301.58
C00344,2024-05,18923.9
C00344,2024-06,15794.75
C00344,2024-07,33076.06
C00344,2024-09,31969.86
C00344,2024-10,26574.140000000003
C00344,2024-11,10779.630000000001
C00344,2025-01,16954.71
C00344,2025-04,1429.8000000000002
C00344,2025-05,117073.47
C00344,2025-06,6366.55
C00344,2025-07,35527.84
C00344,2025-08,6778.05
C00344,2025-10,20798.61
C00344,2025-11,4455.33
C00345,2024-03,724.87
C00345,2024-04,19890.9
C00345,2024-05,16277.41
C00345,2024-06,10886.18
C00345,2024-09,13775.24
C00345,2024-11,12299.78
C00345,2024-12,51861.35
C00345,2025-01,33882.34
C00345,2025-02,234.79
C00345,2025-03,15711.63
C00345,2025-05,66454.1
C00345,2025-06,4009.87
C00345,2025-07,35454.52
C00345,2025-08,19053.15
C00345,2025-09,38152.21
C00346,2024-01,284.24
C00346,2024-04,22245.03
C00346,2024-05,9426.0
C00346,2024-06,5868.67
C00346,2024-09,12655.95
C00346,2024-12,3197.1899999999996
C00346,2025-01,32837.77
C00346,2025-02,1164.63
C00346,2025-03,17655.68
C00346,2025-05,32739.39
C00346,2025-07,16030.789999999999
C00346,2025-09,1328.58
C00346,2025-11,48391.740000000005
C00346,2025-12,7451.299999999999
C00347,2024-04,12520.73
C00347,2024-05,742.68
C00347,2024-06,8360.07
C00347,2024-07,16712.23
C00347,2024-09,35884.369999999995
C00347,2024-11,52712.75
C00347,2024-12,47426.71
C00347,2025-01,11343.17
C00347,2025-03,15003.05
C00347,2025-04,1211.15
C00347,2025-05,77972.55
C00347,2025-06,6496.76
C00347,2025-07,16188.240000000002
C00347,2025-08,13746.34
C00347,2025-10,14205.24
C00347,2025-11,11087.65
C00348,2024-02,7303.67
C00348,2024-04,22075.100000000002
C00348,2024-05,6385.38
C00348,2024-06,1675.75
C00348,2024-08,1655.6
C00348,2024-10,16463.83
C00348,2024-12,5662.17
C00348,2025-01,4024.42
C00348,2025-02,1845.27
C00348,2025-04,27278.99
C00348,2025-06,5015.53
C00348,2025-07,36734.15
C00348,2025-08,12126.31
C00348,2025-09,4643.54
C00348,2025-10,82936.94
C00348,2025-12,7553.03
C00349,2024-01,3573.29
C00349,2024-04,471.52
C00349,2024-05,19134.67
C00349,2024-06,27834.74
C00349,2024-07,18006.95
C00349,2024-08,23955.020000000004
C00349,2024-09,19859.43
C00349,2024-10,35511.43
C00349,2025-01,41697.58
C00349,2025-03,31353.23
C00349,2025-05,20162.91
C00349,2025-06,10804.82
C00349,2025-07,43435.54
C00349,2025-09,3243.11
C00349,2025-11,18377.32
C00349,2025-12,71407.06
C00350,2024-01,9722.66
C00350,2024-03,26480.33
C00350,2024-04,19310.46
C00350,2024-06,32284.010000000002
C00350,2024-07,14252.39
C00350,2024-09,5481.38
C00350,2024-10,5860.66
C00350,2024-11,18323.23
C00350,2025-01,58408.35
C00350,2025-03,2751.88
C00350,2025-04,25633.47
C00350,2025-06,1096.55
C00350,2025-07,9698.54
C00350,2025-08,334.63
C00350,2025-09,4054.62
C00350,2025-10,4702.860000000001
C00350,2025-11,8547.65
C00350,2025-12,2690.1800000000003
C00351,2024-01,46563.130000000005
C00351,2024-02,4652.88
C00351,2024-04,22135.870000000003
C00351,2024-05,76214.2
C00351,2024-06,1922.48
C00351,2024-07,2124.13
C00351,2024-08,11106.58
C00351,2024-11,14916.199999999999
C00351,2024-12,742.1600000000001
C00351,2025-01,15312.35
C00351,2025-02,3498.27
C00351,2025-03,53367.8
C00351,2025-04,25670.78
C00351,2025-06,5178.87
C00351,2025-07,14186.83
C00351,2025-08,25707.7
C00351,2025-09,11412.2
C00351,2025-10,2966.16
C00351,2025-11,26013.58
C00352,2024-01,14318.09
C00352,2024-02,3650.48
C00352,2024-03,3906.58
C00352,2024-04,2691.46
C00352,2024-05,2541.19
C00352,2024-06,23213.02
C00352,2024-09,11506.73
C00352,2024-10,6877.58
C00352,2024-11,17767.72
C00352,2024-12,23599.16
C00352,2025-01,680.22
C00352,2025-02,2930.78
C00352,2025-03,22321.77
C00352,2025-04,39638.68
C00352,2025-05,10256.03
C00352,2025-09,904.01
C00352,2025-10,6478.5
C00352,2025-11,31398.829999999998
C00352,2025-12,26422.79
C00353,2024-01,7442.93
C00353,2024-03,29628.65
C00353,2024-04,3642.52
C00353,2024-05,12277.26
C00353,2024-06,4694.13
C00353,2024-07,9948.12
C00353,2024-08,42364.39
C00353,2024-09,2456.51
C00353,2024-10,4858.76
C00353,2024-11,2717.26
C00353,2024-12,11205.99
C00353,2025-02,22681.9
C00353,2025-03,47909.39
C00353,2025-04,6459.71
C00353,2025-05,8982.96
C00353,2025-07,47158.47
C00353,2025-08,69951.28
C00353,2025-09,9164.8
C00353,2025-10,5754.94
C00353,2025-11,57475.08
C00353,2025-12,19660.63
C00354,2024-01,52892.259999999995
C00354,2024-02,854.4
C00354,2024-03,13683.04
C00354,2024-05,5230.3099999999995
C00354,2024-06,24820.98
C00354,2024-07,26301.239999999998
C00354,2024-09,34865.14
C00354,2024-10,45145.7
C00354,2024-11,53180.79
C00354,2024-12,56788.62
C00354,2025-01,7237.71
C00354,2025-03,15890.24
C00354,2025-05,28359.71
C00354,2025-06,727.93
C00354,2025-09,20436.27
C00354,2025-11,37073.53
C00354,2025-12,3848.93
C00355,2024-01,13181.14
C00355,2024-02,2029.84
C00355,2024-03,21475.100000000002
C00355,2024-04,6842.83
C00355,2024-05,3328.5199999999995
C00355,2024-06,1021.66
C00355,2024-08,1128.36
C00355,2024-09,2427.51
C00355,2024-10,20001.32
C00355,2025-01,52724.54
C00355,2025-04,1955.88
C00355,2025-05,23144.57
C00355,2025-07,1743.86
C00355,2025-08,409.37
C00355,2025-10,63707.12
C00355,2025-11,26379.1
C00355,2025-12,1806.42
C00356,2024-01,33595.8
C00356,2024-02,27976.06
C00356,2024-03,13806.45
C00356,2024-04,2378.75
C00356,2024-06,4775.35
C00356,2024-09,3429.07
C00356,2024-10,9940.18
C00356,2024-11,22011.520000000004
C00356,2024-12,28064.839999999997
C00356,2025-01,8310.3
C00356,2025-03,1454.8
C00356,2025-04,7543.14
C00356,2025-05,4121.13
C00356,2025-06,51891.03
C00356,2025-08,57634.25
C00356,2025-09,933.38
C00356,2025-10,28689.67
C00356,2025-11,642.49
C00356,2025-12,25941.92
C00357,2024-01,3365.34
C00357,2024-02,46213.25
C00357,2024-03,3314.89
C00357,2024-04,23189.21
C00357,2024-05,10068.84
C00357,2024-06,3471.09
C00357,2024-08,375.43
C00357,2024-10,14054.420000000002
C00357,2024-11,2376.19
C00357,2024-12,18617.61
C00357,2025-01,531.13
C00357,2025-02,7243.41
C00357,2025-03,4505.1
C00357,2025-04,3085.37
C00357,2025-05,16894.18
C00357,2025-06,21038.63
C00357,2025-07,7170.87
C00357,2025-08,7718.39
C00357,2025-09,1311.08
C00357,2025-10,6552.4
C00357,2025-11,16471.41
C00358,2024-01,1042.77
C00358,2024-02,3407.92
C00358,2024-03,1320.34
C00358,2024-04,4991.22
C00358,2024-06,4392.49
C00358,2024-08,2632.71
C00358,2024-09,19810.24
C00358,2024-10,10550.87
C00358,2024-11,35774.42
C00358,2024-12,73948.27
C00358,2025-01,1935.42
C00358,2025-02,56106.54
C00358,2025-04,4706.49
C00358,2025-05,4620.62
C00358,2025-06,8942.67
C00358,2025-07,978.07
C00358,2025-08,2794.29
C00358,2025-10,25435.59
C00358,2025-12,2489.92
C00359,2024-01,10834.94
C00359,2024-03,4810.83
C00359,2024-05,2700.09
C00359,2024-06,5078.9
C00359,2024-07,1935.31
C00359,2024-08,1426.98
C00359,2024-09,2384.86
C00359,2024-12,12382.300000000001
C00359,2025-01,6161.74
C00359,2025-02,3269.35
C00359,2025-03,2567.87
C00359,2025-04,22639.4
C00359,2025-05,24299.48
C00359,2025-06,13044.83
C00359,2025-09,7869.79
C00359,2025-10,3142.43
C00359,2025-12,9555.76
C00360,2024-01,1487.14
C00360,2024-02,25004.82
C00360,2024-03,2439.64
C00360,2024-04,21491.35
C00360,2024-05,3740.42
C00360,2024-06,4148.93
C00360,2024-07,26659.53
C00360,2024-08,77873.23
C00360,2024-09,11964.92
C00360,2024-11,7202.28
C00360,2024-12,3408.14
C00360,2025-01,6282.15
C00360,2025-05,2049.69
C00360,2025-06,18004.11
C00360,2025-08,20822.3
C00360,2025-09,7957.24
C00360,2025-10,13883.89
C00360,2025-12,1852.21
C00361,2024-02,9240.2
C00361,2024-05,3158.14
C00361,2024-06,972.78
C00361,2024-07,2709.8
C00361,2024-08,32024.0
C00361,2024-09,36807.51
C00361,2024-10,9656.74
C00361,2024-12,45147.009999999995
C00361,2025-01,7080.68
C00361,2025-02,3976.11
C00361,2025-03,14850.12
C00361,2025-04,7438.02
C00361,2025-05,30003.21
C00361,2025-07,781.0
C00361,2025-08,7255.73
C00361,2025-09,13612.04
C00361,2025-10,17321.29
C00361,2025-11,13988.54
C00361,2025-12,13261.35
C00362,2024-01,1134.86
C00362,2024-02,48785.06
C00362,2024-03,3942.59
C00362,2024-04,1250.52
C00362,2024-05,1241.25
C00362,2024-07,1334.7800000000002
C00362,2024-08,9133.01
C00362,2024-10,2119.17
C00362,2024-11,975.28
C00362,2024-12,28484.76
C00362,2025-01,3563.42
C00362,2025-02,3091.0499999999997
C00362,2025-03,31401.34
C00362,2025-04,2173.68
C00362,2025-05,11699.54
C00362,2025-06,863.11
C00362,2025-07,20435.12
C00362,2025-08,1259.21
C00362,2025-12,1256.64
C00363,2024-01,9701.970000000001
C00363,2024-02,16273.050000000001
C00363,2024-03,22392.309999999998
C00363,2024-04,33985.86
C00363,2024-05,26682.07
C00363,2024-06,29623.16
C00363,2024-07,14440.07
C00363,2024-09,17402.41
C00363,2024-10,32941.02
C00363,2024-12,8217.53
C00363,2025-03,10061.32
C00363,2025-04,6529.3
C00363,2025-05,29735.510000000002
C00363,2025-07,34438.270000000004
C00363,2025-09,41391.19
C00363,2025-10,39492.35999999999
C00363,2025-12,52407.689999999995
C00364,2024-01,275.99
C00364,2024-03,35049.89
C00364,2024-04,5926.62
C00364,2024-05,1415.34
C00364,2024-06,13671.1
C00364,2024-07,36209.67
C00364,2024-08,2805.51
C00364,2024-09,1147.99
C00364,2024-11,1801.41
C00364,2025-01,780.71
C00364,2025-02,1660.1
C00364,2025-03,14018.1
C00364,2025-04,2342.5299999999997
C00364,2025-05,12557.84
C00364,2025-06,3380.88
C00364,2025-07,15302.61
C00364,2025-09,26959.94
C00364,2025-10,10911.79
C00364,2025-11,28149.809999999998
C00365,2024-01,2480.99
C00365,2024-02,35555.840000000004
C00365,2024-03,1872.68
C00365,2024-04,3140.1400000000003
C00365,2024-05,2700.58
C00365,2024-06,10445.76
C00365,2024-07,7825.08
C00365,2024-08,13304.54
C00365,2024-10,7500.86
C00365,2024-11,211.78
C00365,2025-01,4958.6900000000005
C00365,2025-02,4511.12
C00365,2025-05,66480.27
C00365,2025-07,7239.97
C00365,2025-08,17497.35
C00365,2025-10,14676.72
C00365,2025-11,11228.970000000001
C00365,2025-12,20275.260000000002
C00366,2024-01,347.51
C00366,2024-02,21462.53
C00366,2024-03,2465.5299999999997
C00366,2024-04,28400.18
C00366,2024-05,26668.559999999998
C00366,2024-06,20802.699999999997
C00366,2024-08,9738.2
C00366,2024-09,1289.29
C00366,2024-10,22011.68
C00366,2024-11,19651.69
C00366,2025-01,2194.42
C00366,2025-02,15959.66
C00366,2025-03,1691.31
C00366,2025-05,28408.600000000002
C00366,2025-07,19625.73
C00366,2025-08,19436.61
C00366,2025-09,2156.83
C00366,2025-10,9525.65
C00366,2025-11,1082.54
C00366,2025-12,10234.93
C00367,2024-01,58580.01
C00367,2024-02,2021.44
C00367,2024-03,15137.24
C00367,2024-05,66670.53
C00367,2024-07,40449.64
C00367,2024-08,5760.87
C00367,2024-09,27797.379999999997
C00367,2024-10,47525.33
C00367,2024-11,2715.89
C00367,2024-12,6396.68
C00367,2025-01,4991.65
C00367,2025-02,1832.06
C00367,2025-03,6527.02
C00367,2025-04,19806.4
C00367,2025-05,879.04
C00367,2025-06,2002.61
C00367,2025-07,15369.31
C00367,2025-08,1585.17
C00367,2025-09,17106.96
C00367,2025-10,31527.6
C00367,2025-11,2208.92
C00367,2025-12,26494.8
C00368,2024-01,1769.21
C00368,2024-02,22964.46
C00368,2024-03,9230.57
C00368,2024-05,948.21
C00368,2024-07,412.65
C00368,2024-08,5355.03
C00368,2024-09,1461.13
C00368,2024-10,3607.75
C00368,2024-11,1520.26
C00368,2024-12,2507.54
C00368,2025-01,10975.68
C00368,2025-02,13076.23
C00368,2025-05,2939.71
C00368,2025-06,29425.07
C00368,2025-07,10330.07
C00368,2025-08,10262.43
C00368,2025-09,2507.83
C00368,2025-10,25943.41
C00368,2025-11,8189.19
C00368,2025-12,5317.6
C00369,2024-02,2759.36
C00369,2024-03,47531.48
C00369,2024-05,6804.63
C00369,2024-06,3529.18
C00369,2024-07,44558.03
C00369,2024-08,3479.57
C00369,2024-10,23580.25
C00369,2024-11,2766.46
C00369,2024-12,270.96
C00369,2025-01,34804.15
C00369,2025-02,12499.14
C00369,2025-03,13422.99
C00369,2025-04,4614.43
C00369,2025-05,5277.2
C00369,2025-06,17779.75
C00369,2025-07,6345.78
C00369,2025-09,15871.33
C00369,2025-11,7590.9
C00369,2025-12,48861.520000000004
C00370,2024-02,48663.29
C00370,2024-03,1279.48
C00370,2024-04,523.27
C00370,2024-05,5357.74
C00370,2024-06,2172.36
C00370,2024-07,20396.77
C00370,2024-08,1445.11
C00370,2024-09,26790.68
C00370,2024-10,7433.01
C00370,2024-11,1270.34
C00370,2024-12,4287.02
C00370,2025-01,295.95
C00370,2025-02,1811.28
C00370,2025-03,2022.88
C00370,2025-04,3630.91
C00370,2025-05,4103.4
C00370,2025-06,16792.32
C00370,2025-07,2996.4700000000003
C00370,2025-08,48230.090000000004
C00370,2025-10,1782.96
C00370,2025-11,19051.9
C00370,2025-12,4653.110000000001
C00371,2024-02,1871.27
C00371,2024-03,15690.829999999998
C00371,2024-04,34205.24
C00371,2024-05,53481.84
C00371,2024-06,1470.89
C00371,2024-07,4770.31
C00371,2024-08,1620.8
C00371,2024-09,3746.88
C00371,2024-10,8721.28
C00371,2024-12,4597.24
C00371,2025-01,1042.06
C00371,2025-02,15855.19
C00371,2025-03,2280.0
C00371,2025-04,59281.04
C00371,2025-05,827.5
C00371,2025-06,6511.48
C00371,2025-08,898.69
C00371,2025-09,33257.26
C00371,2025-11,19087.67
C00371,2025-12,11661.29
C00372,2024-02,29629.02
C00372,2024-03,1279.92
C00372,2024-04,45894.06999999999
C00372,2024-05,14371.75
C00372,2024-07,653.3
C00372,2024-08,5064.73
C00372,2024-09,29514.31
C00372,2024-11,2465.26
C00372,2024-12,18953.2
C00372,2025-01,21717.98
C00372,2025-03,3110.84
C00372,2025-04,1443.09
C00372,2025-05,27770.059999999998
C00372,2025-06,953.98
C00372,2025-07,2451.1
C00372,2025-08,5960.93
C00372,2025-09,12549.279999999999
C00372,2025-10,75300.92
C00372,2025-11,1952.6
C00373,2024-01,16888.58
C00373,2024-02,2937.9
C00373,2024-03,48944.899999999994
C00373,2024-04,2121.94
C00373,2024-05,5544.16
C00373,2024-06,1790.61
C00373,2024-07,10232.599999999999
C00373,2024-08,22828.760000000002
C00373,2024-09,544.43
C00373,2024-10,2295.41
C00373,2024-11,16538.36
C00373,2024-12,27352.949999999997
C00373,2025-02,50652.77
C00373,2025-03,1549.33
C00373,2025-04,3655.74
C00373,2025-05,3705.25
C00373,2025-07,6001.0599999999995
C00373,2025-09,2746.65
C00373,2025-11,39323.2
C00374,2024-01,13204.71
C00374,2024-02,3485.1400000000003
C00374,2024-03,5753.68
C00374,2024-04,27414.559999999998
C00374,2024-05,30466.65
C00374,2024-06,28569.45
C00374,2024-07,4826.14
C00374,2024-08,23960.41
C00374,2024-09,1067.89
C00374,2024-10,4309.41
C00374,2024-12,32505.52
C00374,2025-02,46284.73
C00374,2025-03,9667.58
C00374,2025-05,38489.99
C00374,2025-07,3249.54
C00374,2025-08,128497.04000000001
C00374,2025-10,17289.44
C00374,2025-12,5677.43
C00375,2024-01,65675.68000000001
C00375,2024-02,7013.79
C00375,2024-03,55813.92
C00375,2024-04,15674.17
C00375,2024-05,9970.9
C00375,2024-06,13107.08
C00375,2024-07,3316.98
C00375,2024-08,2580.92
C00375,2024-09,223.53
C00375,2024-10,2226.09
C00375,2025-01,36102.6
C00375,2025-02,20954.44
C00375,2025-03,36540.63
C00375,2025-04,20662.19
C00375,2025-06,20234.25
C00375,2025-09,46786.189999999995
C00375,2025-10,2907.28
C00375,2025-11,19222.91
C00375,2025-12,10988.54
C00376,2024-01,15745.94
C00376,2024-05,6690.3
C00376,2024-06,39885.11
C00376,2024-08,35281.15
C00376,2024-10,2030.17
C00376,2024-11,33218.67
C00376,2024-12,3067.99
C00376,2025-01,4783.26
C00376,2025-03,259.37
C00376,2025-04,2913.11
C00376,2025-05,17039.82
C00376,2025-06,8543.07
C00376,2025-07,2695.81
C00376,2025-08,12927.67
C00376,2025-10,10150.13
C00376,2025-11,1218.89
C00376,2025-12,12050.95
C00377,2024-01,2985.66
C00377,2024-02,14144.11
C00377,2024-03,70718.47
C00377,2024-04,3518.27
C00377,2024-05,4530.45
C00377,2024-07,240.36
C00377,2024-08,9933.6
C00377,2024-09,57382.7
C00377,2024-10,4795.02
C00377,2024-11,12644.14
C00377,2024-12,11123.52
C00377,2025-01,569.62
C00377,2025-02,8684.14
C00377,2025-03,58149.520000000004
C00377,2025-04,13749.64
C00377,2025-05,20772.309999999998
C00377,2025-06,234.25
C00377,2025-07,14826.76
C00377,2025-08,3639.03
C00377,2025-09,956.04
C00377,2025-10,35918.89
C00377,2025-11,7786.08
C00377,2025-12,33972.25
C00378,2024-02,1200.47
C00378,2024-03,16007.41
C00378,2024-05,4291.62
C00378,2024-06,1219.54
C00378,2024-08,4041.7200000000003
C00378,2024-09,91938.87
C00378,2024-10,102447.95
C00378,2024-12,66281.34
C00378,2025-01,18817.43
C00378,2025-03,23738.82
C00378,2025-04,6654.07
C00378,2025-05,2326.14
C00378,2025-06,61107.81
C00378,2025-07,55936.34
C00378,2025-08,11311.35
C00378,2025-09,5727.13
C00378,2025-10,5390.63
C00378,2025-11,32058.75
C00378,2025-12,18340.04
C00379,2024-01,3356.09
C00379,2024-02,6047.17
C00379,2024-03,16818.47
C00379,2024-04,12037.44
C00379,2024-05,36927.83
C00379,2024-06,2852.09
C00379,2024-07,1292.76
C00379,2024-08,11001.16
C00379,2024-10,2549.93
C00379,2024-11,49039.53
C00379,2024-12,2672.5299999999997
C00379,2025-02,4004.3599999999997
C00379,2025-03,17216.64
C00379,2025-04,937.37
C00379,2025-06,1428.34
C00379,2025-07,2846.81
C00379,2025-08,18042.82
C00379,2025-09,781.14
C00379,2025-10,3071.6200000000003
C00379,2025-11,6340.96
C00380,2024-01,1775.4
C00380,2024-02,9211.58
C00380,2024-03,22829.559999999998
C00380,2024-04,3163.42
C00380,2024-05,28862.53
C00380,2024-07,58391.96
C00380,2024-09,9328.57
C00380,2024-11,15985.37
C00380,2025-01,15382.11
C00380,2025-02,36600.22
C00380,2025-05,43665.16
C00380,2025-06,9310.67
C00380,2025-07,21582.34
C00380,2025-09,1964.05
C00380,2025-10,28839.35
C00380,2025-11,9179.7
C00380,2025-12,69063.05
C00381,2024-01,121159.12000000001
C00381,2024-02,15657.24
C00381,2024-05,2542.46
C00381,2024-06,361.85
C00381,2024-07,2500.94
C00381,2024-08,6299.94
C00381,2024-09,21031.57
C00381,2024-10,14698.580000000002
C00381,2024-12,1124.48
C00381,2025-01,5928.62
C00381,2025-03,1626.48
C00381,2025-04,579.16
C00381,2025-05,15479.119999999999
C00381,2025-06,40859.850000000006
C00381,2025-07,13168.5
C00381,2025-08,3618.98
C00381,2025-11,13899.56
C00381,2025-12,10932.79
C00382,2024-01,4236.78
C00382,2024-02,1367.58
C00382,2024-03,25558.89
C00382,2024-04,1693.05
C00382,2024-05,1602.8
C00382,2024-06,2121.12
C00382,2024-09,45990.53
C00382,2024-10,3144.77
C00382,2024-11,10300.8
C00382,2025-01,45280.25
C00382,2025-02,13289.119999999999
C00382,2025-03,3782.82
C00382,2025-04,14170.55
C00382,2025-05,14188.02
C00382,2025-06,2926.92
C00382,2025-07,14172.03
C00382,2025-09,52685.75
C00382,2025-11,4688.15
C00383,2024-01,7703.66
C00383,2024-02,18571.08
C00383,2024-03,1984.57
C00383,2024-04,3854.83
C00383,2024-05,17884.02
C00383,2024-06,815.63
C00383,2024-07,17484.6
C00383,2024-08,29702.54
C00383,2024-09,16983.84
C00383,2024-10,25567.88
C00383,2024-12,23068.8
C00383,2025-01,37192.26
C00383,2025-02,3078.9700000000003
C00383,2025-03,10683.44
C00383,2025-04,13385.54
C00383,2025-06,14105.25
C00383,2025-07,32888.91
C00383,2025-09,18990.8
C00383,2025-11,14163.94
C00383,2025-12,24803.85
C00384,2024-01,2110.72
C00384,2024-02,35783.49
C00384,2024-03,3389.77
C00384,2024-04,41756.590000000004
C00384,2024-05,6743.09
C00384,2024-07,19308.3
C00384,2024-08,5194.96
C00384,2024-09,4187.58
C00384,2024-10,17012.39
C00384,2024-12,19484.39
C00384,2025-01,24991.800000000003
C00384,2025-02,5666.25
C00384,2025-03,1559.11
C00384,2025-04,33556.44
C00384,2025-05,931.7
C00384,2025-06,28734.01
C00384,2025-07,2786.58
C00384,2025-08,35036.509999999995
C00384,2025-09,36360.03
C00384,2025-12,72443.22
C00385,2024-04,362.28
C00385,2024-06,8997.41
C00385,2024-07,4647.91
C00385,2024-08,13018.900000000001
C00385,2024-09,66832.45
C00385,2024-10,55096.75000000001
C00385,2024-11,2895.05
C00385,2024-12,27889.97
C00385,2025-01,5750.03
C00385,2025-02,23103.670000000002
C00385,2025-03,48433.36
C00385,2025-04,5261.84
C00385,2025-05,5665.65
C00385,2025-06,9242.380000000001
C00385,2025-07,27343.08
C00385,2025-09,954.39
C00385,2025-11,9840.51
C00385,2025-12,1173.08
C00386,2024-01,1912.3
C00386,2024-02,5727.4
C00386,2024-04,20502.72
C00386,2024-06,1295.42
C00386,2024-07,64636.740000000005
C00386,2024-08,28907.32
C00386,2024-10,644.55
C00386,2024-11,51664.229999999996
C00386,2024-12,46551.34
C00386,2025-01,14216.69
C00386,2025-02,18784.34
C00386,2025-03,6153.22
C00386,2025-05,32882.95
C00386,2025-08,1300.95
C00386,2025-09,11801.87
C00386,2025-10,4299.56
C00386,2025-11,3531.63
C00387,2024-01,22478.38
C00387,2024-02,4712.26
C00387,2024-04,54673.81
C00387,2024-05,38594.380000000005
C00387,2024-06,16041.99
C00387,2024-07,4130.13
C00387,2024-08,2322.6
C00387,2024-09,18903.350000000002
C00387,2024-10,21759.09
C00387,2024-11,12676.19
C00387,2024-12,1299.79
C00387,2025-01,613.53
C00387,2025-02,102199.58
C00387,2025-03,16859.55
C00387,2025-05,804.72
C00387,2025-06,4443.58
C00387,2025-10,8217.77
C00387,2025-11,46989.1
C00388,2024-01,8571.49
C00388,2024-02,15524.320000000002
C00388,2024-04,1783.44
C00388,2024-05,14384.640000000001
C00388,2024-06,1141.98
C00388,2024-07,58532.409999999996
C00388,2024-09,22398.25
C00388,2024-10,19582.03
C00388,2024-11,12828.220000000001
C00388,2024-12,19918.53
C00388,2025-01,36137.39
C00388,2025-03,6274.96
C00388,2025-05,25630.55
C00388,2025-06,12371.49
C00388,2025-07,32504.66
C00388,2025-08,78953.22
C00388,2025-10,19044.98
C00388,2025-11,8086.81
C00389,2024-02,12624.03
C00389,2024-04,62844.5
C00389,2024-05,10565.230000000001
C00389,2024-06,7721.02
C00389,2024-08,4290.99
C00389,2024-09,1300.7
C00389,2024-10,608.08
C00389,2024-11,8708.58
C00389,2024-12,33419.39
C00389,2025-01,11668.5
C00389,2025-03,37290.11
C00389,2025-04,26744.76
C00389,2025-05,711.74
C00389,2025-06,2268.68
C00389,2025-08,620.09
C00389,2025-09,1820.92
C00389,2025-10,14849.58
C00389,2025-12,11370.57
C00390,2024-01,7711.530000000001
C00390,2024-02,21379.63
C00390,2024-03,1319.27
C00390,2024-04,23256.289999999997
C00390,2024-06,18716.199999999997
C00390,2024-07,33210.01
C00390,2024-08,1889.76
C00390,2024-09,23676.26
C00390,2024-10,22850.989999999998
C00390,2024-12,67751.14
C00390,2025-01,14197.130000000001
C00390,2025-04,6448.02
C00390,2025-05,3501.56
C00390,2025-07,1205.53
C00390,2025-08,19478.14
C00390,2025-09,22232.7
C00390,2025-11,36200.07
C00390,2025-12,170.11
C00391,2024-01,9264.36
C00391,2024-02,31441.96
C00391,2024-03,8792.1
C00391,2024-04,3620.52
C00391,2024-05,15335.12
C00391,2024-06,82708.56
C00391,2024-07,39623.15
C00391,2024-08,35506.969999999994
C00391,2024-10,27113.42
C00391,2024-11,27678.67
C00391,2024-12,621.87
C00391,2025-01,1909.3
C00391,2025-02,311.23
C00391,2025-03,874.17
C00391,2025-05,21594.7
C00391,2025-06,8137.14
C00391,2025-07,33180.93
C00391,2025-08,14097.43
C00391,2025-09,2308.26
C00391,2025-11,89509.89
C00391,2025-12,4190.79
C00392,2024-01,1628.87
C00392,2024-02,7493.95
C00392,2024-03,4328.33
C00392,2024-06,24756.89
C00392,2024-08,58648.72
C00392,2024-09,1608.79
C00392,2024-10,37424.07
C00392,2025-01,13826.02
C00392,2025-02,22335.75
C00392,2025-03,2078.23
C00392,2025-04,1247.87
C00392,2025-05,3766.4
C00392,2025-06,1165.54
C00392,2025-07,311.07
C00392,2025-08,54953.79
C00392,2025-09,14931.6
C00392,2025-12,1279.67
C00393,2024-02,1971.71
C00393,2024-03,5181.17
C00393,2024-04,15100.739999999998
C00393,2024-05,4153.8
C00393,2024-06,37183.41
C00393,2024-07,5403.77
C00393,2024-10,19238.14
C00393,2024-11,3663.92
C00393,2025-01,19021.09
C00393,2025-02,3520.08
C00393,2025-03,56293.65
C00393,2025-04,28866.32
C00393,2025-05,14007.73
C00393,2025-06,9013.25
C00393,2025-07,1037.17
C00393,2025-08,4634.969999999999
C00393,2025-09,2323.27
C00393,2025-10,50830.51
C00393,2025-11,2311.34
C00393,2025-12,21475.05
C00394,2024-03,306.47
C00394,2024-04,2801.12
C00394,2024-05,13241.54
C00394,2024-06,75549.04
C00394,2024-07,15759.41
C00394,2024-08,4829.38
C00394,2024-09,1575.65
C00394,2024-11,10597.25
C00394,2024-12,31373.51
C00394,2025-01,40531.28
C00394,2025-02,6547.18
C00394,2025-04,23050.12
C00394,2025-07,3127.47
C00394,2025-08,9924.45
C00394,2025-11,2495.14
C00394,2025-12,2296.32
C00395,2024-02,24652.28
C00395,2024-03,7404.48
C00395,2024-04,27231.14
C00395,2024-05,9279.99
C00395,2024-06,1953.3899999999999
C00395,2024-07,765.71
C00395,2024-09,27222.73
C00395,2024-10,3748.7400000000002
C00395,2024-11,6471.65
C00395,2024-12,73823.05
C00395,2025-01,51340.56
C00395,2025-02,12824.81
C00395,2025-04,1084.43
C00395,2025-07,26171.95
C00395,2025-08,2596.81
C00395,2025-09,11071.78
C00395,2025-10,3877.63
C00396,2024-01,19683.38
C00396,2024-02,13830.78
C00396,2024-03,16918.58
C00396,2024-04,14888.86
C00396,2024-05,856.21
C00396,2024-06,1001.82
C00396,2024-07,2469.96
C00396,2024-10,2934.03
C00396,2024-12,37262.23
C00396,2025-01,39709.53
C00396,2025-02,232.0
C00396,2025-03,1859.99
C00396,2025-04,12290.9
C00396,2025-05,19539.21
C00396,2025-06,32924.32
C00396,2025-07,44892.39
C00396,2025-08,946.91
C00396,2025-09,4985.67
C00396,2025-10,1604.6
C00397,2024-01,5604.05
C00397,2024-02,4761.78
C00397,2024-05,12709.2
C00397,2024-08,14645.52
C00397,2024-09,36024.22
C00397,2024-10,26108.710000000003
C00397,2024-11,18679.44
C00397,2024-12,3713.83
C00397,2025-01,13988.42
C00397,2025-02,2259.11
C00397,2025-03,6015.48
C00397,2025-04,3910.97
C00397,2025-05,25808.27
C00397,2025-06,5160.85
C00397,2025-07,12726.14
C00397,2025-09,3636.9300000000003
C00397,2025-10,11696.63
C00397,2025-11,4483.41
C00397,2025-12,24728.33
C00398,2024-01,6816.73
C00398,2024-02,18385.41
C00398,2024-03,8007.44
C00398,2024-04,3287.0
C00398,2024-06,4128.28
C00398,2024-08,30229.78
C00398,2024-10,81301.63
C00398,2024-11,14211.81
C00398,2024-12,20694.25
C00398,2025-01,2818.29
C00398,2025-02,13491.45
C00398,2025-03,9870.33
C00398,2025-04,2689.94
C00398,2025-05,25719.04
C00398,2025-06,30271.379999999997
C00398,2025-08,7068.76
C00398,2025-10,6602.94
C00398,2025-12,11610.48
C00399,2024-01,25587.190000000002
C00399,2024-02,59056.31
C00399,2024-04,5668.28
C00399,2024-06,241.59
C00399,2024-07,13166.52
C00399,2024-08,18556.93
C00399,2024-10,3739.26
C00399,2024-11,41507.83
C00399,2025-01,31676.05
C00399,2025-02,25014.97
C00399,2025-03,2968.19
C00399,2025-04,17386.37
C00399,2025-05,37275.990000000005
C00399,2025-06,18359.92
C00399,2025-07,3788.05
C00399,2025-09,1918.86
C00399,2025-11,4231.89
C00399,2025-12,5472.93
C00400,2024-01,25301.73
C00400,2024-03,19152.57
C00400,2024-04,6525.19
C00400,2024-05,61071.48
C00400,2024-06,476.28
C00400,2024-07,18312.29
C00400,2024-08,2417.42
C00400,2024-09,227.49
C00400,2024-10,4586.860000000001
C00400,2024-11,16580.42
C00400,2024-12,2096.15
C00400,2025-01,39353.66
C00400,2025-02,4504.48
C00400,2025-03,9907.67
C00400,2025-04,2177.27
C00400,2025-05,3697.92
C00400,2025-06,16574.38
C00400,2025-07,1517.36
C00400,2025-08,15476.390000000001
C00400,2025-09,5211.5
C00400,2025-10,22469.54
C00400,2025-11,3687.9300000000003
C00400,2025-12,16967.53
C00401,2024-01,7568.11
C00401,2024-02,18557.04
C00401,2024-03,52076.86
C00401,2024-04,2973.42
C00401,2024-05,11886.71
C00401,2024-06,36668.85
C00401,2024-07,2326.09
C00401,2024-08,8861.56
C00401,2024-09,5785.55
C00401,2024-10,2266.75
C00401,2024-11,1998.22
C00401,2025-01,19021.3
C00401,2025-02,4342.49
C00401,2025-03,20890.49
C00401,2025-04,84271.05
C00401,2025-05,1018.83
C00401,2025-06,33246.58
C00401,2025-07,4732.71
C00401,2025-09,2437.85
C00401,2025-12,48646.75
C00402,2024-01,6791.51
C00402,2024-02,51986.86
C00402,2024-04,1264.02
C00402,2024-05,49832.44
C00402,2024-06,1025.97
C00402,2024-09,983.0
C00402,2024-12,6923.87
C00402,2025-01,12213.19
C00402,2025-04,60493.86
C00402,2025-05,6136.28
C00402,2025-06,2792.92
C00402,2025-08,544.63
C00402,2025-10,2219.43
C00402,2025-11,6660.04
C00402,2025-12,16625.89
C00403,2024-01,4170.99
C00403,2024-02,3125.93
C00403,2024-04,38621.65
C00403,2024-05,27748.539999999997
C00403,2024-06,60662.43000000001
C00403,2024-07,26285.12
C00403,2024-08,9795.73
C00403,2024-10,2240.75
C00403,2024-11,5209.400000000001
C00403,2024-12,6027.83
C00403,2025-02,13114.220000000001
C00403,2025-03,16773.5
C00403,2025-04,20516.36
C00403,2025-05,5440.24
C00403,2025-06,1114.81
C00403,2025-07,22682.88
C00403,2025-09,16122.449999999999
C00403,2025-10,34209.85
C00403,2025-11,12189.55
C00403,2025-12,6390.96
C00404,2024-02,740.45
C00404,2024-03,5955.849999999999
C00404,2024-04,8916.92
C00404,2024-05,20038.89
C00404,2024-06,2053.35
C00404,2024-08,43869.42
C00404,2024-09,16165.43
C00404,2024-10,2692.19
C00404,2024-12,59755.76
C00404,2025-01,11470.9
C00404,2025-02,5719.62
C00404,2025-03,2252.72
C00404,2025-04,4070.37
C00404,2025-05,22070.29
C00404,2025-06,4348.83
C00404,2025-07,3467.22
C00404,2025-08,3738.1099999999997
C00404,2025-09,273.89
C00404,2025-10,1012.13
C00404,2025-11,25684.33
C00404,2025-12,47564.15
C00405,2024-01,2191.14
C00405,2024-02,2862.98
C00405,2024-03,7744.360000000001
C00405,2024-04,4346.01
C00405,2024-05,7824.870000000001
C00405,2024-06,62092.57
C00405,2024-09,32805.34
C00405,2024-10,9308.300000000001
C00405,2024-12,15083.5
C00405,2025-01,1224.75
C00405,2025-02,15409.27
C00405,2025-03,54520.73
C00405,2025-05,5710.95
C00405,2025-08,1887.94
C00405,2025-10,9146.23
C00405,2025-11,7541.29
C00405,2025-12,25872.899999999998
C00406,2024-02,7203.83
C00406,2024-04,1610.02
C00406,2024-05,73846.22
C00406,2024-07,33783.59
C00406,2024-08,11081.23
C00406,2024-09,31553.46
C00406,2024-10,14801.79
C00406,2024-11,872.66
C00406,2025-01,14698.35
C00406,2025-02,20162.56
C00406,2025-03,56768.94
C00406,2025-05,15807.16
C00406,2025-06,2660.0099999999998
C00406,2025-07,10813.720000000001
C00406,2025-08,4818.24
C00406,2025-09,1957.58
C00406,2025-10,47193.66
C00406,2025-12,53523.98
C00407,2024-01,17441.31
C00407,2024-04,197.69
C00407,2024-06,3815.59
C00407,2024-07,6236.31
C00407,2024-08,21655.55
C00407,2024-09,30650.370000000003
C00407,2024-10,60920.2
C00407,2024-11,23416.17
C00407,2024-12,1347.37
C00407,2025-01,2317.71
C00407,2025-02,111244.22
C00407,2025-04,14239.92
C00407,2025-05,1961.7
C00407,2025-06,8108.58
C00407,2025-08,997.55
C00407,2025-10,1681.52
C00407,2025-11,28432.28
C00407,2025-12,3050.91
C00408,2024-01,10527.03
C00408,2024-04,2963.63
C00408,2024-05,9035.43
C00408,2024-06,82753.78
C00408,2024-07,44279.4
C00408,2024-11,2802.19
C00408,2024-12,20874.88
C00408,2025-01,46714.24
C00408,2025-02,3360.8
C00408,2025-03,5020.91
C00408,2025-04,54692.97
C00408,2025-05,47283.88
C00408,2025-06,7311.7
C00408,2025-08,5066.7
C00408,2025-10,4827.43
C00408,2025-11,24746.78
C00408,2025-12,14131.079999999998
C00409,2024-04,48798.67
C00409,2024-05,33718.94
C00409,2024-06,18557.73
C00409,2024-07,1018.3
C00409,2024-08,23755.24
C00409,2024-09,944.72
C00409,2024-10,5648.39
C00409,2024-11,1220.68
C00409,2024-12,614.74
C00409,2025-03,94236.4
C00409,2025-04,15617.17
C00409,2025-05,1334.74
C00409,2025-06,59780.03
C00409,2025-09,1982.91
C00409,2025-10,9881.65
C00409,2025-12,6029.95
C00410,2024-03,108139.92
C00410,2024-04,82342.85
C00410,2024-07,30025.36
C00410,2024-08,2821.29
C00410,2024-09,11496.470000000001
C00410,2024-11,20086.09
C00410,2024-12,15966.33
C00410,2025-01,36573.79
C00410,2025-02,2951.16
C00410,2025-05,34995.73
C00410,2025-06,3924.57
C00410,2025-07,2828.71
C00410,2025-08,6198.48
C00410,2025-10,9086.85
C00410,2025-11,15170.150000000001
C00410,2025-12,1850.3
C00411,2024-01,11200.9
C00411,2024-03,22331.120000000003
C00411,2024-04,66036.88
C00411,2024-05,2407.1
C00411,2024-07,4344.610000000001
C00411,2024-08,12234.0
C00411,2024-10,62241.11
C00411,2024-11,4365.7699999999995
C00411,2024-12,3677.33
C00411,2025-01,1341.57
C00411,2025-02,34166.14
C00411,2025-03,13184.41
C00411,2025-04,12597.26
C00411,2025-05,2270.99
C00411,2025-06,2771.39
C00411,2025-07,6749.84
C00411,2025-08,4063.32
C00411,2025-09,1892.34
C00411,2025-10,6700.1900000000005
C00411,2025-11,5871.52
C00411,2025-12,17872.58
C00412,2024-03,5021.37
C00412,2024-04,19963.32
C00412,2024-05,35134.979999999996
C00412,2024-06,3699.9
C00412,2024-07,29824.9
C00412,2024-08,7189.57
C00412,2024-09,9128.33
C00412,2024-12,17231.19
C00412,2025-01,34017.5
C00412,2025-05,18605.99
C00412,2025-06,3522.74
C00412,2025-07,3721.76
C00412,2025-08,42695.1
C00412,2025-09,34918.49
C00412,2025-10,10745.98
C00413,2024-02,3590.02
C00413,2024-04,4107.64
C00413,2024-05,16381.81
C00413,2024-07,15743.98
C00413,2024-08,2358.76
C00413,2024-09,35686.3
C00413,2024-10,2297.91
C00413,2024-11,2927.29
C00413,2025-01,8681.94
C00413,2025-02,63213.3
C00413,2025-03,6353.79
C00413,2025-04,37097.29
C00413,2025-05,25846.620000000003
C00413,2025-06,752.29
C00413,2025-07,7300.43
C00413,2025-08,9630.64
C00413,2025-09,35631.79
C00413,2025-10,52365.89
C00413,2025-11,232.99
C00413,2025-12,17692.18
C00414,2024-01,3901.69
C00414,2024-02,7761.469999999999
C00414,2024-05,3887.9900000000002
C00414,2024-07,8958.31
C00414,2024-08,21070.56
C00414,2024-09,3592.82
C00414,2024-10,39072.840000000004
C00414,2024-12,28638.68
C00414,2025-01,15938.57
C00414,2025-02,15364.91
C00414,2025-03,4871.54
C00414,2025-05,10522.88
C00414,2025-06,3028.62
C00414,2025-08,6497.05
C00414,2025-09,16993.87
C00414,2025-11,4663.2
C00414,2025-12,953.65
C00415,2024-02,15226.85
C00415,2024-03,6236.41
C00415,2024-05,2384.72
C00415,2024-06,2218.0
C00415,2024-07,551.38
C00415,2024-08,42939.22
C00415,2024-10,50991.38
C00415,2024-11,46253.31
C00415,2024-12,12667.98
C00415,2025-01,629.51
C00415,2025-02,10395.82
C00415,2025-04,17712.09
C00415,2025-05,11044.220000000001
C00415,2025-06,45702.18
C00415,2025-07,3685.26
C00415,2025-08,40566.84
C00415,2025-09,28109.129999999997
C00415,2025-10,14706.04
C00415,2025-11,7612.36
C00415,2025-12,6672.42
C00416,2024-01,845.87
C00416,2024-02,3464.17
C00416,2024-03,16925.42
C00416,2024-04,10845.12
C00416,2024-05,1032.64
C00416,2024-07,2572.92
C00416,2024-08,7179.55
C00416,2024-09,7267.4
C00416,2024-10,11495.8
C00416,2024-11,2719.18
C00416,2024-12,34302.31
C00416,2025-01,4480.110000000001
C00416,2025-02,13786.29
C00416,2025-03,1333.17
C00416,2025-04,41352.380000000005
C00416,2025-06,6060.62
C00416,2025-07,23291.67
C00416,2025-08,24335.989999999998
C00416,2025-09,33133.51
C00416,2025-10,17206.5
C00416,2025-11,15289.71
C00416,2025-12,35676.57
C00417,2024-02,16998.42
C00417,2024-03,29479.86
C00417,2024-04,9628.73
C00417,2024-05,9350.96
C00417,2024-06,9220.58
C00417,2024-07,12801.46
C00417,2024-09,3018.3
C00417,2024-10,14231.51
C00417,2025-01,37745.21
C00417,2025-03,3236.3
C00417,2025-04,5452.12
C00417,2025-05,23134.39
C00417,2025-06,533.61
C00417,2025-07,2612.34
C00417,2025-08,83231.43
C00417,2025-09,14040.91
C00417,2025-10,5570.44
C00417,2025-11,8815.88
C00417,2025-12,790.78
C00418,2024-01,28329.989999999998
C00418,2024-03,27009.93
C00418,2024-05,5216.91
C00418,2024-06,4030.47
C00418,2024-08,16928.75
C00418,2024-09,7210.88
C00418,2024-10,4717.47
C00418,2024-11,55934.69
C00418,2024-12,33421.8
C00418,2025-01,6721.82
C00418,2025-02,24822.92
C00418,2025-03,2196.81
C00418,2025-04,1366.01
C00418,2025-05,1437.65
C00418,2025-06,33639.44
C00418,2025-07,3052.1000000000004
C00418,2025-09,23719.61
C00418,2025-10,2533.45
C00418,2025-11,32785.48
C00419,2024-01,2444.86
C00419,2024-04,2556.43
C00419,2024-05,40428.2
C00419,2024-06,1926.58
C00419,2024-07,52978.4
C00419,2024-08,12618.39
C00419,2024-09,11567.55
C00419,2024-11,51906.37
C00419,2024-12,33929.409999999996
C00419,2025-01,18030.21
C00419,2025-02,12114.73
C00419,2025-03,15974.869999999999
C00419,2025-04,20787.98
C00419,2025-05,19846.57
C00419,2025-07,8080.96
C00419,2025-09,2393.0299999999997
C00419,2025-10,2303.05
C00420,2024-02,7201.68
C00420,2024-03,51020.520000000004
C00420,2024-04,75669.67
C00420,2024-05,1495.01
C00420,2024-07,1579.94
C00420,2024-08,11300.92
C00420,2024-09,1979.76
C00420,2024-10,2740.19
C00420,2024-11,22098.57
C00420,2024-12,3562.23
C00420,2025-01,6381.08
C00420,2025-03,13066.51
C00420,2025-04,7657.6
C00420,2025-05,2627.6
C00420,2025-06,4038.78
C00420,2025-07,18220.32
C00420,2025-08,55727.17
C00420,2025-12,2173.69
C00421,2024-01,9802.1
C00421,2024-02,4377.71
C00421,2024-03,4463.53
C00421,2024-07,1731.07
C00421,2024-08,443.74
C00421,2024-09,2603.92
C00421,2024-10,2384.46
C00421,2024-12,18164.52
C00421,2025-01,20862.95
C00421,2025-02,2249.41
C00421,2025-03,1847.65
C00421,2025-05,35613.6
C00421,2025-07,2476.33
C00421,2025-08,57367.47
C00421,2025-09,3140.53
C00421,2025-10,14733.81
C00421,2025-11,53073.68
C00421,2025-12,12196.43
C00422,2024-01,60505.7
C00422,2024-02,19174.03
C00422,2024-04,61206.27
C00422,2024-05,16527.17
C00422,2024-07,20708.36
C00422,2024-08,8421.58
C00422,2024-10,7446.49
C00422,2024-11,12624.21
C00422,2024-12,5187.47
C00422,2025-01,2783.56
C00422,2025-02,5769.79
C00422,2025-03,6964.86
C00422,2025-04,21099.84
C00422,2025-06,3649.08
C00422,2025-08,5193.29
C00422,2025-11,278.97
C00422,2025-12,2132.41
C00423,2024-01,2076.77
C00423,2024-02,20406.68
C00423,2024-04,3715.35
C00423,2024-05,52163.61000000001
C00423,2024-06,20475.79
C00423,2024-07,36539.31
C00423,2024-08,9378.21
C00423,2024-09,6547.72
C00423,2024-10,21185.89
C00423,2024-11,7962.06
C00423,2024-12,1795.33
C00423,2025-01,19278.760000000002
C00423,2025-02,98686.32
C00423,2025-04,18762.449999999997
C00423,2025-05,21601.350000000002
C00423,2025-06,15899.96
C00423,2025-07,3448.39
C00423,2025-08,60674.87
C00423,2025-09,20997.91
C00423,2025-10,3237.3999999999996
C00423,2025-12,9086.64
C00424,2024-01,35713.56
C00424,2024-03,53748.71
C00424,2024-04,17625.46
C00424,2024-05,16519.91
C00424,2024-06,13311.59
C00424,2024-08,6056.389999999999
C00424,2024-10,32203.02
C00424,2024-11,3463.34
C00424,2024-12,13267.93
C00424,2025-01,2270.49
C00424,2025-03,15381.49
C00424,2025-05,18876.64
C00424,2025-06,4038.66
C00424,2025-07,1935.04
C00424,2025-08,6834.24
C00424,2025-10,36068.35
C00424,2025-11,61014.19
C00424,2025-12,10036.03
C00425,2024-01,2847.9
C00425,2024-02,45386.96
C00425,2024-03,48183.7
C00425,2024-04,13802.75
C00425,2024-06,831.62
C00425,2024-07,5740.57
C00425,2024-08,4417.12
C00425,2024-09,1212.84
C00425,2024-12,1209.5
C00425,2025-01,5781.03
C00425,2025-02,26403.21
C00425,2025-04,23523.2
C00425,2025-05,593.81
C00425,2025-07,9394.48
C00425,2025-08,5075.51
C00425,2025-10,37138.55
C00426,2024-01,37073.71
C00426,2024-02,18468.89
C00426,2024-05,3616.0
C00426,2024-06,4687.83
C00426,2024-07,7683.22
C00426,2024-09,6302.58
C00426,2024-10,33763.78
C00426,2024-11,9777.51
C00426,2024-12,60911.22
C00426,2025-02,1763.58
C00426,2025-03,48141.39
C00426,2025-04,27655.629999999997
C00426,2025-08,64848.130000000005
C00426,2025-09,18090.77
C00426,2025-12,31634.72
C00427,2024-01,2880.73
C00427,2024-02,1908.47
C00427,2024-03,13422.82
C00427,2024-04,12789.79
C00427,2024-05,4226.17
C00427,2024-06,6247.66
C00427,2024-07,4972.92
C00427,2024-08,11664.82
C00427,2024-09,2161.22
C00427,2024-10,790.07
C00427,2024-12,3298.71
C00427,2025-01,22019.719999999998
C00427,2025-02,45959.33
C00427,2025-03,7632.129999999999
C00427,2025-04,964.76
C00427,2025-05,1082.32
C00427,2025-06,34098.75
C00427,2025-07,5191.09
C00427,2025-08,46900.75
C00427,2025-09,7184.82
C00427,2025-10,1837.28
C00427,2025-11,24750.940000000002
C00427,2025-12,2282.0
C00428,2024-01,2320.94
C00428,2024-02,10287.35
C00428,2024-03,35971.89
C00428,2024-04,30065.48
C00428,2024-05,1785.84
C00428,2024-06,34738.96
C00428,2024-07,18439.59
C00428,2024-08,50828.01
C00428,2024-09,5700.3
C00428,2024-11,9799.85
C00428,2025-01,21300.059999999998
C00428,2025-03,3481.74
C00428,2025-04,5031.69
C00428,2025-05,27443.57
C00428,2025-06,4997.33
C00428,2025-07,3208.7
C00428,2025-08,4514.63
C00428,2025-09,4264.12
C00428,2025-10,32363.23
C00428,2025-12,43945.42
C00429,2024-01,1640.25
C00429,2024-02,33080.19
C00429,2024-05,24248.6
C00429,2024-08,4456.93
C00429,2024-11,58150.53
C00429,2024-12,26143.7
C00429,2025-01,4851.5
C00429,2025-04,599.58
C00429,2025-05,9367.0
C00429,2025-06,2519.24
C00429,2025-08,406.22
C00429,2025-10,30480.34
C00429,2025-11,9176.76
C00429,2025-12,43072.47
C00430,2024-02,1530.68
C00430,2024-04,10719.48
C00430,2024-05,17741.71
C00430,2024-06,23586.129999999997
C00430,2024-07,12564.09
C00430,2024-09,39930.77
C00430,2024-10,37913.24
C00430,2024-12,52442.630000000005
C00430,2025-01,13585.689999999999
C00430,2025-02,17695.23
C00430,2025-04,68654.01000000001
C00430,2025-06,7623.54
C00430,2025-07,3991.83
C00430,2025-08,807.59
C00430,2025-09,42327.43
C00430,2025-10,12868.980000000001
C00430,2025-11,718.61
C00430,2025-12,28647.229999999996
C00431,2024-01,14696.32
C00431,2024-02,5175.65
C00431,2024-04,54248.53
C00431,2024-05,1943.15
C00431,2024-06,30068.47
C00431,2024-07,1751.07
C00431,2024-10,55396.17
C00431,2024-11,10991.62
C00431,2025-01,5460.21
C00431,2025-02,4014.23
C00431,2025-03,353.74
C00431,2025-07,38111.759999999995
C00431,2025-10,12010.63
C00431,2025-11,51797.450000000004
C00431,2025-12,43322.25
C00432,2024-01,2760.54
C00432,2024-02,66680.0
C00432,2024-03,658.4
C00432,2024-04,7096.76
C00432,2024-05,20143.379999999997
C00432,2024-06,10988.7
C00432,2024-08,36580.72
C00432,2024-09,362.95
C00432,2024-10,1071.23
C00432,2024-12,1447.12
C00432,2025-01,2715.81
C00432,2025-02,4073.7
C00432,2025-03,6835.17
C00432,2025-04,8868.06
C00432,2025-06,13041.69
C00432,2025-08,16478.05
C00432,2025-09,14082.64
C00432,2025-10,3377.06
C00432,2025-11,654.51
C00432,2025-12,1006.04
C00433,2024-01,10693.949999999999
C00433,2024-02,3346.51
C00433,2024-03,57391.740000000005
C00433,2024-04,3809.3100000000004
C00433,2024-05,5753.45
C00433,2024-06,19602.48
C00433,2024-07,2403.79
C00433,2024-08,3624.83
C00433,2024-09,6909.98
C00433,2024-10,16687.09
C00433,2024-11,39525.560000000005
C00433,2025-01,9612.81
C00433,2025-02,30019.629999999997
C00433,2025-03,13021.9
C00433,2025-04,21428.34
C00433,2025-05,18388.86
C00433,2025-07,2380.8
C00433,2025-08,18188.940000000002
C00433,2025-09,44417.520000000004
C00433,2025-10,12852.79
C00433,2025-11,408.67
C00433,2025-12,2537.54
C00434,2024-01,141754.05
C00434,2024-02,6184.88
C00434,2024-03,40043.75
C00434,2024-05,20982.08
C00434,2024-06,19096.48
C00434,2024-07,14186.640000000001
C00434,2024-08,19855.98
C00434,2024-09,23185.18
C00434,2024-10,7457.4
C00434,2024-11,46056.87
C00434,2025-01,17640.04
C00434,2025-02,32460.09
C00434,2025-03,4256.030000000001
C00434,2025-04,49234.18
C00434,2025-07,3522.01
C00434,2025-09,2336.15
C00434,2025-11,24351.67
C00434,2025-12,1326.48
C00435,2024-01,57224.31
C00435,2024-02,15463.47
C00435,2024-04,60364.86
C00435,2024-05,19237.27
C00435,2024-07,7763.32
C00435,2024-08,8188.22
C00435,2024-09,9635.08
C00435,2024-10,9320.68
C00435,2024-11,2451.22
C00435,2024-12,30541.559999999998
C00435,2025-01,50366.1
C00435,2025-02,19565.78
C00435,2025-04,2845.18
C00435,2025-05,4494.15
C00435,2025-07,4078.94
C00435,2025-08,27398.66
C00435,2025-10,36524.21
C00435,2025-11,13879.42
C00436,2024-01,9327.64
C00436,2024-02,38478.39
C00436,2024-04,2090.97
C00436,2024-05,11059.06
C00436,2024-07,1641.33
C00436,2024-09,69079.83
C00436,2024-11,7041.2
C00436,2024-12,6556.57
C00436,2025-02,3673.26
C00436,2025-03,10655.26
C00436,2025-05,75913.87
C00436,2025-06,5081.7
C00436,2025-07,49933.28
C00436,2025-10,20365.92
C00436,2025-11,29280.64
C00436,2025-12,627.36
C00437,2024-01,37807.15
C00437,2024-02,8148.27
C00437,2024-03,18276.75
C00437,2024-04,2235.53
C00437,2024-05,1299.52
C00437,2024-07,14264.099999999999
C00437,2024-08,48511.5
C00437,2024-09,397.65
C00437,2024-10,14893.67
C00437,2024-11,4292.030000000001
C00437,2024-12,12462.76
C00437,2025-02,22289.370000000003
C00437,2025-03,5243.77
C00437,2025-04,28609.12
C00437,2025-05,2252.56
C00437,2025-06,3636.02
C00437,2025-08,9880.42
C00437,2025-09,97101.84
C00437,2025-10,1221.75
C00437,2025-11,6945.2
C00437,2025-12,43265.08
C00438,2024-01,13271.95
C00438,2024-03,1662.61
C00438,2024-05,1607.75
C00438,2024-06,1072.8
C00438,2024-09,10029.29
C00438,2024-10,70263.51000000001
C00438,2024-11,88699.24
C00438,2024-12,1248.42
C00438,2025-01,1257.77
C00438,2025-02,14208.57
C00438,2025-03,18699.28
C00438,2025-04,3789.7699999999995
C00438,2025-05,5421.94
C00438,2025-06,3609.34
C00438,2025-07,23073.34
C00438,2025-09,1873.76
C00438,2025-10,19428.22
C00438,2025-11,17730.18
C00438,2025-12,51877.81
C00439,2024-01,29446.52
C00439,2024-02,1857.7
C00439,2024-05,1196.65
C00439,2024-06,2581.91
C00439,2024-07,1506.18
C00439,2024-09,10866.01
C00439,2024-10,7033.5
C00439,2024-12,20617.5
C00439,2025-01,57969.58
C00439,2025-03,3075.39
C00439,2025-04,19323.92
C00439,2025-05,1471.82
C00439,2025-06,20044.7
C00439,2025-07,6844.89
C00439,2025-08,2309.28
C00439,2025-09,3559.23
C00439,2025-10,29204.03
C00439,2025-11,62123.51
C00439,2025-12,567.71
C00440,2024-01,3872.3500000000004
C00440,2024-02,3788.15
C00440,2024-04,1596.65
C00440,2024-05,6880.11
C00440,2024-08,417.94
C00440,2024-09,32185.129999999997
C00440,2024-10,15470.51
C00440,2024-11,7068.34
C00440,2024-12,515.37
C00440,2025-01,1980.22
C00440,2025-02,19034.449999999997
C00440,2025-03,21426.48
C00440,2025-04,14934.57
C00440,2025-05,17554.27
C00440,2025-06,2006.68
C00440,2025-07,3896.03
C00440,2025-08,38840.73
C00440,2025-09,12553.55
C00440,2025-10,409.48
C00440,2025-11,18605.56
C00440,2025-12,2156.68
C00441,2024-01,3648.76
C00441,2024-02,7004.5
C00441,2024-03,2819.83
C00441,2024-04,19748.829999999998
C00441,2024-05,25501.42
C00441,2024-06,2497.34
C00441,2024-07,15185.89
C00441,2024-09,5660.78
C00441,2024-10,2262.54
C00441,2024-11,14531.17
C00441,2025-01,11692.16
C00441,2025-02,3237.22
C00441,2025-03,4182.03
C00441,2025-04,20669.31
C00441,2025-05,2824.95
C00441,2025-06,2527.92
C00441,2025-07,13663.79
C00441,2025-10,49627.09
C00441,2025-11,2642.33
C00442,2024-01,2344.75
C00442,2024-02,5442.77
C00442,2024-04,5949.52
C00442,2024-05,8913.22
C00442,2024-07,17314.05
C00442,2024-08,66162.06999999999
C00442,2024-11,6321.88
C00442,2024-12,13901.56
C00442,2025-02,10976.67
C00442,2025-03,37755.95
C00442,2025-04,1093.38
C00442,2025-05,743.04
C00442,2025-06,8788.44
C00442,2025-07,9404.59
C00442,2025-08,1686.17
C00442,2025-09,11084.189999999999
C00442,2025-10,10431.98
C00442,2025-11,5934.36
C00442,2025-12,2705.3
C00443,2024-01,1159.56
C00443,2024-02,2796.59
C00443,2024-04,7859.37
C00443,2024-05,15308.85
C00443,2024-06,112794.49
C00443,2024-07,43699.95
C00443,2024-08,4375.38
C00443,2024-11,4695.9
C00443,2024-12,550.45
C00443,2025-01,17897.37
C00443,2025-02,23981.989999999998
C00443,2025-04,44054.11
C00443,2025-05,60091.53
C00443,2025-06,2939.99
C00443,2025-07,4115.87
C00443,2025-08,14389.18
C00443,2025-09,45958.82
C00443,2025-10,3933.84
C00443,2025-11,4400.62
C00444,2024-01,218.29
C00444,2024-04,3329.79
C00444,2024-05,3222.64
C00444,2024-06,5340.85
C00444,2024-07,17366.690000000002
C00444,2024-08,4725.64
C00444,2024-11,10198.64
C00444,2024-12,7481.62
C00444,2025-01,31660.149999999998
C00444,2025-02,27008.28
C00444,2025-04,15300.130000000001
C00444,2025-05,4298.98
C00444,2025-06,53493.979999999996
C00444,2025-07,17268.3
C00444,2025-08,658.26
C00444,2025-09,52082.59
C00444,2025-10,32482.739999999998
C00444,2025-11,17694.149999999998
C00445,2024-01,16388.09
C00445,2024-02,21557.379999999997
C00445,2024-03,17559.67
C00445,2024-05,2537.95
C00445,2024-06,2584.69
C00445,2024-08,21191.46
C00445,2024-09,11242.86
C00445,2024-10,2546.39
C00445,2025-01,12546.09
C00445,2025-02,266.34
C00445,2025-03,12935.39
C00445,2025-04,9523.09
C00445,2025-05,2573.09
C00445,2025-06,3443.88
C00445,2025-07,25875.59
C00445,2025-08,65409.8
C00445,2025-09,1015.95
C00445,2025-10,3721.7200000000003
C00445,2025-12,3938.29
C00446,2024-02,11185.2
C00446,2024-03,5444.6
C00446,2024-04,21904.329999999998
C00446,2024-05,4395.3
C00446,2024-06,6832.789999999999
C00446,2024-09,25768.24
C00446,2024-10,8842.789999999999
C00446,2024-11,24901.559999999998
C00446,2025-01,7354.01
C00446,2025-02,2215.33
C00446,2025-03,49054.51
C00446,2025-04,5187.219999999999
C00446,2025-05,8166.33
C00446,2025-06,8641.13
C00446,2025-07,518.35
C00446,2025-08,21942.13
C00446,2025-11,29550.620000000003
C00446,2025-12,2943.43
C00447,2024-01,7463.120000000001
C00447,2024-02,104903.19
C00447,2024-03,1516.72
C00447,2024-04,23989.84
C00447,2024-05,9038.83
C00447,2024-07,146775.35
C00447,2024-08,18508.63
C00447,2024-10,26347.98
C00447,2024-12,1511.55
C00447,2025-01,42333.229999999996
C00447,2025-02,495.17
C00447,2025-05,6421.27
C00447,2025-06,1665.6
C00447,2025-07,50425.420000000006
C00447,2025-08,5404.700000000001
C00447,2025-10,20609.78
C00447,2025-11,8855.33
C00447,2025-12,2918.3
C00448,2024-02,6400.1900000000005
C00448,2024-05,3816.66
C00448,2024-06,13536.880000000001
C00448,2024-07,1436.12
C00448,2024-09,3618.4300000000003
C00448,2024-11,4835.79
C00448,2024-12,52564.42
C00448,2025-01,2148.01
C00448,2025-02,22631.85
C00448,2025-03,48026.83
C00448,2025-04,18049.32
C00448,2025-05,57637.7
C00448,2025-08,258.56
C00448,2025-10,18605.989999999998
C00448,2025-11,2926.91
C00449,2024-02,70202.83
C00449,2024-03,12211.83
C00449,2024-04,7800.4400000000005
C00449,2024-05,6964.23
C00449,2024-06,73658.4
C00449,2024-08,1331.7
C00449,2024-09,13837.89
C00449,2024-10,17062.67
C00449,2024-11,20343.28
C00449,2025-01,11580.560000000001
C00449,2025-02,18364.75
C00449,2025-03,11102.79
C00449,2025-05,47745.36
C00449,2025-06,1276.18
C00449,2025-07,14250.01
C00449,2025-09,1699.09
C00449,2025-11,5342.66
C00449,2025-12,13017.59
C00450,2024-01,1169.96
C00450,2024-02,1949.68
C00450,2024-04,5696.22
C00450,2024-05,2187.7
C00450,2024-07,1881.7
C00450,2024-09,9194.15
C00450,2024-10,4069.31
C00450,2024-11,690.49
C00450,2024-12,16043.32
C00450,2025-01,3439.41
C00450,2025-02,2386.57
C00450,2025-03,252.23
C00450,2025-04,56370.52
C00450,2025-06,5975.21
C00450,2025-09,16576.129999999997
C00450,2025-10,46443.57
C00450,2025-11,17175.13
C00450,2025-12,55656.58
C00451,2024-01,68665.26
C00451,2024-02,36698.8
C00451,2024-04,13034.17
C00451,2024-05,2796.79
C00451,2024-06,818.03
C00451,2024-08,407.08
C00451,2024-09,21740.78
C00451,2024-10,53986.03
C00451,2024-11,415.02
C00451,2024-12,30668.989999999998
C00451,2025-01,1751.61
C00451,2025-02,35279.82
C00451,2025-03,203.08
C00451,2025-05,698.31
C00451,2025-06,5442.2
C00451,2025-07,5522.0199999999995
C00451,2025-09,54514.57
C00451,2025-11,8079.76
C00451,2025-12,2605.61
C00452,2024-02,2230.58
C00452,2024-03,21133.43
C00452,2024-04,48303.49
C00452,2024-06,22570.489999999998
C00452,2024-08,37994.58
C00452,2024-09,4409.99
C00452,2024-10,8259.289999999999
C00452,2024-11,42012.75
C00452,2025-01,6267.79
C00452,2025-02,7528.16
C00452,2025-04,31122.46
C00452,2025-05,28862.91
C00452,2025-06,40432.740000000005
C00452,2025-07,55280.1
C00452,2025-08,4452.46
C00452,2025-09,59983.53999999999
C00452,2025-10,22075.640000000003
C00452,2025-11,18863.97
C00452,2025-12,16122.78
C00453,2024-01,9974.98
C00453,2024-02,300.96
C00453,2024-03,56577.86
C00453,2024-04,20970.5
C00453,2024-05,26668.63
C00453,2024-07,42618.91
C00453,2024-08,28051.699999999997
C00453,2024-09,11834.12
C00453,2024-10,2329.51
C00453,2024-11,50289.729999999996
C00453,2024-12,509.55
C00453,2025-01,10982.28
C00453,2025-02,9860.36
C00453,2025-03,4972.93
C00453,2025-04,2769.72
C00453,2025-05,938.31
C00453,2025-06,43955.29
C00453,2025-07,9268.11
C00453,2025-08,31792.65
C00453,2025-09,1288.06
C00453,2025-12,12829.07
C00454,2024-01,11215.46
C00454,2024-02,53671.729999999996
C00454,2024-03,13306.91
C00454,2024-04,16700.93
C00454,2024-05,1457.54
C00454,2024-06,2666.61
C00454,2024-07,2046.58
C00454,2024-08,8207.41
C00454,2024-09,29470.67
C00454,2024-10,57323.38
C00454,2024-12,4339.62
C00454,2025-01,32127.190000000002
C00454,2025-02,58279.31
C00454,2025-04,2164.51
C00454,2025-05,49567.69
C00454,2025-06,2575.4
C00454,2025-07,5412.24
C00454,2025-08,18670.56
C00454,2025-09,8921.39
C00454,2025-10,18016.559999999998
C00454,2025-11,3772.37
C00454,2025-12,9692.56
C00455,2024-01,76666.20999999999
C00455,2024-03,14938.81
C00455,2024-04,10750.82
C00455,2024-06,32977.86
C00455,2024-07,1776.59
C00455,2024-08,34619.21
C00455,2024-09,45895.77
C00455,2024-11,14813.539999999999
C00455,2024-12,16638.79
C00455,2025-01,55487.35
C00455,2025-02,4100.54
C00455,2025-03,5386.04
C00455,2025-04,51293.43
C00455,2025-05,4353.74
C00455,2025-08,5857.99
C00455,2025-09,47038.22
C00455,2025-11,1967.94
C00456,2024-01,88992.35
C00456,2024-04,3757.74
C00456,2024-06,16943.07
C00456,2024-07,14355.11
C00456,2024-08,2462.15
C00456,2024-09,8597.83
C00456,2024-10,15416.52
C00456,2024-11,28085.53
C00456,2025-01,13345.45
C00456,2025-03,3076.96
C00456,2025-04,1725.65
C00456,2025-05,70534.62
C00456,2025-06,32368.93
C00456,2025-07,12722.55
C00456,2025-08,35958.61
C00456,2025-09,21076.32
C00456,2025-10,5134.030000000001
C00456,2025-12,2223.16
C00457,2024-03,11499.1
C00457,2024-04,14397.05
C00457,2024-05,34696.15
C00457,2024-06,4752.389999999999
C00457,2024-07,7321.34
C00457,2024-08,3189.76
C00457,2024-09,84227.97
C00457,2024-11,10881.86
C00457,2025-01,23537.13
C00457,2025-02,64406.4
C00457,2025-03,201.92
C00457,2025-04,5687.59
C00457,2025-06,16087.2
C00457,2025-07,7253.639999999999
C00457,2025-08,3223.5
C00457,2025-10,3223.96
C00457,2025-12,35194.770000000004
C00458,2024-01,3622.07
C00458,2024-02,656.22
C00458,2024-03,2887.37
C00458,2024-04,8639.43
C00458,2024-05,4129.09
C00458,2024-06,664.08
C00458,2024-07,14835.150000000001
C00458,2024-10,2735.1400000000003
C00458,2024-12,51204.37
C00458,2025-02,41233.16
C00458,2025-03,33739.729999999996
C00458,2025-04,907.45
C00458,2025-05,65400.41
C00458,2025-06,5940.65
C00458,2025-07,1493.31
C00458,2025-09,10460.57
C00458,2025-10,47553.47
C00458,2025-12,2012.13
C00459,2024-01,1982.84
C00459,2024-02,1503.4
C00459,2024-03,18065.66
C00459,2024-04,11131.29
C00459,2024-06,1613.47
C00459,2024-08,61986.66
C00459,2024-10,20338.210000000003
C00459,2024-11,13848.19
C00459,2024-12,5893.97
C00459,2025-01,37908.94
C00459,2025-03,53294.69
C00459,2025-04,11824.16
C00459,2025-06,44549.14
C00459,2025-08,32432.160000000003
C00459,2025-10,26278.58
C00459,2025-12,294.23
C00460,2024-01,5574.56
C00460,2024-02,2406.4
C00460,2024-03,1562.97
C00460,2024-06,595.18
C00460,2024-07,12219.54
C00460,2024-08,19450.04
C00460,2024-10,27212.68
C00460,2024-11,68422.53
C00460,2024-12,37572.07
C00460,2025-02,14115.57
C00460,2025-03,4445.06
C00460,2025-04,10789.22
C00460,2025-06,6029.92
C00460,2025-07,25358.73
C00460,2025-08,7538.3
C00460,2025-09,11960.72
C00460,2025-10,7063.24
C00460,2025-11,1976.64
C00460,2025-12,2758.72
C00461,2024-03,19119.37
C00461,2024-04,14482.58
C00461,2024-05,3617.84
C00461,2024-06,15045.060000000001
C00461,2024-07,212.19
C00461,2024-08,1110.29
C00461,2024-09,6908.47
C00461,2024-10,4095.75
C00461,2025-01,4616.67
C00461,2025-04,2542.1
C00461,2025-06,10388.48
C00461,2025-07,56035.21
C00461,2025-08,2512.85
C00461,2025-09,1357.93
C00461,2025-10,20169.13
C00461,2025-11,6752.85
C00462,2024-03,7784.38
C00462,2024-05,16701.34
C00462,2024-06,5591.01
C00462,2024-08,6240.26
C00462,2024-10,42179.049999999996
C00462,2024-11,43231.630000000005
C00462,2024-12,9392.06
C00462,2025-01,55137.19
C00462,2025-02,26115.03
C00462,2025-03,2052.35
C00462,2025-04,1447.51
C00462,2025-05,3247.51
C00462,2025-06,8062.03
C00462,2025-08,29275.28
C00462,2025-09,70514.94
C00462,2025-11,1907.11
C00462,2025-12,2802.8
C00463,2024-02,1966.84
C00463,2024-04,1732.61
C00463,2024-05,225.0
C00463,2024-06,50893.45
C00463,2024-08,46122.09
C00463,2024-09,20549.07
C00463,2024-10,3047.47
C00463,2024-11,846.84
C00463,2025-01,1345.2
C00463,2025-03,274.91
C00463,2025-04,1411.88
C00463,2025-05,9195.91
C00463,2025-07,17195.79
C00463,2025-08,2933.0
C00463,2025-09,22229.960000000003
C00463,2025-11,713.12
C00463,2025-12,16415.12
C00464,2024-01,39404.28
C00464,2024-03,770.97
C00464,2024-04,17610.2
C00464,2024-05,332.71
C00464,2024-06,8721.45
C00464,2024-07,3280.01
C00464,2024-09,20603.77
C00464,2024-10,217.22
C00464,2024-11,15527.150000000001
C00464,2024-12,1277.68
C00464,2025-02,3068.01
C00464,2025-03,9709.36
C00464,2025-04,3758.56
C00464,2025-06,3355.7
C00464,2025-08,5788.92
C00464,2025-10,19581.71
C00464,2025-11,57319.71
C00464,2025-12,41781.159999999996
C00465,2024-01,228.16
C00465,2024-02,40044.86
C00465,2024-03,3042.45
C00465,2024-04,20566.879999999997
C00465,2024-06,20548.52
C00465,2024-08,14211.82
C00465,2024-09,20091.27
C00465,2024-11,28981.23
C00465,2025-03,31453.309999999998
C00465,2025-04,1155.96
C00465,2025-05,20601.97
C00465,2025-06,1439.91
C00465,2025-07,7462.54
C00465,2025-09,55275.07
C00465,2025-12,10474.51
C00466,2024-01,1616.05
C00466,2024-02,40659.72
C00466,2024-04,1687.3
C00466,2024-05,2487.69
C00466,2024-07,15709.82
C00466,2024-08,2087.13
C00466,2024-09,9876.11
C00466,2024-10,16974.8
C00466,2024-11,43231.100000000006
C00466,2024-12,1829.19
C00466,2025-01,14995.8
C00466,2025-02,9741.89
C00466,2025-03,1815.15
C00466,2025-04,13016.31
C00466,2025-05,19520.53
C00466,2025-06,1906.08
C00466,2025-07,46774.93
C00466,2025-09,19901.61
C00466,2025-10,4953.59
C00466,2025-12,20858.93
C00467,2024-01,50460.99
C00467,2024-02,2382.5299999999997
C00467,2024-05,2952.51
C00467,2024-06,15317.22
C00467,2024-07,50272.02
C00467,2024-08,9383.15
C00467,2024-09,14817.439999999999
C00467,2024-10,1196.99
C00467,2024-11,38193.270000000004
C00467,2024-12,1259.65
C00467,2025-01,4480.360000000001
C00467,2025-02,37382.35
C00467,2025-03,4115.72
C00467,2025-05,48828.18
C00467,2025-08,4244.46
C00467,2025-11,9972.93
C00468,2024-01,55573.23
C00468,2024-02,1135.33
C00468,2024-03,2703.29
C00468,2024-04,1085.02
C00468,2024-05,21880.760000000002
C00468,2024-08,62993.24
C00468,2024-09,33737.06
C00468,2024-10,38917.74
C00468,2024-11,6865.04
C00468,2024-12,55054.57
C00468,2025-01,21919.29
C00468,2025-03,4777.74
C00468,2025-04,20812.260000000002
C00468,2025-08,10059.32
C00468,2025-09,20635.51
C00468,2025-10,68518.27
C00468,2025-12,37706.75
C00469,2024-01,6524.32
C00469,2024-02,36058.85
C00469,2024-03,315.83
C00469,2024-04,2035.18
C00469,2024-05,13047.42
C00469,2024-06,24090.43
C00469,2024-07,46963.6
C00469,2024-09,25438.93
C00469,2024-10,22443.03
C00469,2024-11,5126.6
C00469,2024-12,7854.29
C00469,2025-02,10723.41
C00469,2025-04,16703.64
C00469,2025-05,6502.139999999999
C00469,2025-07,46281.95
C00469,2025-10,17166.42
C00469,2025-12,64727.65
C00470,2024-01,7726.43
C00470,2024-02,1954.04
C00470,2024-04,5522.1
C00470,2024-05,6658.88
C00470,2024-06,10429.91
C00470,2024-07,15862.9
C00470,2024-08,2546.42
C00470,2024-09,12253.79
C00470,2024-10,31591.58
C00470,2024-12,21440.12
C00470,2025-01,2055.61
C00470,2025-02,12212.71
C00470,2025-03,42951.87
C00470,2025-04,5618.58
C00470,2025-05,9972.87
C00470,2025-07,2753.82
C00470,2025-08,731.96
C00470,2025-09,9242.49
C00470,2025-10,10942.07
C00470,2025-12,1646.39
C00471,2024-01,1068.43
C00471,2024-05,13681.65
C00471,2024-07,1500.49
C00471,2024-08,50967.2
C00471,2024-09,29238.75
C00471,2024-10,14114.6
C00471,2024-11,14977.0
C00471,2025-01,27178.829999999998
C00471,2025-02,569.43
C00471,2025-03,4220.51
C00471,2025-04,506.51
C00471,2025-05,36755.86
C00471,2025-06,13032.72
C00471,2025-07,4139.56
C00471,2025-10,1513.59
C00471,2025-12,27876.09
C00472,2024-01,12091.17
C00472,2024-02,13979.02
C00472,2024-03,57574.49
C00472,2024-04,1519.4099999999999
C00472,2024-06,32976.6
C00472,2024-08,18220.05
C00472,2024-09,2375.98
C00472,2024-10,49667.9
C00472,2024-11,3838.18
C00472,2024-12,43247.43
C00472,2025-01,54948.63
C00472,2025-03,3245.34
C00472,2025-04,50329.829999999994
C00472,2025-05,3333.1899999999996
C00472,2025-07,6243.69
C00472,2025-09,35422.91
C00472,2025-11,3102.8
C00472,2025-12,98688.92
C00473,2024-01,3360.89
C00473,2024-03,2880.72
C00473,2024-04,3876.63
C00473,2024-05,17382.3
C00473,2024-07,30722.63
C00473,2024-11,4714.9
C00473,2024-12,932.14
C00473,2025-01,4093.45
C00473,2025-02,2237.11
C00473,2025-03,298.24
C00473,2025-04,18855.05
C00473,2025-05,13452.48
C00473,2025-06,18043.29
C00473,2025-09,1333.49
C00473,2025-10,20860.81
C00473,2025-12,11506.32
C00474,2024-01,1611.52
C00474,2024-02,18128.09
C00474,2024-05,3579.86
C00474,2024-06,1986.78
C00474,2024-07,24269.440000000002
C00474,2024-08,3648.9799999999996
C00474,2024-09,34071.67
C00474,2024-10,7859.3
C00474,2024-11,4868.82
C00474,2024-12,35288.37
C00474,2025-01,3004.2
C00474,2025-02,14063.35
C00474,2025-03,13729.27
C00474,2025-04,3679.46
C00474,2025-05,29031.15
C00474,2025-06,10839.71
C00474,2025-07,942.04
C00474,2025-09,3611.54
C00474,2025-10,17178.86
C00474,2025-11,3506.26
C00474,2025-12,56616.05
C00475,2024-01,12881.16
C00475,2024-02,3861.5699999999997
C00475,2024-03,19820.13
C00475,2024-04,32018.84
C00475,2024-05,23489.59
C00475,2024-06,23821.920000000002
C00475,2024-07,63717.67
C00475,2024-08,6558.66
C00475,2024-09,62405.01
C00475,2024-10,11592.48
C00475,2024-11,69248.05
C00475,2024-12,543.54
C00475,2025-01,867.8
C00475,2025-03,14367.72
C00475,2025-04,1412.56
C00475,2025-05,2286.93
C00475,2025-07,17950.03
C00475,2025-08,888.38
C00475,2025-09,20447.48
C00475,2025-10,17017.6
C00475,2025-11,6407.15
C00475,2025-12,3288.89
C00476,2024-02,1604.93
C00476,2024-03,2159.42
C00476,2024-04,4962.92
C00476,2024-05,22044.41
C00476,2024-06,1969.31
C00476,2024-07,9316.91
C00476,2024-08,4173.46
C00476,2024-09,1240.48
C00476,2024-11,57100.600000000006
C00476,2024-12,623.72
C00476,2025-02,2645.81
C00476,2025-03,2135.34
C00476,2025-04,8393.68
C00476,2025-07,9589.81
C00476,2025-10,17220.15
C00476,2025-11,1309.87
C00476,2025-12,7006.51
C00477,2024-02,11052.96
C00477,2024-03,4393.96
C00477,2024-05,12328.32
C00477,2024-06,9174.17
C00477,2024-07,1985.37
C00477,2024-08,1820.76
C00477,2024-09,1370.39
C00477,2024-10,31345.86
C00477,2024-11,968.73
C00477,2024-12,4526.49
C00477,2025-01,75994.76
C00477,2025-02,1196.27
C00477,2025-03,2024.77
C00477,2025-04,46987.2
C00477,2025-05,5606.83
C00477,2025-06,4074.48
C00477,2025-07,66790.63
C00477,2025-08,15077.84
C00477,2025-09,6782.34
C00477,2025-10,7413.46
C00477,2025-11,2946.48
C00477,2025-12,2418.4
C00478,2024-02,38460.43
C00478,2024-03,30746.239999999998
C00478,2024-06,3709.39
C00478,2024-07,41259.2
C00478,2024-09,36433.91
C00478,2024-11,31059.68
C00478,2024-12,17943.83
C00478,2025-02,2164.37
C00478,2025-03,31787.29
C00478,2025-04,1417.77
C00478,2025-05,22375.03
C00478,2025-10,35941.86
C00478,2025-11,2685.5
C00478,2025-12,14958.61
C00479,2024-01,35066.41
C00479,2024-02,2674.77
C00479,2024-03,9835.43
C00479,2024-05,2216.8
C00479,2024-06,17830.9
C00479,2024-07,29693.89
C00479,2024-08,14158.400000000001
C00479,2024-10,11264.64
C00479,2024-11,84718.0
C00479,2024-12,29475.65
C00479,2025-01,11573.119999999999
C00479,2025-03,21985.72
C00479,2025-04,43234.46
C00479,2025-05,6294.81
C00479,2025-06,14750.97
C00479,2025-08,9766.13
C00479,2025-09,82445.17
C00479,2025-10,52227.25
C00479,2025-11,6845.3
C00479,2025-12,24646.74
C00480,2024-01,8252.79
C00480,2024-03,4668.63
C00480,2024-04,9729.93
C00480,2024-05,3581.9
C00480,2024-06,23512.26
C00480,2024-08,44811.0
C00480,2024-09,1184.3
C00480,2024-12,17472.28
C00480,2025-01,8018.76
C00480,2025-02,3944.34
C00480,2025-03,10400.9
C00480,2025-04,8995.7
C00480,2025-05,7492.69
C00480,2025-06,4504.1900000000005
C00480,2025-07,2042.7
C00480,2025-10,1844.33
C00480,2025-11,11659.810000000001
C00480,2025-12,3594.36
C00481,2024-01,30472.510000000002
C00481,2024-02,32254.3
C00481,2024-03,16866.71
C00481,2024-04,2502.62
C00481,2024-06,32474.8
C00481,2024-08,51129.31
C00481,2024-09,951.21
C00481,2024-10,6043.25
C00481,2024-11,2221.81
C00481,2024-12,17070.54
C00481,2025-01,38628.130000000005
C00481,2025-02,1612.63
C00481,2025-03,15771.45
C00481,2025-04,376.78
C00481,2025-05,21874.15
C00481,2025-06,1808.53
C00481,2025-07,2500.2
C00481,2025-08,1932.73
C00481,2025-10,1933.76
C00481,2025-11,29203.67
C00481,2025-12,24724.190000000002
C00482,2024-02,28016.26
C00482,2024-03,10050.2
C00482,2024-05,3733.74
C00482,2024-06,387.63
C00482,2024-07,17804.239999999998
C00482,2024-08,272.41
C00482,2024-09,15849.07
C00482,2024-11,50604.119999999995
C00482,2025-01,15289.5
C00482,2025-02,1856.89
C00482,2025-04,3810.3
C00482,2025-05,1965.99
C00482,2025-06,1483.18
C00482,2025-07,1928.44
C00482,2025-09,8907.279999999999
C00482,2025-11,21456.309999999998
C00482,2025-12,58811.170000000006
C00483,2024-01,2235.2
C00483,2024-03,20092.32
C00483,2024-04,4893.64
C00483,2024-05,61935.14
C00483,2024-06,4014.58
C00483,2024-07,19872.49
C00483,2024-08,25220.449999999997
C00483,2024-09,63555.82
C00483,2024-10,3283.13
C00483,2024-11,7947.43
C00483,2024-12,3763.1400000000003
C00483,2025-01,21732.059999999998
C00483,2025-03,2045.58
C00483,2025-05,3864.8
C00483,2025-06,741.86
C00483,2025-07,36935.740000000005
C00483,2025-08,8637.82
C00483,2025-09,2089.21
C00483,2025-10,2788.34
C00483,2025-11,43944.11
C00483,2025-12,21048.21
C00484,2024-01,9574.539999999999
C00484,2024-02,26339.29
C00484,2024-03,13211.98
C00484,2024-04,3416.48
C00484,2024-06,3939.2
C00484,2024-07,14783.78
C00484,2024-08,9732.05
C00484,2024-09,10796.49
C00484,2024-10,23808.84
C00484,2024-11,9418.6
C00484,2024-12,47439.149999999994
C00484,2025-01,955.5
C00484,2025-02,6946.28
C00484,2025-03,3612.8
C00484,2025-04,13933.0
C00484,2025-05,15077.21
C00484,2025-06,16915.67
C00484,2025-07,2249.3
C00484,2025-08,18594.86
C00484,2025-09,15486.12
C00484,2025-11,59627.53
C00484,2025-12,11615.63
C00485,2024-02,15260.39
C00485,2024-03,13229.78
C00485,2024-05,36291.229999999996
C00485,2024-06,2464.2599999999998
C00485,2024-07,4328.74
C00485,2024-08,1065.63
C00485,2024-09,6516.2
C00485,2024-10,8799.82
C00485,2024-11,14877.83
C00485,2024-12,30661.01
C00485,2025-03,3245.59
C00485,2025-04,2077.3
C00485,2025-05,7638.45
C00485,2025-07,34147.22
C00485,2025-08,3720.39
C00485,2025-11,6537.62
C00485,2025-12,17559.86
C00486,2024-01,11997.65
C00486,2024-03,292.05
C00486,2024-06,599.6
C00486,2024-07,37597.71
C00486,2024-08,273.92
C00486,2024-09,28478.48
C00486,2024-10,1150.27
C00486,2024-11,23018.93
C00486,2024-12,7624.29
C00486,2025-02,22430.13
C00486,2025-03,14514.56
C00486,2025-05,28783.05
C00486,2025-06,6983.62
C00486,2025-07,32785.3
C00486,2025-08,14646.810000000001
C00486,2025-09,484.56
C00486,2025-10,8016.610000000001
C00486,2025-12,98467.2
C00487,2024-02,2484.09
C00487,2024-03,28972.210000000003
C00487,2024-04,21481.739999999998
C00487,2024-05,17766.2
C00487,2024-06,10256.3
C00487,2024-07,640.04
C00487,2024-08,538.57
C00487,2024-09,12339.630000000001
C00487,2024-10,97455.48
C00487,2024-11,17183.34
C00487,2024-12,321.76
C00487,2025-01,16817.8
C00487,2025-02,11489.88
C00487,2025-04,19112.73
C00487,2025-05,11718.17
C00487,2025-06,10747.36
C00487,2025-08,81947.44
C00487,2025-09,14837.970000000001
C00487,2025-11,15465.369999999999
C00487,2025-12,7290.45
C00488,2024-01,17465.78
C00488,2024-03,39316.08
C00488,2024-04,11864.43
C00488,2024-05,53238.729999999996
C00488,2024-06,5301.66
C00488,2024-07,13514.96
C00488,2024-09,2264.79
C00488,2024-10,40406.57
C00488,2024-11,28956.83
C00488,2024-12,23165.51
C00488,2025-02,6110.31
C00488,2025-03,3239.09
C00488,2025-05,33276.479999999996
C00488,2025-08,18828.41
C00488,2025-09,4238.83
C00488,2025-11,1758.45
C00489,2024-01,18436.13
C00489,2024-02,22728.53
C00489,2024-03,24944.870000000003
C00489,2024-04,8681.72
C00489,2024-05,10789.91
C00489,2024-07,10495.73
C00489,2024-08,9328.0
C00489,2024-10,16973.63
C00489,2024-11,1767.17
C00489,2024-12,22100.93
C00489,2025-02,18495.03
C00489,2025-04,5597.96
C00489,2025-05,1234.29
C00489,2025-06,6503.370000000001
C00489,2025-07,2764.33
C00489,2025-08,36259.76
C00489,2025-10,15823.91
C00489,2025-11,9762.66
C00489,2025-12,29928.120000000003
C00490,2024-01,10843.48
C00490,2024-02,11342.359999999999
C00490,2024-03,3245.04
C00490,2024-04,1391.94
C00490,2024-05,27821.089999999997
C00490,2024-06,25658.7
C00490,2024-09,14689.15
C00490,2024-10,15260.06
C00490,2024-11,27811.399999999998
C00490,2025-02,9862.98
C00490,2025-03,1746.25
C00490,2025-05,5098.75
C00490,2025-08,1997.03
C00490,2025-09,41229.1
C00490,2025-10,8014.48
C00490,2025-12,13306.67
C00491,2024-01,30142.82
C00491,2024-02,19097.1
C00491,2024-03,6257.64
C00491,2024-04,5594.85
C00491,2024-05,23822.21
C00491,2024-06,15463.48
C00491,2024-07,7614.27
C00491,2024-10,51999.92
C00491,2024-11,2435.33
C00491,2024-12,1862.86
C00491,2025-02,1072.62
C00491,2025-03,14828.06
C00491,2025-04,34999.53
C00491,2025-05,776.27
C00491,2025-06,51387.14
C00491,2025-07,25230.4
C00491,2025-09,10870.35
C00491,2025-10,17735.85
C00491,2025-11,5938.63
C00491,2025-12,4585.18
C00492,2024-02,4357.02
C00492,2024-03,39061.23
C00492,2024-04,1388.77
C00492,2024-06,2757.52
C00492,2024-07,10112.88
C00492,2024-08,41715.03999999999
C00492,2024-09,19765.35
C00492,2024-10,3115.33
C00492,2024-11,3021.51
C00492,2025-01,1285.39
C00492,2025-02,1805.34
C00492,2025-03,1710.87
C00492,2025-05,1328.47
C00492,2025-07,28917.86
C00492,2025-08,4132.5
C00492,2025-09,23203.75
C00492,2025-10,3796.41
C00492,2025-11,2546.7
C00492,2025-12,4801.93
C00493,2024-02,11717.630000000001
C00493,2024-03,26011.9
C00493,2024-05,14311.59
C00493,2024-06,2981.11
C00493,2024-07,9679.65
C00493,2024-08,38864.71
C00493,2024-09,8148.239999999999
C00493,2024-10,2066.95
C00493,2024-11,2273.05
C00493,2024-12,1686.1
C00493,2025-02,13674.609999999999
C00493,2025-03,50359.35
C00493,2025-04,1139.66
C00493,2025-05,25924.629999999997
C00493,2025-06,77856.33
C00493,2025-07,1515.26
C00493,2025-08,29048.8
C00493,2025-09,25479.64
C00493,2025-10,13027.859999999999
C00493,2025-12,57619.39
C00494,2024-01,12013.94
C00494,2024-02,35510.82
C00494,2024-04,16185.65
C00494,2024-05,1069.85
C00494,2024-08,2257.99
C00494,2024-09,26963.48
C00494,2024-10,66032.73999999999
C00494,2024-11,52836.43
C00494,2024-12,4997.1900000000005
C00494,2025-01,9537.380000000001
C00494,2025-02,1874.08
C00494,2025-03,37816.47
C00494,2025-04,7719.68
C00494,2025-05,1924.48
C00494,2025-06,1251.95
C00494,2025-07,25047.9
C00494,2025-08,29223.76
C00494,2025-09,1006.89
C00494,2025-10,4470.1900000000005
C00494,2025-11,8893.51
C00494,2025-12,50299.25
C00495,2024-01,560.1
C00495,2024-02,18675.1
C00495,2024-03,6349.84
C00495,2024-04,3763.52
C00495,2024-05,2264.91
C00495,2024-06,46326.590000000004
C00495,2024-08,693.18
C00495,2024-10,4488.389999999999
C00495,2024-11,2051.04
C00495,2025-01,1866.38
C00495,2025-02,16518.379999999997
C00495,2025-03,355.64
C00495,2025-04,7382.34
C00495,2025-05,2593.53
C00495,2025-06,16495.28
C00495,2025-07,12874.21
C00495,2025-08,32146.97
C00495,2025-09,2916.35
C00495,2025-11,24369.22
C00495,2025-12,11052.12
C00496,2024-01,209.08
C00496,2024-02,3244.19
C00496,2024-03,1643.72
C00496,2024-04,12971.19
C00496,2024-06,44621.409999999996
C00496,2024-07,9726.4
C00496,2024-08,52929.56
C00496,2024-09,32329.42
C00496,2024-10,2010.97
C00496,2024-11,7955.44
C00496,2024-12,8468.18
C00496,2025-01,46643.579999999994
C00496,2025-02,4635.47
C00496,2025-03,16714.64
C00496,2025-05,7493.76
C00496,2025-06,5500.81
C00496,2025-08,2161.46
C00496,2025-09,16438.04
C00496,2025-10,972.57
C00496,2025-11,9877.64
C00496,2025-12,67163.19
C00497,2024-01,5209.77
C00497,2024-03,45452.99
C00497,2024-04,23924.170000000002
C00497,2024-06,1268.49
C00497,2024-08,74349.05
C00497,2024-09,57644.090000000004
C00497,2024-10,9663.57
C00497,2024-11,3977.47
C00497,2024-12,2568.06
C00497,2025-02,10781.05
C00497,2025-03,10731.99
C00497,2025-05,2376.13
C00497,2025-06,9426.95
C00497,2025-08,3354.3700000000003
C00497,2025-09,38428.14
C00497,2025-10,19301.33
C00497,2025-11,43858.229999999996
C00497,2025-12,2750.32
C00498,2024-01,5808.08
C00498,2024-02,9046.279999999999
C00498,2024-04,33093.99
C00498,2024-05,32379.92
C00498,2024-06,4353.03
C00498,2024-07,5748.88
C00498,2024-08,4059.9799999999996
C00498,2024-10,17292.47
C00498,2024-12,13971.61
C00498,2025-01,3835.25
C00498,2025-04,11717.679999999998
C00498,2025-05,109605.04
C00498,2025-06,20560.32
C00498,2025-07,4620.25
C00498,2025-08,37548.969999999994
C00498,2025-09,22352.5
C00498,2025-10,2292.15
C00498,2025-11,8766.28
C00498,2025-12,14876.699999999999
C00499,2024-01,27633.27
C00499,2024-05,2315.95
C00499,2024-06,1883.91
C00499,2024-09,2478.03
C00499,2024-11,2810.18
C00499,2024-12,20758.039999999997
C00499,2025-01,53537.79
C00499,2025-02,3016.19
C00499,2025-03,7722.55
C00499,2025-04,2413.5
C00499,2025-07,10522.47
C00499,2025-08,73279.62
C00499,2025-09,16201.38
C00499,2025-10,4017.8
C00499,2025-11,29130.35
C00499,2025-12,6478.77
C00500,2024-01,5995.53
C00500,2024-05,2649.71
C00500,2024-06,32336.8
C00500,2024-07,1544.63
C00500,2024-09,10433.26
C00500,2024-10,3767.7
C00500,2024-11,71433.56
C00500,2025-02,5660.89
C00500,2025-03,6452.99
C00500,2025-05,25606.25
C00500,2025-06,9389.869999999999
C00500,2025-07,1318.98
C00500,2025-08,7132.84
C00500,2025-10,2417.72
C00500,2025-11,1914.8
C00500,2025-12,14418.17
C00501,2024-01,9543.23
C00501,2024-03,1649.41
C00501,2024-05,26042.48
C00501,2024-06,7471.099999999999
C00501,2024-08,66007.23
C00501,2024-09,1404.3000000000002
C00501,2024-10,6541.4
C00501,2024-11,35368.83
C00501,2025-02,1803.09
C00501,2025-05,18813.9
C00501,2025-07,29511.309999999998
C00501,2025-08,2046.4
C00501,2025-09,16966.76
C00501,2025-10,4181.58
C00501,2025-11,20635.079999999998
C00501,2025-12,38176.53
C00502,2024-01,709.6
C00502,2024-02,59263.51
C00502,2024-05,11484.87
C00502,2024-06,1547.54
C00502,2024-07,434.37
C00502,2024-08,7608.68
C00502,2024-09,10053.42
C00502,2024-10,3097.1000000000004
C00502,2024-11,28683.78
C00502,2024-12,35280.07
C00502,2025-01,11720.67
C00502,2025-03,18621.97
C00502,2025-04,679.52
C00502,2025-06,3365.77
C00502,2025-07,41013.100000000006
C00502,2025-08,1404.18
C00502,2025-09,5685.1
C00502,2025-10,1013.55
C00502,2025-11,57838.05
C00502,2025-12,1198.36
C00503,2024-02,6664.070000000001
C00503,2024-03,7628.34
C00503,2024-04,2654.9
C00503,2024-05,2611.21
C00503,2024-06,16191.03
C00503,2024-07,33249.27
C00503,2024-10,20374.510000000002
C00503,2024-12,5293.07
C00503,2025-01,25392.51
C00503,2025-02,3783.95
C00503,2025-03,37481.67
C00503,2025-04,31090.42
C00503,2025-05,21543.440000000002
C00503,2025-06,18981.51
C00503,2025-07,17125.559999999998
C00503,2025-08,9200.970000000001
C00503,2025-09,50730.39
C00503,2025-10,2815.12
C00503,2025-12,19539.18
C00504,2024-01,6477.29
C00504,2024-02,4727.28
C00504,2024-03,2719.96
C00504,2024-04,996.63
C00504,2024-05,17613.19
C00504,2024-07,4164.2
C00504,2024-08,8633.78
C00504,2024-09,18886.09
C00504,2024-12,16598.71
C00504,2025-01,1583.84
C00504,2025-02,41617.59
C00504,2025-04,19089.44
C00504,2025-06,710.51
C00504,2025-07,56864.15
C00504,2025-08,4812.34
C00505,2024-01,2267.17
C00505,2024-04,10076.51
C00505,2024-05,5849.87
C00505,2024-06,13050.16
C00505,2024-07,10533.849999999999
C00505,2024-08,11333.539999999999
C00505,2024-09,1764.73
C00505,2024-10,28209.78
C00505,2024-11,1584.18
C00505,2024-12,4881.41
C00505,2025-02,6558.790000000001
C00505,2025-03,41887.53
C00505,2025-04,15009.81
C00505,2025-05,16107.36
C00505,2025-06,12106.3
C00505,2025-07,8672.94
C00505,2025-09,1420.9
C00505,2025-10,6999.52
C00505,2025-11,11653.35
C00505,2025-12,51155.59
C00506,2024-01,8111.1
C00506,2024-02,4654.34
C00506,2024-03,2379.39
C00506,2024-04,18857.98
C00506,2024-05,16687.32
C00506,2024-07,1147.01
C00506,2024-08,15609.19
C00506,2024-09,6568.62
C00506,2024-10,8165.69
C00506,2024-11,1795.5900000000001
C00506,2025-01,17380.18
C00506,2025-02,3193.71
C00506,2025-05,39026.61
C00506,2025-06,5126.51
C00506,2025-07,14122.03
C00506,2025-09,44980.79
C00506,2025-10,6128.33
C00506,2025-11,66578.25
C00506,2025-12,15517.88
C00507,2024-01,330.62
C00507,2024-02,16149.0
C00507,2024-03,1149.11
C00507,2024-05,15082.93
C00507,2024-06,3027.8900000000003
C00507,2024-08,8970.0
C00507,2024-09,40109.74
C00507,2024-10,14609.01
C00507,2024-11,2996.41
C00507,2025-01,6818.35
C00507,2025-02,5313.44
C00507,2025-03,20247.38
C00507,2025-04,17241.66
C00507,2025-05,45330.57
C00507,2025-07,53193.909999999996
C00507,2025-08,2699.7
C00507,2025-10,3962.0299999999997
C00507,2025-11,39353.1
C00507,2025-12,1392.54
C00508,2024-01,53865.229999999996
C00508,2024-02,4098.48
C00508,2024-03,1802.25
C00508,2024-05,62455.869999999995
C00508,2024-06,31006.53
C00508,2024-08,1755.16
C00508,2024-09,9185.01
C00508,2024-10,346.69
C00508,2024-11,8470.54
C00508,2025-01,3140.99
C00508,2025-02,28912.98
C00508,2025-03,14706.3
C00508,2025-04,69388.42
C00508,2025-05,43636.45
C00508,2025-06,1311.69
C00508,2025-08,1354.02
C00508,2025-10,63726.99
C00508,2025-12,1503.35
C00509,2024-02,6354.96
C00509,2024-04,2613.55
C00509,2024-06,1416.77
C00509,2024-07,2107.61
C00509,2024-08,3593.43
C00509,2024-10,1120.27
C00509,2024-11,11903.32
C00509,2024-12,2496.22
C00509,2025-01,8362.14
C00509,2025-06,13532.3
C00509,2025-08,35657.86
C00509,2025-09,15146.630000000001
C00509,2025-11,3826.03
C00509,2025-12,6827.45
C00510,2024-02,23600.58
C00510,2024-03,8366.21
C00510,2024-04,8736.39
C00510,2024-06,7014.91
C00510,2024-07,2091.61
C00510,2024-08,338.37
C00510,2024-09,16019.369999999999
C00510,2024-10,3693.05
C00510,2024-11,30455.399999999998
C00510,2024-12,23838.25
C00510,2025-01,24763.84
C00510,2025-04,566.75
C00510,2025-05,12277.2
C00510,2025-08,13028.650000000001
C00510,2025-09,1338.7
C00510,2025-11,3631.12
C00511,2024-02,1708.18
C00511,2024-03,49926.850000000006
C00511,2024-04,4141.55
C00511,2024-07,1788.05
C00511,2024-08,25820.19
C00511,2024-09,1295.02
C00511,2024-10,3337.13
C00511,2024-12,605.57
C00511,2025-01,39274.51
C00511,2025-03,13338.57
C00511,2025-04,4296.2699999999995
C00511,2025-05,22019.43
C00511,2025-06,1935.15
C00511,2025-07,18815.27
C00511,2025-08,3550.3
C00511,2025-09,1135.06
C00511,2025-10,6567.09
C00511,2025-12,1400.18
C00512,2024-01,2466.18
C00512,2024-03,35097.58
C00512,2024-04,51027.61
C00512,2024-05,1730.21
C00512,2024-06,511.64
C00512,2024-08,11439.73
C00512,2024-10,1126.55
C00512,2024-11,2842.53
C00512,2024-12,2013.14
C00512,2025-02,6789.79
C00512,2025-03,6186.51
C00512,2025-05,7852.63
C00512,2025-06,17772.93
C00512,2025-11,14608.46
C00512,2025-12,72767.6
C00513,2024-02,34300.01
C00513,2024-03,22761.41
C00513,2024-04,22164.66
C00513,2024-05,38530.92
C00513,2024-07,31328.17
C00513,2024-08,42642.060000000005
C00513,2024-09,61447.25
C00513,2024-10,920.22
C00513,2024-11,21784.96
C00513,2024-12,11429.6
C00513,2025-01,7290.9
C00513,2025-02,2919.67
C00513,2025-03,3810.55
C00513,2025-04,19499.75
C00513,2025-05,7324.43
C00513,2025-06,18055.42
C00513,2025-07,11591.980000000001
C00513,2025-08,9041.83
C00513,2025-09,60197.64
C00513,2025-11,30661.850000000002
C00513,2025-12,4556.04
C00514,2024-01,52001.37
C00514,2024-02,6371.58
C00514,2024-03,9540.84
C00514,2024-04,1953.09
C00514,2024-05,23347.31
C00514,2024-06,27260.74
C00514,2024-07,11289.35
C00514,2024-08,3401.59
C00514,2024-10,4636.0
C00514,2024-11,16298.970000000001
C00514,2025-01,12752.61
C00514,2025-04,950.94
C00514,2025-06,28269.11
C00514,2025-07,22800.969999999998
C00514,2025-08,1985.14
C00514,2025-09,45042.71000000001
C00514,2025-10,3364.92
C00515,2024-03,318.45
C00515,2024-04,8457.18
C00515,2024-05,22083.19
C00515,2024-06,17054.15
C00515,2024-07,13891.03
C00515,2024-08,15802.63
C00515,2024-09,1503.49
C00515,2024-10,12085.31
C00515,2024-11,23314.75
C00515,2024-12,3014.27
C00515,2025-02,19922.27
C00515,2025-03,2813.86
C00515,2025-04,1251.54
C00515,2025-05,6491.41
C00515,2025-07,25392.13
C00515,2025-09,4740.63
C00515,2025-10,41678.4
C00515,2025-11,6058.09
C00516,2024-01,2490.02
C00516,2024-02,13433.29
C00516,2024-03,13053.34
C00516,2024-04,36982.0
C00516,2024-05,14901.66
C00516,2024-07,10026.42
C00516,2024-08,31380.78
C00516,2024-10,2660.18
C00516,2024-11,5298.07
C00516,2024-12,3239.55
C00516,2025-01,2020.7
C00516,2025-03,31649.23
C00516,2025-04,2397.73
C00516,2025-05,6506.87
C00516,2025-06,2423.14
C00516,2025-07,15756.09
C00516,2025-08,3901.91
C00516,2025-09,3585.31
C00516,2025-10,30107.98
C00516,2025-11,15686.830000000002
C00516,2025-12,3121.93
C00517,2024-02,11684.95
C00517,2024-03,5896.52
C00517,2024-05,29815.410000000003
C00517,2024-06,13607.51
C00517,2024-07,2337.36
C00517,2024-09,8926.81
C00517,2024-12,2734.57
C00517,2025-02,2441.08
C00517,2025-03,1803.39
C00517,2025-04,12887.96
C00517,2025-05,11037.75
C00517,2025-06,50845.39
C00517,2025-07,2587.08
C00517,2025-09,19029.68
C00517,2025-10,11054.36
C00517,2025-11,12147.69
C00518,2024-01,17009.69
C00518,2024-04,1601.4
C00518,2024-05,9851.83
C00518,2024-06,7619.17
C00518,2024-08,6641.53
C00518,2024-09,84381.63
C00518,2024-10,2630.83
C00518,2024-11,11011.85
C00518,2025-01,41331.89
C00518,2025-02,1982.01
C00518,2025-03,20973.38
C00518,2025-04,7952.08
C00518,2025-05,1290.74
C00518,2025-06,60668.54
C00518,2025-07,3410.1499999999996
C00518,2025-08,8382.97
C00518,2025-10,2274.04
C00518,2025-11,1258.58
C00518,2025-12,3122.88
C00519,2024-01,1304.65
C00519,2024-02,14979.78
C00519,2024-03,12916.28
C00519,2024-06,8381.869999999999
C00519,2024-07,17207.190000000002
C00519,2024-08,28297.1
C00519,2024-09,18970.33
C00519,2024-10,32179.65
C00519,2024-11,26805.329999999998
C00519,2024-12,1484.75
C00519,2025-01,23589.41
C00519,2025-02,11484.47
C00519,2025-03,32172.86
C00519,2025-04,13872.789999999999
C00519,2025-05,2125.13
C00519,2025-06,784.97
C00519,2025-07,12215.27
C00519,2025-11,10671.55
C00519,2025-12,7952.44
C00520,2024-01,15429.26
C00520,2024-03,29109.98
C00520,2024-04,9732.74
C00520,2024-05,18282.22
C00520,2024-06,22570.54
C00520,2024-07,21698.16
C00520,2024-08,37947.77
C00520,2024-09,14481.4
C00520,2024-11,11482.7
C00520,2024-12,3330.6400000000003
C00520,2025-01,7047.37
C00520,2025-02,10085.16
C00520,2025-05,1976.67
C00520,2025-06,40159.08
C00520,2025-07,1600.88
C00520,2025-08,637.87
C00520,2025-09,4135.1
C00520,2025-10,3458.48
C00521,2024-02,20350.88
C00521,2024-03,49043.71
C00521,2024-04,16552.71
C00521,2024-06,62810.95
C00521,2024-07,2726.45
C00521,2024-09,1738.93
C00521,2024-10,28941.97
C00521,2024-12,2644.66
C00521,2025-01,24393.739999999998
C00521,2025-02,693.55
C00521,2025-03,29671.11
C00521,2025-04,11487.630000000001
C00521,2025-05,10866.29
C00521,2025-06,1923.63
C00521,2025-07,12892.82
C00521,2025-08,16932.83
C00521,2025-09,42890.04
C00521,2025-10,2538.17
C00521,2025-11,1726.99
C00522,2024-02,33426.45
C00522,2024-03,40302.97
C00522,2024-05,18370.86
C00522,2024-06,306.31
C00522,2024-07,41429.23
C00522,2024-08,15643.58
C00522,2024-09,5024.950000000001
C00522,2024-11,4906.0
C00522,2024-12,77272.58
C00522,2025-02,27372.04
C00522,2025-04,22157.53
C00522,2025-05,8591.4
C00522,2025-06,66821.33
C00522,2025-07,22707.4
C00522,2025-10,564.04
C00522,2025-11,15489.04
C00522,2025-12,6537.25
C00523,2024-01,12054.95
C00523,2024-02,959.38
C00523,2024-03,44147.759999999995
C00523,2024-04,1731.55
C00523,2024-05,43185.32
C00523,2024-06,1071.12
C00523,2024-09,21289.94
C00523,2024-10,13707.73
C00523,2024-11,3136.99
C00523,2025-01,3431.56
C00523,2025-02,3266.47
C00523,2025-03,6156.46
C00523,2025-04,5187.9
C00523,2025-05,1121.31
C00523,2025-06,1031.81
C00523,2025-07,50950.63
C00523,2025-08,50680.94
C00523,2025-09,2161.66
C00523,2025-10,677.45
C00523,2025-11,8944.02
C00523,2025-12,5190.14
C00524,2024-01,10841.18
C00524,2024-02,30582.85
C00524,2024-03,10415.57
C00524,2024-04,5593.86
C00524,2024-05,20148.5
C00524,2024-06,23846.91
C00524,2024-09,27300.46
C00524,2024-10,1879.1
C00524,2024-12,25971.239999999998
C00524,2025-02,16099.5
C00524,2025-04,1599.49
C00524,2025-05,11635.92
C00524,2025-07,1265.35
C00524,2025-08,825.32
C00524,2025-09,4962.57
C00524,2025-10,2085.73
C00524,2025-11,12477.5
C00524,2025-12,16170.76
C00525,2024-01,11311.53
C00525,2024-02,12307.650000000001
C00525,2024-03,1339.66
C00525,2024-04,15953.46
C00525,2024-05,72973.91
C00525,2024-07,63946.05
C00525,2024-08,31677.19
C00525,2024-09,97483.07
C00525,2024-10,2799.59
C00525,2024-11,939.3
C00525,2024-12,12269.89
C00525,2025-01,31070.019999999997
C00525,2025-02,2724.52
C00525,2025-04,60011.259999999995
C00525,2025-05,4755.73
C00525,2025-06,41063.9
C00525,2025-08,2550.17
C00525,2025-09,2952.14
C00525,2025-10,13214.64
C00525,2025-11,1621.32
C00525,2025-12,42910.439999999995
C00526,2024-01,863.87
C00526,2024-03,19163.61
C00526,2024-04,79378.41
C00526,2024-05,6437.94
C00526,2024-07,57458.35
C00526,2024-08,28774.07
C00526,2024-09,3173.65
C00526,2024-10,3130.49
C00526,2024-12,1965.11
C00526,2025-01,109414.56
C00526,2025-02,2588.6
C00526,2025-03,444.09
C00526,2025-04,2165.29
C00526,2025-05,14567.79
C00526,2025-06,19862.46
C00526,2025-07,46626.07
C00526,2025-08,1618.76
C00526,2025-09,5871.6900000000005
C00526,2025-10,2285.29
C00526,2025-12,40363.78
C00527,2024-01,16267.489999999998
C00527,2024-02,3479.86
C00527,2024-03,23410.02
C00527,2024-04,3530.21
C00527,2024-05,21144.52
C00527,2024-06,6454.51
C00527,2024-07,1114.96
C00527,2024-09,350.4
C00527,2024-10,8299.01
C00527,2024-11,14477.27
C00527,2024-12,304.21
C00527,2025-01,49885.86
C00527,2025-02,12762.23
C00527,2025-03,4801.14
C00527,2025-05,6386.09
C00527,2025-07,36424.380000000005
C00527,2025-08,7865.53
C00527,2025-09,1408.55
C00527,2025-10,4482.32
C00527,2025-11,20829.49
C00527,2025-12,49244.57
C00528,2024-01,985.44
C00528,2024-02,18284.879999999997
C00528,2024-04,7408.459999999999
C00528,2024-05,46847.91
C00528,2024-09,28496.18
C00528,2025-02,19897.88
C00528,2025-03,373.61
C00528,2025-07,1973.16
C00528,2025-09,12968.25
C00528,2025-10,14468.23
C00528,2025-11,9188.31
C00528,2025-12,8349.1
C00529,2024-01,36770.92
C00529,2024-02,35149.63
C00529,2024-03,13212.609999999999
C00529,2024-06,13168.62
C00529,2024-07,63420.08
C00529,2024-08,14052.34
C00529,2024-09,4135.06
C00529,2024-10,8707.85
C00529,2024-12,7842.040000000001
C00529,2025-01,1280.11
C00529,2025-02,2190.13
C00529,2025-03,15622.93
C00529,2025-05,2058.14
C00529,2025-06,15345.920000000002
C00529,2025-08,22394.3
C00529,2025-10,89190.57
C00529,2025-11,13541.63
C00529,2025-12,10307.82
C00530,2024-01,6030.870000000001
C00530,2024-02,36552.549999999996
C00530,2024-03,47476.08
C00530,2024-04,5140.09
C00530,2024-06,21254.12
C00530,2024-07,3220.66
C00530,2024-10,2825.27
C00530,2024-11,8340.67
C00530,2024-12,4919.93
C00530,2025-01,31492.98
C00530,2025-02,11458.08
C00530,2025-03,15165.42
C00530,2025-05,5656.61
C00530,2025-06,18056.15
C00530,2025-07,9187.05
C00530,2025-08,2360.25
C00530,2025-09,17583.38
C00530,2025-10,53909.34
C00530,2025-11,19622.269999999997
C00530,2025-12,17981.51
C00531,2024-01,18841.88
C00531,2024-02,46587.01
C00531,2024-03,3135.18
C00531,2024-06,12825.34
C00531,2024-07,28377.100000000002
C00531,2024-09,23737.760000000002
C00531,2024-11,18567.739999999998
C00531,2024-12,71457.03
C00531,2025-01,46738.6
C00531,2025-02,18688.36
C00531,2025-03,22063.260000000002
C00531,2025-04,27103.149999999998
C00531,2025-05,79708.3
C00531,2025-07,58355.75
C00531,2025-08,10472.06
C00531,2025-09,29040.480000000003
C00531,2025-10,3340.52
C00531,2025-11,9236.49
C00531,2025-12,63621.28
C00532,2024-01,43184.72
C00532,2024-03,36562.76
C00532,2024-04,5378.41
C00532,2024-06,17283.43
C00532,2024-07,13359.43
C00532,2024-08,1020.2
C00532,2024-09,2185.87
C00532,2024-10,20745.27
C00532,2024-11,6384.389999999999
C00532,2024-12,739.03
C00532,2025-02,70971.95999999999
C00532,2025-03,33599.5
C00532,2025-04,725.76
C00532,2025-05,58939.82
C00532,2025-06,3909.01
C00532,2025-07,279.36
C00532,2025-08,47986.65
C00532,2025-09,10319.289999999999
C00532,2025-10,5249.47
C00532,2025-11,11525.099999999999
C00532,2025-12,14353.619999999999
C00533,2024-01,45671.61
C00533,2024-02,40371.36
C00533,2024-03,42505.42
C00533,2024-04,1109.89
C00533,2024-05,9544.34
C00533,2024-06,3163.91
C00533,2024-07,1534.86
C00533,2024-08,1726.89
C00533,2024-09,2704.61
C00533,2024-10,2848.13
C00533,2024-11,56412.409999999996
C00533,2024-12,6002.99
C00533,2025-01,9106.51
C00533,2025-02,16997.82
C00533,2025-03,1591.65
C00533,2025-04,17666.48
C00533,2025-06,31622.76
C00533,2025-08,12656.11
C00533,2025-10,1163.58
C00533,2025-11,596.48
C00533,2025-12,3616.49
C00534,2024-01,7654.23
C00534,2024-02,1739.22
C00534,2024-03,39271.37
C00534,2024-05,1274.15
C00534,2024-06,700.12
C00534,2024-07,15393.2
C00534,2024-08,1904.96
C00534,2024-09,17579.23
C00534,2024-12,24994.36
C00534,2025-01,826.99
C00534,2025-02,17018.87
C00534,2025-03,3998.09
C00534,2025-04,17574.42
C00534,2025-06,18425.8
C00534,2025-07,36251.93
C00534,2025-09,1487.05
C00534,2025-10,2637.8
C00534,2025-11,75279.84
C00534,2025-12,35208.19
C00535,2024-01,9199.68
C00535,2024-03,362.42
C00535,2024-04,46178.44
C00535,2024-06,25406.42
C00535,2024-07,4772.81
C00535,2024-09,19934.65
C00535,2024-11,14653.750000000002
C00535,2025-01,13574.76
C00535,2025-02,7865.72
C00535,2025-04,20590.04
C00535,2025-05,7250.81
C00535,2025-08,10299.46
C00535,2025-09,5857.59
C00536,2024-03,17028.52
C00536,2024-05,4027.68
C00536,2024-06,3249.79
C00536,2024-08,4732.8
C00536,2024-09,5528.35
C00536,2024-10,22123.699999999997
C00536,2024-11,41024.4
C00536,2024-12,12610.33
C00536,2025-01,21534.63
C00536,2025-02,8771.6
C00536,2025-03,12294.34
C00536,2025-04,439.52
C00536,2025-05,32265.36
C00536,2025-06,3927.47
C00536,2025-08,1200.52
C00536,2025-10,15617.81
C00536,2025-11,8018.03
C00536,2025-12,57139.16
C00537,2024-01,20572.75
C00537,2024-02,2874.92
C00537,2024-03,20413.06
C00537,2024-04,17029.28
C00537,2024-06,12677.710000000001
C00537,2024-07,26308.54
C00537,2024-08,50585.54
C00537,2024-09,2564.58
C00537,2024-11,39627.46
C00537,2024-12,170.55
C00537,2025-01,3411.05
C00537,2025-03,1425.56
C00537,2025-04,4227.2
C00537,2025-05,1010.81
C00537,2025-07,3466.84
C00537,2025-08,14648.509999999998
C00537,2025-10,1144.42
C00537,2025-11,17898.99
C00538,2024-01,29119.91
C00538,2024-03,12792.93
C00538,2024-04,34315.49
C00538,2024-05,6844.79
C00538,2024-06,224.79
C00538,2024-07,15111.05
C00538,2024-08,12380.59
C00538,2024-09,25635.88
C00538,2024-10,6451.37
C00538,2024-12,18827.36
C00538,2025-01,53398.42
C00538,2025-02,6201.15
C00538,2025-03,1958.7
C00538,2025-04,6491.53
C00538,2025-07,4253.77
C00538,2025-08,27382.68
C00538,2025-09,18381.47
C00538,2025-10,4890.71
C00538,2025-12,749.09
C00539,2024-01,8130.52
C00539,2024-02,608.96
C00539,2024-03,2357.07
C00539,2024-04,11292.69
C00539,2024-05,20130.15
C00539,2024-06,2803.71
C00539,2024-07,7436.01
C00539,2024-08,3130.99
C00539,2024-10,7470.51
C00539,2024-12,15863.62
C00539,2025-03,23836.78
C00539,2025-04,31204.18
C00539,2025-06,38504.21
C00539,2025-07,2104.72
C00539,2025-08,12720.19
C00539,2025-09,5365.56
C00539,2025-10,7560.51
C00539,2025-11,12992.91
C00539,2025-12,19574.56
C00540,2024-01,49028.42
C00540,2024-02,18859.99
C00540,2024-03,1421.16
C00540,2024-04,11533.33
C00540,2024-07,14663.89
C00540,2024-08,20949.58
C00540,2024-09,22295.7
C00540,2024-10,15866.03
C00540,2024-11,18869.04
C00540,2024-12,22192.38
C00540,2025-02,19568.6
C00540,2025-03,13199.34
C00540,2025-04,48996.86
C00540,2025-06,2873.71
C00540,2025-08,26621.38
C00540,2025-09,1539.91
C00540,2025-10,12227.58
C00541,2024-01,20072.010000000002
C00541,2024-02,37264.46
C00541,2024-04,26980.38
C00541,2024-05,2576.31
C00541,2024-06,9079.29
C00541,2024-07,7137.72
C00541,2024-08,1869.42
C00541,2024-09,21444.86
C00541,2024-11,9485.7
C00541,2025-03,14649.61
C00541,2025-05,50697.8
C00541,2025-07,861.3
C00541,2025-08,5745.0599999999995
C00541,2025-09,428.54
C00541,2025-10,9102.02
C00541,2025-12,11855.65
C00542,2024-01,3048.57
C00542,2024-03,3834.04
C00542,2024-04,50699.22
C00542,2024-05,629.76
C00542,2024-06,604.71
C00542,2024-08,10865.89
C00542,2024-10,17602.23
C00542,2024-11,662.18
C00542,2024-12,5871.73
C00542,2025-02,3001.81
C00542,2025-03,2915.77
C00542,2025-04,8530.56
C00542,2025-05,8547.43
C00542,2025-06,10547.67
C00542,2025-07,24213.260000000002
C00542,2025-08,12554.08
C00542,2025-09,17001.289999999997
C00542,2025-10,2276.73
C00542,2025-12,1282.1
C00543,2024-01,478.61
C00543,2024-02,356.84
C00543,2024-03,111457.18
C00543,2024-04,5666.4
C00543,2024-05,2338.7
C00543,2024-07,4225.34
C00543,2024-08,1270.3700000000001
C00543,2024-09,6538.4800000000005
C00543,2024-10,3493.09
C00543,2024-12,16328.54
C00543,2025-01,26851.15
C00543,2025-02,31790.31
C00543,2025-03,18021.53
C00543,2025-04,4389.15
C00543,2025-05,29696.38
C00543,2025-06,36135.27
C00543,2025-07,11657.99
C00543,2025-08,45225.450000000004
C00543,2025-09,1264.69
C00543,2025-11,53566.05
C00543,2025-12,51387.46
C00544,2024-02,38760.08
C00544,2024-03,2846.11
C00544,2024-04,12184.66
C00544,2024-05,107884.41
C00544,2024-06,3149.18
C00544,2024-07,1499.51
C00544,2024-08,13408.1
C00544,2024-11,53385.53999999999
C00544,2025-01,18766.59
C00544,2025-02,25638.66
C00544,2025-03,14736.96
C00544,2025-04,8452.619999999999
C00544,2025-06,1274.87
C00544,2025-07,16412.34
C00544,2025-08,2534.1
C00544,2025-09,26098.17
C00544,2025-10,72987.31
C00544,2025-11,42345.34
C00544,2025-12,5513.36
C00545,2024-02,515.99
C00545,2024-04,14723.21
C00545,2024-05,3030.1
C00545,2024-09,17058.59
C00545,2024-10,49305.82
C00545,2024-11,1293.15
C00545,2024-12,4135.28
C00545,2025-02,17105.01
C00545,2025-03,7607.15
C00545,2025-07,8028.63
C00545,2025-08,9362.71
C00545,2025-09,14605.85
C00545,2025-11,4349.33
C00546,2024-01,10709.24
C00546,2024-03,3310.13
C00546,2024-04,19987.49
C00546,2024-05,7686.9800000000005
C00546,2024-06,20051.309999999998
C00546,2024-09,46718.44
C00546,2024-11,1703.86
C00546,2024-12,13839.91
C00546,2025-01,35552.46
C00546,2025-03,26121.64
C00546,2025-04,31005.4
C00546,2025-06,50242.689999999995
C00546,2025-08,3104.1
C00546,2025-09,4011.5
C00546,2025-10,12700.94
C00546,2025-11,1993.5
C00546,2025-12,19180.13
C00547,2024-01,1742.73
C00547,2024-02,17981.87
C00547,2024-05,12389.49
C00547,2024-06,14968.19
C00547,2024-07,66387.6
C00547,2024-08,13836.73
C00547,2024-09,10491.22
C00547,2024-10,5722.67
C00547,2024-11,21148.68
C00547,2024-12,29490.87
C00547,2025-01,4946.08
C00547,2025-02,3888.79
C00547,2025-03,2706.29
C00547,2025-04,31619.99
C00547,2025-05,19894.29
C00547,2025-06,415.61
C00547,2025-07,59022.62
C00547,2025-08,613.82
C00547,2025-10,6008.69
C00547,2025-12,31354.77
C00548,2024-01,55234.01
C00548,2024-02,11420.88
C00548,2024-03,695.36
C00548,2024-05,4964.56
C00548,2024-06,2425.14
C00548,2024-07,7688.120000000001
C00548,2024-08,5251.68
C00548,2024-09,2612.01
C00548,2024-11,1636.12
C00548,2024-12,7793.9
C00548,2025-02,9566.36
C00548,2025-03,12272.62
C00548,2025-05,5854.66
C00548,2025-08,8785.77
C00548,2025-09,2895.39
C00548,2025-11,15400.6
C00548,2025-12,11053.62
C00549,2024-01,7237.31
C00549,2024-02,35833.299999999996
C00549,2024-03,584.89
C00549,2024-04,6503.31
C00549,2024-05,5500.110000000001
C00549,2024-06,4473.9
C00549,2024-07,1780.05
C00549,2024-08,661.99
C00549,2024-09,1785.93
C00549,2024-10,7213.07
C00549,2024-11,12413.15
C00549,2024-12,9847.09
C00549,2025-01,22254.019999999997
C00549,2025-02,4886.18
C00549,2025-04,7021.01
C00549,2025-06,2280.82
C00549,2025-08,1346.13
C00549,2025-09,21904.19
C00549,2025-10,16573.61
C00549,2025-11,43354.75
C00550,2024-01,1345.51
C00550,2024-04,3071.93
C00550,2024-05,28718.85
C00550,2024-06,24620.47
C00550,2024-07,64141.060000000005
C00550,2024-08,4273.25
C00550,2024-09,47001.98
C00550,2024-11,78407.5
C00550,2024-12,1794.21
C00550,2025-01,25510.96
C00550,2025-03,41507.57
C00550,2025-04,27115.81
C00550,2025-05,5646.76
C00550,2025-08,24727.760000000002
C00550,2025-09,2867.69
C00550,2025-10,4152.8
C00550,2025-11,13207.71
C00550,2025-12,2262.33
C00551,2024-01,24892.0
C00551,2024-02,7449.26
C00551,2024-03,546.08
C00551,2024-05,9996.11
C00551,2024-06,2975.63
C00551,2024-07,5295.05
C00551,2024-08,42143.57
C00551,2024-10,6344.37
C00551,2024-11,59016.5
C00551,2025-01,19138.07
C00551,2025-04,14822.02
C00551,2025-05,12471.7
C00551,2025-06,851.82
C00551,2025-08,37216.21
C00551,2025-09,1755.62
C00551,2025-10,463.67
C00551,2025-11,735.36
C00551,2025-12,15241.369999999999
C00552,2024-01,39397.27
C00552,2024-02,519.24
C00552,2024-03,3368.1000000000004
C00552,2024-05,5363.74
C00552,2024-06,4314.29
C00552,2024-08,983.18
C00552,2024-09,29425.839999999997
C00552,2024-10,72642.26
C00552,2024-11,14704.4
C00552,2025-01,22801.199999999997
C00552,2025-02,18360.02
C00552,2025-05,2508.17
C00552,2025-06,39746.98
C00552,2025-07,7930.719999999999
C00552,2025-08,10245.23
C00552,2025-09,70715.5
C00552,2025-10,6402.88
C00552,2025-12,4880.37
C00553,2024-01,20691.37
C00553,2024-02,773.11
C00553,2024-03,5871.85
C00553,2024-04,62381.27
C00553,2024-05,17845.88
C00553,2024-07,3060.12
C00553,2024-09,2789.6000000000004
C00553,2024-10,34969.07
C00553,2024-11,35309.61
C00553,2024-12,13868.38
C00553,2025-01,3815.2
C00553,2025-02,20716.26
C00553,2025-06,959.16
C00553,2025-07,63072.05
C00553,2025-09,17285.03
C00553,2025-11,10440.73
C00553,2025-12,3467.62
C00554,2024-01,27731.19
C00554,2024-02,39509.22
C00554,2024-03,19300.09
C00554,2024-06,25789.06
C00554,2024-07,17948.46
C00554,2024-08,47220.93
C00554,2024-09,2166.76
C00554,2024-10,9593.49
C00554,2024-11,10865.26
C00554,2024-12,37095.020000000004
C00554,2025-01,901.09
C00554,2025-02,4751.27
C00554,2025-03,49908.61
C00554,2025-04,246.35
C00554,2025-05,1420.98
C00554,2025-07,10600.01
C00554,2025-08,38913.2
C00554,2025-09,537.79
C00554,2025-11,5221.87
C00554,2025-12,8812.59
C00555,2024-01,997.06
C00555,2024-02,34038.44
C00555,2024-04,40759.18
C00555,2024-06,730.87
C00555,2024-07,13242.51
C00555,2024-08,16536.47
C00555,2024-10,6523.88
C00555,2024-11,2377.92
C00555,2024-12,3975.45
C00555,2025-01,33936.54
C00555,2025-02,9586.58
C00555,2025-04,30927.579999999998
C00555,2025-05,18416.22
C00555,2025-06,2278.62
C00555,2025-08,1875.05
C00555,2025-09,17669.43
C00555,2025-10,36634.27
C00555,2025-11,30593.54
C00555,2025-12,863.01
C00556,2024-01,846.4
C00556,2024-03,66281.82
C00556,2024-04,18287.95
C00556,2024-06,5247.8099999999995
C00556,2024-07,19885.8
C00556,2024-08,1681.56
C00556,2024-11,13257.83
C00556,2024-12,15418.250000000002
C00556,2025-01,13557.21
C00556,2025-02,1953.82
C00556,2025-03,2949.43
C00556,2025-04,22187.36
C00556,2025-05,50425.94
C00556,2025-08,14545.59
C00556,2025-09,1777.4
C00556,2025-11,21312.6
C00556,2025-12,3614.44
C00557,2024-01,17913.89
C00557,2024-02,3192.97
C00557,2024-03,414.49
C00557,2024-05,3941.05
C00557,2024-06,9310.59
C00557,2024-07,5452.5599999999995
C00557,2024-08,513.64
C00557,2024-09,996.62
C00557,2024-11,2291.45
C00557,2024-12,3508.06
C00557,2025-01,50646.86
C00557,2025-02,40899.48
C00557,2025-03,677.71
C00557,2025-04,45005.66
C00557,2025-05,707.45
C00557,2025-06,3581.95
C00557,2025-07,13953.11
C00557,2025-08,2793.89
C00557,2025-09,717.49
C00557,2025-11,37755.73
C00557,2025-12,26571.520000000004
C00558,2024-01,18916.62
C00558,2024-02,65416.46
C00558,2024-03,37289.76
C00558,2024-04,38636.14
C00558,2024-06,34879.59
C00558,2024-07,10395.2
C00558,2024-08,6211.39
C00558,2024-09,2087.42
C00558,2024-10,6750.35
C00558,2024-11,3489.91
C00558,2025-01,85326.85
C00558,2025-03,10606.4
C00558,2025-04,6366.46
C00558,2025-05,6480.6
C00558,2025-07,2590.04
C00558,2025-08,4325.27
C00558,2025-09,3451.3900000000003
C00558,2025-10,4122.19
C00558,2025-12,6545.32
C00559,2024-01,36108.18
C00559,2024-02,2274.49
C00559,2024-03,2113.3
C00559,2024-04,2777.16
C00559,2024-06,34093.48
C00559,2024-07,1700.11
C00559,2024-09,30438.170000000002
C00559,2024-10,46772.25
C00559,2024-12,6713.19
C00559,2025-01,3473.42
C00559,2025-02,31829.04
C00559,2025-03,47269.76
C00559,2025-04,23331.3
C00559,2025-06,12036.12
C00559,2025-07,3964.38
C00559,2025-09,39711.71
C00559,2025-10,33117.71
C00559,2025-12,55889.91
C00560,2024-01,528.0
C00560,2024-02,17727.51
C00560,2024-03,44283.27
C00560,2024-04,10976.63
C00560,2024-05,30755.899999999998
C00560,2024-06,38793.15
C00560,2024-08,2155.91
C00560,2024-09,1097.47
C00560,2024-11,2851.65
C00560,2024-12,1489.57
C00560,2025-01,52662.98
C00560,2025-02,6677.150000000001
C00560,2025-03,41092.75
C00560,2025-04,14774.86
C00560,2025-05,12717.53
C00560,2025-07,2382.71
C00560,2025-08,1114.54
C00560,2025-09,8722.130000000001
C00560,2025-10,243.14
C00560,2025-11,2536.13
C00560,2025-12,20403.239999999998
C00561,2024-01,15083.69
C00561,2024-04,27571.87
C00561,2024-05,59536.32
C00561,2024-06,3689.02
C00561,2024-08,65445.0
C00561,2024-11,2581.82
C00561,2025-01,2553.55
C00561,2025-02,39972.27
C00561,2025-04,6324.02
C00561,2025-05,31687.84
C00561,2025-07,29138.9
C00561,2025-08,2960.71
C00561,2025-09,90320.81
C00561,2025-10,19752.1
C00562,2024-03,44916.03
C00562,2024-04,20260.84
C00562,2024-05,2228.37
C00562,2024-06,5876.32
C00562,2024-07,32033.95
C00562,2024-08,54548.13
C00562,2024-09,2321.09
C00562,2024-11,12641.900000000001
C00562,2024-12,36382.35
C00562,2025-01,2389.34
C00562,2025-02,6562.9
C00562,2025-03,15162.01
C00562,2025-04,46336.479999999996
C00562,2025-05,1340.09
C00562,2025-07,2038.52
C00562,2025-10,11947.5
C00562,2025-11,30719.24
C00562,2025-12,1022.61
C00563,2024-02,17308.03
C00563,2024-04,3554.1
C00563,2024-05,1713.06
C00563,2024-06,28342.5
C00563,2024-07,6011.37
C00563,2024-08,8021.72
C00563,2024-11,9661.33
C00563,2024-12,22453.12
C00563,2025-01,672.4
C00563,2025-02,21300.13
C00563,2025-03,12937.64
C00563,2025-04,3475.22
C00563,2025-06,47649.51
C00563,2025-08,251.79
C00563,2025-09,32773.09
C00564,2024-01,40528.09
C00564,2024-03,4923.18
C00564,2024-04,39188.55
C00564,2024-06,332.01
C00564,2024-07,238.24
C00564,2024-08,1491.94
C00564,2024-09,9098.26
C00564,2024-10,15265.64
C00564,2024-12,30214.87
C00564,2025-02,38751.15
C00564,2025-03,1994.64
C00564,2025-05,2344.58
C00564,2025-06,16498.35
C00564,2025-07,516.15
C00564,2025-08,750.31
C00564,2025-09,55599.33
C00564,2025-10,32966.880000000005
C00564,2025-11,11617.67
C00564,2025-12,16657.88
C00565,2024-01,17146.85
C00565,2024-02,56212.8
C00565,2024-05,47914.18
C00565,2024-12,9212.17
C00565,2025-03,29016.93
C00565,2025-04,11625.86
C00565,2025-05,11523.61
C00565,2025-06,27660.65
C00565,2025-07,54859.810000000005
C00565,2025-08,3056.28
C00565,2025-09,2409.93
C00565,2025-10,2832.26
C00565,2025-11,6807.2
C00565,2025-12,13266.74
C00566,2024-01,18534.19
C00566,2024-02,7915.96
C00566,2024-04,3675.85
C00566,2024-05,12200.5
C00566,2024-06,31581.49
C00566,2024-07,16936.69
C00566,2024-08,55956.99
C00566,2024-09,45010.69
C00566,2024-10,44065.84
C00566,2024-11,9064.130000000001
C00566,2025-01,12148.57
C00566,2025-02,5002.889999999999
C00566,2025-03,21351.12
C00566,2025-04,5515.120000000001
C00566,2025-05,38099.18
C00566,2025-06,14400.99
C00566,2025-07,11162.47
C00566,2025-09,3875.13
C00566,2025-10,6207.87
C00566,2025-11,14271.03
C00566,2025-12,2963.49
C00567,2024-01,14468.3
C00567,2024-02,2805.4
C00567,2024-03,18705.86
C00567,2024-04,2125.72
C00567,2024-05,9751.28
C00567,2024-06,16631.03
C00567,2024-07,4961.55
C00567,2024-08,12719.17
C00567,2024-09,15826.6
C00567,2024-10,45635.14
C00567,2024-11,18026.85
C00567,2024-12,324.84
C00567,2025-01,6508.17
C00567,2025-02,25112.3
C00567,2025-03,14440.62
C00567,2025-04,9212.65
C00567,2025-05,7698.27
C00567,2025-06,9541.27
C00567,2025-07,711.84
C00567,2025-10,9923.74
C00567,2025-11,12575.23
C00567,2025-12,17881.7
C00568,2024-01,15228.58
C00568,2024-02,21548.4
C00568,2024-03,28504.02
C00568,2024-04,16222.56
C00568,2024-05,1560.79
C00568,2024-06,51793.56
C00568,2024-07,12812.240000000002
C00568,2024-08,1521.54
C00568,2024-09,789.0
C00568,2024-10,4526.62
C00568,2024-12,5371.56
C00568,2025-01,29393.739999999998
C00568,2025-02,25477.39
C00568,2025-05,822.25
C00568,2025-06,413.3
C00568,2025-07,16710.3
C00568,2025-09,2459.39
C00568,2025-10,12030.75
C00568,2025-11,26857.9
C00568,2025-12,5646.99
C00569,2024-01,32424.84
C00569,2024-02,12809.41
C00569,2024-03,20346.31
C00569,2024-04,19599.600000000002
C00569,2024-06,41624.26
C00569,2024-07,22309.0
C00569,2024-09,2605.8
C00569,2024-10,15314.92
C00569,2024-11,478.7
C00569,2025-01,8776.25
C00569,2025-02,14887.070000000002
C00569,2025-04,8236.62
C00569,2025-05,2439.68
C00569,2025-07,23077.57
C00569,2025-08,2473.66
C00569,2025-09,11034.52
C00569,2025-11,3887.72
C00569,2025-12,39908.24
C00570,2024-02,41971.630000000005
C00570,2024-03,63283.85
C00570,2024-05,1212.74
C00570,2024-06,2960.07
C00570,2024-07,2256.86
C00570,2024-10,6199.16
C00570,2024-11,5462.79
C00570,2024-12,2930.38
C00570,2025-01,42044.79
C00570,2025-02,711.11
C00570,2025-04,8484.220000000001
C00570,2025-05,3662.44
C00570,2025-08,20965.09
C00570,2025-09,2641.4
C00570,2025-10,3810.15
C00570,2025-11,50178.47
C00570,2025-12,17845.58
C00571,2024-01,24207.21
C00571,2024-02,41601.299999999996
C00571,2024-03,38222.45
C00571,2024-05,884.69
C00571,2024-06,14790.6
C00571,2024-08,10367.76
C00571,2024-09,1372.06
C00571,2024-10,28846.65
C00571,2024-11,1379.64
C00571,2025-01,22963.25
C00571,2025-02,28696.67
C00571,2025-03,23668.670000000002
C00571,2025-05,1972.23
C00571,2025-07,1657.79
C00571,2025-08,6272.9
C00571,2025-10,34358.82
C00571,2025-11,20896.77
C00571,2025-12,8325.69
C00572,2024-02,30146.070000000003
C00572,2024-03,13176.05
C00572,2024-04,39272.09
C00572,2024-05,10902.400000000001
C00572,2024-06,9049.44
C00572,2024-07,9154.73
C00572,2024-08,2132.33
C00572,2024-09,18378.71
C00572,2024-10,11747.26
C00572,2024-11,21619.149999999998
C00572,2025-01,8906.220000000001
C00572,2025-02,22633.91
C00572,2025-03,7099.99
C00572,2025-04,1998.27
C00572,2025-05,36120.46
C00572,2025-06,1170.76
C00572,2025-08,3100.52
C00572,2025-10,56853.729999999996
C00572,2025-11,2373.48
C00572,2025-12,2789.53
C00573,2024-01,11924.01
C00573,2024-02,12267.69
C00573,2024-03,1152.86
C00573,2024-05,47639.75
C00573,2024-06,1088.16
C00573,2024-09,54168.11
C00573,2024-10,242.66
C00573,2024-11,44565.87
C00573,2025-02,8628.17
C00573,2025-03,18673.809999999998
C00573,2025-04,52427.350000000006
C00573,2025-05,45254.61
C00573,2025-06,31763.309999999998
C00573,2025-07,4661.35
C00573,2025-08,32421.58
C00573,2025-09,13587.49
C00573,2025-10,20993.129999999997
C00573,2025-11,32320.160000000003
C00573,2025-12,39815.27
C00574,2024-01,15991.3
C00574,2024-02,32893.89
C00574,2024-04,1140.21
C00574,2024-05,2926.84
C00574,2024-06,21563.91
C00574,2024-07,1208.3
C00574,2024-08,5855.7
C00574,2024-09,2200.39
C00574,2024-11,4661.51
C00574,2024-12,32756.780000000002
C00574,2025-01,766.57
C00574,2025-02,1834.38
C00574,2025-03,20936.0
C00574,2025-04,2095.65
C00574,2025-05,1609.78
C00574,2025-06,19588.15
C00574,2025-07,17506.370000000003
C00574,2025-08,19951.7
C00574,2025-10,3837.65
C00574,2025-11,12999.91
C00574,2025-12,14790.84
C00575,2024-01,24464.01
C00575,2024-02,15656.09
C00575,2024-03,6753.5
C00575,2024-05,7019.87
C00575,2024-06,4209.15
C00575,2024-07,23975.96
C00575,2024-08,5520.42
C00575,2024-09,9065.73
C00575,2024-11,10339.09
C00575,2025-01,4529.25
C00575,2025-02,10195.75
C00575,2025-03,3410.78
C00575,2025-04,46674.47
C00575,2025-05,22856.61
C00575,2025-07,14871.24
C00575,2025-08,2070.04
C00575,2025-11,4116.3
C00575,2025-12,2838.31
C00576,2024-02,13379.800000000001
C00576,2024-03,635.47
C00576,2024-04,6847.16
C00576,2024-05,14229.54
C00576,2024-06,8469.720000000001
C00576,2024-07,3570.29
C00576,2024-08,3390.59
C00576,2024-09,1467.63
C00576,2024-10,2293.23
C00576,2024-12,504.06
C00576,2025-01,80204.12
C00576,2025-02,42183.57
C00576,2025-04,10479.89
C00576,2025-05,2759.15
C00576,2025-06,1488.87
C00576,2025-07,2742.19
C00576,2025-08,1869.73
C00576,2025-09,5769.35
C00576,2025-10,11953.96
C00576,2025-11,15548.35
C00577,2024-01,23983.44
C00577,2024-02,43250.85
C00577,2024-03,429.35
C00577,2024-04,18746.87
C00577,2024-05,2233.68
C00577,2024-06,55520.45
C00577,2024-08,17707.18
C00577,2024-10,22688.559999999998
C00577,2024-11,4609.950000000001
C00577,2024-12,8970.03
C00577,2025-01,20910.99
C00577,2025-02,3218.88
C00577,2025-03,3057.3
C00577,2025-04,36231.69
C00577,2025-05,23887.96
C00577,2025-06,3180.25
C00577,2025-07,37740.82
C00577,2025-08,1713.54
C00577,2025-09,19269.489999999998
C00577,2025-11,12756.35
C00578,2024-03,38206.659999999996
C00578,2024-05,13407.41
C00578,2024-06,554.46
C00578,2024-07,56317.62
C00578,2024-08,8459.36
C00578,2024-09,1073.59
C00578,2024-11,808.33
C00578,2024-12,1812.97
C00578,2025-01,52630.14
C00578,2025-02,10382.08
C00578,2025-03,11296.42
C00578,2025-05,3583.01
C00578,2025-06,54806.909999999996
C00578,2025-07,22510.78
C00578,2025-08,6852.12
C00578,2025-09,2944.19
C00578,2025-10,27819.05
C00578,2025-11,11498.08
C00578,2025-12,23036.84
C00579,2024-01,954.92
C00579,2024-02,7490.19
C00579,2024-03,3953.1200000000003
C00579,2024-04,29048.9
C00579,2024-06,3642.85
C00579,2024-07,11791.58
C00579,2024-08,18065.010000000002
C00579,2024-10,67153.88
C00579,2025-01,6424.04
C00579,2025-02,29298.78
C00579,2025-03,2098.1800000000003
C00579,2025-04,7586.43
C00579,2025-05,11570.37
C00579,2025-06,5981.42
C00579,2025-07,1023.9
C00579,2025-08,2602.66
C00579,2025-09,11586.16
C00579,2025-10,13837.54
C00579,2025-11,26270.129999999997
C00579,2025-12,13586.7
C00580,2024-01,15800.49
C00580,2024-02,4095.16
C00580,2024-03,47012.29
C00580,2024-04,2267.62
C00580,2024-05,21382.58
C00580,2024-06,44739.10999999999
C00580,2024-07,27347.1
C00580,2024-08,1355.55
C00580,2024-09,4014.92
C00580,2024-10,33683.1
C00580,2024-11,12656.53
C00580,2024-12,6252.76
C00580,2025-01,14490.84
C00580,2025-02,1591.68
C00580,2025-03,30699.74
C00580,2025-04,2005.38
C00580,2025-06,11238.08
C00580,2025-07,3479.34
C00580,2025-09,406.35
C00580,2025-10,21878.42
C00581,2024-01,85860.98
C00581,2024-02,236.04
C00581,2024-03,6715.11
C00581,2024-04,33865.75
C00581,2024-05,2649.97
C00581,2024-06,9154.87
C00581,2024-07,427.58
C00581,2024-08,10626.11
C00581,2024-10,2956.71
C00581,2025-01,509.9
C00581,2025-04,11317.54
C00581,2025-05,95369.25
C00581,2025-06,1853.84
C00581,2025-07,24738.039999999997
C00581,2025-08,11293.82
C00581,2025-11,40217.79
C00581,2025-12,3662.0
C00582,2024-02,1716.19
C00582,2024-03,3917.59
C00582,2024-04,7010.790000000001
C00582,2024-05,32609.120000000003
C00582,2024-06,12067.46
C00582,2024-07,1225.93
C00582,2024-08,54642.24
C00582,2024-11,35531.39
C00582,2024-12,1510.09
C00582,2025-02,4519.41
C00582,2025-03,4548.76
C00582,2025-04,57687.799999999996
C00582,2025-07,6538.66
C00582,2025-09,26485.24
C00582,2025-10,3315.12
C00582,2025-11,24313.1
C00582,2025-12,1887.4
C00583,2024-02,67919.8
C00583,2024-04,61085.91
C00583,2024-05,23573.260000000002
C00583,2024-06,35047.07
C00583,2024-08,26989.02
C00583,2024-09,918.55
C00583,2024-10,11736.269999999999
C00583,2024-11,22850.53
C00583,2024-12,515.13
C00583,2025-02,32567.08
C00583,2025-03,23703.5
C00583,2025-04,18398.72
C00583,2025-07,16360.23
C00583,2025-09,34456.94
C00583,2025-10,16103.859999999999
C00583,2025-11,17255.98
C00583,2025-12,19261.34
C00584,2024-02,22961.690000000002
C00584,2024-03,61608.82
C00584,2024-04,17743.36
C00584,2024-05,25982.71
C00584,2024-06,2907.78
C00584,2024-07,2025.36
C00584,2024-08,890.37
C00584,2024-09,7291.87
C00584,2024-10,37109.43
C00584,2024-12,13663.84
C00584,2025-01,2868.34
C00584,2025-03,16043.71
C00584,2025-04,4093.74
C00584,2025-05,2636.66
C00584,2025-06,2254.26
C00584,2025-07,24702.98
C00584,2025-09,41486.31
C00584,2025-10,1067.76
C00584,2025-11,29762.300000000003
C00584,2025-12,3387.19
C00585,2024-01,14133.52
C00585,2024-02,34897.54
C00585,2024-04,8975.67
C00585,2024-05,33817.33
C00585,2024-08,3082.41
C00585,2024-09,23365.530000000002
C00585,2025-01,9882.36
C00585,2025-02,2193.5
C00585,2025-03,38563.14
C00585,2025-04,29532.769999999997
C00585,2025-05,14277.32
C00585,2025-06,2075.52
C00585,2025-09,2797.92
C00585,2025-10,411.22
C00585,2025-11,5921.06
C00585,2025-12,30791.62
C00586,2024-01,6425.24
C00586,2024-03,18661.519999999997
C00586,2024-04,4864.59
C00586,2024-05,10454.67
C00586,2024-07,17533.71
C00586,2024-08,8738.73
C00586,2024-09,23165.36
C00586,2024-10,4696.1
C00586,2024-12,2730.9
C00586,2025-01,3133.21
C00586,2025-02,7432.5
C00586,2025-03,56119.68
C00586,2025-04,72905.76000000001
C00586,2025-05,9628.369999999999
C00586,2025-06,72170.36
C00586,2025-07,36918.200000000004
C00586,2025-08,12238.06
C00586,2025-11,4267.24
C00586,2025-12,1036.11
C00587,2024-01,895.65
C00587,2024-03,13543.57
C00587,2024-04,22525.99
C00587,2024-05,18191.96
C00587,2024-07,8906.09
C00587,2024-08,13449.01
C00587,2024-09,3632.25
C00587,2024-10,1104.54
C00587,2024-11,1222.73
C00587,2024-12,13277.49
C00587,2025-01,19335.39
C00587,2025-03,15650.060000000001
C00587,2025-04,1909.53
C00587,2025-05,12658.24
C00587,2025-06,2473.11
C00587,2025-07,17744.86
C00587,2025-08,4670.53
C00587,2025-10,68602.76
C00587,2025-11,1774.57
C00587,2025-12,19719.35
C00588,2024-02,1264.89
C00588,2024-03,3395.5699999999997
C00588,2024-04,2851.5
C00588,2024-05,16124.39
C00588,2024-08,1578.44
C00588,2024-09,4096.17
C00588,2024-10,4123.26
C00588,2024-11,42360.36
C00588,2024-12,6652.96
C00588,2025-01,18534.54
C00588,2025-02,2597.3
C00588,2025-03,394.46
C00588,2025-04,6627.009999999999
C00588,2025-05,1383.55
C00588,2025-07,37144.77
C00588,2025-08,2609.18
C00588,2025-09,14330.960000000001
C00588,2025-11,2251.06
C00588,2025-12,13830.0
C00589,2024-02,2733.89
C00589,2024-03,11086.32
C00589,2024-05,72217.20999999999
C00589,2024-07,53739.9
C00589,2024-08,5257.37
C00589,2024-09,12674.779999999999
C00589,2024-10,19211.82
C00589,2024-11,78253.79000000001
C00589,2024-12,39344.59
C00589,2025-01,14421.25
C00589,2025-02,13786.689999999999
C00589,2025-03,1131.25
C00589,2025-05,109552.45
C00589,2025-06,5832.82
C00589,2025-09,12076.03
C00589,2025-10,98648.63
C00589,2025-11,34864.67
C00589,2025-12,24195.75
C00590,2024-02,35565.61
C00590,2024-03,19804.85
C00590,2024-04,22997.12
C00590,2024-05,22209.84
C00590,2024-06,4328.55
C00590,2024-07,12784.85
C00590,2024-08,11834.2
C00590,2024-09,29268.64
C00590,2024-10,19570.4
C00590,2024-11,15925.66
C00590,2024-12,10447.21
C00590,2025-01,30215.89
C00590,2025-03,2739.56
C00590,2025-07,6271.4400000000005
C00590,2025-08,18658.9
C00590,2025-09,997.82
C00590,2025-10,886.82
C00590,2025-12,1894.65
C00591,2024-02,16584.23
C00591,2024-03,4668.1900000000005
C00591,2024-04,11871.81
C00591,2024-05,9041.23
C00591,2024-06,18111.91
C00591,2024-07,7782.7
C00591,2024-08,6440.93
C00591,2024-09,5502.35
C00591,2024-10,12662.439999999999
C00591,2024-11,2060.89
C00591,2024-12,968.55
C00591,2025-02,34490.69
C00591,2025-04,2445.7
C00591,2025-05,1809.7
C00591,2025-07,8114.5
C00591,2025-08,1558.17
C00591,2025-09,5916.29
C00591,2025-10,7857.58
C00591,2025-11,17622.45
C00591,2025-12,7358.17
C00592,2024-01,18625.03
C00592,2024-02,5833.04
C00592,2024-03,28055.5
C00592,2024-04,21762.54
C00592,2024-05,41726.11
C00592,2024-06,1238.89
C00592,2024-07,14344.37
C00592,2024-09,2030.34
C00592,2024-10,29685.09
C00592,2024-11,2040.42
C00592,2024-12,55895.270000000004
C00592,2025-01,8875.74
C00592,2025-04,30856.21
C00592,2025-05,14732.17
C00592,2025-06,5867.6
C00592,2025-07,32423.15
C00592,2025-08,25311.33
C00592,2025-09,2323.81
C00592,2025-10,3594.17
C00592,2025-11,12266.41
C00592,2025-12,1900.5
C00593,2024-01,1801.01
C00593,2024-02,11938.609999999999
C00593,2024-03,41751.84
C00593,2024-05,29566.05
C00593,2024-06,52627.46
C00593,2024-07,308.43
C00593,2024-08,14148.68
C00593,2024-09,391.11
C00593,2024-10,37065.880000000005
C00593,2024-12,13916.220000000001
C00593,2025-03,945.28
C00593,2025-04,2270.93
C00593,2025-05,244.46
C00593,2025-06,53471.439999999995
C00593,2025-08,18659.49
C00593,2025-10,18821.76
C00593,2025-11,76968.76999999999
C00594,2024-02,11584.44
C00594,2024-03,35613.73
C00594,2024-04,18332.62
C00594,2024-06,1659.36
C00594,2024-07,42096.7
C00594,2024-08,5741.62
C00594,2024-09,7703.05
C00594,2024-10,79476.47
C00594,2024-11,14259.84
C00594,2024-12,1389.77
C00594,2025-01,38522.21
C00594,2025-02,6224.51
C00594,2025-04,13135.02
C00594,2025-06,2392.38
C00594,2025-07,14538.0
C00594,2025-10,57824.299999999996
C00594,2025-11,24926.0
C00594,2025-12,18812.35
C00595,2024-02,32857.78
C00595,2024-04,733.96
C00595,2024-06,17213.2
C00595,2024-07,812.36
C00595,2024-08,10575.81
C00595,2024-10,4162.54
C00595,2024-11,20787.3
C00595,2024-12,291.95
C00595,2025-02,24215.8
C00595,2025-03,1952.09
C00595,2025-06,56827.57
C00595,2025-07,2783.14
C00595,2025-08,8007.1
C00595,2025-09,2273.25
C00595,2025-10,3968.15
C00595,2025-11,42004.29
C00596,2024-01,3448.71
C00596,2024-03,18180.84
C00596,2024-04,4477.29
C00596,2024-05,668.66
C00596,2024-06,41302.91
C00596,2024-07,21252.83
C00596,2024-10,1914.54
C00596,2024-12,4791.16
C00596,2025-02,38950.68
C00596,2025-03,5212.38
C00596,2025-04,44170.5
C00596,2025-05,7122.29
C00596,2025-06,13918.13
C00596,2025-07,35736.01
C00596,2025-09,35640.3
C00596,2025-10,1410.94
C00596,2025-11,17338.54
C00596,2025-12,1833.63
C00597,2024-01,16868.87
C00597,2024-02,12441.24
C00597,2024-05,19522.79
C00597,2024-06,34860.170000000006
C00597,2024-07,7687.94
C00597,2024-09,27887.03
C00597,2024-10,5990.04
C00597,2024-11,1764.6
C00597,2024-12,47200.979999999996
C00597,2025-02,14264.829999999998
C00597,2025-03,17337.22
C00597,2025-04,7744.77
C00597,2025-05,3914.92
C00597,2025-06,6957.02
C00597,2025-07,57972.409999999996
C00597,2025-09,47198.810000000005
C00597,2025-10,14924.92
C00597,2025-11,414.32
C00597,2025-12,3382.33
C00598,2024-01,8955.65
C00598,2024-03,18932.63
C00598,2024-04,58552.48
C00598,2024-05,4499.8099999999995
C00598,2024-06,38044.86
C00598,2024-07,6142.85
C00598,2024-08,61802.71
C00598,2024-09,23476.120000000003
C00598,2024-10,9157.37
C00598,2024-11,47534.35
C00598,2024-12,18058.72
C00598,2025-01,58845.4
C00598,2025-02,47062.93
C00598,2025-03,17701.79
C00598,2025-04,6146.94
C00598,2025-05,14073.57
C00598,2025-08,34230.619999999995
C00598,2025-09,5845.16
C00598,2025-10,18285.33
C00598,2025-11,48253.28
C00598,2025-12,7414.9
C00599,2024-01,2623.63
C00599,2024-02,2121.78
C00599,2024-03,73752.66
C00599,2024-05,5255.13
C00599,2024-06,21523.34
C00599,2024-10,1926.88
C00599,2024-12,2990.51
C00599,2025-01,4561.38
C00599,2025-05,5315.139999999999
C00599,2025-06,47551.68
C00599,2025-07,32917.39
C00599,2025-08,19079.45
C00599,2025-09,40642.78
C00599,2025-10,40539.33
C00599,2025-12,5612.01
C00600,2024-01,3046.09
C00600,2024-02,2455.83
C00600,2024-03,16630.14
C00600,2024-04,378.28
C00600,2024-05,52974.83
C00600,2024-07,1994.73
C00600,2024-09,611.56
C00600,2024-10,10781.69
C00600,2024-11,3762.69
C00600,2024-12,45581.03
C00600,2025-01,7856.360000000001
C00600,2025-03,9158.99
C00600,2025-04,59792.82
C00600,2025-05,41213.39
C00600,2025-06,1130.32
C00600,2025-07,3475.84
C00600,2025-09,14354.34
C00600,2025-10,24238.0
C00600,2025-11,56152.63
C00601,2024-01,2527.69
C00601,2024-02,31491.24
C00601,2024-03,15362.29
C00601,2024-04,10321.23
C00601,2024-05,12484.76
C00601,2024-06,1281.64
C00601,2024-08,15906.58
C00601,2024-09,5888.68
C00601,2024-10,37429.520000000004
C00601,2024-11,114604.16
C00601,2024-12,35130.71
C00601,2025-01,2872.87
C00601,2025-02,10262.900000000001
C00601,2025-03,11286.050000000001
C00601,2025-04,1015.32
C00601,2025-05,43493.23
C00601,2025-06,3346.05
C00601,2025-07,7351.52
C00601,2025-08,14945.63
C00601,2025-09,8202.57
C00601,2025-10,16100.21
C00601,2025-11,5686.25
C00601,2025-12,4790.57
C00602,2024-01,809.21
C00602,2024-02,32390.08
C00602,2024-03,20348.04
C00602,2024-04,47726.66
C00602,2024-05,7390.34
C00602,2024-07,25109.910000000003
C00602,2024-08,951.92
C00602,2024-09,940.75
C00602,2024-11,6362.900000000001
C00602,2024-12,2632.21
C00602,2025-01,10900.89
C00602,2025-03,505.71
C00602,2025-05,2280.5
C00602,2025-07,6936.43
C00602,2025-08,19883.66
C00602,2025-09,9971.439999999999
C00602,2025-10,8778.04
C00602,2025-11,18362.21
C00602,2025-12,893.91
C00603,2024-01,16328.56
C00603,2024-02,1824.88
C00603,2024-03,3318.39
C00603,2024-04,2139.64
C00603,2024-05,31584.68
C00603,2024-06,30971.28
C00603,2024-07,8607.85
C00603,2024-08,98617.20999999999
C00603,2024-09,65750.11
C00603,2024-10,22476.780000000002
C00603,2024-11,17688.22
C00603,2024-12,2899.54
C00603,2025-01,17152.739999999998
C00603,2025-02,1033.8
C00603,2025-03,5656.74
C00603,2025-04,1930.69
C00603,2025-05,7024.01
C00603,2025-08,24240.64
C00603,2025-09,3063.4300000000003
C00603,2025-10,22041.72
C00604,2024-01,52697.119999999995
C00604,2024-04,10572.42
C00604,2024-05,62579.100000000006
C00604,2024-06,36691.15
C00604,2024-07,14111.57
C00604,2024-08,55476.619999999995
C00604,2024-09,1728.06
C00604,2024-11,3227.2
C00604,2024-12,109792.20999999999
C00604,2025-02,1727.3
C00604,2025-03,5118.88
C00604,2025-04,6908.030000000001
C00604,2025-05,1185.47
C00604,2025-06,1786.46
C00604,2025-07,4027.62
C00604,2025-08,11750.199999999999
C00604,2025-10,3333.83
C00604,2025-12,889.42
C00605,2024-01,4250.12
C00605,2024-04,12951.720000000001
C00605,2024-05,880.85
C00605,2024-06,9052.37
C00605,2024-07,3166.88
C00605,2024-10,3981.6
C00605,2024-12,11322.27
C00605,2025-01,11901.0
C00605,2025-02,5264.73
C00605,2025-05,14581.16
C00605,2025-07,22127.24
C00605,2025-08,14582.36
C00605,2025-09,22396.12
C00605,2025-10,16811.94
C00605,2025-11,33601.68
C00606,2024-01,11701.19
C00606,2024-02,3500.42
C00606,2024-03,25052.59
C00606,2024-04,1352.06
C00606,2024-05,10573.8
C00606,2024-06,2049.83
C00606,2024-07,6970.19
C00606,2024-08,16970.1
C00606,2024-09,5375.08
C00606,2024-10,37512.53
C00606,2024-11,50108.32
C00606,2025-02,587.11
C00606,2025-03,69144.79000000001
C00606,2025-04,17174.239999999998
C00606,2025-05,22564.53
C00606,2025-06,3930.18
C00606,2025-08,3011.4
C00606,2025-09,29010.86
C00606,2025-10,2992.93
C00606,2025-12,2168.23
C00607,2024-01,52420.3
C00607,2024-03,1077.67
C00607,2024-04,20058.67
C00607,2024-05,33475.520000000004
C00607,2024-06,74596.94
C00607,2024-07,48827.48
C00607,2024-08,16762.8
C00607,2024-10,2128.04
C00607,2024-11,30526.74
C00607,2024-12,50337.100000000006
C00607,2025-01,2480.66
C00607,2025-02,3494.38
C00607,2025-03,18148.8
C00607,2025-04,16125.43
C00607,2025-07,15527.210000000001
C00607,2025-09,16233.41
C00607,2025-10,5139.51
C00607,2025-11,24177.66
C00607,2025-12,1843.8300000000002
C00608,2024-01,29204.04
C00608,2024-03,2371.16
C00608,2024-04,15407.65
C00608,2024-05,2722.67
C00608,2024-06,20760.899999999998
C00608,2024-08,14421.67
C00608,2024-09,38120.65
C00608,2024-10,915.97
C00608,2024-11,29781.719999999998
C00608,2024-12,31477.02
C00608,2025-01,76883.33
C00608,2025-02,11561.91
C00608,2025-03,16546.63
C00608,2025-04,2257.87
C00608,2025-05,64468.96
C00608,2025-06,2221.27
C00608,2025-07,4592.6
C00608,2025-08,3837.71
C00608,2025-09,39120.86
C00608,2025-10,21652.79
C00608,2025-11,6134.29
C00608,2025-12,43956.560000000005
C00609,2024-01,2244.09
C00609,2024-02,1914.09
C00609,2024-04,501.69
C00609,2024-05,5557.04
C00609,2024-06,3372.87
C00609,2024-10,4265.9
C00609,2024-11,4049.92
C00609,2025-01,5041.03
C00609,2025-02,2148.88
C00609,2025-03,2769.74
C00609,2025-04,12713.9
C00609,2025-05,6948.96
C00609,2025-07,4784.04
C00609,2025-09,1767.27
C00609,2025-10,1326.04
C00609,2025-11,1139.79
C00610,2024-01,24924.98
C00610,2024-02,16004.07
C00610,2024-03,57955.85
C00610,2024-06,1434.35
C00610,2024-07,2200.95
C00610,2024-08,7825.11
C00610,2024-09,5030.61
C00610,2024-10,7482.43
C00610,2024-11,13270.7
C00610,2024-12,64737.869999999995
C00610,2025-01,55363.92999999999
C00610,2025-02,15729.41
C00610,2025-03,1851.35
C00610,2025-05,9190.99
C00610,2025-06,9633.44
C00610,2025-07,19537.829999999998
C00610,2025-08,10991.82
C00610,2025-09,6378.5
C00610,2025-11,1102.28
C00610,2025-12,27974.96
C00611,2024-01,70809.74
C00611,2024-03,12648.57
C00611,2024-05,1424.54
C00611,2024-06,6012.5
C00611,2024-07,7546.65
C00611,2024-08,65259.64
C00611,2024-09,9357.0
C00611,2024-10,7285.96
C00611,2024-11,35417.590000000004
C00611,2025-01,20752.56
C00611,2025-02,25398.769999999997
C00611,2025-03,8907.66
C00611,2025-04,25491.24
C00611,2025-05,315.69
C00611,2025-06,11958.47
C00611,2025-08,31658.28
C00611,2025-09,9214.77
C00611,2025-10,25222.879999999997
C00611,2025-11,3907.0699999999997
C00612,2024-01,69866.99
C00612,2024-02,3408.75
C00612,2024-03,31233.25
C00612,2024-04,9167.48
C00612,2024-07,31447.08
C00612,2024-08,17955.48
C00612,2024-09,36892.06
C00612,2024-11,2459.94
C00612,2024-12,1737.24
C00612,2025-01,14040.88
C00612,2025-02,1581.32
C00612,2025-03,718.46
C00612,2025-04,4601.61
C00612,2025-06,10771.880000000001
C00612,2025-09,2017.1
C00612,2025-10,12093.94
C00612,2025-12,1217.86
C00613,2024-01,14564.82
C00613,2024-02,768.81
C00613,2024-05,2495.33
C00613,2024-06,610.45
C00613,2024-07,59174.6
C00613,2024-08,2215.45
C00613,2024-10,7826.71
C00613,2024-12,9258.210000000001
C00613,2025-01,504.92
C00613,2025-03,19064.530000000002
C00613,2025-04,8386.3
C00613,2025-05,835.76
C00613,2025-07,65201.44
C00613,2025-08,37475.59
C00613,2025-09,63958.11
C00613,2025-12,22103.64
C00614,2024-02,3843.33
C00614,2024-04,6027.099999999999
C00614,2024-05,3558.08
C00614,2024-06,7168.06
C00614,2024-07,49883.19
C00614,2024-08,4254.21
C00614,2024-10,9296.85
C00614,2024-11,17667.739999999998
C00614,2024-12,39142.44
C00614,2025-01,30422.510000000002
C00614,2025-02,10962.31
C00614,2025-03,38088.94
C00614,2025-04,14339.01
C00614,2025-05,2250.0
C00614,2025-06,1817.61
C00614,2025-07,44221.43
C00614,2025-08,338.82
C00614,2025-09,33896.37
C00614,2025-10,3863.27
C00614,2025-11,12786.119999999999
C00614,2025-12,9226.95
C00615,2024-01,6452.9
C00615,2024-02,15716.16
C00615,2024-03,41164.32
C00615,2024-04,10768.54
C00615,2024-05,22244.14
C00615,2024-06,50335.07
C00615,2024-07,4072.86
C00615,2024-08,9085.210000000001
C00615,2024-09,1313.29
C00615,2024-10,3550.84
C00615,2024-11,7910.84
C00615,2024-12,16666.51
C00615,2025-01,27984.93
C00615,2025-02,26065.949999999997
C00615,2025-03,2296.79
C00615,2025-04,18178.739999999998
C00615,2025-05,35046.09
C00615,2025-08,1115.3
C00615,2025-09,2282.75
C00615,2025-11,1306.41
C00616,2024-01,5175.99
C00616,2024-02,10487.86
C00616,2024-04,7432.860000000001
C00616,2024-06,10042.2
C00616,2024-07,6127.0199999999995
C00616,2024-09,18951.75
C00616,2024-10,61101.159999999996
C00616,2024-11,54166.83
C00616,2024-12,8923.01
C00616,2025-02,44468.96
C00616,2025-06,3716.51
C00616,2025-07,3231.87
C00616,2025-08,1047.73
C00616,2025-09,54755.6
C00616,2025-11,951.23
C00617,2024-01,22230.55
C00617,2024-03,4234.63
C00617,2024-04,3873.39
C00617,2024-05,8844.710000000001
C00617,2024-06,24336.16
C00617,2024-07,16410.71
C00617,2024-08,7751.97
C00617,2024-09,23048.57
C00617,2024-10,11779.75
C00617,2024-11,18226.06
C00617,2024-12,39721.93
C00617,2025-01,16152.79
C00617,2025-02,1163.85
C00617,2025-03,14670.2
C00617,2025-04,43702.4
C00617,2025-05,15547.94
C00617,2025-06,15975.66
C00617,2025-08,39324.49
C00617,2025-09,13289.9
C00617,2025-10,10849.720000000001
C00617,2025-11,21775.370000000003
C00617,2025-12,6253.71
C00618,2024-01,1787.62
C00618,2024-02,1118.17
C00618,2024-03,34801.39
C00618,2024-04,18194.3
C00618,2024-06,5833.99
C00618,2024-08,10182.64
C00618,2024-10,46667.77
C00618,2024-11,37707.97
C00618,2024-12,1402.13
C00618,2025-01,7360.02
C00618,2025-03,16966.01
C00618,2025-04,50974.16
C00618,2025-05,1200.92
C00618,2025-07,1465.76
C00618,2025-08,21780.37
C00618,2025-10,37706.65
C00618,2025-12,2828.43
C00619,2024-01,7746.09
C00619,2024-04,8165.18
C00619,2024-05,10000.47
C00619,2024-06,2062.34
C00619,2024-07,649.07
C00619,2024-08,5733.25
C00619,2024-09,1323.46
C00619,2024-10,13090.32
C00619,2024-11,10816.310000000001
C00619,2024-12,1943.54
C00619,2025-01,3675.66
C00619,2025-02,13343.59
C00619,2025-03,26506.63
C00619,2025-05,43000.880000000005
C00619,2025-06,7047.82
C00619,2025-07,408.77
C00619,2025-08,56771.54
C00619,2025-10,37162.909999999996
C00619,2025-11,20507.38
C00619,2025-12,2035.33
C00620,2024-01,1899.05
C00620,2024-04,1285.5
C00620,2024-05,3342.8
C00620,2024-06,16228.52
C00620,2024-07,10913.59
C00620,2024-08,950.23
C00620,2024-09,27901.09
C00620,2024-10,47910.53
C00620,2024-11,55069.1
C00620,2024-12,18987.97
C00620,2025-03,1417.09
C00620,2025-05,9801.78
C00620,2025-06,53580.479999999996
C00620,2025-07,41221.009999999995
C00620,2025-08,470.83
C00620,2025-11,3849.12
C00621,2024-01,2071.56
C00621,2024-02,2453.0
C00621,2024-03,19174.97
C00621,2024-04,10670.18
C00621,2024-05,17861.2
C00621,2024-06,2213.24
C00621,2024-08,33861.880000000005
C00621,2024-09,6240.82
C00621,2024-10,14142.119999999999
C00621,2024-11,4344.66
C00621,2024-12,52466.74
C00621,2025-02,19195.98
C00621,2025-03,31203.17
C00621,2025-04,21857.8
C00621,2025-05,32669.55
C00621,2025-07,10071.92
C00621,2025-08,3675.91
C00621,2025-09,10234.45
C00621,2025-10,81185.62
C00621,2025-11,45977.77
C00621,2025-12,1984.23
C00622,2024-02,51128.13
C00622,2024-04,21867.85
C00622,2024-06,13072.22
C00622,2024-07,4649.129999999999
C00622,2024-08,42472.25
C00622,2024-09,4923.22
C00622,2024-10,32407.670000000002
C00622,2024-11,55594.84
C00622,2025-02,5003.3
C00622,2025-03,3324.2
C00622,2025-05,28443.11
C00622,2025-07,1562.79
C00622,2025-09,2880.74
C00622,2025-10,2263.28
C00622,2025-11,3913.78
C00622,2025-12,6751.37
C00623,2024-01,16591.75
C00623,2024-04,2660.22
C00623,2024-05,8184.179999999999
C00623,2024-06,41481.98
C00623,2024-07,5361.39
C00623,2024-09,36817.96
C00623,2024-10,1455.32
C00623,2024-11,2530.05
C00623,2025-01,14010.16
C00623,2025-02,19425.01
C00623,2025-03,31154.73
C00623,2025-04,2058.12
C00623,2025-05,1880.06
C00623,2025-06,7353.81
C00623,2025-07,4848.76
C00623,2025-09,1692.74
C00623,2025-12,1424.87
C00624,2024-01,3818.64
C00624,2024-02,51132.86
C00624,2024-04,32324.94
C00624,2024-06,2862.86
C00624,2024-07,11835.509999999998
C00624,2024-11,3522.33
C00624,2024-12,2648.33
C00624,2025-01,17281.47
C00624,2025-02,2632.5299999999997
C00624,2025-03,37682.82
C00624,2025-06,8260.08
C00624,2025-08,16000.960000000001
C00624,2025-09,6547.73
C00624,2025-10,3053.07
C00624,2025-11,16227.539999999999
C00625,2024-01,3118.74
C00625,2024-02,2147.57
C00625,2024-03,20770.65
C00625,2024-04,9172.4
C00625,2024-05,11062.32
C00625,2024-07,11404.63
C00625,2024-08,1778.36
C00625,2024-09,12725.01
C00625,2024-10,3914.68
C00625,2024-11,18262.52
C00625,2025-04,52932.04
C00625,2025-05,28840.73
C00625,2025-06,15264.460000000001
C00625,2025-07,38918.09
C00625,2025-08,3821.97
C00625,2025-09,2901.87
C00625,2025-11,29352.7
C00625,2025-12,10697.85
C00626,2024-01,7542.82
C00626,2024-02,2372.12
C00626,2024-03,5400.66
C00626,2024-05,1625.55
C00626,2024-06,55536.17
C00626,2024-07,25695.36
C00626,2024-09,13774.380000000001
C00626,2024-10,36427.16
C00626,2024-11,8045.98
C00626,2024-12,55927.100000000006
C00626,2025-01,23879.9
C00626,2025-03,8092.96
C00626,2025-05,1710.24
C00626,2025-06,51696.94
C00626,2025-08,4590.49
C00626,2025-09,2101.08
C00626,2025-10,24588.05
C00626,2025-11,6999.97
C00626,2025-12,6734.18
C00627,2024-01,2981.37
C00627,2024-02,19970.489999999998
C00627,2024-03,1498.68
C00627,2024-04,58052.009999999995
C00627,2024-05,16028.199999999999
C00627,2024-06,10976.55
C00627,2024-07,18123.51
C00627,2024-08,1518.77
C00627,2024-10,17322.079999999998
C00627,2025-01,19767.239999999998
C00627,2025-02,15420.54
C00627,2025-03,49939.51
C00627,2025-04,10616.71
C00627,2025-05,35274.64
C00627,2025-06,23207.57
C00627,2025-07,11727.24
C00627,2025-08,1724.72
C00627,2025-09,1609.15
C00627,2025-10,27944.26
C00627,2025-12,19415.67
C00628,2024-01,47523.42
C00628,2024-03,1822.9
C00628,2024-04,4331.21
C00628,2024-06,80959.70999999999
C00628,2024-07,31519.36
C00628,2024-08,19474.18
C00628,2024-09,14479.66
C00628,2024-10,38981.01
C00628,2024-11,12501.380000000001
C00628,2024-12,23004.72
C00628,2025-03,39890.54
C00628,2025-04,20967.309999999998
C00628,2025-05,10393.26
C00628,2025-08,67257.09
C00628,2025-09,20029.96
C00628,2025-10,28879.18
C00629,2024-01,7801.5
C00629,2024-03,7746.87
C00629,2024-04,23808.66
C00629,2024-05,10727.97
C00629,2024-06,1151.57
C00629,2024-07,13098.21
C00629,2024-08,1974.85
C00629,2024-09,74426.45999999999
C00629,2024-10,13257.39
C00629,2024-11,39670.53
C00629,2024-12,1888.34
C00629,2025-01,8010.66
C00629,2025-02,37654.99
C00629,2025-03,2171.76
C00629,2025-04,1344.39
C00629,2025-05,14988.32
C00629,2025-06,13947.79
C00629,2025-08,36614.9
C00629,2025-09,25407.26
C00629,2025-11,4928.08
C00629,2025-12,13722.21
C00630,2024-01,17242.260000000002
C00630,2024-02,18287.18
C00630,2024-03,615.02
C00630,2024-04,1366.55
C00630,2024-05,8652.73
C00630,2024-06,593.15
C00630,2024-07,6071.52
C00630,2024-08,62574.47
C00630,2024-09,10617.04
C00630,2024-12,30929.23
C00630,2025-01,40268.26
C00630,2025-02,6703.38
C00630,2025-03,7925.44
C00630,2025-05,17900.73
C00630,2025-06,37796.93
C00630,2025-07,769.98
C00630,2025-09,12169.78
C00630,2025-11,3115.39
C00630,2025-12,1871.21
C00631,2024-01,5307.849999999999
C00631,2024-02,68734.21
C00631,2024-03,14674.71
C00631,2024-04,7539.76
C00631,2024-05,22837.72
C00631,2024-06,1806.98
C00631,2024-07,2796.99
C00631,2024-09,30920.17
C00631,2024-11,18970.7
C00631,2024-12,3870.87
C00631,2025-01,64088.149999999994
C00631,2025-02,11803.88
C00631,2025-03,4544.5
C00631,2025-04,2350.2
C00631,2025-05,55181.26
C00631,2025-06,9927.41
C00631,2025-07,3024.5099999999998
C00631,2025-08,21215.33
C00631,2025-09,668.61
C00631,2025-10,34444.24
C00631,2025-11,28013.18
C00631,2025-12,7844.64
C00632,2024-02,37929.74
C00632,2024-03,15315.39
C00632,2024-04,12750.51
C00632,2024-05,23671.67
C00632,2024-06,11452.28
C00632,2024-07,2021.64
C00632,2024-08,1775.22
C00632,2024-09,85189.87
C00632,2024-11,2805.94
C00632,2024-12,732.2
C00632,2025-01,56368.82000000001
C00632,2025-02,1795.19
C00632,2025-03,38724.86
C00632,2025-04,24496.68
C00632,2025-05,13056.12
C00632,2025-08,46598.69
C00632,2025-09,24652.29
C00632,2025-10,17341.6
C00632,2025-11,8720.23
C00632,2025-12,18935.760000000002
C00633,2024-02,22847.32
C00633,2024-03,1155.7
C00633,2024-05,1583.05
C00633,2024-06,2390.38
C00633,2024-07,5002.48
C00633,2024-08,19001.260000000002
C00633,2024-09,33271.75
C00633,2024-10,9732.75
C00633,2024-12,13675.880000000001
C00633,2025-01,2654.69
C00633,2025-02,3792.16
C00633,2025-04,985.54
C00633,2025-06,48422.65
C00633,2025-08,1435.29
C00633,2025-09,10993.699999999999
C00633,2025-10,6505.049999999999
C00633,2025-11,44090.16
C00634,2024-01,5216.360000000001
C00634,2024-02,15290.91
C00634,2024-04,14707.49
C00634,2024-05,26541.8
C00634,2024-06,42481.9
C00634,2024-07,22467.7
C00634,2024-09,42922.47
C00634,2024-11,2121.73
C00634,2024-12,2048.39
C00634,2025-01,46310.6
C00634,2025-03,16098.77
C00634,2025-05,23327.800000000003
C00634,2025-06,32195.9
C00634,2025-08,6455.69
C00634,2025-10,11860.61
C00634,2025-11,3445.77
C00634,2025-12,2187.9
C00635,2024-01,1464.52
C00635,2024-02,20457.27
C00635,2024-03,435.73
C00635,2024-05,33669.48
C00635,2024-06,2977.88
C00635,2024-08,640.8
C00635,2024-11,1900.95
C00635,2025-01,36136.28
C00635,2025-02,4848.88
C00635,2025-03,54721.24
C00635,2025-04,14717.37
C00635,2025-05,2627.69
C00635,2025-06,69865.82
C00635,2025-07,8739.369999999999
C00635,2025-08,880.69
C00635,2025-09,77865.89
C00635,2025-10,8034.11
C00636,2024-02,23932.96
C00636,2024-03,2966.71
C00636,2024-05,41328.74
C00636,2024-06,28076.41
C00636,2024-07,2079.44
C00636,2024-08,17388.01
C00636,2024-10,3042.85
C00636,2024-11,12731.66
C00636,2024-12,924.78
C00636,2025-01,53144.0
C00636,2025-02,19952.54
C00636,2025-03,7230.960000000001
C00636,2025-04,3862.75
C00636,2025-05,2124.3
C00636,2025-06,9466.26
C00636,2025-07,31067.35
C00636,2025-08,25549.28
C00636,2025-09,1149.34
C00636,2025-10,615.45
C00636,2025-11,11132.5
C00636,2025-12,36662.24
C00637,2024-02,2425.48
C00637,2024-03,11167.48
C00637,2024-05,499.75
C00637,2024-06,1707.01
C00637,2024-07,195.7
C00637,2024-08,2259.4
C00637,2024-09,6932.18
C00637,2024-11,1956.2
C00637,2024-12,24737.79
C00637,2025-01,22124.620000000003
C00637,2025-02,5883.360000000001
C00637,2025-04,92348.83
C00637,2025-05,1610.53
C00637,2025-06,44748.9
C00637,2025-07,13983.019999999999
C00637,2025-08,34841.479999999996
C00637,2025-09,5410.549999999999
C00637,2025-10,5843.23
C00637,2025-11,21661.25
C00638,2024-01,34182.119999999995
C00638,2024-02,4598.14
C00638,2024-03,2454.35
C00638,2024-04,4926.84
C00638,2024-05,3657.19
C00638,2024-06,3603.09
C00638,2024-07,7603.790000000001
C00638,2024-08,1030.5
C00638,2024-10,61433.81
C00638,2024-11,32856.26
C00638,2024-12,8768.31
C00638,2025-02,2549.28
C00638,2025-03,15031.87
C00638,2025-04,19791.51
C00638,2025-05,27120.92
C00638,2025-06,30254.01
C00638,2025-07,26631.92
C00638,2025-08,64526.32
C00638,2025-09,3658.67
C00638,2025-10,3271.71
C00638,2025-11,4222.360000000001
C00639,2024-01,39040.94
C00639,2024-02,56868.25
C00639,2024-03,19432.23
C00639,2024-04,15108.480000000001
C00639,2024-05,55807.56
C00639,2024-06,10971.65
C00639,2024-07,1581.15
C00639,2024-08,591.48
C00639,2024-09,5927.4
C00639,2024-10,8022.25
C00639,2024-11,334.87
C00639,2024-12,53247.09
C00639,2025-02,2600.34
C00639,2025-03,5576.36
C00639,2025-04,5715.3
C00639,2025-05,37224.93
C00639,2025-06,9756.47
C00639,2025-08,2613.93
C00639,2025-11,18654.5
C00639,2025-12,7152.09
C00640,2024-01,11525.64
C00640,2024-02,13718.5
C00640,2024-03,751.81
C00640,2024-04,16648.68
C00640,2024-05,14804.800000000001
C00640,2024-06,16005.79
C00640,2024-07,21471.440000000002
C00640,2024-09,16392.7
C00640,2024-10,19012.06
C00640,2024-11,28087.72
C00640,2025-01,4204.58
C00640,2025-03,8405.17
C00640,2025-04,6878.94
C00640,2025-05,31228.0
C00640,2025-06,1661.74
C00640,2025-07,2403.96
C00640,2025-09,43684.75
C00640,2025-10,33952.55
C00640,2025-11,1584.58
C00641,2024-02,61791.31
C00641,2024-05,13388.28
C00641,2024-06,2061.34
C00641,2024-07,619.56
C00641,2024-08,953.63
C00641,2024-09,2082.46
C00641,2024-10,24120.35
C00641,2024-11,55309.07
C00641,2024-12,59128.42
C00641,2025-01,45891.59
C00641,2025-04,16039.0
C00641,2025-05,4567.37
C00641,2025-06,15738.36
C00641,2025-07,40989.20999999999
C00641,2025-08,3908.53
C00641,2025-09,31657.89
C00641,2025-10,2167.37
C00641,2025-11,56581.07
C00641,2025-12,17150.04
C00642,2024-01,4849.72
C00642,2024-02,21524.539999999997
C00642,2024-04,7931.719999999999
C00642,2024-06,3548.39
C00642,2024-07,3079.09
C00642,2024-08,24144.230000000003
C00642,2024-10,6311.96
C00642,2024-11,6274.82
C00642,2024-12,8995.64
C00642,2025-01,34893.41
C00642,2025-05,13986.27
C00642,2025-06,17646.02
C00642,2025-08,1371.55
C00642,2025-09,8201.25
C00642,2025-10,6124.540000000001
C00642,2025-11,1026.94
C00642,2025-12,21933.25
C00643,2024-01,5461.73
C00643,2024-03,29431.879999999997
C00643,2024-04,40716.87
C00643,2024-05,7821.6
C00643,2024-06,9014.99
C00643,2024-07,21834.89
C00643,2024-08,38304.61
C00643,2024-09,959.83
C00643,2024-10,7374.18
C00643,2024-11,2488.48
C00643,2024-12,92189.98000000001
C00643,2025-02,13106.76
C00643,2025-03,17031.94
C00643,2025-04,72350.8
C00643,2025-05,2854.82
C00643,2025-06,70360.20999999999
C00643,2025-07,14532.09
C00643,2025-08,7969.8099999999995
C00643,2025-11,11366.47
C00644,2024-02,10499.54
C00644,2024-03,49615.02
C00644,2024-04,4521.79
C00644,2024-05,21236.620000000003
C00644,2024-06,5329.58
C00644,2024-07,59797.99
C00644,2024-08,11208.94
C00644,2024-09,2096.56
C00644,2024-10,10069.380000000001
C00644,2024-12,3030.1099999999997
C00644,2025-01,6507.75
C00644,2025-03,43385.85
C00644,2025-04,10863.740000000002
C00644,2025-05,24098.19
C00644,2025-10,2970.26
C00644,2025-12,3327.54
C00645,2024-01,2577.59
C00645,2024-02,32961.37
C00645,2024-03,36236.25
C00645,2024-06,27406.489999999998
C00645,2024-07,9915.2
C00645,2024-08,3896.54
C00645,2024-09,15214.650000000001
C00645,2024-10,23704.85
C00645,2024-11,1162.3
C00645,2024-12,9807.93
C00645,2025-01,1918.23
C00645,2025-02,14947.48
C00645,2025-03,219.59
C00645,2025-04,2127.0
C00645,2025-05,38004.729999999996
C00645,2025-06,21445.59
C00645,2025-07,15136.060000000001
C00645,2025-08,2967.03
C00645,2025-09,3964.26
C00645,2025-10,2074.59
C00645,2025-11,5695.2699999999995
C00645,2025-12,2081.24
C00646,2024-04,2615.1
C00646,2024-06,16562.46
C00646,2024-07,4215.99
C00646,2024-08,5181.75
C00646,2024-09,1541.35
C00646,2024-10,4196.75
C00646,2024-11,1900.39
C00646,2024-12,2289.88
C00646,2025-01,3745.4399999999996
C00646,2025-02,56550.86
C00646,2025-03,5826.26
C00646,2025-04,36105.899999999994
C00646,2025-05,45813.82
C00646,2025-06,14834.66
C00646,2025-07,32683.600000000002
C00646,2025-08,71871.08
C00646,2025-09,24283.87
C00646,2025-10,486.95
C00647,2024-01,12929.66
C00647,2024-02,3519.21
C00647,2024-03,1101.17
C00647,2024-04,4136.63
C00647,2024-05,4045.54
C00647,2024-06,54660.91
C00647,2024-07,758.43
C00647,2024-08,31949.71
C00647,2024-09,37183.73
C00647,2024-10,7265.27
C00647,2024-11,966.18
C00647,2024-12,797.11
C00647,2025-01,27332.62
C00647,2025-02,56089.94
C00647,2025-03,81889.70999999999
C00647,2025-04,24602.6
C00647,2025-05,22186.07
C00647,2025-06,26101.39
C00647,2025-07,11977.89
C00647,2025-09,16394.49
C00647,2025-10,9506.01
C00647,2025-11,332.62
C00647,2025-12,10038.640000000001
C00648,2024-01,3974.72
C00648,2024-02,8053.34
C00648,2024-03,6582.11
C00648,2024-04,4950.75
C00648,2024-06,8355.43
C00648,2024-07,2923.57
C00648,2024-08,9904.57
C00648,2024-09,53190.27
C00648,2024-10,2990.21
C00648,2024-11,42022.729999999996
C00648,2024-12,19906.11
C00648,2025-01,2022.99
C00648,2025-02,76835.18
C00648,2025-03,1329.19
C00648,2025-05,16996.59
C00648,2025-06,5684.42
C00648,2025-07,24976.25
C00648,2025-08,8108.63
C00648,2025-09,9523.439999999999
C00648,2025-10,547.65
C00648,2025-11,5184.79
C00648,2025-12,44125.94
C00649,2024-01,10617.35
C00649,2024-03,3283.47
C00649,2024-04,329.61
C00649,2024-06,5906.49
C00649,2024-07,13632.52
C00649,2024-08,38316.93000000001
C00649,2024-09,89295.68
C00649,2024-10,38930.009999999995
C00649,2024-11,20315.82
C00649,2024-12,57477.78
C00649,2025-01,22524.2
C00649,2025-03,23037.56
C00649,2025-04,6688.09
C00649,2025-05,6291.110000000001
C00649,2025-06,359.36
C00649,2025-08,13783.31
C00649,2025-09,5457.25
C00649,2025-12,1737.89
C00650,2024-01,15888.01
C00650,2024-03,290.9
C00650,2024-04,11809.36
C00650,2024-06,42787.79
C00650,2024-08,56329.02
C00650,2024-09,16571.41
C00650,2024-10,1054.84
C00650,2024-11,46049.369999999995
C00650,2025-03,35990.04
C00650,2025-04,65952.86
C00650,2025-05,5279.87
C00650,2025-06,22889.21
C00650,2025-07,10365.55
C00650,2025-08,19216.05
C00650,2025-10,18495.62
C00650,2025-12,80960.55
C00651,2024-01,92867.11
C00651,2024-04,458.48
C00651,2024-05,1206.0900000000001
C00651,2024-06,46129.57
C00651,2024-07,845.51
C00651,2024-09,40454.42
C00651,2024-10,4855.67
C00651,2024-11,14552.15
C00651,2025-01,5231.92
C00651,2025-03,29995.41
C00651,2025-05,13433.32
C00651,2025-06,4632.06
C00651,2025-08,14191.04
C00651,2025-09,29196.08
C00651,2025-11,8205.82
C00651,2025-12,4991.04
C00652,2024-01,5748.7
C00652,2024-02,6950.75
C00652,2024-03,12817.66
C00652,2024-04,35978.299999999996
C00652,2024-05,19658.98
C00652,2024-06,10460.39
C00652,2024-07,848.35
C00652,2024-08,76887.01000000001
C00652,2024-09,21005.35
C00652,2024-10,4036.64
C00652,2024-12,2476.18
C00652,2025-01,71836.65
C00652,2025-02,4350.7
C00652,2025-03,7644.71
C00652,2025-04,1000.34
C00652,2025-05,848.08
C00652,2025-06,3845.95
C00652,2025-07,20620.56
C00652,2025-08,49690.5
C00652,2025-10,1458.13
C00652,2025-11,2461.12
C00652,2025-12,1000.46
C00653,2024-01,11264.84
C00653,2024-03,41445.67
C00653,2024-05,32858.74
C00653,2024-07,7961.1900000000005
C00653,2024-09,40482.71
C00653,2024-11,44400.27
C00653,2024-12,11642.64
C00653,2025-03,14844.78
C00653,2025-04,18097.34
C00653,2025-06,1205.27
C00653,2025-07,3439.01
C00653,2025-08,79327.07
C00653,2025-09,14629.36
C00653,2025-10,16356.09
C00653,2025-11,17158.15
C00653,2025-12,1955.67
C00654,2024-01,1291.56
C00654,2024-02,49693.49
C00654,2024-03,1836.06
C00654,2024-05,4377.61
C00654,2024-06,11135.73
C00654,2024-08,16767.85
C00654,2024-10,32639.47
C00654,2024-11,15592.08
C00654,2024-12,17923.1
C00654,2025-01,10753.75
C00654,2025-02,2264.81
C00654,2025-03,3774.94
C00654,2025-04,6835.38
C00654,2025-05,5023.22
C00654,2025-06,15736.96
C00654,2025-07,2334.39
C00654,2025-08,3884.05
C00654,2025-11,4638.38
C00654,2025-12,7937.75
C00655,2024-01,3621.56
C00655,2024-03,1035.9
C00655,2024-05,46844.33
C00655,2024-06,51784.78
C00655,2024-07,7265.64
C00655,2024-08,7448.62
C00655,2024-09,1650.4
C00655,2024-10,13788.4
C00655,2024-11,12257.79
C00655,2025-01,25488.26
C00655,2025-02,813.07
C00655,2025-03,5947.66
C00655,2025-04,13965.23
C00655,2025-05,5114.76
C00655,2025-06,2423.97
C00655,2025-07,3168.5699999999997
C00655,2025-08,12624.119999999999
C00655,2025-09,21323.37
C00655,2025-10,24060.620000000003
C00655,2025-11,4398.93
C00656,2024-01,30491.11
C00656,2024-02,5555.57
C00656,2024-04,21370.11
C00656,2025-02,60142.87
C00656,2025-03,8079.71
C00656,2025-04,4612.56
C00656,2025-05,5014.69
C00656,2025-06,3452.77
C00656,2025-07,1588.5
C00656,2025-08,4455.56
C00656,2025-09,3830.86
C00656,2025-10,18529.12
C00656,2025-11,18700.239999999998
C00656,2025-12,49215.59
C00657,2024-01,35562.82
C00657,2024-02,5045.15
C00657,2024-04,8816.86
C00657,2024-06,17898.670000000002
C00657,2024-07,39513.87
C00657,2024-08,25829.1
C00657,2024-09,10435.89
C00657,2024-10,24625.51
C00657,2024-11,55131.73
C00657,2024-12,2199.47
C00657,2025-01,37090.869999999995
C00657,2025-03,17106.66
C00657,2025-04,36728.81
C00657,2025-05,7114.34
C00657,2025-06,8484.189999999999
C00657,2025-07,14741.47
C00657,2025-08,9111.130000000001
C00657,2025-09,5802.98
C00657,2025-12,2713.92
C00658,2024-03,6311.75
C00658,2024-04,6933.29
C00658,2024-07,12676.07
C00658,2024-08,1458.12
C00658,2024-09,12919.029999999999
C00658,2024-10,16933.99
C00658,2024-11,1812.67
C00658,2024-12,1963.0
C00658,2025-02,3704.5
C00658,2025-03,44854.21
C00658,2025-06,250.05
C00658,2025-07,59266.34999999999
C00658,2025-10,216.25
C00658,2025-11,23735.85
C00659,2024-01,2726.01
C00659,2024-02,38162.17
C00659,2024-03,746.63
C00659,2024-04,6263.24
C00659,2024-05,10794.79
C00659,2024-06,60139.98
C00659,2024-07,17028.13
C00659,2024-08,4118.62
C00659,2024-10,26725.86
C00659,2024-11,17069.78
C00659,2024-12,22624.17
C00659,2025-01,12658.91
C00659,2025-02,39530.48
C00659,2025-03,6196.150000000001
C00659,2025-04,17542.0
C00659,2025-05,2490.74
C00659,2025-07,6781.3
C00659,2025-08,13201.29
C00659,2025-09,439.15
C00659,2025-10,2159.77
C00659,2025-11,14165.39
C00659,2025-12,19660.26
C00660,2024-01,18249.829999999998
C00660,2024-02,70091.76000000001
C00660,2024-03,632.86
C00660,2024-04,5164.04
C00660,2024-05,4646.93
C00660,2024-06,836.66
C00660,2024-09,11487.86
C00660,2024-11,18783.84
C00660,2025-01,2171.02
C00660,2025-02,51535.12
C00660,2025-04,17784.269999999997
C00660,2025-05,9753.02
C00660,2025-06,2541.89
C00660,2025-07,39886.09
C00660,2025-08,2631.95
C00660,2025-09,2362.16
C00660,2025-10,3893.86
C00660,2025-11,47010.799999999996
C00660,2025-12,17042.14
C00661,2024-01,22101.91
C00661,2024-02,11533.18
C00661,2024-03,18015.25
C00661,2024-04,835.2
C00661,2024-05,5246.85
C00661,2024-06,19917.69
C00661,2024-07,47134.08
C00661,2024-08,36459.92
C00661,2024-09,5997.16
C00661,2024-10,31388.62
C00661,2024-11,16348.86
C00661,2024-12,2098.81
C00661,2025-01,11580.74
C00661,2025-03,31004.449999999997
C00661,2025-04,22920.21
C00661,2025-05,686.98
C00661,2025-06,41034.68
C00661,2025-07,24175.97
C00661,2025-08,10493.56
C00661,2025-10,7584.28
C00661,2025-11,11572.92
C00662,2024-01,40090.01
C00662,2024-03,2995.7799999999997
C00662,2024-04,38135.02
C00662,2024-05,36445.34
C00662,2024-06,6950.76
C00662,2024-07,10418.96
C00662,2024-08,108056.04000000001
C00662,2024-09,6307.09
C00662,2024-11,7959.69
C00662,2024-12,11918.04
C00662,2025-01,48040.15
C00662,2025-02,6721.0
C00662,2025-03,12289.25
C00662,2025-04,2789.1499999999996
C00662,2025-06,34208.55
C00662,2025-07,6201.11
C00662,2025-09,31594.53
C00662,2025-10,3492.4700000000003
C00662,2025-11,88466.56999999999
C00663,2024-01,6935.4
C00663,2024-02,31786.04
C00663,2024-03,41622.0
C00663,2024-05,12044.03
C00663,2024-06,12655.56
C00663,2024-07,1251.44
C00663,2024-08,24734.510000000002
C00663,2024-10,43834.23
C00663,2024-11,878.81
C00663,2024-12,8187.07
C00663,2025-01,3001.7400000000002
C00663,2025-02,10146.64
C00663,2025-05,13732.84
C00663,2025-06,2565.55
C00663,2025-07,2163.66
C00663,2025-08,10924.2
C00663,2025-09,56142.869999999995
C00663,2025-11,1118.59
C00664,2024-01,11686.62
C00664,2024-02,6066.68
C00664,2024-03,40483.07
C00664,2024-04,3320.56
C00664,2024-05,17489.18
C00664,2024-06,32913.65
C00664,2024-07,7259.83
C00664,2024-09,44082.020000000004
C00664,2024-10,10231.57
C00664,2025-01,4019.1800000000003
C00664,2025-03,19360.47
C00664,2025-04,3152.73
C00664,2025-05,1948.14
C00664,2025-06,29159.239999999998
C00664,2025-07,24132.260000000002
C00664,2025-11,3506.79
C00664,2025-12,5678.34
C00665,2024-01,371.96
C00665,2024-02,14910.53
C00665,2024-03,21842.86
C00665,2024-04,45289.01
C00665,2024-05,18752.01
C00665,2024-06,24103.95
C00665,2024-07,3077.16
C00665,2024-10,10074.830000000002
C00665,2024-11,9729.51
C00665,2025-01,32464.76
C00665,2025-02,2749.38
C00665,2025-03,35143.520000000004
C00665,2025-04,22990.989999999998
C00665,2025-05,6377.95
C00665,2025-08,12748.08
C00665,2025-09,5101.75
C00665,2025-10,15995.11
C00665,2025-11,2361.01
C00665,2025-12,27016.06
C00666,2024-01,3015.53
C00666,2024-03,34071.3
C00666,2024-04,6454.08
C00666,2024-05,1213.12
C00666,2024-06,4010.37
C00666,2024-07,973.26
C00666,2024-08,2846.22
C00666,2024-09,2389.9
C00666,2024-11,1592.3
C00666,2024-12,5093.47
C00666,2025-01,1983.01
C00666,2025-02,38314.64
C00666,2025-03,31013.04
C00666,2025-04,7628.93
C00666,2025-05,7096.09
C00666,2025-06,1240.77
C00666,2025-07,23463.01
C00666,2025-08,42010.29
C00666,2025-09,8728.9
C00666,2025-12,3633.1099999999997
C00667,2024-01,6908.43
C00667,2024-04,1571.99
C00667,2024-07,6436.5599999999995
C00667,2024-08,2192.96
C00667,2024-10,11430.449999999999
C00667,2024-11,1463.08
C00667,2025-01,24094.6
C00667,2025-02,14000.42
C00667,2025-04,1642.52
C00667,2025-05,4573.06
C00667,2025-06,79640.11
C00667,2025-08,50920.35
C00667,2025-09,891.96
C00667,2025-11,19462.15
C00667,2025-12,185.6
C00668,2024-02,5485.46
C00668,2024-03,63083.5
C00668,2024-05,16937.4
C00668,2024-07,16856.920000000002
C00668,2024-09,1592.71
C00668,2024-11,51521.83
C00668,2024-12,54371.82000000001
C00668,2025-01,3188.81
C00668,2025-02,4068.71
C00668,2025-03,32130.23
C00668,2025-04,23806.14
C00668,2025-05,35479.97
C00668,2025-06,48043.29
C00668,2025-07,8147.45
C00668,2025-08,3078.21
C00668,2025-09,7496.8099999999995
C00668,2025-11,19267.45
C00668,2025-12,4330.530000000001
C00669,2024-01,7491.1
C00669,2024-02,15985.13
C00669,2024-03,3307.49
C00669,2024-05,15481.68
C00669,2024-06,28512.12
C00669,2024-07,53685.350000000006
C00669,2024-08,6971.54
C00669,2024-09,17603.5
C00669,2024-10,577.4
C00669,2024-11,8031.0199999999995
C00669,2024-12,49754.85
C00669,2025-01,9916.45
C00669,2025-02,936.38
C00669,2025-04,54114.990000000005
C00669,2025-05,18348.760000000002
C00669,2025-07,37211.61
C00669,2025-08,934.53
C00669,2025-09,4800.06
C00669,2025-10,14395.79
C00669,2025-11,5798.23
C00669,2025-12,51634.84
C00670,2024-01,13397.900000000001
C00670,2024-03,35171.39
C00670,2024-05,2908.08
C00670,2024-06,42596.149999999994
C00670,2024-07,5424.23
C00670,2024-09,6146.19
C00670,2024-10,10367.32
C00670,2024-11,1171.16
C00670,2024-12,13618.380000000001
C00670,2025-01,1019.63
C00670,2025-02,3982.6099999999997
C00670,2025-03,9020.49
C00670,2025-04,2897.13
C00670,2025-05,2547.25
C00670,2025-06,18662.34
C00670,2025-07,35323.57
C00670,2025-08,6938.18
C00670,2025-09,9172.03
C00670,2025-10,54046.18000000001
C00670,2025-11,1214.8
C00670,2025-12,1352.19
C00671,2024-03,756.17
C00671,2024-04,20049.129999999997
C00671,2024-05,12201.74
C00671,2024-08,221.51
C00671,2024-10,1202.54
C00671,2024-11,1975.01
C00671,2025-01,4475.27
C00671,2025-02,3786.86
C00671,2025-03,3260.8
C00671,2025-04,2536.04
C00671,2025-07,12162.49
C00671,2025-08,29576.04
C00671,2025-10,2131.44
C00671,2025-11,14654.66
C00671,2025-12,5549.49
C00672,2024-04,4728.06
C00672,2024-05,16826.98
C00672,2024-07,32635.49
C00672,2024-09,9112.52
C00672,2024-10,72365.94
C00672,2024-11,3737.35
C00672,2024-12,17563.28
C00672,2025-01,27218.309999999998
C00672,2025-02,21697.75
C00672,2025-03,493.51
C00672,2025-04,73177.35
C00672,2025-05,2804.74
C00672,2025-06,5254.08
C00672,2025-07,50603.84
C00672,2025-08,578.02
C00672,2025-09,10458.42
C00672,2025-10,4057.63
C00672,2025-11,90408.7
C00672,2025-12,5927.0
C00673,2024-01,62067.55
C00673,2024-03,6043.88
C00673,2024-04,2843.87
C00673,2024-05,54310.33
C00673,2024-06,19304.08
C00673,2024-08,17756.870000000003
C00673,2024-09,9192.009999999998
C00673,2024-10,8437.43
C00673,2024-11,13497.24
C00673,2024-12,33162.68
C00673,2025-01,5583.09
C00673,2025-02,30311.72
C00673,2025-03,1898.39
C00673,2025-04,25162.56
C00673,2025-05,4454.54
C00673,2025-06,8136.49
C00673,2025-07,5413.79
C00673,2025-09,87157.83
C00673,2025-10,100705.17
C00673,2025-11,7885.93
C00673,2025-12,21178.65
C00674,2024-02,292.75
C00674,2024-03,12716.17
C00674,2024-05,63306.1
C00674,2024-06,2142.89
C00674,2024-07,12382.230000000001
C00674,2024-08,30750.31
C00674,2024-09,16909.97
C00674,2024-10,7627.610000000001
C00674,2024-11,33326.79
C00674,2025-01,9048.14
C00674,2025-02,11152.31
C00674,2025-04,32696.739999999998
C00674,2025-05,22648.960000000003
C00674,2025-06,37979.630000000005
C00674,2025-07,8194.39
C00674,2025-08,12014.4
C00674,2025-09,6799.79
C00674,2025-10,6128.3099999999995
C00674,2025-11,7287.36
C00674,2025-12,855.97
C00675,2024-01,36945.25
C00675,2024-04,7758.009999999999
C00675,2024-05,2637.68
C00675,2024-06,52712.65
C00675,2024-07,1505.21
C00675,2024-08,2952.27
C00675,2024-09,6445.89
C00675,2024-10,20384.29
C00675,2024-12,9588.57
C00675,2025-01,8279.97
C00675,2025-02,71181.85
C00675,2025-03,2055.61
C00675,2025-04,1166.03
C00675,2025-05,22124.18
C00675,2025-06,61711.81
C00675,2025-07,2624.6
C00675,2025-08,56393.26
C00675,2025-09,5413.76
C00675,2025-10,6789.96
C00675,2025-11,17028.29
C00675,2025-12,2110.15
C00676,2024-01,15178.79
C00676,2024-02,25273.51
C00676,2024-04,39503.65
C00676,2024-05,19766.58
C00676,2024-06,28700.01
C00676,2024-07,18079.36
C00676,2024-08,4788.49
C00676,2024-09,3281.67
C00676,2024-11,6310.71
C00676,2024-12,26093.12
C00676,2025-04,71848.09
C00676,2025-05,2140.12
C00676,2025-06,16825.14
C00676,2025-07,64377.3
C00676,2025-08,4249.33
C00676,2025-09,4480.860000000001
C00676,2025-10,18867.92
C00676,2025-11,6558.96
C00676,2025-12,7091.54
C00677,2024-01,2217.51
C00677,2024-03,2251.69
C00677,2024-04,2411.32
C00677,2024-05,614.6
C00677,2024-06,32740.329999999998
C00677,2024-07,14935.09
C00677,2024-08,17666.33
C00677,2024-09,3127.17
C00677,2024-10,1144.05
C00677,2024-11,4789.99
C00677,2025-01,16981.04
C00677,2025-02,43177.94
C00677,2025-04,16830.52
C00677,2025-05,18187.77
C00677,2025-06,9513.09
C00677,2025-09,2659.3
C00677,2025-10,1603.9
C00677,2025-12,17572.73
C00678,2024-01,3310.65
C00678,2024-02,374.97
C00678,2024-03,49764.979999999996
C00678,2024-06,3470.53
C00678,2024-07,16196.03
C00678,2024-08,225.9
C00678,2024-09,52866.17
C00678,2024-10,3489.1699999999996
C00678,2024-11,1301.04
C00678,2024-12,30730.74
C00678,2025-02,9480.28
C00678,2025-04,11058.970000000001
C00678,2025-05,3082.45
C00678,2025-09,2385.63
C00678,2025-11,68923.88
C00678,2025-12,17067.54
C00679,2024-01,17160.98
C00679,2024-02,853.97
C00679,2024-03,14872.61
C00679,2024-04,10007.300000000001
C00679,2024-06,2649.14
C00679,2024-07,2364.23
C00679,2024-08,2252.43
C00679,2024-09,37332.08
C00679,2024-10,1664.25
C00679,2024-11,20326.63
C00679,2024-12,8159.950000000001
C00679,2025-01,22512.33
C00679,2025-03,12652.29
C00679,2025-04,50093.1
C00679,2025-05,3017.8900000000003
C00679,2025-07,48895.89
C00679,2025-08,674.66
C00679,2025-09,73380.04000000001
C00679,2025-10,23731.9
C00679,2025-11,12635.32
C00679,2025-12,51921.29
C00680,2024-01,46328.15
C00680,2024-02,6148.21
C00680,2024-04,66988.3
C00680,2024-05,3697.19
C00680,2024-07,32421.97
C00680,2024-09,54660.25
C00680,2024-10,20585.42
C00680,2024-11,39817.71
C00680,2025-01,75038.73
C00680,2025-02,8258.4
C00680,2025-03,6064.349999999999
C00680,2025-04,15646.45
C00680,2025-06,9297.56
C00680,2025-07,8332.7
C00680,2025-08,26665.47
C00680,2025-10,3606.85
C00680,2025-11,1864.36
C00680,2025-12,2190.26
C00681,2024-01,2616.99
C00681,2024-03,9115.05
C00681,2024-04,27025.64
C00681,2024-05,1915.9
C00681,2024-06,51233.46
C00681,2024-07,1594.19
C00681,2024-10,3799.99
C00681,2024-11,23381.050000000003
C00681,2024-12,36054.07
C00681,2025-01,60610.15
C00681,2025-02,62910.52
C00681,2025-03,29218.5
C00681,2025-04,44254.16
C00681,2025-05,1614.67
C00681,2025-06,8987.83
C00681,2025-07,6923.349999999999
C00681,2025-08,37849.49
C00681,2025-09,26522.16
C00681,2025-11,59637.04
C00681,2025-12,3316.11
C00682,2024-01,3543.4799999999996
C00682,2024-02,44733.19
C00682,2024-03,29479.36
C00682,2024-04,48691.369999999995
C00682,2024-08,2230.25
C00682,2024-09,7018.94
C00682,2024-10,22146.86
C00682,2024-11,13945.74
C00682,2024-12,4561.89
C00682,2025-01,222.2
C00682,2025-02,4319.53
C00682,2025-03,898.0
C00682,2025-04,14568.26
C00682,2025-05,3880.02
C00682,2025-07,8116.04
C00682,2025-08,46071.84
C00682,2025-09,1859.94
C00682,2025-12,5277.67
C00683,2024-01,830.87
C00683,2024-02,30050.35
C00683,2024-03,21655.4
C00683,2024-04,25481.03
C00683,2024-05,60050.93
C00683,2024-06,21408.85
C00683,2024-07,6000.139999999999
C00683,2024-08,21447.9
C00683,2024-09,32481.760000000002
C00683,2024-10,2329.6800000000003
C00683,2024-11,18833.33
C00683,2024-12,22943.09
C00683,2025-02,1028.95
C00683,2025-03,24442.33
C00683,2025-04,1132.55
C00683,2025-05,8220.95
C00683,2025-09,3327.12
C00683,2025-10,3852.19
C00683,2025-11,18422.29
C00683,2025-12,4682.69
C00684,2024-01,14168.84
C00684,2024-02,58156.56
C00684,2024-03,28644.79
C00684,2024-04,14268.74
C00684,2024-05,3095.14
C00684,2024-07,4502.58
C00684,2024-08,19177.22
C00684,2024-09,54156.18
C00684,2024-10,47026.67
C00684,2024-11,11096.34
C00684,2024-12,714.32
C00684,2025-01,27035.320000000003
C00684,2025-02,14921.16
C00684,2025-03,7985.65
C00684,2025-04,48627.08
C00684,2025-05,4870.32
C00684,2025-07,18824.16
C00684,2025-08,417.54
C00684,2025-09,11442.210000000001
C00684,2025-10,807.08
C00684,2025-12,68133.84999999999
C00685,2024-01,5480.42
C00685,2024-03,22502.32
C00685,2024-04,2774.64
C00685,2024-05,786.66
C00685,2024-06,16400.84
C00685,2024-07,1777.25
C00685,2024-09,7673.48
C00685,2024-10,9238.85
C00685,2024-11,2791.02
C00685,2024-12,6416.75
C00685,2025-01,1491.12
C00685,2025-02,85361.22
C00685,2025-03,16872.23
C00685,2025-04,9665.470000000001
C00685,2025-05,9593.96
C00685,2025-06,22512.05
C00685,2025-07,24889.82
C00685,2025-08,43668.86
C00685,2025-10,2787.48
C00685,2025-11,20569.37
C00685,2025-12,10195.53
C00686,2024-01,13123.65
C00686,2024-02,51748.92
C00686,2024-03,21170.53
C00686,2024-05,696.37
C00686,2024-06,38055.36
C00686,2024-07,17338.74
C00686,2024-08,6222.03
C00686,2024-09,15202.439999999999
C00686,2024-10,3239.3100000000004
C00686,2024-11,1759.1
C00686,2025-01,14622.54
C00686,2025-02,3571.76
C00686,2025-03,41782.99
C00686,2025-04,13038.66
C00686,2025-06,28280.43
C00686,2025-07,6302.04
C00686,2025-08,2006.28
C00686,2025-09,12440.8
C00686,2025-10,674.47
C00686,2025-11,4755.78
C00686,2025-12,13949.78
C00687,2024-01,7169.75
C00687,2024-02,2010.54
C00687,2024-03,36457.9
C00687,2024-04,2769.96
C00687,2024-07,7418.19
C00687,2024-08,17994.59
C00687,2024-10,6374.89
C00687,2024-11,8462.98
C00687,2024-12,17419.08
C00687,2025-01,69203.58
C00687,2025-02,13094.76
C00687,2025-03,6329.02
C00687,2025-04,31210.08
C00687,2025-05,10291.48
C00687,2025-06,28222.52
C00687,2025-07,65213.55
C00687,2025-08,19595.5
C00687,2025-09,24462.81
C00687,2025-10,21078.48
C00687,2025-11,167.42
C00687,2025-12,1194.0900000000001
C00688,2024-01,4489.34
C00688,2024-02,4502.08
C00688,2024-03,81871.56
C00688,2024-04,18623.43
C00688,2024-05,39718.46
C00688,2024-06,4898.96
C00688,2024-07,6048.71
C00688,2024-08,19815.39
C00688,2024-10,49043.57
C00688,2024-11,2070.46
C00688,2024-12,36840.87
C00688,2025-01,5085.25
C00688,2025-02,14007.94
C00688,2025-03,3526.06
C00688,2025-04,365.53
C00688,2025-05,5595.21
C00688,2025-06,46516.37
C00688,2025-08,1863.77
C00688,2025-09,1345.42
C00688,2025-12,45565.44
C00689,2024-02,1098.76
C00689,2024-03,699.02
C00689,2024-06,2001.35
C00689,2024-07,20341.23
C00689,2024-08,55117.51
C00689,2024-09,4495.45
C00689,2024-10,1823.87
C00689,2024-12,9773.89
C00689,2025-01,26882.03
C00689,2025-03,2193.66
C00689,2025-04,60743.51
C00689,2025-06,12718.650000000001
C00689,2025-07,4331.05
C00689,2025-09,13375.58
C00689,2025-10,11944.439999999999
C00689,2025-11,10542.11
C00689,2025-12,31794.99
C00690,2024-01,51618.83
C00690,2024-02,56651.04
C00690,2024-03,4495.82
C00690,2024-05,2395.35
C00690,2024-06,12492.5
C00690,2024-08,4966.06
C00690,2024-09,13854.83
C00690,2024-10,5920.43
C00690,2024-11,13827.53
C00690,2024-12,42895.01
C00690,2025-01,4594.01
C00690,2025-02,47945.37
C00690,2025-03,27465.58
C00690,2025-04,7406.24
C00690,2025-05,34183.44
C00690,2025-06,12976.96
C00690,2025-07,34606.91
C00690,2025-08,6008.139999999999
C00690,2025-09,12876.939999999999
C00690,2025-10,3283.29
C00690,2025-11,22357.44
C00690,2025-12,1029.25
C00691,2024-01,9646.23
C00691,2024-02,2814.44
C00691,2024-03,114925.25
C00691,2024-04,8536.130000000001
C00691,2024-05,11230.26
C00691,2024-06,12593.47
C00691,2024-07,5780.25
C00691,2024-08,360.52
C00691,2024-10,1589.46
C00691,2024-11,2923.2
C00691,2024-12,4309.2
C00691,2025-01,1578.85
C00691,2025-03,6039.33
C00691,2025-04,4771.29
C00691,2025-07,14618.94
C00692,2024-01,571.66
C00692,2024-02,16888.52
C00692,2024-03,10000.849999999999
C00692,2024-04,17171.95
C00692,2024-05,19829.36
C00692,2024-06,15864.51
C00692,2024-07,7199.16
C00692,2024-08,1398.6
C00692,2024-09,3616.05
C00692,2024-10,5403.6
C00692,2024-11,33075.64
C00692,2025-01,1189.44
C00692,2025-02,17545.53
C00692,2025-03,2670.8999999999996
C00692,2025-04,8092.8099999999995
C00692,2025-05,8896.24
C00692,2025-06,3296.38
C00692,2025-08,12992.12
C00692,2025-09,18700.399999999998
C00692,2025-11,1539.28
C00692,2025-12,48867.46
C00693,2024-01,72395.26000000001
C00693,2024-05,2366.94
C00693,2024-06,15806.9
C00693,2024-08,14986.99
C00693,2024-09,9574.26
C00693,2024-10,1991.94
C00693,2024-11,55437.32
C00693,2024-12,7058.49
C00693,2025-01,32085.45
C00693,2025-02,41638.15
C00693,2025-03,6275.73
C00693,2025-04,13451.48
C00693,2025-05,6999.84
C00693,2025-06,45013.979999999996
C00693,2025-09,3272.11
C00693,2025-10,1152.72
C00693,2025-12,24350.82
C00694,2024-01,160.59
C00694,2024-02,9242.61
C00694,2024-03,32576.73
C00694,2024-04,12499.25
C00694,2024-05,6373.78
C00694,2024-06,2846.0899999999997
C00694,2024-07,33433.31
C00694,2024-09,7966.63
C00694,2024-10,50274.56
C00694,2024-11,7675.68
C00694,2025-01,19568.04
C00694,2025-02,4405.55
C00694,2025-03,9252.62
C00694,2025-04,274.23
C00694,2025-05,14640.56
C00694,2025-06,29044.65
C00694,2025-07,8400.13
C00694,2025-09,13081.57
C00694,2025-10,41024.54
C00694,2025-11,4982.14
C00695,2024-01,8659.27
C00695,2024-02,1220.8
C00695,2024-03,173721.93
C00695,2024-04,32894.7
C00695,2024-06,2152.54
C00695,2024-08,1885.56
C00695,2024-09,5289.39
C00695,2024-10,947.75
C00695,2024-11,53423.840000000004
C00695,2024-12,7382.06
C00695,2025-02,2711.37
C00695,2025-04,18421.65
C00695,2025-05,8090.18
C00695,2025-06,27045.28
C00695,2025-07,1791.64
C00695,2025-08,1122.45
C00695,2025-09,40430.89000000001
C00695,2025-11,243.97
C00696,2024-01,22802.97
C00696,2024-02,26818.0
C00696,2024-04,29785.89
C00696,2024-05,10385.84
C00696,2024-06,12232.3
C00696,2024-08,26372.129999999997
C00696,2024-09,14546.85
C00696,2024-10,1201.24
C00696,2024-12,7184.14
C00696,2025-01,19172.08
C00696,2025-02,2458.58
C00696,2025-03,19733.87
C00696,2025-05,57533.69
C00696,2025-06,765.94
C00696,2025-08,82162.72
C00696,2025-09,28710.59
C00696,2025-10,19857.23
C00696,2025-11,38144.82
C00696,2025-12,24177.4
C00697,2024-02,16279.24
C00697,2024-03,2519.68
C00697,2024-05,1724.62
C00697,2024-06,3887.13
C00697,2024-09,26042.31
C00697,2024-10,5396.8
C00697,2024-11,59138.36
C00697,2024-12,43492.399999999994
C00697,2025-02,8988.05
C00697,2025-03,2942.16
C00697,2025-04,21611.72
C00697,2025-06,6107.4400000000005
C00697,2025-07,2867.3199999999997
C00697,2025-08,17359.64
C00697,2025-09,22526.21
C00697,2025-10,38895.69
C00697,2025-11,1353.2
C00697,2025-12,48757.41
C00698,2024-01,22788.260000000002
C00698,2024-02,6736.36
C00698,2024-03,1039.63
C00698,2024-04,4876.28
C00698,2024-06,14922.11
C00698,2024-07,6935.77
C00698,2024-08,25804.61
C00698,2024-09,10747.85
C00698,2024-12,8925.4
C00698,2025-01,13362.55
C00698,2025-02,267.21
C00698,2025-03,13839.14
C00698,2025-05,25190.14
C00698,2025-08,67913.92
C00698,2025-09,52811.32
C00698,2025-10,6964.53
C00698,2025-11,70466.52
C00698,2025-12,19060.739999999998
C00699,2024-01,59722.56
C00699,2024-02,35992.54
C00699,2024-05,30428.489999999998
C00699,2024-06,2515.73
C00699,2024-07,308.81
C00699,2024-08,35659.62
C00699,2024-09,2652.72
C00699,2024-10,1357.07
C00699,2024-11,11306.34
C00699,2024-12,1002.11
C00699,2025-02,14557.8
C00699,2025-04,5198.96
C00699,2025-05,7615.12
C00699,2025-07,8683.41
C00699,2025-08,23767.230000000003
C00699,2025-10,52838.07
C00699,2025-12,13230.01
C00700,2024-01,6202.7
C00700,2024-02,2389.69
C00700,2024-04,1030.76
C00700,2024-05,13972.740000000002
C00700,2024-06,2626.92
C00700,2024-07,12408.78
C00700,2024-08,31953.44
C00700,2024-09,9134.74
C00700,2024-11,28236.699999999997
C00700,2025-01,9278.82
C00700,2025-02,1681.9099999999999
C00700,2025-03,3294.68
C00700,2025-06,2596.16
C00700,2025-07,1937.87
C00700,2025-08,16229.01
C00700,2025-09,6383.43
C00700,2025-10,23591.17
C00700,2025-11,23275.800000000003
C00700,2025-12,17703.6
C00701,2024-01,1878.9
C00701,2024-03,2273.21
C00701,2024-04,45833.72
C00701,2024-05,19739.15
C00701,2024-06,14551.75
C00701,2024-07,13081.88
C00701,2024-08,21017.969999999998
C00701,2024-09,21234.239999999998
C00701,2024-10,87621.42
C00701,2024-12,2437.87
C00701,2025-01,48393.33
C00701,2025-02,1282.01
C00701,2025-03,1430.96
C00701,2025-04,15556.27
C00701,2025-06,14679.49
C00701,2025-07,29700.079999999998
C00701,2025-08,1510.49
C00701,2025-09,49453.96
C00701,2025-10,59953.05
C00701,2025-11,13015.75
C00701,2025-12,29783.789999999997
C00702,2024-01,50578.3
C00702,2024-02,19310.239999999998
C00702,2024-03,1248.57
C00702,2024-05,80639.9
C00702,2024-06,944.55
C00702,2024-08,11619.25
C00702,2024-09,7054.82
C00702,2024-10,15009.35
C00702,2024-12,12220.71
C00702,2025-01,23510.22
C00702,2025-03,13463.07
C00702,2025-04,1441.98
C00702,2025-05,23480.37
C00702,2025-08,14168.34
C00702,2025-09,2844.97
C00702,2025-10,48113.07
C00702,2025-11,28028.4
C00702,2025-12,36730.8
C00703,2024-01,19091.79
C00703,2024-02,707.61
C00703,2024-05,12607.03
C00703,2024-06,1512.3799999999999
C00703,2024-07,21048.09
C00703,2024-10,12591.92
C00703,2024-11,4032.46
C00703,2024-12,18387.69
C00703,2025-02,3227.18
C00703,2025-03,13805.029999999999
C00703,2025-04,12263.37
C00703,2025-05,274.29
C00703,2025-06,5662.51
C00703,2025-07,539.35
C00703,2025-08,46935.88
C00703,2025-09,2164.16
C00703,2025-10,29641.29
C00703,2025-11,3736.84
C00703,2025-12,12951.07
C00704,2024-01,10502.75
C00704,2024-02,1797.27
C00704,2024-03,7584.03
C00704,2024-05,11778.130000000001
C00704,2024-06,62725.72
C00704,2024-07,13221.24
C00704,2024-08,3510.5
C00704,2024-09,55182.61
C00704,2024-10,4197.92
C00704,2024-12,1116.49
C00704,2025-01,4568.19
C00704,2025-02,706.23
C00704,2025-06,39862.81
C00704,2025-07,2438.09
C00704,2025-08,39892.07
C00704,2025-09,1039.99
C00704,2025-10,3523.85
C00704,2025-11,7980.46
C00704,2025-12,3240.76
C00705,2024-02,15150.9
C00705,2024-03,14434.0
C00705,2024-04,5863.450000000001
C00705,2024-05,2528.7
C00705,2024-06,11397.16
C00705,2024-08,24962.95
C00705,2024-09,15511.08
C00705,2024-10,7806.789999999999
C00705,2024-11,1544.27
C00705,2024-12,71063.19
C00705,2025-01,11871.32
C00705,2025-03,893.88
C00705,2025-04,63681.22
C00705,2025-05,19263.3
C00705,2025-06,8287.48
C00705,2025-07,5970.33
C00705,2025-08,9171.72
C00705,2025-09,58645.43
C00705,2025-11,4563.73
C00705,2025-12,8180.6
C00706,2024-01,2629.54
C00706,2024-02,35856.11
C00706,2024-05,102770.5
C00706,2024-06,6788.06
C00706,2024-07,540.41
C00706,2024-09,968.85
C00706,2024-10,2266.49
C00706,2025-01,17439.59
C00706,2025-02,3589.2999999999997
C00706,2025-04,2283.01
C00706,2025-06,10394.93
C00706,2025-07,11482.81
C00706,2025-08,10598.210000000001
C00706,2025-09,6481.83
C00706,2025-10,229.06
C00706,2025-11,11359.06
C00706,2025-12,20503.989999999998
C00707,2024-01,5541.9
C00707,2024-03,9763.83
C00707,2024-05,25746.120000000003
C00707,2024-06,13349.09
C00707,2024-08,80270.4
C00707,2024-09,8622.119999999999
C00707,2024-10,13329.87
C00707,2024-11,2448.87
C00707,2024-12,25848.4
C00707,2025-01,19173.84
C00707,2025-02,14040.81
C00707,2025-03,8972.52
C00707,2025-04,101488.65
C00707,2025-05,44211.1
C00707,2025-06,29331.190000000002
C00707,2025-10,7693.07
C00707,2025-11,965.97
C00707,2025-12,257.78
C00708,2024-01,773.36
C00708,2024-02,9796.6
C00708,2024-03,4706.21
C00708,2024-04,8815.26
C00708,2024-05,2135.09
C00708,2024-07,37237.01
C00708,2024-08,8094.6
C00708,2024-09,2891.0
C00708,2025-01,5612.04
C00708,2025-04,987.33
C00708,2025-05,5260.97
C00708,2025-06,44699.67999999999
C00708,2025-09,2570.05
C00708,2025-10,3041.79
C00708,2025-11,19236.94
C00708,2025-12,11894.11
C00709,2024-01,6069.26
C00709,2024-02,7309.42
C00709,2024-03,1525.22
C00709,2024-04,71757.74
C00709,2024-05,60100.240000000005
C00709,2024-06,12086.560000000001
C00709,2024-07,6182.54
C00709,2024-08,1465.32
C00709,2024-09,10059.15
C00709,2024-10,10082.48
C00709,2024-11,2673.25
C00709,2025-02,10116.17
C00709,2025-04,56680.62
C00709,2025-08,3303.62
C00709,2025-10,497.59
C00709,2025-11,31920.21
C00709,2025-12,16488.260000000002
C00710,2024-01,395.71
C00710,2024-02,890.73
C00710,2024-03,28338.539999999997
C00710,2024-06,2660.79
C00710,2024-07,29980.5
C00710,2024-09,44000.72
C00710,2024-11,7432.76
C00710,2025-03,17018.53
C00710,2025-04,24537.45
C00710,2025-05,40798.49
C00710,2025-06,2057.04
C00710,2025-07,13694.23
C00710,2025-08,59857.44
C00710,2025-11,8080.4
C00711,2024-01,60728.16
C00711,2024-02,1947.61
C00711,2024-04,3284.35
C00711,2024-05,1215.14
C00711,2024-06,13043.050000000001
C00711,2024-07,9909.64
C00711,2024-08,3682.99
C00711,2024-09,15464.91
C00711,2024-10,19637.489999999998
C00711,2024-12,3835.62
C00711,2025-01,10099.79
C00711,2025-02,2890.47
C00711,2025-03,39715.69
C00711,2025-04,2595.01
C00711,2025-05,45356.64
C00711,2025-06,14618.75
C00711,2025-07,23581.49
C00711,2025-08,19858.37
C00711,2025-09,41488.869999999995
C00711,2025-10,1097.73
C00711,2025-11,266.86
C00711,2025-12,2789.03
C00712,2024-01,52653.74
C00712,2024-02,37751.93
C00712,2024-03,46572.47
C00712,2024-04,1777.79
C00712,2024-05,11168.82
C00712,2024-06,6691.889999999999
C00712,2024-07,1193.15
C00712,2024-08,21851.64
C00712,2024-10,2300.9
C00712,2024-11,3523.35
C00712,2024-12,6178.610000000001
C00712,2025-02,4852.9
C00712,2025-03,94426.72
C00712,2025-04,3300.18
C00712,2025-05,53034.32
C00712,2025-06,2049.79
C00712,2025-08,2173.94
C00712,2025-09,55405.43
C00712,2025-10,628.8
C00712,2025-11,55710.12
C00712,2025-12,13538.58
C00713,2024-01,19174.92
C00713,2024-02,1847.46
C00713,2024-04,29494.82
C00713,2024-06,40971.12
C00713,2024-07,21929.27
C00713,2024-09,1969.28
C00713,2024-10,4853.45
C00713,2024-11,9675.970000000001
C00713,2024-12,29807.329999999998
C00713,2025-02,49188.619999999995
C00713,2025-03,25360.49
C00713,2025-04,8398.11
C00713,2025-05,6853.85
C00713,2025-06,6422.97
C00713,2025-07,43661.47
C00713,2025-08,6069.0
C00713,2025-10,11042.36
C00713,2025-11,5490.27
C00714,2024-02,1098.45
C00714,2024-03,32000.84
C00714,2024-05,73214.41
C00714,2024-06,36465.78
C00714,2024-07,2312.77
C00714,2024-09,22953.36
C00714,2024-10,35817.1
C00714,2024-12,16123.779999999999
C00714,2025-01,30601.25
C00714,2025-02,1103.59
C00714,2025-04,21123.519999999997
C00714,2025-05,1665.67
C00714,2025-06,22362.54
C00714,2025-07,32956.96
C00714,2025-09,6092.45
C00714,2025-10,41291.420000000006
C00714,2025-11,42640.619999999995
C00714,2025-12,46848.130000000005
C00715,2024-01,724.03
C00715,2024-02,1049.98
C00715,2024-03,16400.4
C00715,2024-04,16038.92
C00715,2024-05,2453.97
C00715,2024-06,47503.01
C00715,2024-07,45801.25
C00715,2024-08,9934.73
C00715,2024-09,39262.85
C00715,2024-10,27438.32
C00715,2024-11,1815.1
C00715,2024-12,4735.52
C00715,2025-01,29908.56
C00715,2025-02,8036.84
C00715,2025-03,5410.13
C00715,2025-04,2994.96
C00715,2025-05,76514.3
C00715,2025-06,8486.39
C00715,2025-07,18373.32
C00715,2025-09,3722.7799999999997
C00715,2025-11,17625.96
C00715,2025-12,26321.22
C00716,2024-01,3669.8599999999997
C00716,2024-02,49798.07
C00716,2024-03,6991.55
C00716,2024-04,329.39
C00716,2024-05,1227.43
C00716,2024-06,21665.12
C00716,2024-07,4455.7699999999995
C00716,2024-08,24730.11
C00716,2024-10,2448.52
C00716,2024-11,3766.85
C00716,2024-12,32210.07
C00716,2025-01,24816.24
C00716,2025-02,12694.65
C00716,2025-03,6355.49
C00716,2025-04,9142.56
C00716,2025-06,7921.49
C00716,2025-07,3386.6000000000004
C00716,2025-08,11036.77
C00716,2025-11,4614.43
C00716,2025-12,5433.49
C00717,2024-01,64191.88
C00717,2024-02,7435.14
C00717,2024-04,738.83
C00717,2024-05,70076.37
C00717,2024-08,2943.48
C00717,2024-09,19741.9
C00717,2024-11,40248.14
C00717,2024-12,14538.630000000001
C00717,2025-01,12170.42
C00717,2025-03,1297.0
C00717,2025-05,3279.71
C00717,2025-06,4096.06
C00717,2025-07,1846.0
C00717,2025-08,3522.81
C00717,2025-10,21256.74
C00717,2025-11,11074.38
C00717,2025-12,73630.59
C00718,2024-01,22180.16
C00718,2024-02,1757.22
C00718,2024-04,47086.25
C00718,2024-05,356.44
C00718,2024-06,12675.27
C00718,2024-08,10953.77
C00718,2024-09,2903.84
C00718,2025-01,3214.48
C00718,2025-02,19575.99
C00718,2025-04,9597.96
C00718,2025-05,22856.96
C00718,2025-06,23365.55
C00718,2025-07,36524.36
C00718,2025-09,3335.81
C00718,2025-11,27815.879999999997
C00718,2025-12,17684.51
C00719,2024-02,70805.51999999999
C00719,2024-03,1206.81
C00719,2024-04,13301.83
C00719,2024-06,893.1
C00719,2024-07,57325.64
C00719,2024-08,33624.659999999996
C00719,2024-10,21557.2
C00719,2024-11,3741.84
C00719,2024-12,2247.61
C00719,2025-01,5392.74
C00719,2025-03,34312.66
C00719,2025-04,37110.64
C00719,2025-05,29910.25
C00719,2025-06,7164.58
C00719,2025-07,9078.95
C00719,2025-08,1094.76
C00719,2025-09,69872.41
C00719,2025-10,10652.22
C00719,2025-11,4837.65
C00719,2025-12,16318.039999999999
C00720,2024-01,7457.35
C00720,2024-02,609.57
C00720,2024-03,37962.38
C00720,2024-04,29421.74
C00720,2024-05,3759.26
C00720,2024-06,35538.67
C00720,2024-07,8765.9
C00720,2024-08,22487.41
C00720,2024-09,10273.88
C00720,2024-10,61239.2
C00720,2024-11,25925.43
C00720,2024-12,1893.42
C00720,2025-02,4256.73
C00720,2025-04,27745.620000000003
C00720,2025-05,17297.01
C00720,2025-06,4231.67
C00720,2025-08,19246.84
C00720,2025-09,15281.359999999999
C00720,2025-10,57534.13
C00720,2025-12,4179.05
C00721,2024-01,2945.58
C00721,2024-02,19046.75
C00721,2024-03,29536.4
C00721,2024-09,13730.24
C00721,2024-10,17010.72
C00721,2024-12,19149.33
C00721,2025-01,18829.74
C00721,2025-04,11271.02
C00721,2025-05,31192.640000000003
C00721,2025-06,53814.15
C00721,2025-07,44228.42
C00721,2025-08,35167.590000000004
C00721,2025-09,49416.83
C00721,2025-10,29320.489999999998
C00721,2025-11,9550.25
C00722,2024-03,13025.34
C00722,2024-05,46175.83
C00722,2024-06,27327.379999999997
C00722,2024-08,37804.78999999999
C00722,2024-10,854.2
C00722,2024-12,38979.95
C00722,2025-01,26875.76
C00722,2025-02,1469.08
C00722,2025-03,35876.93
C00722,2025-06,32707.829999999998
C00722,2025-08,2006.98
C00722,2025-10,50310.97
C00722,2025-11,2025.8
C00722,2025-12,62159.21
C00723,2024-02,8484.06
C00723,2024-04,955.75
C00723,2024-05,3074.92
C00723,2024-06,1089.75
C00723,2024-08,556.64
C00723,2024-09,6318.48
C00723,2024-10,28350.8
C00723,2024-12,25740.36
C00723,2025-01,3285.72
C00723,2025-02,1799.5
C00723,2025-03,3122.62
C00723,2025-04,4257.96
C00723,2025-06,34903.05
C00723,2025-07,1606.45
C00723,2025-08,3994.95
C00723,2025-09,4096.31
C00723,2025-10,49730.479999999996
C00723,2025-11,19687.85
C00723,2025-12,2154.86
C00724,2024-01,1078.87
C00724,2024-02,1548.46
C00724,2024-03,1200.74
C00724,2024-05,4349.139999999999
C00724,2024-06,52182.18
C00724,2024-07,18197.74
C00724,2024-08,15929.539999999999
C00724,2024-09,16041.830000000002
C00724,2024-11,1407.56
C00724,2024-12,20216.989999999998
C00724,2025-01,598.36
C00724,2025-03,32740.55
C00724,2025-04,565.99
C00724,2025-05,57131.76
C00724,2025-06,704.65
C00724,2025-07,8311.16
C00724,2025-10,4888.32
C00724,2025-11,62200.05
C00725,2024-01,21763.73
C00725,2024-02,111287.77
C00725,2024-03,1159.1
C00725,2024-04,5314.79
C00725,2024-05,24309.78
C00725,2024-06,4640.71
C00725,2024-07,28891.58
C00725,2024-09,57983.07
C00725,2024-10,27712.3
C00725,2024-11,58444.979999999996
C00725,2025-01,42391.57
C00725,2025-02,14988.57
C00725,2025-04,4276.02
C00725,2025-05,3084.7299999999996
C00725,2025-06,7522.5
C00725,2025-08,2004.01
C00725,2025-09,27711.719999999998
C00725,2025-10,16707.89
C00725,2025-11,1337.12
C00725,2025-12,9881.7
C00726,2024-01,1042.5
C00726,2024-02,47044.950000000004
C00726,2024-03,1635.5
C00726,2024-04,25028.05
C00726,2024-05,59405.92
C00726,2024-06,1540.97
C00726,2024-07,1569.46
C00726,2024-08,24909.809999999998
C00726,2024-10,8102.52
C00726,2024-12,9793.16
C00726,2025-01,14477.240000000002
C00726,2025-02,19593.68
C00726,2025-04,4157.86
C00726,2025-05,36309.49
C00726,2025-07,27797.469999999998
C00726,2025-08,40837.979999999996
C00726,2025-09,1640.03
C00726,2025-10,46053.51
C00726,2025-11,1549.79
C00726,2025-12,1079.58
C00727,2024-01,1446.32
C00727,2024-02,11211.78
C00727,2024-03,2774.68
C00727,2024-07,574.21
C00727,2024-08,1715.64
C00727,2024-09,68638.29000000001
C00727,2024-11,11636.67
C00727,2024-12,1014.22
C00727,2025-01,32958.21
C00727,2025-02,14591.84
C00727,2025-03,486.23
C00727,2025-04,33621.6
C00727,2025-05,4459.41
C00727,2025-07,2967.37
C00727,2025-09,3284.34
C00727,2025-10,963.22
C00727,2025-11,12077.39
C00728,2024-01,3485.66
C00728,2024-02,52501.51
C00728,2024-03,5162.73
C00728,2024-04,2088.96
C00728,2024-05,4239.83
C00728,2024-06,51442.490000000005
C00728,2024-08,15414.880000000001
C00728,2024-09,21862.079999999998
C00728,2024-10,3845.98
C00728,2024-11,32872.46
C00728,2024-12,7606.2699999999995
C00728,2025-01,13050.11
C00728,2025-03,43008.299999999996
C00728,2025-05,15586.05
C00728,2025-06,37642.56
C00728,2025-07,20817.39
C00728,2025-08,23733.78
C00728,2025-09,56841.68
C00728,2025-10,37266.71
C00728,2025-11,3498.16
C00728,2025-12,706.09
C00729,2024-01,11530.7
C00729,2024-02,1369.4
C00729,2024-04,29442.64
C00729,2024-07,17830.15
C00729,2024-08,2228.76
C00729,2025-01,18345.43
C00729,2025-02,5456.719999999999
C00729,2025-04,10578.75
C00729,2025-06,27296.66
C00729,2025-07,2699.05
C00729,2025-11,10662.6
C00729,2025-12,1429.67
C00730,2024-01,2102.99
C00730,2024-02,10288.49
C00730,2024-03,25938.4
C00730,2024-04,53093.72
C00730,2024-06,31554.9
C00730,2024-07,3259.51
C00730,2024-08,20517.97
C00730,2024-09,7172.71
C00730,2024-10,54835.07
C00730,2024-11,6666.81
C00730,2025-01,2374.13
C00730,2025-02,36307.46000000001
C00730,2025-03,2134.8
C00730,2025-04,30422.56
C00730,2025-05,2647.86
C00730,2025-06,5188.72
C00730,2025-07,1048.65
C00730,2025-08,25229.03
C00730,2025-09,7975.92
C00730,2025-10,12492.55
C00730,2025-11,15398.240000000002
C00730,2025-12,8747.75
C00731,2024-01,51513.88
C00731,2024-02,2045.84
C00731,2024-03,23130.59
C00731,2024-04,11598.49
C00731,2024-05,55784.78999999999
C00731,2024-06,5531.22
C00731,2024-07,7290.76
C00731,2024-08,56135.21000000001
C00731,2024-09,16940.72
C00731,2024-10,2854.14
C00731,2024-11,10183.06
C00731,2024-12,659.85
C00731,2025-02,1000.53
C00731,2025-03,13531.820000000002
C00731,2025-04,40700.21
C00731,2025-05,54533.12
C00731,2025-06,1746.68
C00731,2025-08,30424.28
C00731,2025-09,3970.99
C00731,2025-10,12955.68
C00731,2025-11,10082.740000000002
C00731,2025-12,4600.42
C00732,2024-01,7681.95
C00732,2024-02,3479.68
C00732,2024-03,2986.49
C00732,2024-06,2640.49
C00732,2024-07,8004.54
C00732,2024-08,2932.24
C00732,2024-09,3429.91
C00732,2024-10,2667.62
C00732,2024-11,858.23
C00732,2024-12,74612.44
C00732,2025-01,15333.900000000001
C00732,2025-02,22847.08
C00732,2025-03,2562.24
C00732,2025-04,10918.35
C00732,2025-05,2565.59
C00732,2025-07,8536.51
C00732,2025-08,32529.82
C00732,2025-09,9053.79
C00732,2025-10,13345.3
C00732,2025-11,39669.59
C00732,2025-12,44466.17
C00733,2024-01,11381.42
C00733,2024-02,18323.1
C00733,2024-03,18480.25
C00733,2024-04,615.98
C00733,2024-05,6808.51
C00733,2024-07,13712.86
C00733,2024-09,1881.98
C00733,2024-11,28722.43
C00733,2024-12,1181.68
C00733,2025-01,17443.93
C00733,2025-02,18639.23
C00733,2025-04,52594.25
C00733,2025-07,2377.64
C00733,2025-08,97996.66
C00733,2025-09,44921.93
C00733,2025-10,42705.8
C00733,2025-12,12291.11
C00734,2024-01,2588.02
C00734,2024-02,524.54
C00734,2024-06,5570.07
C00734,2024-07,23543.31
C00734,2024-08,42909.84
C00734,2024-09,6166.53
C00734,2024-11,7457.150000000001
C00734,2024-12,16595.57
C00734,2025-01,713.14
C00734,2025-02,7734.08
C00734,2025-04,2493.5
C00734,2025-05,2798.72
C00734,2025-06,8115.56
C00734,2025-07,14272.419999999998
C00734,2025-09,2926.01
C00734,2025-10,8578.15
C00734,2025-11,19324.359999999997
C00734,2025-12,28624.47
C00735,2024-01,1484.07
C00735,2024-03,18790.5
C00735,2024-04,853.15
C00735,2024-06,18128.57
C00735,2024-07,724.0
C00735,2024-08,3461.19
C00735,2024-09,33382.25
C00735,2024-11,35598.68
C00735,2024-12,601.98
C00735,2025-01,23507.82
C00735,2025-02,11499.87
C00735,2025-03,61227.43
C00735,2025-05,7700.17
C00735,2025-06,108553.36
C00735,2025-07,7469.62
C00735,2025-08,3452.93
C00735,2025-09,997.62
C00735,2025-12,9991.44
C00736,2024-01,988.6700000000001
C00736,2024-02,3923.8900000000003
C00736,2024-03,3165.88
C00736,2024-07,12594.96
C00736,2024-08,8996.92
C00736,2024-10,2322.83
C00736,2024-11,5506.25
C00736,2025-01,11434.6
C00736,2025-03,39748.740000000005
C00736,2025-04,10829.45
C00736,2025-05,25373.04
C00736,2025-06,19441.54
C00736,2025-07,2047.9
C00736,2025-09,46993.43
C00736,2025-10,57990.78
C00736,2025-11,3983.6
C00736,2025-12,1485.15
C00737,2024-01,61296.21
C00737,2024-02,2448.08
C00737,2024-03,10582.01
C00737,2024-04,12935.22
C00737,2024-05,9106.66
C00737,2024-06,2547.45
C00737,2024-07,17858.699999999997
C00737,2024-08,55936.94
C00737,2024-09,47565.61
C00737,2024-10,21978.760000000002
C00737,2024-11,3842.54
C00737,2024-12,5761.370000000001
C00737,2025-01,932.9
C00737,2025-02,40119.85
C00737,2025-04,2719.55
C00737,2025-05,1733.67
C00737,2025-06,7167.27
C00737,2025-09,20617.78
C00737,2025-10,7301.049999999999
C00737,2025-12,1755.66
C00738,2024-02,11482.39
C00738,2024-03,4659.43
C00738,2024-04,13436.41
C00738,2024-05,5071.13
C00738,2024-07,21377.989999999998
C00738,2024-08,4516.02
C00738,2024-09,24430.260000000002
C00738,2024-12,10645.36
C00738,2025-01,29090.41
C00738,2025-02,15172.48
C00738,2025-04,29300.3
C00738,2025-05,18778.3
C00738,2025-06,35493.340000000004
C00738,2025-08,5295.98
C00738,2025-09,10444.210000000001
C00738,2025-10,31412.31
C00738,2025-11,20564.760000000002
C00738,2025-12,1906.06
C00739,2024-01,2391.35
C00739,2024-02,3167.01
C00739,2024-03,13856.150000000001
C00739,2024-04,20959.760000000002
C00739,2024-05,35656.2
C00739,2024-06,14660.74
C00739,2024-07,6768.72
C00739,2024-09,8594.960000000001
C00739,2024-10,964.94
C00739,2024-12,17449.95
C00739,2025-01,3833.75
C00739,2025-02,11016.89
C00739,2025-04,21106.65
C00739,2025-05,22347.9
C00739,2025-06,34046.37
C00739,2025-08,1570.66
C00739,2025-10,2414.09
C00739,2025-11,7289.02
C00739,2025-12,42149.060000000005
C00740,2024-01,15302.84
C00740,2024-02,12189.26
C00740,2024-03,9752.2
C00740,2024-04,20106.36
C00740,2024-05,51664.79
C00740,2024-07,15958.800000000001
C00740,2024-09,20770.72
C00740,2024-10,13105.24
C00740,2024-11,15618.09
C00740,2024-12,2978.91
C00740,2025-01,154.91
C00740,2025-03,17741.690000000002
C00740,2025-05,6888.46
C00740,2025-07,27493.45
C00740,2025-08,2091.1
C00740,2025-09,36407.1
C00740,2025-11,46772.259999999995
C00740,2025-12,3821.87
C00741,2024-01,5049.360000000001
C00741,2024-02,14728.86
C00741,2024-04,10807.07
C00741,2024-05,2463.71
C00741,2024-06,2359.0299999999997
C00741,2024-07,14259.56
C00741,2024-08,26778.91
C00741,2024-09,12043.07
C00741,2024-10,7524.74
C00741,2024-11,5203.15
C00741,2024-12,49714.2
C00741,2025-01,38418.79
C00741,2025-02,9875.519999999999
C00741,2025-03,18849.11
C00741,2025-04,31006.18
C00741,2025-05,3954.88
C00741,2025-06,38099.659999999996
C00741,2025-07,28645.0
C00741,2025-08,1845.84
C00741,2025-10,1514.0700000000002
C00741,2025-11,32085.77
C00741,2025-12,516.7
C00742,2024-01,2670.98
C00742,2024-03,3244.1
C00742,2024-05,27023.879999999997
C00742,2024-06,28685.11
C00742,2024-07,32571.47
C00742,2024-08,47324.68
C00742,2024-09,4818.5599999999995
C00742,2024-10,4202.530000000001
C00742,2024-11,15177.619999999999
C00742,2024-12,34843.37
C00742,2025-01,1879.73
C00742,2025-02,7277.91
C00742,2025-04,2500.4
C00742,2025-06,53903.34
C00742,2025-07,5953.629999999999
C00742,2025-08,64705.26
C00742,2025-09,10060.47
C00742,2025-10,3204.51
C00742,2025-11,3859.6
C00742,2025-12,47100.39
C00743,2024-01,24333.27
C00743,2024-02,2167.38
C00743,2024-04,7990.73
C00743,2024-05,1937.06
C00743,2024-06,13518.48
C00743,2024-07,16142.810000000001
C00743,2024-08,2825.24
C00743,2024-09,12424.13
C00743,2024-10,26037.879999999997
C00743,2024-11,2009.81
C00743,2024-12,8018.22
C00743,2025-01,3725.68
C00743,2025-03,44848.78999999999
C00743,2025-04,36471.25
C00743,2025-05,35686.200000000004
C00743,2025-06,3117.32
C00743,2025-07,11008.980000000001
C00743,2025-08,20380.960000000003
C00743,2025-09,2174.82
C00743,2025-10,8605.4
C00743,2025-11,29395.55
C00744,2024-01,2404.83
C00744,2024-02,4208.34
C00744,2024-03,4345.35
C00744,2024-04,5981.32
C00744,2024-06,31336.879999999997
C00744,2024-07,4194.889999999999
C00744,2024-09,6969.870000000001
C00744,2024-10,27776.34
C00744,2024-12,17152.77
C00744,2025-01,9431.51
C00744,2025-03,37119.5
C00744,2025-04,807.86
C00744,2025-05,7287.58
C00744,2025-06,43325.25
C00744,2025-07,24386.239999999998
C00744,2025-08,11386.130000000001
C00744,2025-09,22311.82
C00744,2025-10,17248.22
C00744,2025-11,3937.04
C00744,2025-12,11150.12
C00745,2024-01,15650.79
C00745,2024-02,39148.13
C00745,2024-03,3035.42
C00745,2024-04,18209.17
C00745,2024-05,7259.07
C00745,2024-06,2038.19
C00745,2024-07,13805.650000000001
C00745,2024-08,28232.35
C00745,2024-09,7649.7699999999995
C00745,2024-11,1241.16
C00745,2024-12,5117.0599999999995
C00745,2025-02,4640.31
C00745,2025-03,73969.67
C00745,2025-04,27944.149999999998
C00745,2025-06,9962.539999999999
C00745,2025-08,1682.35
C00745,2025-09,3280.66
C00745,2025-10,40084.59
C00745,2025-11,38923.51
C00745,2025-12,5662.76
C00746,2024-01,79490.2
C00746,2024-02,21140.34
C00746,2024-03,6973.030000000001
C00746,2024-04,48187.66
C00746,2024-05,33954.13
C00746,2024-06,499.53
C00746,2024-07,35835.92
C00746,2024-08,13349.92
C00746,2024-09,48343.39
C00746,2024-12,4112.98
C00746,2025-01,4267.469999999999
C00746,2025-02,3456.8199999999997
C00746,2025-03,21448.89
C00746,2025-04,23826.37
C00746,2025-05,25275.19
C00746,2025-06,50672.270000000004
C00746,2025-07,11850.21
C00746,2025-10,1595.65
C00746,2025-12,10063.95
C00747,2024-01,60374.9
C00747,2024-02,44869.380000000005
C00747,2024-03,599.93
C00747,2024-04,17827.36
C00747,2024-05,17153.78
C00747,2024-06,7386.24
C00747,2024-07,2167.48
C00747,2024-08,7853.66
C00747,2024-09,2631.45
C00747,2024-10,15829.75
C00747,2024-11,12087.24
C00747,2024-12,662.13
C00747,2025-01,9742.43
C00747,2025-02,1488.08
C00747,2025-03,7473.02
C00747,2025-04,2829.0699999999997
C00747,2025-05,9540.45
C00747,2025-06,7905.76
C00747,2025-07,2343.87
C00747,2025-08,5943.799999999999
C00747,2025-09,36984.149999999994
C00747,2025-10,53171.6
C00747,2025-11,2239.75
C00747,2025-12,4244.41
C00748,2024-02,1800.28
C00748,2024-04,43138.35
C00748,2024-05,869.84
C00748,2024-06,2312.82
C00748,2024-08,15006.69
C00748,2024-09,12850.6
C00748,2024-10,397.09
C00748,2024-11,13842.3
C00748,2024-12,1575.31
C00748,2025-01,4187.51
C00748,2025-02,19502.09
C00748,2025-03,2339.59
C00748,2025-04,45701.56
C00748,2025-07,39291.72
C00748,2025-08,89815.70999999999
C00748,2025-09,3305.76
C00748,2025-10,32253.260000000002
C00748,2025-11,14113.13
C00748,2025-12,9844.74
C00749,2024-01,21588.85
C00749,2024-02,2573.48
C00749,2024-04,7207.07
C00749,2024-05,35878.64
C00749,2024-06,7637.81
C00749,2024-07,20428.19
C00749,2024-08,1372.59
C00749,2024-09,28792.5
C00749,2024-12,894.59
C00749,2025-01,4492.03
C00749,2025-02,19290.03
C00749,2025-03,35912.42
C00749,2025-04,1294.96
C00749,2025-05,785.97
C00749,2025-07,1809.31
C00749,2025-08,2485.53
C00749,2025-10,2564.29
C00749,2025-11,5990.75
C00749,2025-12,2219.84
C00750,2024-03,21573.33
C00750,2024-06,4805.17
C00750,2024-07,12911.65
C00750,2024-08,3935.8
C00750,2024-09,2925.3
C00750,2024-10,27266.44
C00750,2024-11,2277.07
C00750,2024-12,6642.49
C00750,2025-01,39874.69
C00750,2025-03,204.76
C00750,2025-04,367.33
C00750,2025-07,6708.08
C00750,2025-09,30119.18
C00750,2025-10,23299.12
C00750,2025-11,6675.8
C00750,2025-12,45980.47
C00751,2024-01,9298.72
C00751,2024-02,26448.03
C00751,2024-04,58124.36
C00751,2024-05,60627.01
C00751,2024-06,3405.85
C00751,2024-07,2519.05
C00751,2024-08,10450.49
C00751,2024-09,3264.19
C00751,2024-11,39103.94
C00751,2025-01,2775.69
C00751,2025-02,27271.57
C00751,2025-03,19287.21
C00751,2025-04,20731.920000000002
C00751,2025-05,15688.86
C00751,2025-06,18310.02
C00751,2025-07,16247.82
C00751,2025-08,2420.72
C00751,2025-09,52122.31
C00751,2025-10,2139.07
C00751,2025-12,48513.68
C00752,2024-01,9306.61
C00752,2024-02,61114.75
C00752,2024-03,14738.640000000001
C00752,2024-04,25394.38
C00752,2024-05,20081.15
C00752,2024-07,11896.19
C00752,2024-09,1648.89
C00752,2024-10,15056.119999999999
C00752,2024-11,12910.82
C00752,2025-01,6362.4
C00752,2025-03,20569.5
C00752,2025-05,7548.04
C00752,2025-06,1275.73
C00752,2025-07,57070.770000000004
C00752,2025-08,1563.16
C00752,2025-09,1907.85
C00752,2025-10,28036.28
C00752,2025-11,9019.06
C00752,2025-12,1519.65
C00753,2024-03,1662.46
C00753,2024-06,6845.91
C00753,2024-08,2413.95
C00753,2024-09,17100.04
C00753,2024-10,1158.03
C00753,2024-11,4818.82
C00753,2024-12,15727.91
C00753,2025-01,455.27
C00753,2025-02,22731.6
C00753,2025-03,1097.37
C00753,2025-04,28211.22
C00753,2025-05,9901.98
C00753,2025-06,462.24
C00753,2025-08,11464.66
C00753,2025-09,7944.7300000000005
C00753,2025-11,15878.81
C00753,2025-12,7376.59
C00754,2024-02,11129.1
C00754,2024-05,40537.18
C00754,2024-06,16234.33
C00754,2024-07,15860.93
C00754,2024-08,44411.009999999995
C00754,2024-09,10211.77
C00754,2024-11,41906.79
C00754,2024-12,54177.06
C00754,2025-01,1911.12
C00754,2025-02,1212.01
C00754,2025-07,21589.38
C00754,2025-09,1755.85
C00754,2025-11,15553.810000000001
C00754,2025-12,2722.76
C00755,2024-01,2020.16
C00755,2024-03,6693.84
C00755,2024-05,941.38
C00755,2024-07,14347.74
C00755,2024-10,15748.76
C00755,2024-11,45952.1
C00755,2024-12,5175.33
C00755,2025-01,23236.18
C00755,2025-02,1055.46
C00755,2025-03,5579.6
C00755,2025-04,8550.38
C00755,2025-05,8437.66
C00755,2025-06,23099.760000000002
C00755,2025-08,68085.77
C00755,2025-09,55584.01
C00755,2025-10,41740.59
C00755,2025-12,3868.1000000000004
C00756,2024-01,26607.2
C00756,2024-03,8067.629999999999
C00756,2024-05,1928.5
C00756,2024-06,13511.1
C00756,2024-07,16468.57
C00756,2024-08,11676.21
C00756,2024-09,11422.07
C00756,2024-10,9793.16
C00756,2024-11,515.94
C00756,2024-12,45402.81
C00756,2025-01,15265.68
C00756,2025-02,37763.5
C00756,2025-03,32477.08
C00756,2025-04,49692.63
C00756,2025-06,983.56
C00756,2025-07,830.3
C00756,2025-08,57968.6
C00756,2025-09,87212.78
C00756,2025-10,34793.3
C00756,2025-11,6648.5
C00756,2025-12,3125.05
C00757,2024-01,1044.97
C00757,2024-02,2735.59
C00757,2024-03,19187.12
C00757,2024-04,2180.55
C00757,2024-06,14619.599999999999
C00757,2024-07,39330.61
C00757,2024-08,30290.879999999997
C00757,2024-09,12673.12
C00757,2024-10,34701.479999999996
C00757,2024-11,22566.48
C00757,2025-01,23347.59
C00757,2025-03,18665.9
C00757,2025-04,3846.9900000000002
C00757,2025-06,28798.94
C00757,2025-07,2695.44
C00757,2025-09,21451.58
C00757,2025-10,4767.29
C00757,2025-11,16183.89
C00757,2025-12,1229.26
C00758,2024-02,32046.13
C00758,2024-03,54455.149999999994
C00758,2024-04,2668.24
C00758,2024-05,12001.990000000002
C00758,2024-06,48706.75
C00758,2024-07,24513.77
C00758,2024-08,385.5
C00758,2024-09,69619.91
C00758,2024-10,11919.0
C00758,2024-11,3153.85
C00758,2024-12,35774.78
C00758,2025-01,1327.17
C00758,2025-03,3715.2000000000003
C00758,2025-04,2962.25
C00758,2025-05,31890.18
C00758,2025-06,31639.059999999998
C00758,2025-07,85649.26999999999
C00758,2025-08,47834.630000000005
C00758,2025-09,2680.82
C00758,2025-10,23086.25
C00758,2025-11,1173.18
C00758,2025-12,20647.97
C00759,2024-01,2477.76
C00759,2024-02,1531.31
C00759,2024-03,5106.360000000001
C00759,2024-05,4729.04
C00759,2024-06,44183.92
C00759,2024-08,38505.43
C00759,2024-09,39970.27
C00759,2024-11,6310.610000000001
C00759,2024-12,10130.61
C00759,2025-01,1500.85
C00759,2025-02,5026.85
C00759,2025-04,664.21
C00759,2025-05,10677.7
C00759,2025-06,2884.4
C00759,2025-07,54943.06
C00759,2025-08,3872.9300000000003
C00759,2025-09,36744.77
C00759,2025-10,10841.59
C00759,2025-11,12257.94
C00759,2025-12,5416.77
C00760,2024-01,2437.74
C00760,2024-02,19748.27
C00760,2024-05,6933.72
C00760,2024-06,35051.18
C00760,2024-07,14638.73
C00760,2024-08,1629.41
C00760,2024-09,57538.42
C00760,2024-10,351.3
C00760,2024-11,33492.67
C00760,2024-12,6788.95
C00760,2025-01,12623.13
C00760,2025-02,394.89
C00760,2025-03,12162.17
C00760,2025-05,410.43
C00760,2025-07,16051.98
C00760,2025-08,2237.6
C00760,2025-09,2182.18
C00760,2025-11,34944.11
C00761,2024-01,14220.08
C00761,2024-04,65411.67999999999
C00761,2024-05,1086.75
C00761,2024-06,824.95
C00761,2024-08,30239.38
C00761,2024-09,12396.93
C00761,2024-10,16079.41
C00761,2024-12,300.42
C00761,2025-01,58971.829999999994
C00761,2025-02,56528.23
C00761,2025-05,12187.72
C00761,2025-06,2314.93
C00761,2025-07,7676.04
C00761,2025-08,49570.25
C00761,2025-09,15649.97
C00761,2025-10,60602.72
C00761,2025-11,9792.679999999998
C00762,2024-01,2514.55
C00762,2024-02,4288.68
C00762,2024-03,6898.14
C00762,2024-04,2497.56
C00762,2024-05,1761.0500000000002
C00762,2024-06,2553.79
C00762,2024-08,2621.0
C00762,2024-11,33643.14
C00762,2025-01,4131.06
C00762,2025-02,43949.55
C00762,2025-03,14712.26
C00762,2025-04,54341.2
C00762,2025-05,4865.9
C00762,2025-07,2502.91
C00762,2025-08,4202.92
C00762,2025-11,10723.599999999999
C00762,2025-12,537.7
C00763,2024-01,1439.54
C00763,2024-03,17479.66
C00763,2024-04,3550.04
C00763,2024-08,31347.06
C00763,2024-09,2054.01
C00763,2024-10,3522.68
C00763,2024-12,49848.22
C00763,2025-01,9120.05
C00763,2025-02,24282.35
C00763,2025-05,29408.86
C00763,2025-06,1769.14
C00763,2025-07,1932.52
C00763,2025-08,14063.48
C00763,2025-09,21474.41
C00763,2025-10,10442.39
C00764,2024-01,21349.0
C00764,2024-02,545.14
C00764,2024-03,5848.639999999999
C00764,2024-04,16025.54
C00764,2024-05,5261.12
C00764,2024-06,5736.85
C00764,2024-07,59903.05
C00764,2024-08,19530.56
C00764,2024-09,10175.95
C00764,2024-10,6696.49
C00764,2024-11,41245.35
C00764,2024-12,2873.53
C00764,2025-02,12187.779999999999
C00764,2025-03,21838.55
C00764,2025-04,13727.5
C00764,2025-06,5959.88
C00764,2025-07,2509.52
C00764,2025-08,1141.11
C00764,2025-09,2107.29
C00764,2025-10,7134.209999999999
C00764,2025-11,6876.56
C00765,2024-01,9121.55
C00765,2024-02,36454.16
C00765,2024-03,5959.98
C00765,2024-04,33062.76
C00765,2024-05,5064.51
C00765,2024-06,63255.600000000006
C00765,2024-07,7780.76
C00765,2024-08,608.74
C00765,2024-09,4656.58
C00765,2024-11,7910.44
C00765,2024-12,15360.880000000001
C00765,2025-01,10441.27
C00765,2025-02,2418.58
C00765,2025-03,4087.6
C00765,2025-06,7981.88
C00765,2025-07,19995.739999999998
C00765,2025-08,1657.47
C00765,2025-10,12252.76
C00765,2025-11,4576.64
C00765,2025-12,3511.5699999999997
C00766,2024-01,11569.6
C00766,2024-03,20726.309999999998
C00766,2024-05,39672.05
C00766,2024-06,16760.9
C00766,2024-07,4125.89
C00766,2024-08,26871.62
C00766,2024-09,536.09
C00766,2024-10,14230.7
C00766,2024-11,13762.79
C00766,2024-12,248.03
C00766,2025-01,7385.48
C00766,2025-03,119762.08
C00766,2025-04,10291.68
C00766,2025-05,2658.05
C00766,2025-06,27728.739999999998
C00766,2025-07,1133.88
C00766,2025-08,24184.11
C00766,2025-09,2485.61
C00766,2025-10,18337.15
C00766,2025-11,14157.87
C00766,2025-12,1773.85
C00767,2024-01,25028.09
C00767,2024-03,39622.22
C00767,2024-04,24324.469999999998
C00767,2024-05,12846.09
C00767,2024-06,30185.19
C00767,2024-07,2005.96
C00767,2024-08,2700.23
C00767,2024-10,3220.92
C00767,2024-11,2089.33
C00767,2024-12,7288.43
C00767,2025-02,9108.57
C00767,2025-03,5363.82
C00767,2025-06,7823.14
C00767,2025-07,36406.670000000006
C00767,2025-08,302.33
C00767,2025-10,71997.33
C00767,2025-12,13852.39
C00768,2024-01,12542.48
C00768,2024-02,4437.7
C00768,2024-05,4614.6900000000005
C00768,2024-06,18437.75
C00768,2024-07,7543.38
C00768,2024-08,23810.27
C00768,2024-09,8233.66
C00768,2024-10,38319.7
C00768,2024-11,14400.72
C00768,2024-12,1630.42
C00768,2025-01,4182.89
C00768,2025-03,19786.16
C00768,2025-04,16212.11
C00768,2025-05,72357.57
C00768,2025-06,682.54
C00768,2025-07,31134.28
C00768,2025-08,40772.08
C00768,2025-09,527.81
C00768,2025-10,5681.37
C00768,2025-11,18118.45
C00768,2025-12,3466.85
C00769,2024-03,6342.82
C00769,2024-04,2388.41
C00769,2024-05,13386.56
C00769,2024-06,1604.36
C00769,2024-07,16466.67
C00769,2024-08,58893.54
C00769,2024-09,4713.23
C00769,2024-10,11337.66
C00769,2025-01,11940.59
C00769,2025-02,10172.04
C00769,2025-03,11064.380000000001
C00769,2025-05,24314.04
C00769,2025-07,37815.42
C00769,2025-08,1607.76
C00769,2025-11,1866.4
C00769,2025-12,10326.150000000001
C00770,2024-01,16505.47
C00770,2024-02,3300.0699999999997
C00770,2024-03,2116.64
C00770,2024-04,2060.63
C00770,2024-05,1415.77
C00770,2024-06,2960.16
C00770,2024-07,3209.15
C00770,2024-08,3046.22
C00770,2024-09,12933.73
C00770,2024-11,12636.54
C00770,2024-12,16503.36
C00770,2025-02,716.24
C00770,2025-03,2112.26
C00770,2025-04,37117.869999999995
C00770,2025-05,25631.590000000004
C00770,2025-09,834.57
C00770,2025-10,715.21
C00770,2025-11,15792.01
C00771,2024-03,2917.35
C00771,2024-04,3058.79
C00771,2024-05,336.25
C00771,2024-08,1001.16
C00771,2024-09,3474.66
C00771,2024-10,1661.48
C00771,2025-03,56035.04
C00771,2025-04,50415.64
C00771,2025-05,2319.92
C00771,2025-07,59565.1
C00771,2025-08,6241.73
C00771,2025-09,6060.339999999999
C00771,2025-11,28738.07
C00772,2024-01,84179.39
C00772,2024-02,33461.21
C00772,2024-03,3453.45
C00772,2024-04,3602.74
C00772,2024-05,1504.59
C00772,2024-07,15914.6
C00772,2024-09,18981.59
C00772,2024-10,789.88
C00772,2024-11,2848.44
C00772,2025-01,1117.63
C00772,2025-02,42939.03
C00772,2025-03,2740.41
C00772,2025-04,1559.21
C00772,2025-05,8297.24
C00772,2025-06,4020.84
C00772,2025-07,22929.53
C00772,2025-09,30675.5
C00772,2025-10,21860.07
C00773,2024-01,4217.27
C00773,2024-02,12516.79
C00773,2024-03,36268.45
C00773,2024-05,26690.93
C00773,2024-07,3589.74
C00773,2024-08,41091.38
C00773,2024-09,4164.81
C00773,2024-10,4748.7
C00773,2024-12,50091.08
C00773,2025-01,34459.22
C00773,2025-02,4301.3
C00773,2025-03,533.72
C00773,2025-04,2819.25
C00773,2025-06,9259.4
C00773,2025-09,1480.33
C00773,2025-10,481.53
C00773,2025-11,3887.77
C00773,2025-12,541.52
C00774,2024-03,12694.92
C00774,2024-04,3578.2999999999997
C00774,2024-06,5522.37
C00774,2024-08,59608.579999999994
C00774,2024-09,37444.32
C00774,2024-10,3852.01
C00774,2024-11,5869.219999999999
C00774,2025-01,10316.060000000001
C00774,2025-02,12543.57
C00774,2025-03,307.46
C00774,2025-04,30910.440000000002
C00774,2025-06,2778.19
C00774,2025-07,3278.43
C00774,2025-08,2749.13
C00774,2025-09,8419.82
C00774,2025-10,9270.8
C00774,2025-11,3191.73
C00774,2025-12,17515.3
C00775,2024-01,36910.41
C00775,2024-02,5046.76
C00775,2024-03,2006.52
C00775,2024-04,7892.549999999999
C00775,2024-06,757.02
C00775,2024-08,11089.37
C00775,2024-09,25090.91
C00775,2024-11,15691.599999999999
C00775,2024-12,5937.63
C00775,2025-01,10564.51
C00775,2025-05,10039.12
C00775,2025-06,13528.51
C00775,2025-07,1325.38
C00775,2025-08,31415.33
C00775,2025-09,1564.08
C00775,2025-11,500.93
C00775,2025-12,4988.82
C00776,2024-01,31742.55
C00776,2024-02,17281.73
C00776,2024-04,47328.62
C00776,2024-05,1533.5
C00776,2024-06,7448.049999999999
C00776,2024-07,35019.01
C00776,2024-08,6784.99
C00776,2024-09,94412.22
C00776,2024-11,4979.1
C00776,2025-01,2583.14
C00776,2025-02,835.5
C00776,2025-03,67963.33
C00776,2025-05,654.22
C00776,2025-06,6386.15
C00776,2025-07,48747.59
C00776,2025-08,14251.14
C00776,2025-09,9264.58
C00776,2025-10,73653.8
C00776,2025-11,2093.71
C00776,2025-12,11319.93
C00777,2024-01,5483.83
C00777,2024-02,2654.51
C00777,2024-04,5170.99
C00777,2024-05,17784.66
C00777,2024-06,1847.22
C00777,2024-07,5282.8
C00777,2024-08,9019.02
C00777,2024-09,31313.39
C00777,2024-10,691.13
C00777,2024-11,19464.83
C00777,2024-12,14374.41
C00777,2025-01,7737.12
C00777,2025-02,687.95
C00777,2025-03,21570.6
C00777,2025-04,5387.5
C00777,2025-05,3374.85
C00777,2025-06,1575.09
C00777,2025-07,25187.0
C00777,2025-08,1163.02
C00777,2025-09,31159.23
C00777,2025-10,16178.58
C00777,2025-11,6758.9
C00777,2025-12,14105.57
C00778,2024-01,25578.98
C00778,2024-02,1852.2
C00778,2024-03,29707.79
C00778,2024-06,3073.89
C00778,2024-07,2380.44
C00778,2024-08,38556.23
C00778,2024-09,1087.51
C00778,2024-10,2937.06
C00778,2024-11,19931.43
C00778,2025-02,83161.20999999999
C00778,2025-03,610.48
C00778,2025-04,27474.93
C00778,2025-05,16790.97
C00778,2025-06,2514.15
C00778,2025-07,2837.9800000000005
C00778,2025-08,17797.449999999997
C00778,2025-10,8931.33
C00779,2024-01,1240.87
C00779,2024-02,737.84
C00779,2024-03,30712.94
C00779,2024-04,10267.039999999999
C00779,2024-05,2306.58
C00779,2024-08,15760.25
C00779,2024-09,33689.5
C00779,2024-10,7558.13
C00779,2024-11,8810.65
C00779,2025-01,584.96
C00779,2025-02,6132.8099999999995
C00779,2025-03,38216.58
C00779,2025-05,573.38
C00779,2025-06,36101.15
C00779,2025-08,748.75
C00779,2025-10,9875.54
C00779,2025-11,31640.73
C00779,2025-12,8757.41
C00780,2024-01,4505.09
C00780,2024-02,22016.96
C00780,2024-03,15809.1
C00780,2024-06,35967.87
C00780,2024-07,13001.9
C00780,2024-08,1623.84
C00780,2024-10,466.81
C00780,2024-12,72417.78
C00780,2025-01,8558.11
C00780,2025-02,14361.6
C00780,2025-03,17477.949999999997
C00780,2025-04,3525.79
C00780,2025-06,5429.14
C00780,2025-07,1392.1
C00780,2025-08,2349.75
C00780,2025-09,2231.62
C00780,2025-10,1717.38
C00780,2025-11,22005.61
C00780,2025-12,19059.45
C00781,2024-01,24718.4
C00781,2024-02,11463.8
C00781,2024-03,1907.01
C00781,2024-04,12175.8
C00781,2024-09,6560.92
C00781,2024-10,17660.7
C00781,2024-11,7452.58
C00781,2024-12,15563.119999999999
C00781,2025-01,19162.32
C00781,2025-02,41865.76
C00781,2025-03,14238.58
C00781,2025-06,63246.04
C00781,2025-07,26627.35
C00781,2025-09,61932.06
C00781,2025-10,45344.63
C00781,2025-11,3332.15
C00781,2025-12,40978.04
C00782,2024-01,2578.1
C00782,2024-02,4771.33
C00782,2024-03,35014.979999999996
C00782,2024-04,592.23
C00782,2024-05,25020.83
C00782,2024-07,5084.62
C00782,2024-08,3037.0699999999997
C00782,2024-09,5105.55
C00782,2024-10,39193.25
C00782,2024-11,1998.0
C00782,2025-01,41704.39
C00782,2025-02,32037.57
C00782,2025-03,7100.37
C00782,2025-04,2416.59
C00782,2025-05,22165.47
C00782,2025-06,3868.67
C00782,2025-07,8770.6
C00782,2025-08,6330.12
C00782,2025-09,22714.530000000002
C00782,2025-10,12554.53
C00782,2025-11,4594.43
C00783,2024-01,2008.2
C00783,2024-04,26521.059999999998
C00783,2024-06,39103.07
C00783,2024-07,1978.79
C00783,2024-08,18362.61
C00783,2024-09,12470.44
C00783,2024-10,12109.15
C00783,2024-11,8944.49
C00783,2024-12,69141.47
C00783,2025-01,1749.28
C00783,2025-02,14275.61
C00783,2025-03,2200.47
C00783,2025-04,8726.15
C00783,2025-06,37105.63
C00783,2025-09,42811.6
C00783,2025-11,14674.9
C00783,2025-12,1936.09
C00784,2024-01,9998.8
C00784,2024-02,6272.94
C00784,2024-03,59557.39
C00784,2024-04,2484.14
C00784,2024-05,8983.19
C00784,2024-06,89259.13
C00784,2024-07,15553.7
C00784,2024-09,3766.94
C00784,2025-02,9965.22
C00784,2025-05,16035.900000000001
C00784,2025-06,1588.67
C00784,2025-07,9686.3
C00784,2025-08,14204.85
C00784,2025-09,2064.12
C00784,2025-10,4757.8
C00784,2025-11,8918.16
C00784,2025-12,26406.82
C00785,2024-01,70646.07
C00785,2024-02,8739.77
C00785,2024-03,5560.43
C00785,2024-05,8809.49
C00785,2024-06,6774.1
C00785,2024-07,22878.06
C00785,2024-08,16903.15
C00785,2024-09,1451.67
C00785,2024-10,3674.34
C00785,2024-11,19193.989999999998
C00785,2024-12,28273.18
C00785,2025-02,1102.85
C00785,2025-05,6319.66
C00785,2025-06,10166.89
C00785,2025-07,612.24
C00785,2025-08,2467.71
C00785,2025-09,1359.62
C00785,2025-10,18860.65
C00785,2025-11,4088.64
C00785,2025-12,1488.47
C00786,2024-01,5964.0
C00786,2024-02,14494.46
C00786,2024-03,3529.59
C00786,2024-05,1033.93
C00786,2024-06,8000.29
C00786,2024-07,7316.38
C00786,2024-10,52156.240000000005
C00786,2024-11,14987.82
C00786,2024-12,598.55
C00786,2025-01,1636.57
C00786,2025-03,11634.22
C00786,2025-04,12711.75
C00786,2025-05,3687.5600000000004
C00786,2025-06,26875.870000000003
C00786,2025-07,39469.12
C00786,2025-08,3256.76
C00786,2025-10,2168.84
C00786,2025-11,17483.96
C00786,2025-12,19219.52
C00787,2024-01,34428.92
C00787,2024-03,49253.63
C00787,2024-04,31553.41
C00787,2024-05,1316.44
C00787,2024-07,1412.63
C00787,2024-09,7487.77
C00787,2024-10,3230.53
C00787,2024-12,44963.77
C00787,2025-01,54208.46000000001
C00787,2025-05,16457.43
C00787,2025-07,3401.0600000000004
C00787,2025-08,22448.18
C00787,2025-10,2736.26
C00787,2025-11,6295.95
C00788,2024-01,42528.43
C00788,2024-02,18501.54
C00788,2024-03,2789.46
C00788,2024-04,950.67
C00788,2024-05,15079.75
C00788,2024-06,2292.65
C00788,2024-07,6699.7
C00788,2024-09,967.42
C00788,2024-10,5242.84
C00788,2024-11,18616.97
C00788,2024-12,18396.27
C00788,2025-01,7946.89
C00788,2025-02,10813.42
C00788,2025-03,29635.18
C00788,2025-05,9092.939999999999
C00788,2025-07,1178.84
C00788,2025-08,19871.62
C00788,2025-09,33644.24
C00788,2025-10,1192.22
C00788,2025-11,10202.82
C00788,2025-12,1061.55
C00789,2024-01,10972.64
C00789,2024-02,36135.6
C00789,2024-03,2700.0
C00789,2024-04,9610.45
C00789,2024-06,8217.12
C00789,2024-07,306.44
C00789,2024-08,1044.23
C00789,2024-09,12776.43
C00789,2024-10,101190.25
C00789,2024-11,15638.5
C00789,2024-12,21098.72
C00789,2025-01,17869.14
C00789,2025-03,23835.550000000003
C00789,2025-04,6076.08
C00789,2025-05,21464.53
C00789,2025-06,1697.71
C00789,2025-07,2028.47
C00789,2025-09,7090.5599999999995
C00789,2025-10,2232.71
C00789,2025-11,11565.42
C00789,2025-12,3753.45
C00790,2024-02,7813.99
C00790,2024-07,903.94
C00790,2024-08,11100.36
C00790,2024-09,3714.93
C00790,2024-10,6530.01
C00790,2024-11,32368.99
C00790,2024-12,56683.39
C00790,2025-01,19112.02
C00790,2025-02,30355.27
C00790,2025-03,16761.58
C00790,2025-04,65127.130000000005
C00790,2025-05,17413.21
C00790,2025-06,4424.78
C00790,2025-07,34665.0
C00790,2025-08,1230.8799999999999
C00790,2025-09,3889.24
C00790,2025-11,911.5
C00791,2024-01,11017.52
C00791,2024-02,30807.88
C00791,2024-04,7607.82
C00791,2024-05,57029.85
C00791,2024-07,18380.879999999997
C00791,2024-08,2446.7
C00791,2024-09,1099.81
C00791,2024-10,4741.92
C00791,2024-11,12059.32
C00791,2024-12,21126.72
C00791,2025-01,26184.940000000002
C00791,2025-02,740.16
C00791,2025-03,11230.77
C00791,2025-04,1592.93
C00791,2025-05,78689.66
C00791,2025-06,27891.52
C00791,2025-07,20355.14
C00791,2025-09,50199.479999999996
C00791,2025-10,4263.13
C00791,2025-11,3878.9799999999996
C00791,2025-12,24963.48
C00792,2024-01,32192.86
C00792,2024-02,3338.61
C00792,2024-04,2403.82
C00792,2024-05,759.95
C00792,2024-06,13827.84
C00792,2024-09,26917.12
C00792,2024-11,62219.159999999996
C00792,2024-12,27353.07
C00792,2025-01,48044.51
C00792,2025-03,16764.66
C00792,2025-04,7869.369999999999
C00792,2025-05,13145.27
C00792,2025-06,7833.92
C00792,2025-07,2009.04
C00792,2025-08,774.06
C00792,2025-09,956.07
C00792,2025-10,6897.610000000001
C00792,2025-11,1999.82
C00792,2025-12,14456.32
C00793,2024-01,5607.37
C00793,2024-03,40230.01
C00793,2024-05,5411.85
C00793,2024-06,12218.16
C00793,2024-07,4946.870000000001
C00793,2024-08,2954.36
C00793,2024-09,3051.7
C00793,2024-10,1157.21
C00793,2024-11,29988.67
C00793,2024-12,58315.69
C00793,2025-02,28072.94
C00793,2025-03,40047.37
C00793,2025-04,86962.5
C00793,2025-06,5908.31
C00793,2025-07,2642.83
C00793,2025-09,28080.55
C00793,2025-10,12997.63
C00793,2025-11,3502.33
C00793,2025-12,3966.04
C00794,2024-01,856.37
C00794,2024-03,6965.48
C00794,2024-04,48162.55
C00794,2024-05,59634.869999999995
C00794,2024-06,18194.42
C00794,2024-08,44501.17999999999
C00794,2024-09,2660.92
C00794,2024-10,25957.210000000003
C00794,2024-11,1433.87
C00794,2024-12,6504.8
C00794,2025-01,1262.8
C00794,2025-02,977.29
C00794,2025-03,35930.020000000004
C00794,2025-04,77245.04
C00794,2025-05,3308.3
C00794,2025-07,43002.54
C00794,2025-08,11354.35
C00794,2025-09,1061.31
C00794,2025-11,3233.32
C00795,2024-02,4450.95
C00795,2024-03,2127.1
C00795,2024-04,894.29
C00795,2024-05,2415.66
C00795,2024-06,1021.58
C00795,2024-07,13956.36
C00795,2024-08,33735.38
C00795,2024-10,794.01
C00795,2024-11,17033.85
C00795,2025-01,59731.93
C00795,2025-04,12103.33
C00795,2025-05,43431.189999999995
C00795,2025-06,2797.75
C00795,2025-07,676.66
C00795,2025-09,9586.48
C00795,2025-11,549.33
C00796,2024-01,7351.49
C00796,2024-02,96666.34
C00796,2024-03,2835.93
C00796,2024-04,7535.01
C00796,2024-05,42690.18
C00796,2024-06,8141.55
C00796,2024-08,15231.04
C00796,2024-09,58512.46000000001
C00796,2024-10,3402.25
C00796,2024-11,6263.63
C00796,2024-12,18444.35
C00796,2025-02,7376.9800000000005
C00796,2025-03,54469.46
C00796,2025-05,14080.07
C00796,2025-06,75869.29
C00796,2025-07,1225.59
C00796,2025-08,2016.69
C00796,2025-09,38255.25
C00796,2025-12,986.54
C00797,2024-01,18689.25
C00797,2024-02,1262.16
C00797,2024-03,632.56
C00797,2024-04,3154.71
C00797,2024-05,70397.75
C00797,2024-06,61162.01
C00797,2024-07,1376.37
C00797,2024-08,15489.18
C00797,2024-09,3322.55
C00797,2024-10,16069.42
C00797,2024-12,11637.07
C00797,2025-01,6681.19
C00797,2025-03,56993.55
C00797,2025-04,2203.9
C00797,2025-05,51973.979999999996
C00797,2025-06,14877.09
C00797,2025-08,16702.510000000002
C00797,2025-09,10689.119999999999
C00797,2025-10,856.72
C00797,2025-12,17226.739999999998
C00798,2024-01,21322.690000000002
C00798,2024-02,59914.61
C00798,2024-04,9211.36
C00798,2024-05,2301.05
C00798,2024-06,29596.38
C00798,2024-07,4046.73
C00798,2024-08,15095.880000000001
C00798,2024-09,1064.46
C00798,2024-11,6546.66
C00798,2024-12,18273.2
C00798,2025-01,69368.41
C00798,2025-03,526.8
C00798,2025-04,12303.69
C00798,2025-05,1284.53
C00798,2025-06,1223.91
C00798,2025-07,32244.089999999997
C00798,2025-08,8868.82
C00798,2025-10,18853.81
C00798,2025-11,803.29
C00798,2025-12,13087.78
C00799,2024-02,2491.41
C00799,2024-03,5026.44
C00799,2024-04,24756.62
C00799,2024-05,5140.16
C00799,2024-06,3490.62
C00799,2024-07,17964.19
C00799,2024-08,9559.07
C00799,2024-09,4851.9
C00799,2024-10,36428.2
C00799,2024-12,56580.0
C00799,2025-02,65977.15
C00799,2025-03,7850.15
C00799,2025-04,18788.18
C00799,2025-05,21481.46
C00799,2025-06,7561.55
C00799,2025-07,6902.96
C00799,2025-08,13812.97
C00799,2025-09,1327.86
C00799,2025-10,3832.59
C00799,2025-11,17856.51
C00799,2025-12,33172.9
C00800,2024-01,7657.89
C00800,2024-02,23901.75
C00800,2024-03,11597.48
C00800,2024-04,6798.96
C00800,2024-05,19709.52
C00800,2024-06,70141.48
C00800,2024-08,1181.67
C00800,2024-09,19757.32
C00800,2024-10,2337.75
C00800,2024-11,28043.01
C00800,2024-12,45890.01
C00800,2025-01,1140.31
C00800,2025-02,5130.4
C00800,2025-03,1346.99
C00800,2025-04,19887.74
C00800,2025-06,32416.010000000002
C00800,2025-08,57348.68
C00800,2025-10,18071.6
C00801,2024-01,13052.81
C00801,2024-04,337.7
C00801,2024-05,26890.21
C00801,2024-06,1484.89
C00801,2024-08,3665.71
C00801,2024-09,4994.45
C00801,2024-10,10625.099999999999
C00801,2024-11,29254.61
C00801,2024-12,3495.93
C00801,2025-01,2917.68
C00801,2025-02,15116.98
C00801,2025-05,23943.86
C00801,2025-06,1012.56
C00801,2025-07,4678.2
C00801,2025-08,34463.47
C00801,2025-11,14290.78
C00802,2024-02,13922.93
C00802,2024-04,5198.52
C00802,2024-05,14173.28
C00802,2024-07,6049.75
C00802,2024-08,17301.44
C00802,2024-09,3548.17
C00802,2024-11,9436.61
C00802,2025-01,33444.15
C00802,2025-07,2659.6
C00802,2025-08,14341.26
C00802,2025-09,19430.5
C00802,2025-10,674.86
C00802,2025-11,33558.62
C00803,2024-02,66429.53
C00803,2024-03,3294.84
C00803,2024-04,19741.210000000003
C00803,2024-05,39986.2
C00803,2024-06,55181.68
C00803,2024-08,4490.58
C00803,2024-09,26198.85
C00803,2024-10,70157.42
C00803,2024-11,5570.97
C00803,2024-12,7509.39
C00803,2025-01,2686.63
C00803,2025-02,8980.18
C00803,2025-04,3356.92
C00803,2025-05,35125.04
C00803,2025-06,8769.91
C00803,2025-07,34270.740000000005
C00803,2025-08,5545.32
C00803,2025-09,36088.59
C00803,2025-10,18274.2
C00803,2025-11,12068.47
C00804,2024-02,30910.47
C00804,2024-03,5621.64
C00804,2024-04,16157.61
C00804,2024-05,21387.02
C00804,2024-06,18952.14
C00804,2024-07,13408.17
C00804,2024-08,8419.34
C00804,2024-09,19379.89
C00804,2024-11,15760.64
C00804,2024-12,11486.93
C00804,2025-01,18406.82
C00804,2025-02,1946.41
C00804,2025-03,1747.01
C00804,2025-04,45861.03
C00804,2025-05,7135.11
C00804,2025-06,2408.64
C00804,2025-07,39803.15
C00804,2025-08,15852.220000000001
C00804,2025-09,92674.42
C00804,2025-10,22066.94
C00804,2025-11,5850.82
C00804,2025-12,20340.190000000002
C00805,2024-01,35553.45
C00805,2024-02,8620.25
C00805,2024-03,2682.34
C00805,2024-04,4260.87
C00805,2024-05,7599.4
C00805,2024-06,30228.69
C00805,2024-07,16424.14
C00805,2024-08,16277.65
C00805,2024-09,5664.34
C00805,2024-10,8372.49
C00805,2024-11,7732.43
C00805,2024-12,10140.92
C00805,2025-01,3257.06
C00805,2025-02,4865.88
C00805,2025-03,8204.5
C00805,2025-04,15060.87
C00805,2025-05,2994.7799999999997
C00805,2025-06,27250.760000000002
C00805,2025-07,13657.119999999999
C00805,2025-08,4812.08
C00805,2025-10,39262.15
C00806,2024-01,902.1
C00806,2024-02,5824.6
C00806,2024-06,675.92
C00806,2024-07,3693.57
C00806,2024-08,22686.989999999998
C00806,2024-09,30895.09
C00806,2024-10,7936.78
C00806,2024-11,48413.68
C00806,2025-01,7384.35
C00806,2025-02,2764.26
C00806,2025-04,6852.5
C00806,2025-05,3540.9799999999996
C00806,2025-06,1273.33
C00806,2025-07,2242.17
C00806,2025-08,28428.620000000003
C00806,2025-09,8890.33
C00806,2025-12,36332.71
C00807,2024-03,32835.2
C00807,2024-04,740.32
C00807,2024-05,27097.97
C00807,2024-06,29326.41
C00807,2024-07,249.61
C00807,2024-09,50417.2
C00807,2024-10,16684.28
C00807,2024-11,14832.76
C00807,2024-12,3487.6
C00807,2025-01,20619.370000000003
C00807,2025-02,43615.21
C00807,2025-04,2868.29
C00807,2025-05,2437.14
C00807,2025-06,3754.0200000000004
C00807,2025-08,5732.34
C00807,2025-10,2850.74
C00807,2025-11,2964.25
C00807,2025-12,1149.41
C00808,2024-01,12128.9
C00808,2024-02,87541.65000000001
C00808,2024-03,42424.71000000001
C00808,2024-04,1673.19
C00808,2024-05,14227.02
C00808,2024-06,3419.9799999999996
C00808,2024-07,801.0
C00808,2024-08,5172.45
C00808,2024-09,52023.200000000004
C00808,2024-10,2341.99
C00808,2024-11,29155.61
C00808,2024-12,19910.879999999997
C00808,2025-01,3924.08
C00808,2025-02,9433.85
C00808,2025-03,43306.75
C00808,2025-04,6179.79
C00808,2025-05,35061.24
C00808,2025-06,2101.18
C00808,2025-07,48765.17
C00808,2025-09,19904.54
C00808,2025-10,18186.55
C00808,2025-11,1113.75
C00808,2025-12,21502.26
C00809,2024-01,42809.159999999996
C00809,2024-03,18858.61
C00809,2024-04,22213.08
C00809,2024-05,10629.86
C00809,2024-06,9013.87
C00809,2024-07,4975.23
C00809,2024-08,12101.3
C00809,2024-09,25563.49
C00809,2025-01,3120.26
C00809,2025-02,11299.68
C00809,2025-04,520.59
C00809,2025-05,5000.86
C00809,2025-06,13398.58
C00809,2025-08,40363.44
C00809,2025-09,16152.32
C00809,2025-10,26135.25
C00809,2025-11,26509.73
C00809,2025-12,16125.42
C00810,2024-02,9131.689999999999
C00810,2024-03,14589.85
C00810,2024-04,2552.15
C00810,2024-05,1922.25
C00810,2024-06,657.89
C00810,2024-07,27137.340000000004
C00810,2024-09,14460.01
C00810,2024-10,78667.2
C00810,2024-11,3308.98
C00810,2024-12,1209.87
C00810,2025-01,33447.4
C00810,2025-03,1880.38
C00810,2025-04,2294.99
C00810,2025-06,47783.7
C00810,2025-07,14854.26
C00810,2025-08,11315.29
C00810,2025-09,2312.18
C00810,2025-12,8734.1
C00811,2024-01,1012.55
C00811,2024-02,12682.240000000002
C00811,2024-03,38574.54
C00811,2024-04,20281.53
C00811,2024-06,58074.02
C00811,2024-08,14005.09
C00811,2024-09,20321.86
C00811,2025-02,23616.5
C00811,2025-03,3086.2799999999997
C00811,2025-04,4002.0600000000004
C00811,2025-06,9888.49
C00811,2025-07,12900.32
C00811,2025-08,45517.38
C00811,2025-10,16266.339999999998
C00811,2025-11,76158.87
C00811,2025-12,18742.239999999998
C00812,2024-01,3836.1400000000003
C00812,2024-02,7153.87
C00812,2024-03,16487.37
C00812,2024-04,3902.75
C00812,2024-05,15686.34
C00812,2024-06,47555.74
C00812,2024-07,7519.09
C00812,2024-08,14020.34
C00812,2024-09,56521.329999999994
C00812,2024-10,11502.880000000001
C00812,2024-12,3135.06
C00812,2025-02,13742.199999999999
C00812,2025-03,39177.85999999999
C00812,2025-04,10476.26
C00812,2025-05,49215.8
C00812,2025-06,13466.38
C00812,2025-07,4612.21
C00812,2025-08,4441.349999999999
C00812,2025-10,98210.98
C00812,2025-12,6790.49
C00813,2024-01,993.29
C00813,2024-03,11601.68
C00813,2024-05,1407.82
C00813,2024-06,8979.96
C00813,2024-07,28610.92
C00813,2024-08,54344.33
C00813,2024-09,35755.17
C00813,2024-10,2562.34
C00813,2024-11,10968.25
C00813,2024-12,12306.07
C00813,2025-01,282.33
C00813,2025-02,31469.36
C00813,2025-04,4436.01
C00813,2025-05,31762.42
C00813,2025-06,31920.82
C00813,2025-07,732.06
C00813,2025-08,14458.91
C00813,2025-09,47479.380000000005
C00813,2025-10,1303.28
C00813,2025-11,315.1
C00814,2024-02,38208.85
C00814,2024-04,93186.53
C00814,2024-05,10060.19
C00814,2024-06,11187.9
C00814,2024-07,3149.6899999999996
C00814,2024-08,6202.32
C00814,2024-09,6641.73
C00814,2024-10,980.51
C00814,2024-11,691.45
C00814,2025-01,113402.43
C00814,2025-02,7843.91
C00814,2025-03,1505.92
C00814,2025-05,21555.2
C00814,2025-06,6291.700000000001
C00814,2025-07,17598.79
C00814,2025-08,35875.74
C00814,2025-09,8604.47
C00814,2025-10,997.57
C00815,2024-01,16293.740000000002
C00815,2024-02,2093.2799999999997
C00815,2024-03,14871.53
C00815,2024-04,13807.44
C00815,2024-05,20381.99
C00815,2024-06,3240.9500000000003
C00815,2024-07,7076.25
C00815,2024-08,41669.020000000004
C00815,2024-09,17696.3
C00815,2024-10,270.33
C00815,2024-11,3881.76
C00815,2025-01,26077.170000000002
C00815,2025-02,18759.64
C00815,2025-03,4376.42
C00815,2025-05,744.52
C00815,2025-06,42392.44
C00815,2025-07,46020.979999999996
C00815,2025-08,2204.89
C00815,2025-09,17544.14
C00815,2025-10,11101.970000000001
C00816,2024-01,78169.25
C00816,2024-03,45865.78
C00816,2024-04,13612.08
C00816,2024-05,1874.44
C00816,2024-06,64377.75
C00816,2024-07,3159.54
C00816,2024-08,2764.7200000000003
C00816,2024-10,50395.76
C00816,2024-12,34374.68
C00816,2025-01,9034.39
C00816,2025-02,43695.380000000005
C00816,2025-03,2792.06
C00816,2025-04,18837.89
C00816,2025-05,9230.35
C00816,2025-07,4997.99
C00816,2025-08,6815.299999999999
C00816,2025-11,52117.87
C00817,2024-02,11338.85
C00817,2024-03,3692.33
C00817,2024-04,1446.14
C00817,2024-05,13284.99
C00817,2024-06,2986.81
C00817,2024-07,2545.9
C00817,2024-08,40100.96
C00817,2024-09,10713.12
C00817,2024-10,16201.83
C00817,2024-12,2282.41
C00817,2025-02,54944.28
C00817,2025-03,16773.43
C00817,2025-04,15461.95
C00817,2025-05,7104.39
C00817,2025-07,12993.76
C00817,2025-09,13257.38
C00817,2025-10,24029.49
C00817,2025-11,15960.68
C00817,2025-12,1030.15
C00818,2024-03,60509.78
C00818,2024-05,10397.349999999999
C00818,2024-07,1134.57
C00818,2024-09,52968.46
C00818,2024-10,17743.190000000002
C00818,2024-11,2842.59
C00818,2024-12,2202.89
C00818,2025-01,54148.1
C00818,2025-02,27533.75
C00818,2025-05,36635.43
C00818,2025-06,29091.510000000002
C00818,2025-09,5075.76
C00818,2025-10,13382.730000000001
C00818,2025-11,60747.64
C00818,2025-12,1815.6
C00819,2024-01,31459.32
C00819,2024-02,1497.71
C00819,2024-03,23782.47
C00819,2024-04,6227.58
C00819,2024-05,3921.15
C00819,2024-08,40997.22
C00819,2024-10,37976.92
C00819,2024-11,10224.75
C00819,2024-12,80697.57
C00819,2025-01,41298.73
C00819,2025-02,5954.97
C00819,2025-03,6524.33
C00819,2025-04,5350.76
C00819,2025-05,59329.61
C00819,2025-06,929.4
C00819,2025-07,14861.689999999999
C00819,2025-08,3753.98
C00819,2025-10,636.88
C00819,2025-12,9481.0
C00820,2024-01,65993.06
C00820,2024-02,3213.0
C00820,2024-05,58907.52
C00820,2024-06,17870.96
C00820,2024-07,2171.98
C00820,2024-10,7029.39
C00820,2024-11,496.56
C00820,2024-12,6892.73
C00820,2025-01,1503.02
C00820,2025-04,21757.69
C00820,2025-06,1695.77
C00820,2025-07,10897.36
C00820,2025-08,9826.49
C00820,2025-09,11693.380000000001
C00820,2025-10,5613.89
C00820,2025-11,15855.570000000002
C00820,2025-12,79192.3
C00821,2024-01,1594.34
C00821,2024-02,19593.82
C00821,2024-03,13490.02
C00821,2024-05,12917.119999999999
C00821,2024-06,12575.86
C00821,2024-07,45668.81
C00821,2024-08,46006.58
C00821,2024-09,9939.56
C00821,2024-10,3164.57
C00821,2024-11,46010.4
C00821,2024-12,8939.140000000001
C00821,2025-01,56060.46
C00821,2025-02,45562.08
C00821,2025-04,10088.31
C00821,2025-05,10370.95
C00821,2025-06,25184.41
C00821,2025-07,17218.43
C00821,2025-09,8310.939999999999
C00821,2025-11,70746.8
C00821,2025-12,3641.67
C00822,2024-03,1493.85
C00822,2024-04,40742.49
C00822,2024-05,19235.23
C00822,2024-06,74888.51
C00822,2024-09,8829.85
C00822,2024-10,36809.29
C00822,2024-11,14862.19
C00822,2024-12,6160.88
C00822,2025-01,3561.75
C00822,2025-02,2982.82
C00822,2025-03,2203.65
C00822,2025-05,390.2
C00822,2025-07,3761.83
C00822,2025-08,1281.27
C00822,2025-09,5083.08
C00822,2025-10,40686.740000000005
C00822,2025-11,14436.08
C00822,2025-12,1379.14
C00823,2024-01,48251.47
C00823,2024-04,8657.619999999999
C00823,2024-05,8159.1
C00823,2024-07,6765.51
C00823,2024-08,33413.38
C00823,2024-09,4905.15
C00823,2024-10,3049.32
C00823,2024-11,2508.42
C00823,2024-12,86554.88
C00823,2025-01,34853.45
C00823,2025-02,24119.32
C00823,2025-03,7527.599999999999
C00823,2025-04,2004.46
C00823,2025-05,35318.979999999996
C00823,2025-06,44415.86
C00823,2025-09,1929.34
C00823,2025-10,2279.3
C00823,2025-11,2053.81
C00823,2025-12,2764.51
C00824,2024-01,659.37
C00824,2024-03,7823.86
C00824,2024-05,6311.88
C00824,2024-06,20260.15
C00824,2024-07,1756.3600000000001
C00824,2024-08,11584.79
C00824,2024-09,2743.36
C00824,2024-11,26188.26
C00824,2024-12,3111.96
C00824,2025-01,25621.5
C00824,2025-02,19555.56
C00824,2025-03,12278.82
C00824,2025-05,8481.68
C00824,2025-06,2104.67
C00824,2025-07,2709.31
C00824,2025-08,2276.42
C00824,2025-09,16857.16
C00824,2025-10,15798.939999999999
C00824,2025-11,2867.36
C00825,2024-03,13352.36
C00825,2024-04,17443.69
C00825,2024-06,5414.21
C00825,2024-07,16931.77
C00825,2024-08,1187.15
C00825,2024-09,1369.21
C00825,2024-10,537.92
C00825,2024-11,54841.67
C00825,2024-12,7682.24
C00825,2025-01,16088.61
C00825,2025-02,31600.920000000002
C00825,2025-03,443.68
C00825,2025-04,28267.68
C00825,2025-05,28684.06
C00825,2025-06,37722.68
C00825,2025-07,6365.31
C00825,2025-08,7340.96
C00825,2025-09,37187.36
C00825,2025-10,7699.1
C00825,2025-11,38893.7
C00825,2025-12,1975.89
C00826,2024-03,54825.12
C00826,2024-07,8663.19
C00826,2024-08,20120.52
C00826,2024-09,47463.99
C00826,2024-10,29271.54
C00826,2024-11,13551.59
C00826,2024-12,17889.46
C00826,2025-01,62794.54
C00826,2025-03,78452.31
C00826,2025-04,7719.71
C00826,2025-05,24450.4
C00826,2025-06,6967.29
C00826,2025-07,9294.2
C00826,2025-08,41952.64
C00826,2025-09,2779.81
C00826,2025-11,2713.13
C00826,2025-12,26462.78
C00827,2024-01,67307.68
C00827,2024-02,4601.83
C00827,2024-03,2613.07
C00827,2024-04,1765.78
C00827,2024-07,2208.5
C00827,2024-09,19152.43
C00827,2024-11,3768.82
C00827,2024-12,22261.27
C00827,2025-01,3230.07
C00827,2025-02,43513.65
C00827,2025-03,2298.21
C00827,2025-04,1418.78
C00827,2025-05,1643.63
C00827,2025-06,51708.5
C00827,2025-07,2535.23
C00827,2025-08,47980.18000000001
C00827,2025-10,20783.519999999997
C00827,2025-11,40379.659999999996
C00827,2025-12,40809.82
C00828,2024-01,14240.66
C00828,2024-02,555.28
C00828,2024-04,26267.81
C00828,2024-05,14029.34
C00828,2024-06,43215.46
C00828,2024-07,111099.5
C00828,2024-08,49561.78
C00828,2024-09,67057.04000000001
C00828,2024-10,69683.17
C00828,2024-11,12801.560000000001
C00828,2024-12,32404.49
C00828,2025-01,13947.72
C00828,2025-02,10810.32
C00828,2025-03,5152.32
C00828,2025-04,6163.0
C00828,2025-06,3512.24
C00828,2025-07,1671.35
C00828,2025-08,1583.96
C00828,2025-09,15515.129999999997
C00828,2025-10,244.67
C00829,2024-01,4469.78
C00829,2024-02,36085.5
C00829,2024-03,54548.32
C00829,2024-04,3639.35
C00829,2024-05,59166.89
C00829,2024-07,3039.6000000000004
C00829,2024-08,9940.84
C00829,2024-09,35262.34
C00829,2024-10,97657.55
C00829,2024-12,19334.510000000002
C00829,2025-01,20904.06
C00829,2025-02,8727.3
C00829,2025-03,1457.86
C00829,2025-04,27757.84
C00829,2025-05,19666.09
C00829,2025-06,12727.98
C00829,2025-07,2247.36
C00829,2025-08,32518.99
C00829,2025-09,1067.1
C00829,2025-11,7248.39
C00829,2025-12,40786.8
C00830,2024-02,21947.75
C00830,2024-03,17981.55
C00830,2024-05,803.61
C00830,2024-06,37313.64
C00830,2024-07,2380.74
C00830,2024-08,2164.51
C00830,2024-09,6980.41
C00830,2024-10,10357.49
C00830,2024-11,1742.37
C00830,2025-02,2900.78
C00830,2025-04,596.59
C00830,2025-05,2496.62
C00830,2025-06,39041.72
C00830,2025-07,1364.03
C00830,2025-08,49266.06
C00830,2025-09,38741.39
C00830,2025-12,3498.85
C00831,2024-01,6203.62
C00831,2024-02,2243.69
C00831,2024-03,11716.9
C00831,2024-04,48830.619999999995
C00831,2024-05,38605.15
C00831,2024-06,14544.2
C00831,2024-07,8666.49
C00831,2024-09,1378.04
C00831,2024-10,5021.32
C00831,2024-11,19546.16
C00831,2025-01,6141.25
C00831,2025-02,39985.369999999995
C00831,2025-03,18840.91
C00831,2025-06,36950.75
C00831,2025-07,31566.67
C00831,2025-08,1047.42
C00831,2025-10,14605.74
C00831,2025-11,202.74
C00832,2024-01,6030.02
C00832,2024-02,2955.07
C00832,2024-03,541.76
C00832,2024-05,23035.239999999998
C00832,2024-07,22087.28
C00832,2024-09,7191.68
C00832,2024-11,1867.46
C00832,2024-12,6318.36
C00832,2025-01,935.86
C00832,2025-02,11467.740000000002
C00832,2025-03,27688.93
C00832,2025-05,8753.31
C00832,2025-08,46895.42
C00832,2025-09,2701.04
C00832,2025-10,1337.59
C00832,2025-12,1931.92
C00833,2024-01,2378.12
C00833,2024-02,7009.73
C00833,2024-03,4331.49
C00833,2024-04,12931.73
C00833,2024-05,14831.919999999998
C00833,2024-07,6746.24
C00833,2024-09,20838.24
C00833,2024-11,3674.8900000000003
C00833,2024-12,8463.32
C00833,2025-01,38331.73
C00833,2025-02,1276.86
C00833,2025-03,4184.59
C00833,2025-06,630.37
C00833,2025-08,8377.52
C00833,2025-11,4313.26
C00833,2025-12,10499.14
C00834,2024-01,47297.09
C00834,2024-03,76326.17
C00834,2024-04,40967.3
C00834,2024-05,49948.26
C00834,2024-06,65024.240000000005
C00834,2024-08,3897.6099999999997
C00834,2024-09,2988.2
C00834,2024-11,1942.6
C00834,2025-01,4047.7799999999997
C00834,2025-02,410.72
C00834,2025-03,588.7
C00834,2025-04,11642.49
C00834,2025-06,9850.46
C00834,2025-09,6518.64
C00834,2025-10,2188.54
C00834,2025-11,13609.56
C00834,2025-12,3462.12
C00835,2024-01,16233.89
C00835,2024-03,33045.2
C00835,2024-05,17815.86
C00835,2024-06,8603.05
C00835,2024-08,44169.33
C00835,2024-09,26694.98
C00835,2024-10,3853.84
C00835,2024-12,546.42
C00835,2025-01,1563.3
C00835,2025-02,1992.05
C00835,2025-03,3407.41
C00835,2025-04,3088.05
C00835,2025-05,31924.52
C00835,2025-06,2135.6
C00835,2025-07,5396.05
C00835,2025-09,63080.39
C00835,2025-10,6668.16
C00835,2025-11,2081.2
C00835,2025-12,45233.76
C00836,2024-01,16992.239999999998
C00836,2024-02,1645.67
C00836,2024-03,2343.94
C00836,2024-04,82418.38
C00836,2024-05,1263.01
C00836,2024-06,3120.9
C00836,2024-07,21216.010000000002
C00836,2024-08,18762.010000000002
C00836,2024-09,6418.12
C00836,2024-10,57206.49
C00836,2024-11,2415.87
C00836,2024-12,14382.5
C00836,2025-01,1793.87
C00836,2025-02,2562.85
C00836,2025-03,49340.34
C00836,2025-04,781.83
C00836,2025-06,45618.299999999996
C00836,2025-07,17270.37
C00836,2025-08,37790.3
C00836,2025-10,2181.05
C00836,2025-11,8985.22
C00836,2025-12,2572.0699999999997
C00837,2024-01,1895.5
C00837,2024-02,18388.36
C00837,2024-03,12427.61
C00837,2024-05,10272.95
C00837,2024-06,11652.58
C00837,2024-07,37785.6
C00837,2024-08,67622.53
C00837,2024-10,11897.91
C00837,2024-11,28100.04
C00837,2024-12,7650.08
C00837,2025-01,41218.31
C00837,2025-02,44263.770000000004
C00837,2025-04,7643.51
C00837,2025-05,19686.21
C00837,2025-06,14069.8
C00837,2025-07,73170.52
C00837,2025-08,14575.400000000001
C00837,2025-09,7708.97
C00837,2025-10,1867.55
C00837,2025-11,24241.85
C00837,2025-12,16126.85
C00838,2024-01,16540.7
C00838,2024-03,3787.1099999999997
C00838,2024-04,2411.21
C00838,2024-06,9731.42
C00838,2024-08,44833.48
C00838,2024-09,2937.84
C00838,2024-10,33197.39
C00838,2024-11,4406.51
C00838,2025-02,695.48
C00838,2025-03,79563.68000000001
C00838,2025-05,37019.11
C00838,2025-07,7926.05
C00838,2025-08,4964.93
C00838,2025-10,29728.85
C00838,2025-12,6000.55
C00839,2024-01,1813.46
C00839,2024-04,970.72
C00839,2024-05,102838.7
C00839,2024-06,80396.47
C00839,2024-08,10240.06
C00839,2024-09,32180.199999999997
C00839,2024-10,2789.39
C00839,2024-11,3718.07
C00839,2024-12,7521.45
C00839,2025-02,27971.829999999998
C00839,2025-03,3203.9
C00839,2025-05,17019.72
C00839,2025-06,5995.6
C00839,2025-07,31583.31
C00839,2025-09,9210.130000000001
C00839,2025-10,8420.85
C00839,2025-11,840.5
C00839,2025-12,11142.1
C00840,2024-01,3433.12
C00840,2024-02,65239.19
C00840,2024-03,12422.79
C00840,2024-05,26268.54
C00840,2024-06,3485.1
C00840,2024-09,12484.33
C00840,2024-10,1928.29
C00840,2024-11,33667.83
C00840,2024-12,1444.49
C00840,2025-01,4235.599999999999
C00840,2025-04,5086.81
C00840,2025-05,5812.49
C00840,2025-06,6962.42
C00840,2025-08,42519.7
C00840,2025-09,1616.1899999999998
C00840,2025-10,4637.51
C00841,2024-01,29269.25
C00841,2024-03,13140.14
C00841,2024-04,33444.75
C00841,2024-06,38659.43
C00841,2024-08,3114.42
C00841,2024-09,2425.01
C00841,2024-10,5408.72
C00841,2024-11,6759.87
C00841,2025-01,39134.45
C00841,2025-02,10057.14
C00841,2025-03,68583.81
C00841,2025-04,15094.19
C00841,2025-05,24868.46
C00841,2025-06,18691.51
C00841,2025-08,20957.78
C00841,2025-09,32578.42
C00841,2025-10,2900.41
C00841,2025-11,7837.13
C00842,2024-01,5661.63
C00842,2024-02,22742.41
C00842,2024-03,2527.31
C00842,2024-05,26253.98
C00842,2024-06,13646.89
C00842,2024-07,6154.2
C00842,2024-08,1974.64
C00842,2024-09,14487.6
C00842,2024-10,938.65
C00842,2025-01,20360.22
C00842,2025-02,1096.39
C00842,2025-03,3617.04
C00842,2025-04,246.88
C00842,2025-05,770.61
C00842,2025-06,1311.64
C00842,2025-09,10257.35
C00842,2025-10,8301.52
C00842,2025-11,14970.7
C00842,2025-12,33334.020000000004
C00843,2024-01,5555.09
C00843,2024-02,15408.08
C00843,2024-03,13439.56
C00843,2024-04,37245.979999999996
C00843,2024-05,20136.23
C00843,2024-06,1639.1
C00843,2024-07,801.84
C00843,2024-08,10307.21
C00843,2024-09,13686.99
C00843,2024-10,45687.24
C00843,2024-11,22150.67
C00843,2024-12,886.68
C00843,2025-01,18265.89
C00843,2025-02,8070.76
C00843,2025-03,54683.79
C00843,2025-04,14004.5
C00843,2025-06,22621.77
C00843,2025-07,1367.3
C00843,2025-08,17557.25
C00843,2025-09,15182.56
C00843,2025-10,11822.87
C00843,2025-11,10991.7
C00844,2024-02,43127.56
C00844,2024-03,3558.42
C00844,2024-04,15687.47
C00844,2024-06,3499.66
C00844,2024-07,44358.28
C00844,2024-09,1263.06
C00844,2024-12,56089.36
C00844,2025-01,17889.97
C00844,2025-02,5643.21
C00844,2025-03,49683.08
C00844,2025-04,8290.25
C00844,2025-05,18405.56
C00844,2025-06,4669.17
C00844,2025-07,14402.89
C00844,2025-08,20519.09
C00844,2025-09,5434.78
C00844,2025-10,729.58
C00844,2025-11,19330.24
C00845,2024-01,2634.95
C00845,2024-03,10692.27
C00845,2024-04,13519.58
C00845,2024-05,27204.149999999998
C00845,2024-06,17384.32
C00845,2024-08,6741.94
C00845,2024-09,34592.05
C00845,2024-10,2933.15
C00845,2024-11,909.63
C00845,2024-12,2504.98
C00845,2025-01,7789.969999999999
C00845,2025-02,2230.64
C00845,2025-03,3059.6299999999997
C00845,2025-04,2663.08
C00845,2025-06,37426.96
C00845,2025-09,39769.979999999996
C00845,2025-11,26416.46
C00845,2025-12,2920.9
C00846,2024-01,16779.35
C00846,2024-02,4440.08
C00846,2024-03,7700.72
C00846,2024-05,18243.65
C00846,2024-06,27786.52
C00846,2024-07,18761.61
C00846,2024-09,51952.54
C00846,2024-10,1865.64
C00846,2024-12,3650.52
C00846,2025-01,2793.98
C00846,2025-03,20243.370000000003
C00846,2025-04,1314.93
C00846,2025-05,30813.99
C00846,2025-06,9938.74
C00846,2025-07,31340.17
C00846,2025-12,34545.04
C00847,2024-03,1886.29
C00847,2024-05,31895.04
C00847,2024-06,9414.31
C00847,2024-07,5734.610000000001
C00847,2024-08,2193.64
C00847,2025-01,1415.97
C00847,2025-04,13252.38
C00847,2025-05,2443.2200000000003
C00847,2025-06,5501.889999999999
C00847,2025-07,32173.61
C00847,2025-08,15023.210000000001
C00847,2025-09,8523.16
C00847,2025-10,26749.21
C00847,2025-11,24864.61
C00847,2025-12,6060.61
C00848,2024-01,24870.23
C00848,2024-06,14953.64
C00848,2024-07,3260.6400000000003
C00848,2024-08,7645.92
C00848,2024-09,23893.55
C00848,2024-10,11684.32
C00848,2024-12,13799.67
C00848,2025-01,720.08
C00848,2025-04,2192.73
C00848,2025-05,11894.43
C00848,2025-07,8978.07
C00848,2025-09,12419.84
C00848,2025-10,4683.469999999999
C00848,2025-11,288.5
C00848,2025-12,979.25
C00849,2024-01,23880.44
C00849,2024-02,36005.05
C00849,2024-03,3702.01
C00849,2024-04,51547.45
C00849,2024-05,12245.62
C00849,2024-06,588.26
C00849,2024-07,1362.7
C00849,2024-08,40415.19
C00849,2024-09,20071.47
C00849,2024-10,88387.87
C00849,2024-11,530.94
C00849,2024-12,17554.93
C00849,2025-02,2962.95
C00849,2025-03,30176.480000000003
C00849,2025-04,35805.24
C00849,2025-05,3797.12
C00849,2025-06,793.79
C00849,2025-07,24415.32
C00849,2025-09,33007.67
C00849,2025-10,10374.36
C00849,2025-11,5646.02
C00850,2024-02,18279.53
C00850,2024-03,2464.74
C00850,2024-04,13834.27
C00850,2024-05,4428.35
C00850,2024-06,2336.04
C00850,2024-07,57026.82
C00850,2024-08,4137.59
C00850,2024-09,1504.4
C00850,2024-11,3713.83
C00850,2024-12,2560.77
C00850,2025-01,19367.8
C00850,2025-02,1092.96
C00850,2025-03,13864.37
C00850,2025-04,3901.5499999999997
C00850,2025-05,33361.2
C00850,2025-06,1444.05
C00850,2025-07,2950.65
C00850,2025-08,38748.6
C00850,2025-09,18880.61
C00850,2025-11,3806.83
C00851,2024-02,18578.81
C00851,2024-03,1395.32
C00851,2024-04,27838.33
C00851,2024-06,62095.02
C00851,2024-07,10442.87
C00851,2024-09,49898.76
C00851,2024-10,5016.9
C00851,2024-11,7744.36
C00851,2024-12,62426.09
C00851,2025-01,12414.46
C00851,2025-02,9886.73
C00851,2025-03,2556.96
C00851,2025-04,26135.11
C00851,2025-05,23072.17
C00851,2025-06,22785.38
C00851,2025-07,2963.42
C00851,2025-08,45684.439999999995
C00851,2025-09,1472.04
C00851,2025-10,27949.37
C00851,2025-11,4668.110000000001
C00851,2025-12,8431.05
C00852,2024-01,9297.16
C00852,2024-02,6308.700000000001
C00852,2024-03,1821.41
C00852,2024-04,675.2
C00852,2024-05,11317.800000000001
C00852,2024-07,49969.130000000005
C00852,2024-08,52082.56
C00852,2024-09,66741.31
C00852,2024-10,29661.94
C00852,2024-12,1202.99
C00852,2025-01,52701.88
C00852,2025-02,3491.58
C00852,2025-04,8923.22
C00852,2025-06,980.76
C00852,2025-07,1287.48
C00852,2025-08,3507.71
C00852,2025-09,15931.8
C00852,2025-10,41696.369999999995
C00852,2025-12,19961.41
C00853,2024-01,31841.879999999997
C00853,2024-02,7828.43
C00853,2024-04,1246.55
C00853,2024-05,36302.17
C00853,2024-06,7322.97
C00853,2024-07,893.15
C00853,2024-09,1848.9
C00853,2024-10,24510.68
C00853,2024-11,43176.07
C00853,2024-12,4235.280000000001
C00853,2025-01,2048.4700000000003
C00853,2025-02,1065.06
C00853,2025-05,8334.72
C00853,2025-07,58743.45
C00853,2025-08,3349.57
C00853,2025-09,33144.09
C00853,2025-10,100773.02
C00853,2025-11,1164.78
C00853,2025-12,3981.06
C00854,2024-02,6451.7699999999995
C00854,2024-03,6304.48
C00854,2024-04,25462.33
C00854,2024-05,41158.23
C00854,2024-06,67156.04
C00854,2024-09,23380.620000000003
C00854,2024-10,7340.0
C00854,2024-11,1101.56
C00854,2024-12,4983.63
C00854,2025-01,7964.59
C00854,2025-02,2515.5600000000004
C00854,2025-06,25106.95
C00854,2025-07,14746.57
C00854,2025-08,1294.1
C00854,2025-09,3715.61
C00854,2025-10,11445.43
C00854,2025-11,3599.42
C00855,2024-02,3753.8399999999997
C00855,2024-03,10535.24
C00855,2024-04,946.9
C00855,2024-05,8593.11
C00855,2024-06,26855.95
C00855,2024-07,9808.86
C00855,2024-08,2025.18
C00855,2024-09,36820.509999999995
C00855,2024-10,1500.81
C00855,2024-11,18722.5
C00855,2024-12,9620.76
C00855,2025-01,16546.13
C00855,2025-03,46427.130000000005
C00855,2025-04,4793.07
C00855,2025-05,5325.68
C00855,2025-06,32934.2
C00855,2025-07,16051.630000000001
C00855,2025-08,5666.63
C00855,2025-09,2296.5
C00855,2025-11,3380.44
C00855,2025-12,792.31
C00856,2024-01,42374.85
C00856,2024-02,9288.83
C00856,2024-03,2959.23
C00856,2024-04,21811.15
C00856,2024-05,16722.53
C00856,2024-07,5471.71
C00856,2024-09,57722.97
C00856,2024-10,21843.9
C00856,2024-11,50500.729999999996
C00856,2024-12,164.98
C00856,2025-01,41439.34
C00856,2025-02,36657.05
C00856,2025-03,2368.09
C00856,2025-04,33303.11
C00856,2025-05,1445.62
C00856,2025-07,66631.35
C00856,2025-08,1663.61
C00856,2025-09,1436.03
C00856,2025-10,23434.999999999996
C00856,2025-11,8682.79
C00856,2025-12,41457.09
C00857,2024-01,68319.98
C00857,2024-02,6501.46
C00857,2024-03,22214.37
C00857,2024-04,8159.82
C00857,2024-05,4886.29
C00857,2024-06,3732.84
C00857,2024-07,37306.299999999996
C00857,2024-08,46429.81
C00857,2024-09,13725.83
C00857,2025-01,26709.64
C00857,2025-03,10844.05
C00857,2025-04,39350.9
C00857,2025-08,1505.63
C00857,2025-09,14450.939999999999
C00857,2025-10,470.34
C00857,2025-12,14233.82
C00858,2024-02,3779.48
C00858,2024-03,29355.96
C00858,2024-04,17952.260000000002
C00858,2024-05,3482.1400000000003
C00858,2024-06,3968.7
C00858,2024-07,33421.69
C00858,2024-08,5417.52
C00858,2024-10,11594.76
C00858,2024-11,6705.04
C00858,2025-01,2209.64
C00858,2025-02,17483.84
C00858,2025-05,30080.07
C00858,2025-06,6741.31
C00858,2025-07,8741.69
C00858,2025-08,40353.899999999994
C00858,2025-09,19620.85
C00858,2025-10,19992.85
C00858,2025-11,3086.01
C00858,2025-12,11291.01
C00859,2024-01,54182.36
C00859,2024-03,31746.579999999998
C00859,2024-04,59214.770000000004
C00859,2024-05,6356.8
C00859,2024-08,2647.81
C00859,2024-09,14438.25
C00859,2024-12,4650.41
C00859,2025-02,286.55
C00859,2025-04,10491.34
C00859,2025-06,17541.47
C00859,2025-07,14171.82
C00859,2025-08,1595.5
C00859,2025-09,32638.89
C00859,2025-10,10625.28
C00859,2025-11,14968.99
C00859,2025-12,13573.859999999999
C00860,2024-01,65675.98999999999
C00860,2024-02,14270.81
C00860,2024-03,20696.51
C00860,2024-04,5780.35
C00860,2024-06,47947.8
C00860,2024-08,13207.14
C00860,2024-09,23203.06
C00860,2024-10,8198.43
C00860,2024-11,39801.31
C00860,2024-12,2818.29
C00860,2025-01,2354.23
C00860,2025-02,4308.0
C00860,2025-03,5565.63
C00860,2025-05,7904.01
C00860,2025-07,10581.31
C00860,2025-09,13111.2
C00860,2025-10,388.02
C00860,2025-11,6231.84
C00860,2025-12,5804.25
C00861,2024-01,21905.29
C00861,2024-02,2738.38
C00861,2024-03,5441.97
C00861,2024-04,45130.06
C00861,2024-06,9981.67
C00861,2024-07,16211.51
C00861,2024-08,3373.9
C00861,2024-09,7867.79
C00861,2024-11,1913.52
C00861,2024-12,2258.33
C00861,2025-01,20139.8
C00861,2025-02,16098.93
C00861,2025-03,8998.77
C00861,2025-04,4187.780000000001
C00861,2025-05,2016.65
C00861,2025-06,17472.66
C00861,2025-09,11139.7
C00861,2025-10,2699.51
C00861,2025-12,18165.53
C00862,2024-01,28742.27
C00862,2024-02,2380.35
C00862,2024-06,26421.08
C00862,2024-10,16762.64
C00862,2024-11,100367.93
C00862,2024-12,55827.42
C00862,2025-01,3224.96
C00862,2025-02,11826.75
C00862,2025-04,4047.92
C00862,2025-05,12329.87
C00862,2025-06,27429.23
C00862,2025-07,21604.65
C00862,2025-08,29249.21
C00862,2025-09,62666.93
C00862,2025-11,1148.06
C00862,2025-12,6045.09
C00863,2024-02,1805.3600000000001
C00863,2024-03,2186.36
C00863,2024-04,1739.4
C00863,2024-05,28536.78
C00863,2024-06,27152.170000000002
C00863,2024-07,19929.73
C00863,2024-09,4062.12
C00863,2024-10,12224.64
C00863,2024-11,653.76
C00863,2024-12,1685.21
C00863,2025-01,2517.37
C00863,2025-03,12040.49
C00863,2025-04,6870.07
C00863,2025-05,3949.72
C00863,2025-07,8358.81
C00863,2025-09,974.24
C00863,2025-10,28181.59
C00863,2025-11,26216.9
C00863,2025-12,8504.83
C00864,2024-01,51124.25
C00864,2024-03,21580.39
C00864,2024-06,24040.59
C00864,2024-07,42317.53
C00864,2024-10,414.33
C00864,2024-12,5759.93
C00864,2025-03,3043.65
C00864,2025-04,1058.61
C00864,2025-05,7363.75
C00864,2025-06,4243.28
C00864,2025-07,49243.409999999996
C00864,2025-08,2531.16
C00864,2025-09,20361.8
C00864,2025-11,479.01
C00864,2025-12,8104.61
C00865,2024-02,5691.22
C00865,2024-03,9999.23
C00865,2024-04,1409.18
C00865,2024-06,3847.6099999999997
C00865,2024-07,1418.02
C00865,2024-08,1263.8
C00865,2024-09,8180.77
C00865,2024-10,3253.2999999999997
C00865,2024-11,17637.670000000002
C00865,2024-12,26006.35
C00865,2025-01,45192.19
C00865,2025-02,50465.97
C00865,2025-03,71717.34999999999
C00865,2025-05,3648.55
C00865,2025-06,991.81
C00865,2025-07,17306.67
C00865,2025-09,52228.39
C00865,2025-10,1815.55
C00865,2025-11,14441.96
C00865,2025-12,82834.28
C00866,2024-01,26021.49
C00866,2024-02,13711.310000000001
C00866,2024-03,2435.2
C00866,2024-04,15234.06
C00866,2024-05,1952.58
C00866,2024-07,47530.94
C00866,2024-10,11219.42
C00866,2024-11,936.94
C00866,2024-12,10806.34
C00866,2025-01,16115.0
C00866,2025-03,7953.38
C00866,2025-04,22789.02
C00866,2025-05,33862.47
C00866,2025-06,9590.73
C00866,2025-10,10706.37
C00866,2025-12,29482.78
C00867,2024-01,16159.529999999999
C00867,2024-02,11511.94
C00867,2024-03,59375.67
C00867,2024-05,18475.68
C00867,2024-06,1058.51
C00867,2024-07,4159.85
C00867,2024-08,10151.369999999999
C00867,2024-09,50449.89
C00867,2024-10,26400.47
C00867,2024-11,7496.09
C00867,2024-12,10811.119999999999
C00867,2025-01,33625.76
C00867,2025-02,6568.81
C00867,2025-03,1019.92
C00867,2025-04,20096.64
C00867,2025-05,25749.34
C00867,2025-06,3537.05
C00867,2025-07,14420.8
C00867,2025-08,22307.92
C00867,2025-09,67577.66
C00867,2025-11,37527.7
C00868,2024-02,1058.88
C00868,2024-04,570.38
C00868,2024-06,33170.86
C00868,2024-08,54494.28
C00868,2024-09,14194.75
C00868,2024-10,4482.4400000000005
C00868,2024-11,31458.05
C00868,2024-12,24551.54
C00868,2025-01,9945.39
C00868,2025-02,14589.76
C00868,2025-05,53227.12
C00868,2025-06,18285.13
C00868,2025-07,31658.02
C00868,2025-09,2338.99
C00868,2025-10,2711.66
C00868,2025-11,26290.15
C00868,2025-12,33817.479999999996
C00869,2024-01,2123.88
C00869,2024-02,10651.89
C00869,2024-03,1761.4
C00869,2024-05,5417.27
C00869,2024-06,54935.03999999999
C00869,2024-07,44591.28
C00869,2024-08,37317.369999999995
C00869,2024-09,9885.9
C00869,2024-10,2948.94
C00869,2024-11,1673.44
C00869,2024-12,1649.72
C00869,2025-02,10460.22
C00869,2025-03,55778.18
C00869,2025-04,12581.16
C00869,2025-06,2163.26
C00869,2025-08,34697.96
C00869,2025-09,14132.01
C00869,2025-10,2467.73
C00869,2025-11,13011.27
C00869,2025-12,1858.76
C00870,2024-01,1702.61
C00870,2024-03,12333.4
C00870,2024-04,15109.92
C00870,2024-06,3451.9
C00870,2024-07,5551.34
C00870,2024-08,15096.89
C00870,2024-09,11768.7
C00870,2024-10,22032.84
C00870,2024-11,2071.64
C00870,2025-01,2310.12
C00870,2025-03,6406.71
C00870,2025-04,12132.580000000002
C00870,2025-05,8817.54
C00870,2025-06,20614.0
C00870,2025-07,6351.76
C00870,2025-08,468.37
C00870,2025-09,19969.57
C00871,2024-02,2445.65
C00871,2024-03,17259.52
C00871,2024-04,1338.64
C00871,2024-07,5485.08
C00871,2024-08,2219.45
C00871,2024-09,8744.279999999999
C00871,2024-10,9162.74
C00871,2024-11,2788.34
C00871,2024-12,13544.83
C00871,2025-01,4615.27
C00871,2025-06,35382.96
C00871,2025-07,80849.07
C00871,2025-08,18802.23
C00871,2025-09,11014.300000000001
C00871,2025-10,3502.22
C00871,2025-11,559.87
C00871,2025-12,7850.93
C00872,2024-04,1807.61
C00872,2024-05,28396.55
C00872,2024-06,6433.54
C00872,2024-07,39746.8
C00872,2024-08,47807.63
C00872,2024-09,2834.04
C00872,2024-10,12199.32
C00872,2024-11,67881.13
C00872,2024-12,22607.67
C00872,2025-01,35243.95
C00872,2025-02,1547.43
C00872,2025-04,17892.61
C00872,2025-05,22239.86
C00872,2025-07,29445.77
C00872,2025-08,2231.45
C00872,2025-09,14135.94
C00872,2025-10,10691.36
C00872,2025-12,43513.45
C00873,2024-01,5019.18
C00873,2024-02,24426.2
C00873,2024-03,24173.83
C00873,2024-04,52884.0
C00873,2024-05,18567.96
C00873,2024-06,33568.94
C00873,2024-07,40374.53
C00873,2024-09,3821.41
C00873,2024-10,3669.22
C00873,2024-12,35740.36
C00873,2025-01,31840.32
C00873,2025-03,4002.2299999999996
C00873,2025-04,15680.99
C00873,2025-05,8844.64
C00873,2025-06,93282.95
C00873,2025-07,919.0
C00873,2025-08,25716.079999999998
C00873,2025-09,1817.7
C00873,2025-10,3178.54
C00873,2025-12,6617.12
C00874,2024-01,4655.34
C00874,2024-03,6059.59
C00874,2024-05,10249.65
C00874,2024-07,10727.29
C00874,2024-09,26814.43
C00874,2024-10,11638.75
C00874,2024-11,7643.97
C00874,2024-12,5538.62
C00874,2025-01,1282.22
C00874,2025-02,23349.58
C00874,2025-03,43076.82
C00874,2025-05,5434.45
C00874,2025-06,62149.33
C00874,2025-07,44398.65
C00874,2025-08,20886.48
C00874,2025-09,6714.72
C00874,2025-10,12081.8
C00874,2025-11,16981.04
C00874,2025-12,270.37
C00875,2024-01,1486.55
C00875,2024-04,22595.03
C00875,2024-05,41691.71
C00875,2024-06,5451.79
C00875,2024-07,21884.35
C00875,2024-09,5085.13
C00875,2024-10,35710.58
C00875,2025-01,23523.47
C00875,2025-02,12700.869999999999
C00875,2025-03,53151.259999999995
C00875,2025-04,20500.260000000002
C00875,2025-05,1462.04
C00875,2025-06,16792.06
C00875,2025-07,18827.2
C00875,2025-08,15919.52
C00875,2025-09,22634.38
C00875,2025-11,18305.46
C00875,2025-12,1573.59
C00876,2024-02,12746.56
C00876,2024-03,58592.25
C00876,2024-04,9879.61
C00876,2024-05,1866.84
C00876,2024-06,45949.18
C00876,2024-07,27014.969999999998
C00876,2024-08,20512.87
C00876,2024-10,1625.01
C00876,2024-11,19521.5
C00876,2024-12,66528.48
C00876,2025-01,48120.16
C00876,2025-02,3425.14
C00876,2025-03,6248.91
C00876,2025-04,17251.28
C00876,2025-06,32135.54
C00876,2025-07,14018.93
C00876,2025-08,4413.77
C00876,2025-10,7288.5
C00876,2025-12,48463.46
C00877,2024-01,9456.21
C00877,2024-02,10272.61
C00877,2024-03,6763.650000000001
C00877,2024-04,10673.62
C00877,2024-05,12198.81
C00877,2024-06,12489.86
C00877,2024-08,12104.11
C00877,2024-09,7204.61
C00877,2024-10,17752.66
C00877,2024-11,5652.91
C00877,2024-12,1615.46
C00877,2025-01,6262.73
C00877,2025-05,14453.42
C00877,2025-06,427.72
C00877,2025-08,14925.15
C00877,2025-09,28620.73
C00877,2025-10,9478.99
C00877,2025-12,1226.0
C00878,2024-02,2551.17
C00878,2024-03,2101.94
C00878,2024-05,699.11
C00878,2024-06,16771.98
C00878,2024-07,38830.43
C00878,2024-08,5476.360000000001
C00878,2024-10,25677.22
C00878,2024-11,4615.2
C00878,2024-12,6089.3
C00878,2025-01,1449.37
C00878,2025-02,7025.85
C00878,2025-03,2539.87
C00878,2025-04,3255.43
C00878,2025-05,23604.51
C00878,2025-06,3440.34
C00878,2025-07,20489.93
C00878,2025-08,8619.11
C00878,2025-09,4825.9
C00878,2025-10,965.41
C00878,2025-11,2141.3
C00878,2025-12,1386.19
C00879,2024-01,24068.21
C00879,2024-02,4869.84
C00879,2024-03,2486.42
C00879,2024-04,1609.66
C00879,2024-05,41200.03
C00879,2024-06,34550.74
C00879,2024-07,15271.01
C00879,2024-08,18203.63
C00879,2024-10,3492.13
C00879,2024-11,2211.74
C00879,2024-12,7821.34
C00879,2025-01,2739.74
C00879,2025-02,36159.96
C00879,2025-03,4490.18
C00879,2025-06,9295.34
C00879,2025-07,1888.88
C00879,2025-08,19396.88
C00879,2025-09,4310.82
C00879,2025-10,64563.28999999999
C00879,2025-11,9193.18
C00879,2025-12,10454.92
C00880,2024-01,14799.04
C00880,2024-02,891.72
C00880,2024-06,33340.56
C00880,2024-08,2577.8
C00880,2024-09,6977.11
C00880,2024-10,4456.34
C00880,2024-11,14413.71
C00880,2024-12,70487.74
C00880,2025-03,4036.0599999999995
C00880,2025-05,2736.87
C00880,2025-06,9157.22
C00880,2025-07,57092.26
C00880,2025-08,2384.37
C00880,2025-10,1445.19
C00880,2025-12,4421.43
C00881,2024-01,15229.35
C00881,2024-04,4420.2
C00881,2024-05,12176.67
C00881,2024-06,58208.29000000001
C00881,2024-07,14170.75
C00881,2024-09,49883.61
C00881,2024-10,15423.210000000001
C00881,2024-12,5747.48
C00881,2025-01,76838.06
C00881,2025-02,31883.5
C00881,2025-05,39999.91
C00881,2025-06,55194.46
C00881,2025-08,48575.98
C00881,2025-09,13289.57
C00881,2025-10,1011.8
C00881,2025-11,13173.83
C00881,2025-12,38436.91
C00882,2024-01,2661.11
C00882,2024-02,10040.12
C00882,2024-04,15613.2
C00882,2024-05,60068.979999999996
C00882,2024-06,20177.75
C00882,2024-07,12550.01
C00882,2024-08,23206.69
C00882,2024-09,23824.69
C00882,2024-11,10730.470000000001
C00882,2024-12,2101.01
C00882,2025-01,21793.14
C00882,2025-02,1368.05
C00882,2025-03,5687.97
C00882,2025-04,1325.29
C00882,2025-05,2345.03
C00882,2025-08,4961.960000000001
C00882,2025-09,14863.460000000001
C00882,2025-10,18652.18
C00883,2024-01,7497.810000000001
C00883,2024-03,49397.66
C00883,2024-04,2666.91
C00883,2024-05,9845.23
C00883,2024-06,10054.72
C00883,2024-08,409.55
C00883,2024-10,17455.19
C00883,2024-11,4815.71
C00883,2024-12,15275.3
C00883,2025-01,10483.21
C00883,2025-02,4670.65
C00883,2025-03,42064.16
C00883,2025-04,1564.76
C00883,2025-05,33703.47
C00883,2025-06,4231.74
C00883,2025-07,3768.0600000000004
C00883,2025-08,5090.46
C00883,2025-10,18772.0
C00883,2025-11,13763.67
C00883,2025-12,896.3
C00884,2024-01,6287.7699999999995
C00884,2024-02,4560.35
C00884,2024-03,44886.9
C00884,2024-05,3507.49
C00884,2024-09,4034.16
C00884,2024-10,12459.32
C00884,2024-11,2983.49
C00884,2025-01,1633.64
C00884,2025-02,11333.73
C00884,2025-03,9499.82
C00884,2025-04,1429.45
C00884,2025-05,3367.1400000000003
C00884,2025-07,45470.78
C00884,2025-08,46703.74
C00884,2025-09,10578.79
C00884,2025-10,28767.96
C00884,2025-11,1082.52
C00884,2025-12,23104.86
C00885,2024-01,17613.0
C00885,2024-03,745.66
C00885,2024-04,3483.68
C00885,2024-05,2529.9
C00885,2024-06,5629.34
C00885,2024-07,29310.769999999997
C00885,2024-08,5888.6
C00885,2024-09,29655.8
C00885,2024-10,3796.76
C00885,2024-12,5146.39
C00885,2025-01,1214.81
C00885,2025-03,6768.47
C00885,2025-04,18157.74
C00885,2025-05,5236.28
C00885,2025-07,2579.47
C00885,2025-08,26992.58
C00885,2025-09,4207.12
C00885,2025-11,11392.08
C00885,2025-12,38806.979999999996
C00886,2024-01,3835.97
C00886,2024-02,35931.5
C00886,2024-03,68231.29000000001
C00886,2024-05,12029.14
C00886,2024-06,41878.81
C00886,2024-07,2919.2
C00886,2024-11,62639.740000000005
C00886,2024-12,14949.96
C00886,2025-01,2002.25
C00886,2025-02,24723.07
C00886,2025-03,45610.57
C00886,2025-04,4879.41
C00886,2025-05,3060.49
C00886,2025-08,1135.42
C00886,2025-09,7846.69
C00886,2025-10,7118.21
C00886,2025-11,1484.0
C00887,2024-03,25167.629999999997
C00887,2024-04,5587.0
C00887,2024-05,15999.92
C00887,2024-06,12700.79
C00887,2024-07,49473.409999999996
C00887,2024-09,14056.66
C00887,2024-10,8248.63
C00887,2024-11,12038.7
C00887,2025-01,1997.35
C00887,2025-02,3096.33
C00887,2025-07,1645.5
C00887,2025-08,57045.18
C00887,2025-09,27497.05
C00887,2025-11,10823.02
C00888,2024-01,52951.799999999996
C00888,2024-02,31526.64
C00888,2024-03,15052.349999999999
C00888,2024-04,12895.84
C00888,2024-05,51382.58
C00888,2024-06,1912.24
C00888,2024-07,28917.91
C00888,2024-08,15770.26
C00888,2024-09,2569.73
C00888,2024-10,2123.81
C00888,2024-12,5105.21
C00888,2025-05,49959.31
C00888,2025-06,26944.829999999998
C00888,2025-07,8356.61
C00888,2025-08,92560.9
C00888,2025-09,32417.13
C00888,2025-10,21115.840000000004
C00888,2025-12,6458.16
C00889,2024-01,21745.6
C00889,2024-02,14350.900000000001
C00889,2024-03,62755.88
C00889,2024-04,26708.730000000003
C00889,2024-06,83475.65
C00889,2024-07,32800.33
C00889,2024-08,5026.24
C00889,2024-09,52705.56
C00889,2024-11,18450.18
C00889,2024-12,3871.31
C00889,2025-02,22544.69
C00889,2025-03,14724.38
C00889,2025-04,20772.350000000002
C00889,2025-05,34528.74
C00889,2025-06,2244.24
C00889,2025-07,85202.65
C00889,2025-09,17346.690000000002
C00889,2025-10,16053.49
C00889,2025-11,23173.82
C00890,2024-01,9613.25
C00890,2024-02,6715.17
C00890,2024-03,3164.06
C00890,2024-04,3047.3
C00890,2024-05,48692.85
C00890,2024-06,10645.54
C00890,2024-07,13190.099999999999
C00890,2024-08,17229.13
C00890,2024-09,3791.11
C00890,2024-10,897.78
C00890,2024-11,16543.079999999998
C00890,2024-12,2261.73
C00890,2025-02,18413.02
C00890,2025-03,29448.280000000002
C00890,2025-04,3079.8500000000004
C00890,2025-06,38206.52
C00890,2025-07,10876.539999999999
C00890,2025-08,6490.27
C00890,2025-09,12217.32
C00890,2025-11,10029.99
C00891,2024-01,38520.81
C00891,2024-02,35884.51
C00891,2024-03,32329.95
C00891,2024-06,44120.19
C00891,2024-07,943.58
C00891,2024-08,32658.91
C00891,2025-01,40756.8
C00891,2025-02,8463.029999999999
C00891,2025-03,76815.36
C00891,2025-04,33489.39
C00891,2025-05,22322.77
C00891,2025-06,2884.61
C00891,2025-08,46279.96
C00891,2025-09,9323.91
C00891,2025-10,13132.37
C00891,2025-11,30493.170000000002
C00891,2025-12,52403.34
C00892,2024-01,1034.93
C00892,2024-02,4362.67
C00892,2024-03,8098.26
C00892,2024-05,15021.949999999999
C00892,2024-06,16582.34
C00892,2024-07,16256.14
C00892,2024-08,38500.6
C00892,2024-09,24654.21
C00892,2024-10,10903.38
C00892,2024-12,2663.02
C00892,2025-01,4423.96
C00892,2025-02,3366.49
C00892,2025-03,23505.28
C00892,2025-04,6408.14
C00892,2025-05,5087.06
C00892,2025-06,417.43
C00892,2025-07,15515.82
C00892,2025-08,2435.2
C00892,2025-09,11113.05
C00892,2025-11,36838.090000000004
C00892,2025-12,6600.4
C00893,2024-01,13501.87
C00893,2024-02,30533.16
C00893,2024-03,20355.01
C00893,2024-04,38502.33
C00893,2024-05,3363.8
C00893,2024-06,30056.7
C00893,2024-07,2568.79
C00893,2024-08,4437.51
C00893,2024-10,30045.550000000003
C00893,2024-11,5082.1
C00893,2024-12,4786.57
C00893,2025-01,54064.38
C00893,2025-03,3321.86
C00893,2025-04,1053.49
C00893,2025-05,3300.52
C00893,2025-06,2076.0
C00893,2025-07,4574.67
C00893,2025-09,38429.899999999994
C00893,2025-11,13118.45
C00894,2024-01,7448.83
C00894,2024-02,34972.86
C00894,2024-03,2678.4
C00894,2024-04,8668.71
C00894,2024-06,2408.5
C00894,2024-07,7740.36
C00894,2024-08,2392.52
C00894,2024-10,2647.66
C00894,2025-02,37500.23
C00894,2025-03,31075.82
C00894,2025-06,6073.379999999999
C00894,2025-08,5900.58
C00894,2025-09,8527.73
C00894,2025-11,44566.01
C00894,2025-12,13624.14
C00895,2024-01,7855.4
C00895,2024-03,36722.82
C00895,2024-04,9408.789999999999
C00895,2024-05,26269.85
C00895,2024-06,14772.41
C00895,2024-07,13113.99
C00895,2024-08,1851.98
C00895,2024-09,55947.25
C00895,2024-10,9724.7
C00895,2024-11,34249.31
C00895,2024-12,3620.63
C00895,2025-01,18185.739999999998
C00895,2025-02,9985.18
C00895,2025-03,20586.63
C00895,2025-04,2567.95
C00895,2025-05,849.24
C00895,2025-06,6280.4
C00895,2025-07,7949.3
C00895,2025-08,6100.54
C00895,2025-09,237.74
C00895,2025-10,1734.72
C00895,2025-11,67814.01
C00895,2025-12,1259.8600000000001
C00896,2024-01,34801.99
C00896,2024-02,43494.03
C00896,2024-03,27215.13
C00896,2024-04,4024.6200000000003
C00896,2024-05,13661.21
C00896,2024-06,18539.04
C00896,2024-07,2987.06
C00896,2024-09,39112.81
C00896,2024-10,14974.5
C00896,2024-11,35920.619999999995
C00896,2024-12,660.02
C00896,2025-02,1216.74
C00896,2025-03,46372.61
C00896,2025-05,23629.31
C00896,2025-06,21755.33
C00896,2025-07,1072.06
C00896,2025-09,4432.78
C00896,2025-10,838.46
C00896,2025-11,7300.37
C00896,2025-12,33078.24
C00897,2024-01,7345.67
C00897,2024-02,69003.61
C00897,2024-03,20389.36
C00897,2024-04,7757.18
C00897,2024-05,14812.220000000001
C00897,2024-06,111738.79
C00897,2024-07,9778.150000000001
C00897,2024-08,1574.48
C00897,2024-09,2395.26
C00897,2024-10,1184.51
C00897,2024-11,7414.72
C00897,2024-12,5218.82
C00897,2025-01,13591.69
C00897,2025-02,18408.57
C00897,2025-04,1610.67
C00897,2025-06,2582.03
C00897,2025-07,3217.66
C00897,2025-08,1439.75
C00897,2025-10,8559.59
C00897,2025-11,25386.309999999998
C00898,2024-01,5161.93
C00898,2024-02,12875.029999999999
C00898,2024-03,4625.44
C00898,2024-04,58593.009999999995
C00898,2024-05,4500.41
C00898,2024-06,17723.42
C00898,2024-07,897.41
C00898,2024-08,516.99
C00898,2024-09,12248.38
C00898,2024-10,21823.54
C00898,2024-12,734.29
C00898,2025-01,297.93
C00898,2025-02,2641.67
C00898,2025-03,31470.73
C00898,2025-05,19604.22
C00898,2025-06,4862.48
C00898,2025-08,32810.92
C00898,2025-09,13852.02
C00898,2025-10,16441.84
C00898,2025-11,27868.41
C00898,2025-12,5391.83
C00899,2024-01,49416.85
C00899,2024-02,2812.74
C00899,2024-05,14385.94
C00899,2024-06,51488.25
C00899,2024-07,29340.210000000003
C00899,2024-08,52370.729999999996
C00899,2024-09,103253.61000000002
C00899,2024-10,4132.1900000000005
C00899,2024-11,33135.89
C00899,2024-12,19431.74
C00899,2025-01,5176.74
C00899,2025-02,14875.21
C00899,2025-03,18156.94
C00899,2025-04,8601.13
C00899,2025-05,23348.17
C00899,2025-06,10923.41
C00899,2025-07,911.3
C00899,2025-08,1295.32
C00899,2025-10,9680.95
C00899,2025-11,4638.27
C00899,2025-12,277.75
C00900,2024-03,249.25
C00900,2024-04,37536.770000000004
C00900,2024-05,80462.38
C00900,2024-06,60083.450000000004
C00900,2024-07,576.68
C00900,2024-08,8276.71
C00900,2024-09,1217.68
C00900,2024-10,1062.71
C00900,2025-01,13909.779999999999
C00900,2025-02,7643.33
C00900,2025-03,4131.51
C00900,2025-05,5979.410000000001
C00900,2025-06,6251.75
C00900,2025-07,12929.49
C00900,2025-08,1246.12
C00900,2025-10,6109.29
C00900,2025-11,3452.66
C00900,2025-12,7526.709999999999
C00901,2024-05,24229.829999999998
C00901,2024-06,2119.58
C00901,2024-10,15734.46
C00901,2024-11,15909.75
C00901,2024-12,2227.01
C00901,2025-01,5250.56
C00901,2025-02,14072.74
C00901,2025-04,1130.36
C00901,2025-05,23104.79
C00901,2025-06,11898.91
C00901,2025-08,48282.55
C00901,2025-09,10670.310000000001
C00901,2025-10,7969.429999999999
C00901,2025-11,1550.99
C00901,2025-12,1431.86
C00902,2024-02,1002.48
C00902,2024-03,536.19
C00902,2024-04,35936.100000000006
C00902,2024-05,248.32
C00902,2024-06,2413.71
C00902,2024-07,36651.88
C00902,2024-08,7073.27
C00902,2024-09,6736.5
C00902,2024-10,11804.95
C00902,2024-11,14899.32
C00902,2025-01,1152.19
C00902,2025-02,4060.71
C00902,2025-03,2400.68
C00902,2025-04,37031.51
C00902,2025-05,19967.45
C00902,2025-06,64701.649999999994
C00902,2025-08,41791.3
C00902,2025-09,4075.43
C00902,2025-10,6441.23
C00902,2025-11,3809.59
C00902,2025-12,39108.36
C00903,2024-01,1522.47
C00903,2024-02,9939.13
C00903,2024-06,10992.82
C00903,2024-08,11153.97
C00903,2024-09,22748.46
C00903,2025-01,29350.43
C00903,2025-03,3066.36
C00903,2025-04,2489.03
C00903,2025-06,56718.600000000006
C00903,2025-08,25852.26
C00903,2025-09,1104.8899999999999
C00903,2025-10,2096.16
C00903,2025-12,1349.87
C00904,2024-01,19078.11
C00904,2024-02,6493.85
C00904,2024-03,1031.43
C00904,2024-04,6709.26
C00904,2024-05,7899.27
C00904,2024-06,8080.89
C00904,2024-07,6374.22
C00904,2024-09,15920.32
C00904,2024-12,1167.33
C00904,2025-01,2981.87
C00904,2025-02,19267.97
C00904,2025-05,6750.8
C00904,2025-06,680.8
C00904,2025-07,23423.89
C00904,2025-08,10254.46
C00904,2025-09,5623.97
C00904,2025-10,327.63
C00904,2025-11,40650.71000000001
C00904,2025-12,3443.46
C00905,2024-01,37975.14
C00905,2024-02,10797.02
C00905,2024-04,10170.99
C00905,2024-05,2100.5
C00905,2024-06,2708.28
C00905,2024-09,16576.77
C00905,2024-11,16854.18
C00905,2024-12,43103.75
C00905,2025-01,3935.61
C00905,2025-04,901.5
C00905,2025-06,275.91
C00905,2025-07,5903.49
C00905,2025-08,2935.56
C00905,2025-09,1778.54
C00905,2025-10,13113.62
C00905,2025-11,12822.240000000002
C00906,2024-01,14943.3
C00906,2024-02,31197.57
C00906,2024-03,1815.42
C00906,2024-05,932.58
C00906,2024-06,44276.98
C00906,2024-07,6490.6
C00906,2024-08,8533.06
C00906,2024-09,5186.48
C00906,2024-10,7911.300000000001
C00906,2024-11,17692.95
C00906,2024-12,20110.68
C00906,2025-01,965.48
C00906,2025-02,1481.51
C00906,2025-03,419.07
C00906,2025-04,14558.34
C00906,2025-05,18752.37
C00906,2025-07,28290.98
C00906,2025-10,14791.23
C00906,2025-11,4841.14
C00906,2025-12,7177.35
C00907,2024-01,44311.47
C00907,2024-02,2774.05
C00907,2024-03,2648.72
C00907,2024-05,1539.31
C00907,2024-06,428.47
C00907,2024-07,31318.87
C00907,2024-09,49205.340000000004
C00907,2024-10,16253.12
C00907,2024-12,13074.85
C00907,2025-02,1787.81
C00907,2025-03,2776.77
C00907,2025-05,10689.12
C00907,2025-06,3915.5
C00907,2025-07,15065.619999999999
C00907,2025-08,12524.619999999999
C00907,2025-09,837.9
C00907,2025-10,18207.260000000002
C00907,2025-11,21613.059999999998
C00907,2025-12,14694.06
C00908,2024-01,2905.1
C00908,2024-03,1684.45
C00908,2024-04,58854.16
C00908,2024-05,318.62
C00908,2024-06,24367.489999999998
C00908,2024-07,21654.08
C00908,2024-09,13075.68
C00908,2024-10,79937.73
C00908,2024-12,2323.73
C00908,2025-01,1364.73
C00908,2025-02,54282.19
C00908,2025-05,20296.210000000003
C00908,2025-06,53779.68
C00908,2025-07,20414.42
C00908,2025-12,4001.7
C00909,2024-01,37787.95
C00909,2024-02,1920.59
C00909,2024-03,10116.029999999999
C00909,2024-05,6753.13
C00909,2024-06,1542.36
C00909,2024-08,2391.66
C00909,2024-09,13778.01
C00909,2024-10,17807.17
C00909,2025-02,13198.580000000002
C00909,2025-04,3588.33
C00909,2025-05,5213.86
C00909,2025-06,7395.91
C00909,2025-07,28721.75
C00909,2025-08,511.98
C00909,2025-09,13995.98
C00909,2025-11,7977.63
C00909,2025-12,5868.02
C00910,2024-01,16704.75
C00910,2024-03,7933.57
C00910,2024-04,5034.18
C00910,2024-05,18354.72
C00910,2024-08,1482.98
C00910,2024-10,3988.8
C00910,2024-11,2785.18
C00910,2024-12,59752.43
C00910,2025-01,4727.78
C00910,2025-02,38899.57
C00910,2025-04,3438.41
C00910,2025-05,2477.31
C00910,2025-06,22182.72
C00910,2025-07,6769.5599999999995
C00910,2025-08,11633.51
C00910,2025-09,1549.6
C00910,2025-10,27903.16
C00910,2025-11,10010.61
C00910,2025-12,1003.92
C00911,2024-01,15469.41
C00911,2024-03,2816.49
C00911,2024-04,31657.940000000002
C00911,2024-05,989.79
C00911,2024-06,495.78
C00911,2024-07,17183.58
C00911,2024-08,5026.52
C00911,2024-10,12313.02
C00911,2024-12,9525.01
C00911,2025-01,22776.03
C00911,2025-02,16663.41
C00911,2025-03,14947.02
C00911,2025-04,32332.579999999998
C00911,2025-06,462.83
C00911,2025-07,30583.52
C00911,2025-10,8740.61
C00911,2025-11,1729.77
C00912,2024-01,13256.330000000002
C00912,2024-02,7543.950000000001
C00912,2024-03,900.66
C00912,2024-04,12629.47
C00912,2024-05,16664.95
C00912,2024-06,20514.01
C00912,2024-07,4618.04
C00912,2024-09,3512.67
C00912,2024-10,10980.57
C00912,2024-11,2263.5
C00912,2024-12,5607.01
C00912,2025-01,13223.0
C00912,2025-02,6990.31
C00912,2025-03,2095.78
C00912,2025-04,11842.49
C00912,2025-05,9892.470000000001
C00912,2025-07,12058.029999999999
C00912,2025-08,6868.05
C00912,2025-09,2699.34
C00912,2025-11,2508.45
C00912,2025-12,10350.99
C00913,2024-01,14785.02
C00913,2024-02,5641.39
C00913,2024-03,2533.21
C00913,2024-04,3507.45
C00913,2024-05,43938.8
C00913,2024-06,24778.42
C00913,2024-08,20035.25
C00913,2024-09,2658.29
C00913,2024-10,7465.85
C00913,2024-11,17323.8
C00913,2024-12,13700.279999999999
C00913,2025-01,30030.56
C00913,2025-02,21895.690000000002
C00913,2025-03,4183.13
C00913,2025-04,6167.75
C00913,2025-05,70087.32
C00913,2025-07,28655.78
C00913,2025-09,51956.13
C00913,2025-10,14640.99
C00913,2025-12,4175.63
C00914,2024-01,2595.6
C00914,2024-02,5867.79
C00914,2024-04,985.49
C00914,2024-07,34491.78
C00914,2024-09,2576.39
C00914,2024-10,6789.93
C00914,2025-04,101564.37
C00914,2025-06,51542.63
C00914,2025-07,4096.7
C00914,2025-08,19221.36
C00914,2025-10,8578.83
C00914,2025-11,6017.95
C00914,2025-12,43918.92
C00915,2024-01,37826.61
C00915,2024-02,6433.25
C00915,2024-03,22109.59
C00915,2024-05,1043.6
C00915,2024-06,75015.88
C00915,2024-07,6660.27
C00915,2024-08,2456.77
C00915,2024-09,9524.769999999999
C00915,2024-10,48964.28
C00915,2024-12,22328.73
C00915,2025-01,31927.7
C00915,2025-02,27109.94
C00915,2025-03,25428.28
C00915,2025-05,4323.21
C00915,2025-06,48685.25
C00915,2025-07,3258.23
C00915,2025-08,8930.07
C00915,2025-09,19976.18
C00915,2025-10,4434.6
C00915,2025-11,2847.05
C00915,2025-12,6055.26
C00916,2024-02,17851.61
C00916,2024-03,611.94
C00916,2024-04,5991.9400000000005
C00916,2024-05,7931.34
C00916,2024-06,8714.66
C00916,2024-07,27953.0
C00916,2024-08,72953.36
C00916,2024-09,2227.84
C00916,2024-10,3423.5
C00916,2024-12,38265.71
C00916,2025-01,2785.72
C00916,2025-02,2311.91
C00916,2025-03,4349.13
C00916,2025-05,5854.08
C00916,2025-06,21881.78
C00916,2025-07,54197.88
C00916,2025-08,1809.35
C00916,2025-09,17755.67
C00916,2025-10,9189.279999999999
C00916,2025-11,29086.93
C00916,2025-12,29762.0
C00917,2024-01,3454.26
C00917,2024-03,8299.01
C00917,2024-05,3970.04
C00917,2024-06,7100.4400000000005
C00917,2024-07,16445.52
C00917,2024-09,56978.729999999996
C00917,2024-11,23026.33
C00917,2024-12,16580.12
C00917,2025-01,15569.74
C00917,2025-04,8502.5
C00917,2025-05,13086.29
C00917,2025-08,1315.79
C00917,2025-09,62042.84
C00917,2025-10,28966.87
C00917,2025-11,12706.0
C00917,2025-12,3782.2699999999995
C00918,2024-02,2291.97
C00918,2024-03,17674.75
C00918,2024-05,11612.52
C00918,2024-06,4060.03
C00918,2024-07,6501.19
C00918,2024-08,54491.38
C00918,2024-10,13494.34
C00918,2024-11,1585.8
C00918,2024-12,14887.0
C00918,2025-01,6501.44
C00918,2025-02,16833.45
C00918,2025-03,270.32
C00918,2025-04,89274.36
C00918,2025-08,16820.63
C00918,2025-09,1549.72
C00918,2025-10,11467.01
C00918,2025-11,1490.22
C00919,2024-01,19442.710000000003
C00919,2024-03,29443.6
C00919,2024-04,2075.43
C00919,2024-05,4010.29
C00919,2024-06,1364.52
C00919,2024-08,2426.72
C00919,2024-09,17015.36
C00919,2024-10,4962.74
C00919,2024-11,2666.57
C00919,2024-12,3630.6499999999996
C00919,2025-02,9483.039999999999
C00919,2025-03,45083.32
C00919,2025-04,29714.89
C00919,2025-05,30194.43
C00919,2025-06,1691.07
C00919,2025-07,43796.96
C00919,2025-09,3552.54
C00919,2025-10,644.11
C00919,2025-12,5524.21
C00920,2024-02,12785.990000000002
C00920,2024-03,11994.88
C00920,2024-05,3196.19
C00920,2024-08,23580.3
C00920,2024-09,30539.32
C00920,2024-10,20954.55
C00920,2024-12,31204.42
C00920,2025-02,1594.37
C00920,2025-03,7247.12
C00920,2025-04,14760.04
C00920,2025-05,1682.1599999999999
C00920,2025-06,343.29
C00920,2025-07,19990.0
C00920,2025-10,22114.39
C00920,2025-11,9938.220000000001
C00920,2025-12,4606.53
C00921,2024-01,8080.3
C00921,2024-02,47512.7
C00921,2024-03,4788.32
C00921,2024-04,17391.12
C00921,2024-05,8326.28
C00921,2024-06,36280.05
C00921,2024-07,35755.16
C00921,2024-08,11138.300000000001
C00921,2024-10,8746.14
C00921,2024-11,20004.65
C00921,2025-01,28202.96
C00921,2025-02,17639.04
C00921,2025-03,26063.39
C00921,2025-04,878.08
C00921,2025-06,2460.35
C00921,2025-07,3098.18
C00921,2025-08,15276.35
C00921,2025-09,1990.64
C00921,2025-11,829.21
C00922,2024-01,21933.72
C00922,2024-03,1561.16
C00922,2024-05,6080.87
C00922,2024-06,64612.130000000005
C00922,2024-09,43292.59
C00922,2024-10,28629.86
C00922,2024-11,6100.7
C00922,2024-12,1948.38
C00922,2025-01,44138.95
C00922,2025-02,3605.44
C00922,2025-06,8899.02
C00922,2025-09,3607.64
C00922,2025-11,42966.01
C00922,2025-12,4625.27
C00923,2024-01,23038.71
C00923,2024-02,2123.97
C00923,2024-03,3708.3
C00923,2024-04,6074.8
C00923,2024-05,625.8
C00923,2024-06,16861.44
C00923,2024-11,12686.35
C00923,2024-12,2157.45
C00923,2025-01,2754.14
C00923,2025-03,23844.55
C00923,2025-05,27846.71
C00923,2025-06,2605.15
C00923,2025-07,28589.57
C00923,2025-08,13613.12
C00923,2025-09,66068.56
C00923,2025-10,44384.09
C00923,2025-11,22393.66
C00923,2025-12,20584.2
C00924,2024-01,44876.05
C00924,2024-02,3076.87
C00924,2024-03,53256.26
C00924,2024-04,3151.75
C00924,2024-05,38703.94
C00924,2024-07,33167.24
C00924,2024-08,40338.07
C00924,2024-10,1150.11
C00924,2024-11,16073.609999999999
C00924,2024-12,33713.23
C00924,2025-01,5860.46
C00924,2025-02,1931.61
C00924,2025-05,1842.21
C00924,2025-06,20088.04
C00924,2025-07,6380.17
C00924,2025-09,19032.97
C00924,2025-10,2217.59
C00924,2025-11,5777.52
C00924,2025-12,2583.24
C00925,2024-02,16878.81
C00925,2024-03,13014.71
C00925,2024-04,62733.130000000005
C00925,2024-05,15769.349999999999
C00925,2024-06,27243.35
C00925,2024-07,6753.81
C00925,2024-08,21295.55
C00925,2024-09,28857.29
C00925,2024-10,47035.37
C00925,2024-11,46949.490000000005
C00925,2024-12,26575.68
C00925,2025-01,38519.39
C00925,2025-03,19712.82
C00925,2025-05,14530.68
C00925,2025-06,16144.19
C00925,2025-08,16729.92
C00925,2025-09,5248.78
C00925,2025-10,2732.58
C00925,2025-11,1602.78
C00925,2025-12,26693.420000000002
C00926,2024-01,6951.78
C00926,2024-02,16600.21
C00926,2024-03,9189.82
C00926,2024-05,31753.07
C00926,2024-06,30271.18
C00926,2024-08,57161.25
C00926,2024-09,3188.94
C00926,2024-10,5962.33
C00926,2024-11,9400.86
C00926,2024-12,9542.380000000001
C00926,2025-01,58011.33
C00926,2025-03,41347.39
C00926,2025-04,20141.07
C00926,2025-05,53578.88
C00926,2025-06,35807.08
C00926,2025-07,1522.75
C00926,2025-09,38100.75
C00926,2025-10,1188.62
C00926,2025-11,1858.84
C00926,2025-12,12018.68
C00927,2024-01,14150.59
C00927,2024-02,16562.3
C00927,2024-03,1755.13
C00927,2024-04,47683.19
C00927,2024-05,2455.97
C00927,2024-06,908.55
C00927,2024-08,38432.689999999995
C00927,2024-09,18229.03
C00927,2024-10,21474.84
C00927,2024-11,731.14
C00927,2024-12,1216.93
C00927,2025-01,28098.480000000003
C00927,2025-03,9215.970000000001
C00927,2025-04,95204.07
C00927,2025-06,19989.28
C00927,2025-07,46958.48
C00927,2025-08,1763.0099999999998
C00927,2025-09,45643.6
C00927,2025-10,13576.72
C00928,2024-01,17609.11
C00928,2024-02,7232.459999999999
C00928,2024-03,7277.08
C00928,2024-06,3901.46
C00928,2024-07,3126.2599999999998
C00928,2024-08,19245.95
C00928,2024-10,49965.520000000004
C00928,2024-11,16092.25
C00928,2025-01,13748.54
C00928,2025-05,27998.09
C00928,2025-06,38536.21
C00928,2025-07,4204.0
C00928,2025-08,8484.8
C00928,2025-10,1592.29
C00928,2025-12,18571.65
C00929,2024-01,28129.86
C00929,2024-02,6916.650000000001
C00929,2024-03,31655.62
C00929,2024-04,8082.59
C00929,2024-05,1940.57
C00929,2024-06,1035.14
C00929,2024-07,536.3
C00929,2024-08,2213.37
C00929,2024-09,11219.65
C00929,2024-10,8226.66
C00929,2024-11,81126.54
C00929,2025-02,3795.4799999999996
C00929,2025-04,11096.019999999999
C00929,2025-05,48127.45
C00929,2025-06,654.96
C00929,2025-07,13149.380000000001
C00929,2025-08,7212.73
C00929,2025-09,7245.07
C00929,2025-10,28066.17
C00929,2025-11,1384.65
C00929,2025-12,5506.07
C00930,2024-01,589.77
C00930,2024-02,5964.68
C00930,2024-03,2859.15
C00930,2024-05,8518.48
C00930,2024-06,42314.42
C00930,2024-08,44735.53999999999
C00930,2024-09,34148.07
C00930,2024-11,2775.81
C00930,2024-12,12358.04
C00930,2025-01,21933.25
C00930,2025-03,31577.52
C00930,2025-04,17334.68
C00930,2025-05,1773.13
C00930,2025-06,2310.14
C00930,2025-07,17789.69
C00930,2025-08,32013.81
C00930,2025-09,1312.81
C00930,2025-10,2839.79
C00930,2025-11,15796.57
C00930,2025-12,18743.86
C00931,2024-01,13995.14
C00931,2024-02,14974.08
C00931,2024-05,6436.33
C00931,2024-07,2288.37
C00931,2024-08,1144.37
C00931,2024-09,1153.25
C00931,2024-10,13679.349999999999
C00931,2024-11,13448.259999999998
C00931,2024-12,18292.75
C00931,2025-01,32152.65
C00931,2025-02,4530.379999999999
C00931,2025-03,1058.42
C00931,2025-04,34807.71
C00931,2025-06,916.08
C00931,2025-07,12241.84
C00931,2025-08,22837.73
C00931,2025-09,1718.05
C00931,2025-10,772.49
C00931,2025-11,43815.28999999999
C00931,2025-12,6435.7
C00932,2024-01,16497.75
C00932,2024-03,36887.04
C00932,2024-08,2470.13
C00932,2024-09,208.2
C00932,2024-10,759.9
C00932,2025-02,13384.61
C00932,2025-03,13764.720000000001
C00932,2025-04,4657.49
C00932,2025-05,13436.78
C00932,2025-06,9954.27
C00932,2025-07,8621.08
C00932,2025-08,24772.829999999998
C00932,2025-09,33432.04
C00932,2025-10,50610.219999999994
C00932,2025-11,6697.71
C00932,2025-12,850.83
C00933,2024-01,12974.56
C00933,2024-04,31428.55
C00933,2024-05,30025.2
C00933,2024-06,3744.55
C00933,2024-07,6362.88
C00933,2024-08,4100.62
C00933,2024-10,19478.88
C00933,2024-11,31219.28
C00933,2024-12,3599.1800000000003
C00933,2025-01,50622.25
C00933,2025-02,11875.46
C00933,2025-03,2579.27
C00933,2025-04,97804.83
C00933,2025-06,7130.94
C00933,2025-08,5755.76
C00933,2025-09,453.63
C00933,2025-10,12349.52
C00933,2025-11,19889.64
C00933,2025-12,19808.45
C00934,2024-01,3936.63
C00934,2024-04,18968.02
C00934,2024-06,1815.57
C00934,2024-07,14699.48
C00934,2024-08,17927.37
C00934,2024-09,75570.53000000001
C00934,2024-10,6899.92
C00934,2024-11,39686.26
C00934,2024-12,23718.05
C00934,2025-01,1696.59
C00934,2025-03,21539.010000000002
C00934,2025-05,1951.63
C00934,2025-06,6742.01
C00934,2025-07,9773.05
C00934,2025-08,373.73
C00934,2025-09,2192.24
C00934,2025-10,22134.68
C00934,2025-11,38339.829999999994
C00934,2025-12,1592.99
C00935,2024-01,2179.85
C00935,2024-02,2180.09
C00935,2024-03,2816.45
C00935,2024-04,21786.64
C00935,2024-05,27505.66
C00935,2024-07,52088.82
C00935,2024-08,21784.43
C00935,2024-11,4686.969999999999
C00935,2024-12,14394.19
C00935,2025-01,16508.62
C00935,2025-03,13929.58
C00935,2025-04,11340.49
C00935,2025-05,11151.2
C00935,2025-06,18378.47
C00935,2025-07,47904.64
C00935,2025-08,37795.19
C00935,2025-09,35748.670000000006
C00935,2025-10,13639.46
C00935,2025-12,11089.61
C00936,2024-01,48094.64
C00936,2024-02,9882.93
C00936,2024-03,4028.8
C00936,2024-04,24756.940000000002
C00936,2024-05,7869.1900000000005
C00936,2024-06,1493.28
C00936,2024-07,23590.65
C00936,2024-09,64740.56
C00936,2024-10,10409.64
C00936,2024-11,4035.24
C00936,2024-12,374.03
C00936,2025-03,2118.59
C00936,2025-04,1567.63
C00936,2025-06,36920.020000000004
C00936,2025-07,23976.46
C00936,2025-08,2554.32
C00936,2025-09,2669.2599999999998
C00936,2025-10,12562.91
C00936,2025-11,13809.16
C00936,2025-12,9272.44
C00937,2024-02,6378.29
C00937,2024-04,2355.96
C00937,2024-05,2780.6400000000003
C00937,2024-06,20784.18
C00937,2024-07,4684.15
C00937,2024-08,24990.08
C00937,2024-09,20199.870000000003
C00937,2024-10,38677.72
C00937,2024-11,4858.63
C00937,2024-12,2924.0
C00937,2025-01,1753.1
C00937,2025-02,12398.3
C00937,2025-04,6053.86
C00937,2025-06,24784.5
C00937,2025-07,87528.21
C00937,2025-08,14502.41
C00937,2025-09,22514.59
C00937,2025-10,7472.28
C00937,2025-11,18248.34
C00937,2025-12,5915.99
C00938,2024-01,3658.39
C00938,2024-02,35401.84
C00938,2024-04,10473.33
C00938,2024-05,5161.07
C00938,2024-06,57954.81999999999
C00938,2024-08,12416.01
C00938,2024-09,39105.43
C00938,2024-10,2749.9
C00938,2024-11,16206.48
C00938,2024-12,22106.52
C00938,2025-01,5267.33
C00938,2025-03,5359.35
C00938,2025-04,9557.39
C00938,2025-06,2563.87
C00938,2025-07,2639.1
C00938,2025-08,6594.87
C00938,2025-09,3696.95
C00938,2025-10,6401.97
C00938,2025-11,3869.0
C00938,2025-12,52322.18
C00939,2024-01,20127.989999999998
C00939,2024-03,15401.5
C00939,2024-05,13984.07
C00939,2024-09,5979.58
C00939,2024-11,13326.88
C00939,2024-12,42664.82
C00939,2025-01,42283.55
C00939,2025-02,1739.95
C00939,2025-04,7949.32
C00939,2025-06,19256.74
C00939,2025-07,42785.97
C00939,2025-08,7399.71
C00939,2025-09,1071.9
C00939,2025-10,49463.14
C00939,2025-11,8974.55
C00939,2025-12,24080.05
C00940,2024-01,30163.550000000003
C00940,2024-02,40270.15
C00940,2024-03,9941.0
C00940,2024-06,2690.9
C00940,2024-07,1972.67
C00940,2024-08,6235.33
C00940,2024-09,6930.57
C00940,2024-10,17529.69
C00940,2024-12,7556.78
C00940,2025-01,8838.59
C00940,2025-02,9435.22
C00940,2025-03,45927.86
C00940,2025-04,33007.56
C00940,2025-05,2747.85
C00940,2025-06,7578.32
C00940,2025-07,18242.16
C00940,2025-08,5214.52
C00940,2025-09,9122.09
C00940,2025-10,1231.21
C00940,2025-11,58921.35
C00940,2025-12,26818.67
C00941,2024-01,17296.41
C00941,2024-02,3672.29
C00941,2024-03,54674.57000000001
C00941,2024-05,26562.82
C00941,2024-06,9819.99
C00941,2024-07,48100.9
C00941,2024-08,238.11
C00941,2024-09,5508.1900000000005
C00941,2024-11,15599.82
C00941,2024-12,5245.469999999999
C00941,2025-01,53471.12
C00941,2025-03,44719.53
C00941,2025-04,9004.46
C00941,2025-05,57335.16
C00941,2025-06,1475.47
C00941,2025-07,26807.59
C00941,2025-08,49343.03
C00941,2025-10,37853.08
C00941,2025-11,11613.61
C00941,2025-12,5404.31
C00942,2024-02,7535.12
C00942,2024-03,31899.0
C00942,2024-04,1970.59
C00942,2024-05,47269.41
C00942,2024-07,25390.58
C00942,2024-08,33651.75
C00942,2024-09,60794.490000000005
C00942,2024-12,4516.28
C00942,2025-01,27935.09
C00942,2025-02,3244.99
C00942,2025-03,1178.1
C00942,2025-06,15866.72
C00942,2025-08,4062.92
C00942,2025-09,6670.31
C00942,2025-11,771.82
C00942,2025-12,22638.36
C00943,2024-01,10911.689999999999
C00943,2024-02,2000.43
C00943,2024-03,6937.530000000001
C00943,2024-04,19735.43
C00943,2024-05,6102.14
C00943,2024-06,31098.4
C00943,2024-07,7616.5
C00943,2024-08,378.78
C00943,2024-09,4282.28
C00943,2024-11,10923.57
C00943,2025-01,59381.579999999994
C00943,2025-03,2005.61
C00943,2025-04,14756.679999999998
C00943,2025-05,11714.53
C00943,2025-06,29259.28
C00943,2025-08,1747.53
C00943,2025-09,41752.61
C00943,2025-10,2872.42
C00943,2025-11,34517.3
C00943,2025-12,1013.24
C00944,2024-02,37781.25
C00944,2024-04,23130.52
C00944,2024-05,56758.72
C00944,2024-06,8471.02
C00944,2024-07,1770.19
C00944,2024-08,2099.01
C00944,2024-09,2446.7
C00944,2024-10,19093.02
C00944,2024-12,2314.44
C00944,2025-01,8342.2
C00944,2025-02,28951.98
C00944,2025-03,847.63
C00944,2025-04,61554.299999999996
C00944,2025-05,1806.25
C00944,2025-06,20095.55
C00944,2025-07,19157.27
C00944,2025-09,16795.5
C00944,2025-10,29659.230000000003
C00944,2025-11,1544.23
C00945,2024-02,1180.79
C00945,2024-03,3421.24
C00945,2024-04,19387.25
C00945,2024-07,25656.6
C00945,2024-08,8947.15
C00945,2024-09,1250.14
C00945,2024-10,9260.66
C00945,2024-11,56862.67
C00945,2025-01,21806.45
C00945,2025-02,33574.87
C00945,2025-03,58648.38
C00945,2025-04,11561.69
C00945,2025-05,2155.0
C00945,2025-06,5785.84
C00945,2025-07,3456.58
C00945,2025-09,26776.510000000002
C00945,2025-10,2838.7300000000005
C00945,2025-11,7927.47
C00945,2025-12,1581.3
C00946,2024-02,38699.2
C00946,2024-04,34824.85
C00946,2024-06,14315.21
C00946,2024-08,27732.94
C00946,2024-10,964.44
C00946,2024-11,3552.81
C00946,2025-01,39991.5
C00946,2025-02,325.97
C00946,2025-03,9076.57
C00946,2025-04,19439.11
C00946,2025-05,6430.27
C00946,2025-06,34894.55
C00946,2025-07,2935.7299999999996
C00946,2025-09,11033.96
C00946,2025-10,4711.46
C00946,2025-11,12793.12
C00946,2025-12,4901.76
C00947,2024-01,195.9
C00947,2024-02,31966.28
C00947,2024-03,2244.06
C00947,2024-04,6182.55
C00947,2024-07,5256.78
C00947,2024-08,24987.97
C00947,2024-09,21378.739999999998
C00947,2024-10,601.75
C00947,2024-11,5756.28
C00947,2024-12,105826.91
C00947,2025-01,4069.2200000000003
C00947,2025-02,1958.45
C00947,2025-03,934.97
C00947,2025-06,29997.7
C00947,2025-07,8285.060000000001
C00947,2025-11,1025.57
C00947,2025-12,10705.32
C00948,2024-02,1792.91
C00948,2024-03,762.25
C00948,2024-06,32536.939999999995
C00948,2024-07,43570.5
C00948,2024-09,3912.1499999999996
C00948,2024-10,28347.32
C00948,2024-12,2030.67
C00948,2025-01,7034.43
C00948,2025-02,22936.899999999998
C00948,2025-03,1854.0
C00948,2025-04,12271.869999999999
C00948,2025-05,1789.99
C00948,2025-08,17340.99
C00948,2025-09,2739.14
C00948,2025-11,1339.26
C00948,2025-12,28338.7
C00949,2024-02,3782.41
C00949,2024-03,17769.75
C00949,2024-05,83734.37
C00949,2024-06,43030.75
C00949,2024-08,2745.52
C00949,2024-09,40961.649999999994
C00949,2024-10,845.95
C00949,2024-12,16477.09
C00949,2025-01,19610.77
C00949,2025-02,1517.09
C00949,2025-03,14465.900000000001
C00949,2025-04,28007.68
C00949,2025-05,197.3
C00949,2025-06,38350.130000000005
C00949,2025-07,58901.189999999995
C00949,2025-09,34361.61
C00949,2025-12,17166.21
C00950,2024-01,27123.51
C00950,2024-04,33369.09
C00950,2024-06,14845.3
C00950,2024-07,45892.369999999995
C00950,2024-10,6222.18
C00950,2024-12,35149.39
C00950,2025-01,41274.57
C00950,2025-02,20768.37
C00950,2025-03,17310.52
C00950,2025-04,46637.41
C00950,2025-05,5635.370000000001
C00950,2025-06,15389.92
C00950,2025-08,7748.150000000001
C00950,2025-09,2593.62
C00950,2025-10,27628.26
C00950,2025-11,6126.97
C00951,2024-02,20959.19
C00951,2024-03,2786.53
C00951,2024-05,14035.73
C00951,2024-08,2336.37
C00951,2024-09,871.94
C00951,2024-11,2408.46
C00951,2025-01,39093.44
C00951,2025-02,11238.919999999998
C00951,2025-04,26067.29
C00951,2025-06,31783.82
C00951,2025-07,11847.220000000001
C00951,2025-08,16757.73
C00951,2025-10,20210.34
C00951,2025-11,1014.1500000000001
C00952,2024-02,2118.02
C00952,2024-03,18826.64
C00952,2024-05,69644.7
C00952,2024-06,6477.08
C00952,2024-07,4270.639999999999
C00952,2024-08,6316.85
C00952,2024-10,1411.54
C00952,2024-11,69853.15999999999
C00952,2024-12,7256.83
C00952,2025-02,11660.4
C00952,2025-04,1593.89
C00952,2025-05,16882.42
C00952,2025-06,6545.66
C00952,2025-08,6454.36
C00952,2025-09,5987.5599999999995
C00952,2025-10,34231.770000000004
C00952,2025-11,28583.97
C00953,2024-01,3603.41
C00953,2024-02,18276.21
C00953,2024-03,1281.92
C00953,2024-04,2673.09
C00953,2024-05,16625.54
C00953,2024-07,17676.29
C00953,2024-09,8022.04
C00953,2024-10,27315.9
C00953,2024-11,12533.61
C00953,2024-12,35368.4
C00953,2025-01,28404.11
C00953,2025-02,12283.63
C00953,2025-03,36945.149999999994
C00953,2025-04,6807.27
C00953,2025-05,14538.96
C00953,2025-07,3194.53
C00953,2025-08,11493.38
C00953,2025-10,2518.67
C00953,2025-11,21526.09
C00953,2025-12,3396.48
C00954,2024-01,17224.66
C00954,2024-02,18419.56
C00954,2024-03,51109.55
C00954,2024-04,18270.37
C00954,2024-05,56491.0
C00954,2024-06,28159.730000000003
C00954,2024-08,822.75
C00954,2024-11,36521.46
C00954,2024-12,39926.0
C00954,2025-01,58012.66
C00954,2025-03,5759.21
C00954,2025-04,2974.94
C00954,2025-08,11399.86
C00954,2025-09,54778.42999999999
C00954,2025-10,949.39
C00954,2025-11,1468.68
C00955,2024-01,8520.38
C00955,2024-03,184.99
C00955,2024-05,24049.98
C00955,2024-06,19631.93
C00955,2024-07,15881.349999999999
C00955,2024-08,26614.379999999997
C00955,2024-09,28085.35
C00955,2024-10,468.26
C00955,2024-11,6427.85
C00955,2024-12,1907.19
C00955,2025-02,9680.04
C00955,2025-03,12302.54
C00955,2025-04,2056.57
C00955,2025-06,13244.29
C00955,2025-08,13408.630000000001
C00955,2025-09,17005.35
C00955,2025-10,19544.76
C00956,2024-01,7829.83
C00956,2024-02,19285.29
C00956,2024-04,54396.61
C00956,2024-05,812.96
C00956,2024-07,1894.76
C00956,2024-09,24280.78
C00956,2024-11,8065.429999999999
C00956,2024-12,2775.83
C00956,2025-01,6626.12
C00956,2025-02,19226.449999999997
C00956,2025-03,7131.71
C00956,2025-04,22584.75
C00956,2025-05,34452.98
C00956,2025-06,1177.09
C00956,2025-07,6358.15
C00956,2025-09,1214.82
C00956,2025-10,54113.7
C00956,2025-11,72044.75
C00956,2025-12,4325.93
C00957,2024-01,7188.81
C00957,2024-02,34614.74
C00957,2024-03,7248.48
C00957,2024-04,12166.29
C00957,2024-06,11575.89
C00957,2024-07,42694.310000000005
C00957,2024-08,2675.87
C00957,2024-09,1658.15
C00957,2025-01,5519.54
C00957,2025-02,876.46
C00957,2025-03,2847.7
C00957,2025-04,6804.42
C00957,2025-06,11707.52
C00957,2025-07,17697.84
C00957,2025-08,511.98
C00957,2025-09,3758.1
C00957,2025-11,19476.86
C00957,2025-12,13249.1
C00958,2024-02,30333.94
C00958,2024-03,6013.12
C00958,2024-04,52282.11
C00958,2024-05,2717.6699999999996
C00958,2024-06,650.68
C00958,2024-07,20672.980000000003
C00958,2024-08,15758.91
C00958,2024-11,70209.83
C00958,2024-12,36698.2
C00958,2025-01,14224.09
C00958,2025-02,19536.28
C00958,2025-06,13426.35
C00958,2025-07,16499.829999999998
C00958,2025-08,1301.12
C00958,2025-09,34352.61
C00958,2025-11,13773.43
C00959,2024-02,5164.28
C00959,2024-03,12375.06
C00959,2024-05,2237.94
C00959,2024-07,1495.22
C00959,2024-10,41711.74
C00959,2024-11,3481.69
C00959,2024-12,13994.16
C00959,2025-01,11830.02
C00959,2025-04,19904.859999999997
C00959,2025-05,23421.75
C00959,2025-06,4505.01
C00959,2025-07,37169.98
C00959,2025-08,3372.9900000000002
C00959,2025-09,1455.24
C00959,2025-10,11034.890000000001
C00959,2025-12,75886.38
C00960,2024-01,17632.03
C00960,2024-02,26197.9
C00960,2024-03,14290.88
C00960,2024-04,3645.8599999999997
C00960,2024-05,7747.95
C00960,2024-06,29710.2
C00960,2024-07,17299.31
C00960,2024-08,1696.88
C00960,2024-09,15258.16
C00960,2024-11,17452.89
C00960,2024-12,43887.49
C00960,2025-03,15957.03
C00960,2025-07,13882.46
C00960,2025-08,2723.26
C00960,2025-09,14746.460000000001
C00960,2025-10,35172.780000000006
C00960,2025-11,3827.52
C00960,2025-12,55795.42
C00961,2024-01,12075.96
C00961,2024-03,2169.0
C00961,2024-04,4798.51
C00961,2024-05,18266.57
C00961,2024-06,7057.15
C00961,2024-07,23464.829999999998
C00961,2024-08,2487.68
C00961,2024-09,11584.6
C00961,2024-12,6825.87
C00961,2025-01,63590.18
C00961,2025-02,37283.48
C00961,2025-03,83138.28
C00961,2025-04,93552.45
C00961,2025-05,5573.28
C00961,2025-06,38047.46
C00961,2025-09,33959.84
C00961,2025-10,38806.63
C00961,2025-12,1832.17
C00962,2024-02,5738.02
C00962,2024-05,5003.99
C00962,2024-06,1548.62
C00962,2024-07,4197.03
C00962,2024-09,93960.43000000001
C00962,2024-10,16287.05
C00962,2025-02,33746.85
C00962,2025-03,1325.52
C00962,2025-04,29569.2
C00962,2025-05,28209.57
C00962,2025-06,58523.78
C00962,2025-08,18919.45
C00962,2025-10,2304.49
C00962,2025-11,19252.81
C00962,2025-12,11753.99
C00963,2024-01,8474.380000000001
C00963,2024-02,10714.32
C00963,2024-03,1503.36
C00963,2024-04,15028.64
C00963,2024-06,54409.68
C00963,2024-07,23507.91
C00963,2024-08,7748.29
C00963,2024-09,12703.51
C00963,2024-10,19258.88
C00963,2024-12,5755.54
C00963,2025-02,8542.130000000001
C00963,2025-03,2261.49
C00963,2025-04,6012.51
C00963,2025-05,985.44
C00963,2025-06,8035.339999999999
C00963,2025-07,12952.490000000002
C00963,2025-08,1826.62
C00963,2025-09,13427.400000000001
C00963,2025-11,245.9
C00963,2025-12,5188.09
C00964,2024-01,2026.3200000000002
C00964,2024-02,5704.21
C00964,2024-03,13861.78
C00964,2024-05,85826.35999999999
C00964,2024-06,2337.47
C00964,2024-07,19051.88
C00964,2024-08,2585.42
C00964,2024-09,11866.71
C00964,2024-10,8452.52
C00964,2024-11,2961.29
C00964,2024-12,57216.25
C00964,2025-01,15930.96
C00964,2025-03,840.39
C00964,2025-04,969.31
C00964,2025-05,49813.7
C00964,2025-07,13667.59
C00964,2025-08,26051.33
C00964,2025-09,2443.0
C00964,2025-10,14194.15
C00964,2025-11,10136.34
C00965,2024-02,2389.31
C00965,2024-04,5065.410000000001
C00965,2024-05,5213.29
C00965,2024-06,25397.32
C00965,2024-07,868.65
C00965,2024-08,6833.29
C00965,2024-09,9704.2
C00965,2024-10,380.74
C00965,2025-02,13011.05
C00965,2025-04,2587.28
C00965,2025-05,2590.54
C00965,2025-06,3489.1499999999996
C00965,2025-07,6963.05
C00965,2025-09,1436.85
C00965,2025-10,3008.44
C00965,2025-11,7938.280000000001
C00965,2025-12,7676.31
C00966,2024-01,1021.96
C00966,2024-03,1317.2
C00966,2024-04,39643.14
C00966,2024-05,42643.27
C00966,2024-06,48507.76
C00966,2024-07,20788.05
C00966,2024-08,54203.729999999996
C00966,2024-09,3021.1
C00966,2024-10,21048.82
C00966,2024-12,2439.39
C00966,2025-01,5587.62
C00966,2025-02,1914.69
C00966,2025-03,826.45
C00966,2025-04,46975.55
C00966,2025-05,36394.56
C00966,2025-06,8656.28
C00966,2025-07,7882.98
C00966,2025-09,6898.43
C00966,2025-10,1571.24
C00966,2025-11,2114.71
C00966,2025-12,1754.19
C00967,2024-01,69061.2
C00967,2024-02,603.83
C00967,2024-03,17104.18
C00967,2024-04,33234.65
C00967,2024-06,2046.73
C00967,2024-07,47137.340000000004
C00967,2024-08,48659.98
C00967,2024-09,4511.46
C00967,2024-10,4979.77
C00967,2024-12,55769.159999999996
C00967,2025-01,2675.64
C00967,2025-02,1955.22
C00967,2025-03,9727.19
C00967,2025-05,38367.22
C00967,2025-06,23365.26
C00967,2025-07,25464.75
C00967,2025-08,481.66
C00967,2025-09,17366.23
C00967,2025-12,28856.53
C00968,2024-01,14734.78
C00968,2024-02,10557.75
C00968,2024-03,4383.49
C00968,2024-05,1842.81
C00968,2024-06,6349.82
C00968,2024-07,22033.9
C00968,2024-08,6306.3099999999995
C00968,2024-09,23679.96
C00968,2024-11,2134.99
C00968,2024-12,5621.15
C00968,2025-01,2950.03
C00968,2025-02,12080.65
C00968,2025-03,3397.94
C00968,2025-05,19100.74
C00968,2025-06,1304.72
C00968,2025-07,32245.93
C00968,2025-08,4262.9800000000005
C00968,2025-11,1320.28
C00968,2025-12,19745.02
C00969,2024-01,8928.82
C00969,2024-06,39805.630000000005
C00969,2024-07,6456.04
C00969,2024-08,12599.28
C00969,2024-09,5800.13
C00969,2024-10,6033.99
C00969,2024-11,18214.55
C00969,2024-12,2436.34
C00969,2025-01,2224.63
C00969,2025-02,14899.28
C00969,2025-05,15347.42
C00969,2025-06,19828.41
C00969,2025-07,15596.16
C00969,2025-08,1363.53
C00969,2025-09,7028.84
C00970,2024-02,20072.67
C00970,2024-03,1690.81
C00970,2024-04,52059.3
C00970,2024-06,52829.35
C00970,2024-07,25718.47
C00970,2024-10,30413.46
C00970,2024-11,4768.9400000000005
C00970,2024-12,5210.28
C00970,2025-01,10504.97
C00970,2025-03,43434.119999999995
C00970,2025-04,2496.51
C00970,2025-05,41739.119999999995
C00970,2025-07,1951.84
C00970,2025-08,37877.79
C00970,2025-09,44821.63
C00970,2025-10,3173.0
C00970,2025-11,6048.900000000001
C00971,2024-01,2087.82
C00971,2024-05,32015.879999999997
C00971,2024-06,43547.52
C00971,2024-09,14568.11
C00971,2024-11,34147.65
C00971,2024-12,32326.78
C00971,2025-01,6919.93
C00971,2025-02,17034.370000000003
C00971,2025-03,43163.409999999996
C00971,2025-05,10286.199999999999
C00971,2025-06,7094.08
C00971,2025-07,17131.489999999998
C00971,2025-08,42638.66
C00971,2025-09,4853.08
C00971,2025-10,4944.04
C00971,2025-11,3696.21
C00971,2025-12,16248.46
C00972,2024-01,21573.06
C00972,2024-03,2098.13
C00972,2024-04,10820.73
C00972,2024-05,3279.6
C00972,2024-06,30737.31
C00972,2024-08,1906.91
C00972,2024-09,38253.64
C00972,2024-12,3457.35
C00972,2025-01,2288.4900000000002
C00972,2025-03,11817.31
C00972,2025-04,4142.55
C00972,2025-06,87804.98000000001
C00972,2025-07,26317.6
C00972,2025-08,11659.96
C00972,2025-09,12316.66
C00972,2025-10,4562.41
C00972,2025-11,6576.33
C00972,2025-12,1433.64
C00973,2024-03,10562.43
C00973,2024-05,2336.03
C00973,2024-07,6257.13
C00973,2024-08,7282.48
C00973,2024-09,33593.76
C00973,2024-10,173.17
C00973,2024-11,7629.41
C00973,2024-12,35746.18
C00973,2025-02,36360.77
C00973,2025-03,7046.52
C00973,2025-04,23835.56
C00973,2025-05,26386.21
C00973,2025-06,2663.91
C00973,2025-07,65879.17
C00973,2025-08,10028.369999999999
C00973,2025-09,4668.79
C00973,2025-10,21961.8
C00973,2025-11,2607.55
C00973,2025-12,229.33
C00974,2024-02,5424.43
C00974,2024-03,21640.8
C00974,2024-04,2194.11
C00974,2024-05,24449.559999999998
C00974,2024-07,10831.349999999999
C00974,2024-10,9672.83
C00974,2024-11,26447.04
C00974,2024-12,33199.61
C00974,2025-01,4194.59
C00974,2025-02,25464.44
C00974,2025-03,23419.39
C00974,2025-04,39693.619999999995
C00974,2025-05,39858.520000000004
C00974,2025-07,2421.5299999999997
C00974,2025-08,11935.83
C00974,2025-09,11804.37
C00974,2025-12,19886.92
C00975,2024-01,43751.98
C00975,2024-03,9481.89
C00975,2024-04,11156.05
C00975,2024-05,51544.11
C00975,2024-06,2536.1800000000003
C00975,2024-07,21731.49
C00975,2024-09,1579.54
C00975,2024-10,24589.84
C00975,2024-12,24197.65
C00975,2025-01,2418.81
C00975,2025-03,15784.1
C00975,2025-04,7288.549999999999
C00975,2025-05,12519.49
C00975,2025-06,23237.42
C00975,2025-08,1575.33
C00975,2025-09,88110.17
C00975,2025-10,10113.66
C00975,2025-11,33002.630000000005
C00975,2025-12,25997.09
C00976,2024-01,65698.45999999999
C00976,2024-03,19620.739999999998
C00976,2024-04,1837.9
C00976,2024-06,4579.08
C00976,2024-07,47068.380000000005
C00976,2024-08,23977.09
C00976,2024-09,2743.8
C00976,2024-10,8929.53
C00976,2024-11,2344.48
C00976,2025-01,7444.35
C00976,2025-02,3642.46
C00976,2025-03,47192.73
C00976,2025-04,20302.73
C00976,2025-05,539.82
C00976,2025-06,2229.68
C00976,2025-07,68959.52
C00976,2025-08,3477.35
C00976,2025-09,2162.66
C00976,2025-10,1704.65
C00976,2025-11,13514.3
C00976,2025-12,22909.37
C00977,2024-01,14965.5
C00977,2024-02,26373.69
C00977,2024-03,702.84
C00977,2024-04,13749.46
C00977,2024-05,65751.24
C00977,2024-07,14804.81
C00977,2024-08,12264.34
C00977,2024-09,31599.440000000002
C00977,2024-10,8899.87
C00977,2024-11,1777.63
C00977,2025-01,3430.24
C00977,2025-02,1745.61
C00977,2025-03,15619.11
C00977,2025-04,26436.09
C00977,2025-07,9639.83
C00977,2025-09,3347.22
C00977,2025-11,3625.78
C00977,2025-12,46803.67
C00978,2024-01,11157.720000000001
C00978,2024-03,822.86
C00978,2024-04,17392.48
C00978,2024-05,13030.2
C00978,2024-07,8806.77
C00978,2024-08,1072.25
C00978,2024-09,6079.87
C00978,2024-10,24363.17
C00978,2024-11,17300.26
C00978,2024-12,2491.39
C00978,2025-02,22260.149999999998
C00978,2025-03,2983.74
C00978,2025-04,18071.5
C00978,2025-05,10906.77
C00978,2025-06,4838.450000000001
C00978,2025-07,5918.36
C00978,2025-08,13624.82
C00978,2025-09,21923.12
C00978,2025-10,1175.49
C00978,2025-11,20198.92
C00979,2024-01,2498.2
C00979,2024-02,9725.76
C00979,2024-03,42387.38
C00979,2024-04,10911.06
C00979,2024-05,15222.310000000001
C00979,2024-06,12396.96
C00979,2024-07,6505.4
C00979,2024-08,7889.51
C00979,2024-10,45478.27
C00979,2024-11,34496.200000000004
C00979,2024-12,6254.33
C00979,2025-01,1733.26
C00979,2025-02,24551.72
C00979,2025-03,36464.25
C00979,2025-05,3718.09
C00979,2025-08,39774.05
C00979,2025-09,5768.63
C00979,2025-10,23225.13
C00979,2025-11,20449.170000000002
C00980,2024-03,15729.47
C00980,2024-05,22404.68
C00980,2024-06,84609.96
C00980,2024-07,14475.92
C00980,2024-08,41346.8
C00980,2024-09,13836.73
C00980,2024-10,18056.39
C00980,2024-11,32999.75
C00980,2024-12,31404.54
C00980,2025-04,32253.34
C00980,2025-05,18201.16
C00980,2025-06,8950.349999999999
C00980,2025-07,15776.85
C00980,2025-08,19519.35
C00980,2025-09,342.79
C00980,2025-10,1895.4
C00980,2025-11,1998.47
C00980,2025-12,14089.38
C00981,2024-03,41823.06
C00981,2024-05,4081.33
C00981,2024-06,59276.61
C00981,2024-07,39215.8
C00981,2024-08,4472.8
C00981,2024-09,49383.7
C00981,2024-12,5141.049999999999
C00981,2025-03,34984.18
C00981,2025-04,401.62
C00981,2025-05,1304.71
C00981,2025-06,21051.5
C00981,2025-07,483.11
C00981,2025-09,47700.770000000004
C00981,2025-10,1840.58
C00982,2024-01,19297.81
C00982,2024-02,16499.8
C00982,2024-03,60907.46000000001
C00982,2024-04,61616.61
C00982,2024-05,4580.34
C00982,2024-06,2103.28
C00982,2024-08,13275.539999999999
C00982,2024-09,2014.92
C00982,2024-10,10094.99
C00982,2024-12,822.14
C00982,2025-02,3846.9
C00982,2025-04,5578.53
C00982,2025-05,10785.4
C00982,2025-06,5872.92
C00982,2025-07,63460.42
C00982,2025-08,19784.29
C00982,2025-09,3110.12
C00982,2025-10,10372.01
C00982,2025-11,21038.2
C00982,2025-12,1487.67
C00983,2024-01,16572.370000000003
C00983,2024-02,5317.0
C00983,2024-03,26583.8
C00983,2024-04,7451.8
C00983,2024-05,7076.54
C00983,2024-06,47825.94
C00983,2024-07,10607.49
C00983,2024-08,10410.1
C00983,2024-09,5551.71
C00983,2024-10,38265.45
C00983,2024-11,81881.2
C00983,2024-12,2518.96
C00983,2025-01,6694.3099999999995
C00983,2025-02,14446.66
C00983,2025-03,17065.84
C00983,2025-04,307.77
C00983,2025-08,43780.48
C00983,2025-09,45878.67
C00983,2025-10,2200.9
C00983,2025-11,3944.6499999999996
C00983,2025-12,3833.93
C00984,2024-01,16232.9
C00984,2024-02,965.44
C00984,2024-03,14478.550000000001
C00984,2024-04,1905.14
C00984,2024-05,23802.239999999998
C00984,2024-06,63305.23
C00984,2024-07,1064.39
C00984,2024-08,6625.26
C00984,2024-09,34753.66
C00984,2024-10,17753.98
C00984,2024-11,12852.78
C00984,2024-12,41627.7
C00984,2025-01,4520.19
C00984,2025-02,3301.17
C00984,2025-04,37895.31
C00984,2025-06,1753.07
C00984,2025-07,15382.130000000001
C00984,2025-09,69275.43
C00984,2025-10,5672.83
C00984,2025-11,24203.24
C00984,2025-12,28786.85
C00985,2024-01,3361.6
C00985,2024-02,36323.28
C00985,2024-03,23312.37
C00985,2024-04,47194.61
C00985,2024-05,17165.03
C00985,2024-06,7108.93
C00985,2024-08,1089.1
C00985,2024-09,47685.56
C00985,2024-10,25302.9
C00985,2024-11,10016.65
C00985,2024-12,3975.3999999999996
C00985,2025-02,16017.43
C00985,2025-03,1368.46
C00985,2025-04,21798.85
C00985,2025-06,25171.500000000004
C00985,2025-07,12812.8
C00985,2025-09,9761.25
C00985,2025-10,25071.57
C00985,2025-12,24575.81
C00986,2024-02,28868.08
C00986,2024-04,31353.27
C00986,2024-05,9916.47
C00986,2024-07,24657.09
C00986,2024-08,32478.0
C00986,2024-10,11819.539999999999
C00986,2025-01,55929.53999999999
C00986,2025-02,10260.58
C00986,2025-04,31645.22
C00986,2025-07,9137.48
C00986,2025-08,991.4
C00986,2025-09,53866.21
C00986,2025-10,30752.15
C00986,2025-11,19775.98
C00986,2025-12,3913.09
C00987,2024-01,1492.06
C00987,2024-03,39868.59
C00987,2024-04,8367.77
C00987,2024-05,12132.07
C00987,2024-06,19092.77
C00987,2024-07,46498.55
C00987,2024-08,834.07
C00987,2024-09,5387.92
C00987,2024-11,26809.27
C00987,2024-12,2635.58
C00987,2025-03,2509.65
C00987,2025-05,32371.260000000002
C00987,2025-06,813.55
C00987,2025-07,28452.57
C00987,2025-08,2903.48
C00987,2025-09,53931.05
C00987,2025-12,1595.26
C00988,2024-01,30525.21
C00988,2024-02,47541.509999999995
C00988,2024-03,16425.77
C00988,2024-04,8040.58
C00988,2024-05,13506.13
C00988,2024-06,62205.030000000006
C00988,2024-07,2380.46
C00988,2024-08,18442.86
C00988,2024-09,23361.309999999998
C00988,2024-10,5510.48
C00988,2024-11,30354.85
C00988,2024-12,15165.68
C00988,2025-01,1727.36
C00988,2025-02,2480.1
C00988,2025-03,39725.76
C00988,2025-04,22626.72
C00988,2025-05,462.01
C00988,2025-06,9759.07
C00988,2025-07,6735.24
C00988,2025-08,10847.56
C00988,2025-09,11884.83
C00988,2025-10,536.72
C00988,2025-11,17320.06
C00989,2024-02,8987.56
C00989,2024-03,491.8
C00989,2024-04,7844.64
C00989,2024-05,18144.98
C00989,2024-06,4627.030000000001
C00989,2024-07,56049.53
C00989,2024-08,701.84
C00989,2024-09,4456.58
C00989,2024-10,9330.32
C00989,2024-12,25532.03
C00989,2025-01,35327.6
C00989,2025-03,63914.380000000005
C00989,2025-05,6659.0
C00989,2025-06,1885.9
C00989,2025-07,39306.39
C00989,2025-09,20532.64
C00989,2025-11,9818.75
C00989,2025-12,32874.619999999995
C00990,2024-01,11753.99
C00990,2024-03,34434.979999999996
C00990,2024-04,56674.41
C00990,2024-05,1838.46
C00990,2024-06,16049.42
C00990,2024-07,55499.48
C00990,2024-08,491.53
C00990,2024-09,38365.35
C00990,2024-10,42909.21
C00990,2024-11,25405.39
C00990,2024-12,46990.6
C00990,2025-01,1787.8
C00990,2025-02,22321.93
C00990,2025-03,69376.28
C00990,2025-04,4425.35
C00990,2025-05,29092.79
C00990,2025-06,14583.08
C00990,2025-07,6280.38
C00990,2025-08,3018.05
C00990,2025-10,365.85
C00990,2025-11,4704.1900000000005
C00990,2025-12,14509.66
C00991,2024-01,5797.63
C00991,2024-02,4402.03
C00991,2024-07,1757.44
C00991,2024-08,4689.41
C00991,2024-09,6874.46
C00991,2024-10,17470.09
C00991,2024-11,2364.23
C00991,2024-12,1616.93
C00991,2025-01,11360.17
C00991,2025-02,23167.08
C00991,2025-04,4405.32
C00991,2025-07,48297.57
C00991,2025-08,24580.1
C00991,2025-09,8822.56
C00991,2025-10,1024.56
C00991,2025-11,659.94
C00992,2024-01,15138.779999999999
C00992,2024-03,519.45
C00992,2024-04,30427.58
C00992,2024-05,3307.17
C00992,2024-07,2349.57
C00992,2024-08,26238.679999999997
C00992,2025-01,37103.5
C00992,2025-02,9182.16
C00992,2025-03,60540.51
C00992,2025-04,6945.66
C00992,2025-05,20314.6
C00992,2025-06,15344.0
C00992,2025-07,12198.28
C00992,2025-08,69170.28
C00992,2025-09,11865.800000000001
C00992,2025-11,5426.860000000001
C00992,2025-12,3583.14
C00993,2024-01,12120.68
C00993,2024-02,44368.55
C00993,2024-03,24610.63
C00993,2024-04,17953.18
C00993,2024-05,5138.17
C00993,2024-06,17366.93
C00993,2024-07,2627.04
C00993,2024-09,50494.35
C00993,2024-10,31519.19
C00993,2024-12,6999.65
C00993,2025-01,30133.43
C00993,2025-02,111459.75
C00993,2025-04,57918.93
C00993,2025-05,31158.07
C00993,2025-06,36968.6
C00993,2025-07,51509.36
C00993,2025-09,7467.530000000001
C00993,2025-11,367.04
C00994,2024-01,31893.309999999998
C00994,2024-02,569.55
C00994,2024-03,7296.75
C00994,2024-04,15784.81
C00994,2024-05,53367.590000000004
C00994,2024-06,12123.300000000001
C00994,2024-07,35863.21
C00994,2024-08,4916.1900000000005
C00994,2024-09,2868.34
C00994,2024-10,7245.75
C00994,2024-11,13716.58
C00994,2024-12,14640.36
C00994,2025-02,2617.84
C00994,2025-03,8070.17
C00994,2025-05,2341.91
C00994,2025-06,9200.21
C00994,2025-07,12222.08
C00994,2025-08,34797.84
C00994,2025-09,17132.27
C00994,2025-10,28121.01
C00994,2025-12,1613.83
C00995,2024-01,31310.24
C00995,2024-02,10254.67
C00995,2024-03,6298.18
C00995,2024-04,1130.35
C00995,2024-05,9573.3
C00995,2024-06,10804.6
C00995,2024-07,2741.11
C00995,2024-08,4010.13
C00995,2024-09,798.91
C00995,2024-10,42270.729999999996
C00995,2024-11,3354.67
C00995,2025-01,2017.81
C00995,2025-02,5604.92
C00995,2025-03,26706.44
C00995,2025-05,30022.11
C00995,2025-06,2678.5
C00995,2025-07,5684.12
C00995,2025-08,59226.490000000005
C00995,2025-10,1503.18
C00995,2025-11,1330.57
C00995,2025-12,18031.35
C00996,2024-01,9258.81
C00996,2024-02,30836.4
C00996,2024-04,1922.2599999999998
C00996,2024-06,5466.52
C00996,2024-07,7207.46
C00996,2024-08,12101.05
C00996,2024-09,2151.48
C00996,2024-10,4923.74
C00996,2024-11,11277.05
C00996,2024-12,6657.91
C00996,2025-02,16724.95
C00996,2025-03,42250.22
C00996,2025-04,2459.46
C00996,2025-05,19545.35
C00996,2025-06,250.41
C00996,2025-08,678.56
C00996,2025-09,3570.99
C00996,2025-10,3196.52
C00996,2025-11,15877.2
C00996,2025-12,18472.760000000002
C00997,2024-02,3323.2
C00997,2024-03,4535.0599999999995
C00997,2024-04,10903.050000000001
C00997,2024-05,25312.42
C00997,2024-06,7877.29
C00997,2024-07,2722.11
C00997,2024-09,706.89
C00997,2024-10,20383.449999999997
C00997,2024-11,13967.99
C00997,2024-12,18751.46
C00997,2025-02,4218.46
C00997,2025-03,1208.87
C00997,2025-04,1774.52
C00997,2025-06,56274.73
C00997,2025-07,35966.34
C00997,2025-08,14781.31
C00997,2025-09,2713.22
C00997,2025-10,9223.38
C00997,2025-11,51075.38
C00997,2025-12,62308.76
C00998,2024-01,8358.14
C00998,2024-02,19277.260000000002
C00998,2024-03,36074.45
C00998,2024-04,30446.37
C00998,2024-05,60933.97
C00998,2024-07,6272.030000000001
C00998,2024-10,79205.85
C00998,2024-12,243.98
C00998,2025-01,5710.4400000000005
C00998,2025-03,865.06
C00998,2025-04,12150.19
C00998,2025-05,15711.07
C00998,2025-06,19862.79
C00998,2025-09,11460.699999999999
C00998,2025-10,3346.74
C00998,2025-11,14231.17
C00998,2025-12,66697.62
C00999,2024-01,63035.01
C00999,2024-02,25535.71
C00999,2024-03,8114.79
C00999,2024-04,51955.03
C00999,2024-05,45334.14
C00999,2024-06,11806.519999999999
C00999,2024-07,14763.0
C00999,2024-08,29570.5
C00999,2024-10,8885.47
C00999,2024-11,5127.25
C00999,2025-01,7712.34
C00999,2025-03,13423.7
C00999,2025-04,539.95
C00999,2025-06,11508.45
C00999,2025-08,2044.46
C00999,2025-09,18126.77
C00999,2025-10,12056.77
C00999,2025-11,16821.550000000003
C00999,2025-12,24333.09
C01000,2024-03,39043.15
C01000,2024-04,7524.95
C01000,2024-05,19169.86
C01000,2024-07,5886.28
C01000,2024-08,25456.29
C01000,2024-10,51113.939999999995
C01000,2024-11,1406.14
C01000,2025-01,22593.300000000003
C01000,2025-02,4384.12
C01000,2025-03,12240.92
C01000,2025-04,14243.96
C01000,2025-08,1642.73
C01000,2025-09,32739.41
C01000,2025-10,9857.02
C01000,2025-11,1641.46
C01000,2025-12,10454.93
C01001,2024-01,19182.83
C01001,2024-02,57340.91
C01001,2024-03,27706.26
C01001,2024-04,12483.18
C01001,2024-05,18751.829999999998
C01001,2024-06,3973.61
C01001,2024-07,54251.46000000001
C01001,2024-08,2388.19
C01001,2024-09,9634.07
C01001,2024-10,16321.14
C01001,2024-11,6017.68
C01001,2025-03,1200.71
C01001,2025-04,1145.83
C01001,2025-05,49105.16
C01001,2025-06,59605.74
C01001,2025-08,7523.38
C01001,2025-12,44242.32
C01002,2024-01,5239.719999999999
C01002,2024-04,1834.6399999999999
C01002,2024-05,6228.51
C01002,2024-06,7010.16
C01002,2024-08,25282.13
C01002,2024-09,8741.14
C01002,2024-10,1258.61
C01002,2024-11,1969.0
C01002,2024-12,1448.87
C01002,2025-01,41252.09
C01002,2025-02,500.96
C01002,2025-03,52209.51
C01002,2025-04,16044.13
C01002,2025-05,12963.02
C01002,2025-06,54559.73
C01002,2025-08,45317.4
C01002,2025-09,3318.73
C01002,2025-11,17218.25
C01003,2024-01,1420.07
C01003,2024-02,2398.07
C01003,2024-04,39248.86
C01003,2024-05,13850.39
C01003,2024-06,25670.7
C01003,2024-08,378.12
C01003,2024-11,9663.32
C01003,2025-01,2942.74
C01003,2025-02,5953.24
C01003,2025-03,99891.39
C01003,2025-04,2830.02
C01003,2025-07,50544.42
C01003,2025-08,36509.99
C01003,2025-10,3825.29
C01003,2025-11,2639.57
C01003,2025-12,4548.63
C01004,2024-01,8179.83
C01004,2024-04,57876.869999999995
C01004,2024-05,59833.07
C01004,2024-06,2112.4
C01004,2024-08,28969.57
C01004,2024-09,1878.58
C01004,2024-12,3463.77
C01004,2025-01,6663.99
C01004,2025-02,8219.13
C01004,2025-03,3769.45
C01004,2025-04,2769.77
C01004,2025-05,10276.25
C01004,2025-06,39151.59
C01004,2025-07,14000.68
C01004,2025-08,17295.23
C01004,2025-09,15145.460000000001
C01004,2025-10,2739.83
C01004,2025-11,16892.31
C01004,2025-12,12632.8
C01005,2024-01,16861.3
C01005,2024-02,17174.100000000002
C01005,2024-04,26562.440000000002
C01005,2024-05,38986.84
C01005,2024-06,9174.6
C01005,2024-07,8100.78
C01005,2024-08,6594.34
C01005,2024-10,11165.99
C01005,2025-02,6155.29
C01005,2025-03,2778.38
C01005,2025-04,14790.919999999998
C01005,2025-05,9772.84
C01005,2025-06,28142.61
C01005,2025-07,19654.27
C01005,2025-08,14129.05
C01005,2025-09,4915.76
C01005,2025-10,3718.31
C01005,2025-11,19021.01
C01006,2024-01,2726.38
C01006,2024-02,14005.25
C01006,2024-03,926.31
C01006,2024-04,10628.83
C01006,2024-06,53980.84
C01006,2024-09,17130.11
C01006,2024-12,1018.98
C01006,2025-01,1315.54
C01006,2025-02,11979.16
C01006,2025-03,23729.57
C01006,2025-04,21693.63
C01006,2025-05,56393.8
C01006,2025-06,1976.0300000000002
C01006,2025-07,52424.39
C01006,2025-08,14614.52
C01006,2025-09,53359.34
C01006,2025-10,25513.79
C01006,2025-11,7940.639999999999
C01006,2025-12,14185.08
C01007,2024-01,7779.82
C01007,2024-05,2201.42
C01007,2024-07,2589.17
C01007,2024-08,37896.25
C01007,2024-09,2594.76
C01007,2024-10,18201.98
C01007,2024-11,21522.77
C01007,2024-12,2958.79
C01007,2025-01,14346.99
C01007,2025-02,2674.2
C01007,2025-04,115093.63
C01007,2025-05,11563.28
C01007,2025-06,4133.54
C01007,2025-07,41579.81
C01007,2025-09,16614.5
C01007,2025-10,40910.14
C01007,2025-11,25151.570000000003
C01007,2025-12,16574.12
C01008,2024-01,2357.88
C01008,2024-03,7409.32
C01008,2024-04,2358.46
C01008,2024-07,5840.02
C01008,2024-08,62521.240000000005
C01008,2024-09,5789.15
C01008,2024-11,3545.39
C01008,2024-12,24451.14
C01008,2025-01,10015.22
C01008,2025-02,11866.76
C01008,2025-03,1542.3
C01008,2025-04,16673.51
C01008,2025-08,18004.25
C01008,2025-09,9692.33
C01008,2025-10,3358.17
C01008,2025-11,5555.27
C01009,2024-02,98869.76000000001
C01009,2024-03,8584.46
C01009,2024-04,8808.82
C01009,2024-06,38301.68
C01009,2024-07,62857.869999999995
C01009,2024-09,29702.16
C01009,2024-10,19334.81
C01009,2024-11,2446.26
C01009,2024-12,1232.08
C01009,2025-01,17329.73
C01009,2025-03,18059.0
C01009,2025-04,31315.32
C01009,2025-05,3852.0699999999997
C01009,2025-07,6460.34
C01009,2025-08,18360.81
C01009,2025-09,5084.17
C01009,2025-10,36732.119999999995
C01009,2025-11,11186.05
C01009,2025-12,1657.17
C01010,2024-01,2949.3599999999997
C01010,2024-02,77343.62
C01010,2024-04,30995.04
C01010,2024-06,19655.44
C01010,2024-07,24323.510000000002
C01010,2024-08,64644.61
C01010,2024-09,66708.35
C01010,2024-10,36268.670000000006
C01010,2024-12,2008.88
C01010,2025-01,6091.45
C01010,2025-02,3382.31
C01010,2025-03,9774.55
C01010,2025-04,2000.83
C01010,2025-05,72530.64
C01010,2025-06,9813.85
C01010,2025-07,6043.85
C01010,2025-08,13410.94
C01010,2025-09,52202.240000000005
C01010,2025-10,2934.08
C01010,2025-11,40952.09
C01011,2024-01,20387.39
C01011,2024-02,2444.66
C01011,2024-03,19345.48
C01011,2024-05,20531.2
C01011,2024-06,74389.51000000001
C01011,2024-07,6619.42
C01011,2024-08,2990.7
C01011,2024-10,39314.34
C01011,2024-12,45811.88
C01011,2025-01,6081.0
C01011,2025-02,926.89
C01011,2025-03,45332.78
C01011,2025-04,36795.880000000005
C01011,2025-05,75825.63
C01011,2025-06,3921.7400000000002
C01011,2025-07,1331.26
C01011,2025-08,19252.49
C01011,2025-09,43555.61
C01011,2025-10,1066.38
C01011,2025-12,9295.41
C01012,2024-01,3501.85
C01012,2024-02,2969.87
C01012,2024-03,1187.3
C01012,2024-04,1770.02
C01012,2024-05,3724.58
C01012,2024-06,54334.73
C01012,2024-07,7850.38
C01012,2024-09,39250.85
C01012,2024-11,1851.97
C01012,2024-12,27894.86
C01012,2025-01,8812.279999999999
C01012,2025-03,3777.83
C01012,2025-04,2759.45
C01012,2025-05,797.23
C01012,2025-07,1963.68
C01012,2025-08,10024.93
C01012,2025-10,40805.39
C01012,2025-11,14251.14
C01013,2024-01,15360.009999999998
C01013,2024-02,4787.5599999999995
C01013,2024-04,6061.87
C01013,2024-05,8297.38
C01013,2024-06,47197.16
C01013,2024-07,33853.54
C01013,2024-08,18488.76
C01013,2024-09,38615.92
C01013,2025-01,6215.3
C01013,2025-02,2647.8199999999997
C01013,2025-05,21870.370000000003
C01013,2025-06,2276.49
C01013,2025-07,3458.39
C01013,2025-08,20329.7
C01013,2025-10,3375.41
C01013,2025-11,27614.16
C01013,2025-12,961.81
C01014,2024-01,6198.389999999999
C01014,2024-03,81551.8
C01014,2024-04,35019.17
C01014,2024-05,8108.05
C01014,2024-06,16886.260000000002
C01014,2024-07,18615.76
C01014,2024-08,782.25
C01014,2024-09,13287.029999999999
C01014,2024-10,14378.69
C01014,2024-11,2825.69
C01014,2024-12,30895.269999999997
C01014,2025-01,24918.579999999998
C01014,2025-02,14086.54
C01014,2025-03,25531.4
C01014,2025-04,8413.939999999999
C01014,2025-05,36533.51
C01014,2025-06,3749.19
C01014,2025-08,36609.37
C01014,2025-09,40330.1
C01014,2025-10,3703.1
C01014,2025-11,42421.119999999995
C01014,2025-12,17554.59
C01015,2024-01,1384.47
C01015,2024-03,35884.26
C01015,2024-04,21029.98
C01015,2024-05,2760.83
C01015,2024-06,1329.68
C01015,2024-07,49999.28
C01015,2024-09,6402.88
C01015,2024-11,44652.64
C01015,2024-12,8227.28
C01015,2025-01,1875.71
C01015,2025-02,8245.53
C01015,2025-04,10388.939999999999
C01015,2025-05,7309.540000000001
C01015,2025-06,23839.02
C01015,2025-07,86602.05
C01015,2025-08,50514.52
C01015,2025-09,492.21
C01015,2025-10,2022.66
C01015,2025-11,1109.63
C01015,2025-12,77795.37
C01016,2024-01,29092.579999999998
C01016,2024-05,13185.59
C01016,2024-06,2037.26
C01016,2024-07,22857.23
C01016,2024-08,4054.24
C01016,2024-10,44615.1
C01016,2024-11,5528.79
C01016,2024-12,3722.55
C01016,2025-01,15816.0
C01016,2025-03,14359.57
C01016,2025-05,8669.35
C01016,2025-06,1654.33
C01016,2025-07,6526.74
C01016,2025-08,12364.63
C01016,2025-09,2485.4
C01017,2024-02,1527.45
C01017,2024-03,11540.189999999999
C01017,2024-04,2401.79
C01017,2024-05,3311.9799999999996
C01017,2024-08,40043.99
C01017,2024-09,68912.17
C01017,2024-10,22776.32
C01017,2024-11,33908.52
C01017,2024-12,12173.59
C01017,2025-01,13555.77
C01017,2025-02,9029.8
C01017,2025-03,477.39
C01017,2025-04,75648.85
C01017,2025-06,20320.149999999998
C01017,2025-07,3070.9
C01017,2025-08,3614.61
C01017,2025-09,3077.81
C01017,2025-10,3714.02
C01017,2025-11,8790.439999999999
C01017,2025-12,28200.43
C01018,2024-01,16477.76
C01018,2024-03,12038.06
C01018,2024-06,3865.08
C01018,2024-07,2448.76
C01018,2024-09,1274.65
C01018,2024-10,9241.880000000001
C01018,2024-11,3859.38
C01018,2025-03,5034.4400000000005
C01018,2025-05,2068.27
C01018,2025-06,1376.69
C01018,2025-08,8374.49
C01018,2025-09,2956.83
C01018,2025-11,7023.15
C01019,2024-02,19817.59
C01019,2024-04,2996.91
C01019,2024-05,5604.97
C01019,2024-06,3577.45
C01019,2024-08,23206.75
C01019,2024-09,23797.63
C01019,2024-10,6064.01
C01019,2024-11,46087.32
C01019,2024-12,37629.71
C01019,2025-01,42768.600000000006
C01019,2025-02,396.05
C01019,2025-03,1330.47
C01019,2025-04,1451.5
C01019,2025-06,3868.06
C01019,2025-07,14017.78
C01019,2025-08,549.46
C01019,2025-09,2788.42
C01019,2025-12,10686.15
C01020,2024-01,2069.0
C01020,2024-02,1982.87
C01020,2024-03,48842.49
C01020,2024-04,15008.759999999998
C01020,2024-06,80010.4
C01020,2024-07,4140.86
C01020,2024-08,2537.73
C01020,2024-10,49675.24
C01020,2024-11,7580.7699999999995
C01020,2024-12,1557.94
C01020,2025-02,781.45
C01020,2025-03,4920.07
C01020,2025-04,6006.42
C01020,2025-05,1061.18
C01020,2025-06,30599.98
C01020,2025-08,31769.46
C01020,2025-10,6669.95
C01020,2025-11,32787.61
C01021,2024-01,25351.190000000002
C01021,2024-02,810.48
C01021,2024-03,1535.37
C01021,2024-04,12085.169999999998
C01021,2024-05,81053.92
C01021,2024-11,4470.15
C01021,2024-12,17203.08
C01021,2025-01,1509.84
C01021,2025-02,35446.1
C01021,2025-03,6701.46
C01021,2025-05,8782.61
C01021,2025-06,5456.25
C01021,2025-07,55220.65
C01021,2025-09,14698.49
C01021,2025-10,2745.64
C01021,2025-11,7902.5
C01021,2025-12,17116.01
C01022,2024-01,56454.96
C01022,2024-02,6235.6
C01022,2024-03,33681.18
C01022,2024-04,8179.2
C01022,2024-05,12082.65
C01022,2024-07,6963.969999999999
C01022,2024-08,15205.05
C01022,2024-10,15152.34
C01022,2024-11,386.33
C01022,2024-12,3913.24
C01022,2025-01,21038.01
C01022,2025-02,27847.01
C01022,2025-03,12188.43
C01022,2025-05,16309.63
C01022,2025-06,32229.71
C01022,2025-07,12877.81
C01022,2025-08,18256.18
C01022,2025-09,1077.29
C01022,2025-10,5035.17
C01022,2025-11,7022.789999999999
C01023,2024-02,28531.7
C01023,2024-03,16619.07
C01023,2024-05,25036.870000000003
C01023,2024-06,17937.48
C01023,2024-08,5889.34
C01023,2024-09,4851.74
C01023,2024-10,2993.34
C01023,2024-11,2432.68
C01023,2024-12,39680.97
C01023,2025-01,2561.71
C01023,2025-02,2193.23
C01023,2025-03,2743.76
C01023,2025-04,11019.73
C01023,2025-06,17247.91
C01023,2025-07,30511.4
C01023,2025-09,38009.29
C01023,2025-10,1536.69
C01023,2025-11,7920.82
C01023,2025-12,68795.86
C01024,2024-02,60097.619999999995
C01024,2024-03,51513.619999999995
C01024,2024-04,16008.46
C01024,2024-05,5280.02
C01024,2024-06,1220.31
C01024,2024-07,8839.22
C01024,2024-08,36221.42
C01024,2024-09,165.89
C01024,2024-10,43410.17
C01024,2025-02,1562.45
C01024,2025-03,28402.4
C01024,2025-05,2715.34
C01024,2025-06,20331.83
C01024,2025-07,18130.12
C01024,2025-08,12596.39
C01024,2025-09,36967.22
C01024,2025-10,49638.22
C01024,2025-11,417.38
C01024,2025-12,3994.75
C01025,2024-02,493.2
C01025,2024-03,1740.7
C01025,2024-04,76902.56
C01025,2024-05,55547.54
C01025,2024-07,1243.2
C01025,2024-08,31042.11
C01025,2024-09,45756.19
C01025,2024-10,1138.17
C01025,2024-11,34256.67
C01025,2025-01,10394.91
C01025,2025-03,40821.979999999996
C01025,2025-05,10874.98
C01025,2025-06,675.2
C01025,2025-08,35809.84
C01025,2025-10,5580.82
C01025,2025-11,2508.77
C01026,2024-01,2301.76
C01026,2024-02,22420.84
C01026,2024-03,25156.6
C01026,2024-04,9148.02
C01026,2024-05,19160.059999999998
C01026,2024-06,10616.08
C01026,2024-07,12885.19
C01026,2024-08,2777.66
C01026,2024-09,13130.0
C01026,2024-10,10639.22
C01026,2024-11,11395.880000000001
C01026,2024-12,44669.75
C01026,2025-01,16917.06
C01026,2025-02,1582.41
C01026,2025-03,1788.99
C01026,2025-04,1880.99
C01026,2025-05,17718.66
C01026,2025-06,1057.31
C01026,2025-07,26126.04
C01026,2025-10,6723.98
C01026,2025-11,456.94
C01026,2025-12,366.99
C01027,2024-01,4286.65
C01027,2024-02,11670.01
C01027,2024-03,53190.600000000006
C01027,2024-04,5849.89
C01027,2024-05,977.57
C01027,2024-07,3431.44
C01027,2024-10,11509.47
C01027,2024-11,20780.62
C01027,2024-12,26786.96
C01027,2025-01,16099.08
C01027,2025-02,3498.66
C01027,2025-03,26502.47
C01027,2025-05,32585.940000000002
C01027,2025-07,6586.41
C01027,2025-08,2013.21
C01027,2025-10,5059.91
C01027,2025-11,16662.18
C01027,2025-12,18714.61
C01028,2024-01,12745.2
C01028,2024-02,29767.559999999998
C01028,2024-03,20427.09
C01028,2024-06,12969.61
C01028,2024-07,6981.12
C01028,2024-09,13608.01
C01028,2024-10,1911.1
C01028,2024-11,13525.51
C01028,2024-12,7094.55
C01028,2025-02,1535.87
C01028,2025-03,51449.74
C01028,2025-04,21249.25
C01028,2025-05,3632.46
C01028,2025-07,56616.2
C01028,2025-11,26537.899999999998
C01028,2025-12,233.59
C01029,2024-01,17304.1
C01029,2024-02,15790.34
C01029,2024-03,14987.869999999999
C01029,2024-04,20157.66
C01029,2024-05,18923.91
C01029,2024-07,92544.31
C01029,2024-09,2455.67
C01029,2024-10,2903.93
C01029,2024-11,7566.959999999999
C01029,2024-12,616.46
C01029,2025-01,38732.96
C01029,2025-03,1275.35
C01029,2025-04,14380.369999999999
C01029,2025-05,41478.95
C01029,2025-06,5399.92
C01029,2025-07,3560.91
C01029,2025-08,3731.29
C01029,2025-09,2715.75
C01029,2025-11,39464.9
C01030,2024-01,1251.7
C01030,2024-02,52711.55
C01030,2024-03,31312.07
C01030,2024-04,1630.27
C01030,2024-05,2592.6
C01030,2024-07,21217.36
C01030,2024-09,2870.15
C01030,2024-10,3769.02
C01030,2024-11,616.08
C01030,2024-12,4951.69
C01030,2025-03,6218.56
C01030,2025-04,2192.59
C01030,2025-05,23978.6
C01030,2025-07,1430.22
C01030,2025-08,10678.380000000001
C01030,2025-09,41537.43
C01030,2025-10,8807.82
C01030,2025-11,807.76
C01030,2025-12,38028.32
C01031,2024-01,8991.34
C01031,2024-03,4212.03
C01031,2024-04,53198.27
C01031,2024-05,2056.7799999999997
C01031,2024-06,20235.2
C01031,2024-10,23456.13
C01031,2024-11,1010.87
C01031,2025-01,2274.02
C01031,2025-02,41059.869999999995
C01031,2025-05,6458.78
C01031,2025-07,12544.830000000002
C01031,2025-08,33107.39
C01031,2025-09,3736.91
C01031,2025-10,2155.04
C01032,2024-01,4699.45
C01032,2024-02,1776.1
C01032,2024-04,25492.72
C01032,2024-05,230.88
C01032,2024-06,4268.49
C01032,2024-07,31243.949999999997
C01032,2024-08,54979.61
C01032,2024-09,24768.989999999998
C01032,2024-10,2133.36
C01032,2024-11,61951.649999999994
C01032,2024-12,861.81
C01032,2025-01,3684.96
C01032,2025-03,63632.14
C01032,2025-06,8671.89
C01032,2025-07,7235.01
C01032,2025-08,2494.22
C01032,2025-09,3021.66
C01032,2025-10,8150.2
C01032,2025-11,20269.55
C01032,2025-12,10567.22
C01033,2024-01,1607.3
C01033,2024-02,6138.09
C01033,2024-03,7207.4400000000005
C01033,2024-04,14033.12
C01033,2024-07,2523.45
C01033,2024-08,18296.97
C01033,2024-09,2769.2
C01033,2024-10,62762.009999999995
C01033,2024-12,3447.18
C01033,2025-01,3288.6000000000004
C01033,2025-03,89430.51999999999
C01033,2025-05,3948.84
C01033,2025-06,17336.47
C01033,2025-08,35276.76
C01033,2025-11,3247.56
C01033,2025-12,35163.65
C01034,2024-01,19297.53
C01034,2024-03,7701.2
C01034,2024-06,37152.6
C01034,2024-07,3211.6099999999997
C01034,2024-08,10082.460000000001
C01034,2024-10,19048.98
C01034,2024-12,5669.469999999999
C01034,2025-01,13772.78
C01034,2025-02,82042.94
C01034,2025-04,24011.82
C01034,2025-05,31148.36
C01034,2025-06,22718.12
C01034,2025-07,99427.33
C01034,2025-11,1188.42
C01034,2025-12,37734.52
C01035,2024-02,20840.23
C01035,2024-03,24297.98
C01035,2024-06,17576.05
C01035,2024-07,1948.42
C01035,2024-08,1812.95
C01035,2024-09,18612.29
C01035,2024-10,18666.51
C01035,2024-11,23364.78
C01035,2024-12,2986.07
C01035,2025-01,677.45
C01035,2025-02,461.82
C01035,2025-06,57346.51
C01035,2025-08,5630.79
C01035,2025-09,43570.13
C01035,2025-10,9710.970000000001
C01035,2025-12,23947.67
C01036,2024-01,2882.58
C01036,2024-03,20319.54
C01036,2024-04,310.67
C01036,2024-05,53063.899999999994
C01036,2024-06,24921.620000000003
C01036,2024-07,35986.26
C01036,2024-09,45945.85
C01036,2024-10,7168.06
C01036,2024-11,10614.51
C01036,2024-12,17830.55
C01036,2025-01,44796.62
C01036,2025-02,4327.46
C01036,2025-03,847.81
C01036,2025-05,8163.49
C01036,2025-06,8294.49
C01036,2025-08,4642.21
C01036,2025-11,4704.84
C01036,2025-12,8326.29
C01037,2024-01,43905.86
C01037,2024-02,12787.26
C01037,2024-03,5650.42
C01037,2024-04,1920.75
C01037,2024-05,4991.549999999999
C01037,2024-06,2147.25
C01037,2024-07,3341.38
C01037,2024-08,653.94
C01037,2024-09,14915.39
C01037,2024-10,3198.97
C01037,2024-11,2385.24
C01037,2024-12,16911.19
C01037,2025-01,104959.72
C01037,2025-02,8811.9
C01037,2025-06,12797.1
C01037,2025-07,23164.71
C01037,2025-09,26708.260000000002
C01037,2025-10,32195.93
C01037,2025-11,60336.43
C01037,2025-12,5491.450000000001
C01038,2024-01,8632.13
C01038,2024-02,1499.44
C01038,2024-03,36520.979999999996
C01038,2024-04,7628.34
C01038,2024-05,775.0
C01038,2024-07,3413.56
C01038,2024-08,9339.380000000001
C01038,2024-10,352.29
C01038,2024-11,1513.39
C01038,2024-12,3758.63
C01038,2025-02,2880.92
C01038,2025-03,8892.33
C01038,2025-04,58614.770000000004
C01038,2025-05,14752.66
C01038,2025-06,3981.3
C01038,2025-07,564.12
C01038,2025-09,3201.07
C01038,2025-11,2806.0
C01038,2025-12,24763.04
C01039,2024-01,2902.81
C01039,2024-02,5555.07
C01039,2024-07,17880.71
C01039,2024-08,1980.2
C01039,2024-09,18348.25
C01039,2024-10,32650.739999999998
C01039,2024-11,6034.599999999999
C01039,2024-12,21359.71
C01039,2025-01,7392.610000000001
C01039,2025-02,21296.8
C01039,2025-04,4169.41
C01039,2025-06,19799.59
C01039,2025-07,13748.21
C01039,2025-08,22659.059999999998
C01039,2025-10,16712.260000000002
C01040,2024-01,13584.49
C01040,2024-02,353.52
C01040,2024-04,32631.9
C01040,2024-06,6417.47
C01040,2024-07,1442.12
C01040,2024-08,36969.8
C01040,2024-09,13941.74
C01040,2024-10,2093.13
C01040,2024-12,41709.18
C01040,2025-01,18833.0
C01040,2025-02,3599.77
C01040,2025-03,1870.13
C01040,2025-04,53047.93
C01040,2025-06,52277.719999999994
C01040,2025-07,16587.15
C01040,2025-09,21534.0
C01040,2025-10,20939.489999999998
C01040,2025-11,1404.46
C01040,2025-12,47298.93
C01041,2024-01,2500.23
C01041,2024-02,9883.51
C01041,2024-05,25629.88
C01041,2024-06,51009.71
C01041,2024-07,1470.12
C01041,2024-08,17263.54
C01041,2024-10,6835.86
C01041,2024-11,35099.92
C01041,2025-01,64134.770000000004
C01041,2025-02,3402.93
C01041,2025-03,2845.4
C01041,2025-05,28776.27
C01041,2025-08,3865.27
C01041,2025-09,42252.35
C01041,2025-10,17170.89
C01041,2025-11,6331.0
C01042,2024-01,15634.539999999999
C01042,2024-02,8860.46
C01042,2024-03,8081.06
C01042,2024-04,9789.33
C01042,2024-05,3385.21
C01042,2024-06,3329.23
C01042,2024-07,16196.66
C01042,2024-08,2338.54
C01042,2024-09,21911.120000000003
C01042,2024-10,34836.9
C01042,2024-11,29426.2
C01042,2024-12,1482.02
C01042,2025-01,14235.33
C01042,2025-02,2557.57
C01042,2025-03,25935.84
C01042,2025-05,3782.35
C01042,2025-06,24715.32
C01042,2025-07,49972.8
C01042,2025-08,2742.57
C01042,2025-10,41320.03
C01042,2025-11,2759.55
C01043,2024-01,5811.23
C01043,2024-02,1433.64
C01043,2024-03,3436.95
C01043,2024-04,10563.34
C01043,2024-07,91361.45000000001
C01043,2024-09,33863.42
C01043,2024-11,24770.97
C01043,2024-12,39857.7
C01043,2025-01,2731.19
C01043,2025-03,20775.760000000002
C01043,2025-05,31509.149999999998
C01043,2025-07,2703.19
C01043,2025-09,17321.36
C01043,2025-11,2354.79
C01043,2025-12,335.64
C01044,2024-01,13994.390000000001
C01044,2024-02,1740.34
C01044,2024-03,25696.18
C01044,2024-04,2932.44
C01044,2024-06,3868.6
C01044,2024-09,18087.85
C01044,2024-10,509.26
C01044,2024-12,1987.54
C01044,2025-01,52285.43
C01044,2025-02,5535.07
C01044,2025-03,22456.5
C01044,2025-04,7283.87
C01044,2025-05,55629.92999999999
C01044,2025-06,60119.829999999994
C01044,2025-07,3594.46
C01044,2025-08,2397.86
C01044,2025-09,25950.61
C01044,2025-10,46221.88
C01044,2025-12,2130.0
C01045,2024-01,3143.36
C01045,2024-02,1032.56
C01045,2024-03,3209.75
C01045,2024-04,18878.13
C01045,2024-05,3000.72
C01045,2024-06,12727.56
C01045,2024-07,26609.47
C01045,2024-08,18762.08
C01045,2024-09,8408.2
C01045,2024-10,7335.14
C01045,2024-11,51574.51
C01045,2024-12,2745.5699999999997
C01045,2025-01,21201.050000000003
C01045,2025-02,50544.560000000005
C01045,2025-03,22056.64
C01045,2025-05,39809.799999999996
C01045,2025-06,28923.95
C01045,2025-07,55646.84
C01045,2025-09,373.84
C01045,2025-11,6112.31
C01045,2025-12,75414.91
C01046,2024-01,205.44
C01046,2024-03,3851.01
C01046,2024-05,29625.440000000002
C01046,2024-06,5016.13
C01046,2024-07,9568.88
C01046,2024-08,16581.43
C01046,2024-09,50089.5
C01046,2024-11,18806.31
C01046,2024-12,43749.18
C01046,2025-01,48578.21
C01046,2025-02,29949.35
C01046,2025-03,650.75
C01046,2025-04,3861.93
C01046,2025-05,54257.340000000004
C01046,2025-08,7732.11
C01046,2025-09,1783.1
C01046,2025-11,2937.75
C01047,2024-01,57419.740000000005
C01047,2024-02,3801.25
C01047,2024-04,5593.94
C01047,2024-06,5259.94
C01047,2024-07,13374.49
C01047,2024-08,3121.0899999999997
C01047,2024-09,5713.07
C01047,2024-10,1175.26
C01047,2024-11,25532.13
C01047,2024-12,701.57
C01047,2025-02,42889.329999999994
C01047,2025-03,15113.64
C01047,2025-04,12862.66
C01047,2025-05,10265.57
C01047,2025-07,1560.28
C01047,2025-10,2500.65
C01048,2024-01,2280.8
C01048,2024-02,915.01
C01048,2024-03,10930.57
C01048,2024-04,8930.77
C01048,2024-05,5287.53
C01048,2024-06,1673.4
C01048,2024-08,9440.35
C01048,2024-10,16605.91
C01048,2024-12,9163.05
C01048,2025-01,3170.13
C01048,2025-03,29244.47
C01048,2025-04,14674.65
C01048,2025-06,2486.73
C01048,2025-07,3318.74
C01048,2025-08,437.13
C01048,2025-09,65684.7
C01048,2025-10,27325.53
C01048,2025-11,20728.42
C01048,2025-12,61537.369999999995
C01049,2024-01,7875.860000000001
C01049,2024-02,18979.07
C01049,2024-03,643.83
C01049,2024-04,9474.11
C01049,2024-05,3930.47
C01049,2024-06,15710.109999999999
C01049,2024-07,1170.14
C01049,2024-10,55412.74
C01049,2024-11,1911.6100000000001
C01049,2025-01,13580.51
C01049,2025-02,7271.27
C01049,2025-03,13496.15
C01049,2025-04,19824.05
C01049,2025-05,17946.86
C01049,2025-06,21978.34
C01049,2025-07,11036.34
C01049,2025-09,18416.399999999998
C01049,2025-10,15703.47
C01049,2025-12,68845.37
C01050,2024-04,5563.889999999999
C01050,2024-06,1542.31
C01050,2024-07,25615.800000000003
C01050,2024-08,38406.27
C01050,2024-10,2372.05
C01050,2024-11,2650.34
C01050,2024-12,6697.76
C01050,2025-01,3549.0699999999997
C01050,2025-02,38943.52
C01050,2025-03,10906.43
C01050,2025-04,3140.54
C01050,2025-05,30519.86
C01050,2025-06,53447.23
C01050,2025-07,22693.5
C01050,2025-08,10421.84
C01050,2025-09,16302.990000000002
C01050,2025-10,4190.3
C01050,2025-11,3180.22
C01050,2025-12,36420.63
C01051,2024-01,329.45
C01051,2024-02,20487.57
C01051,2024-03,21983.28
C01051,2024-04,6337.41
C01051,2024-05,173.36
C01051,2024-06,26513.84
C01051,2024-07,30046.14
C01051,2024-08,11236.64
C01051,2024-09,11497.4
C01051,2024-10,18157.32
C01051,2025-01,18172.96
C01051,2025-03,2751.47
C01051,2025-04,3417.65
C01051,2025-05,14215.41
C01051,2025-06,3841.32
C01051,2025-10,58175.14
C01051,2025-11,1104.31
C01051,2025-12,31004.309999999998
C01052,2024-01,32693.94
C01052,2024-02,49136.16
C01052,2024-03,4125.62
C01052,2024-04,2266.89
C01052,2024-05,11458.64
C01052,2024-06,13313.800000000001
C01052,2024-07,10900.43
C01052,2024-09,2070.82
C01052,2024-10,26526.85
C01052,2024-12,7476.58
C01052,2025-01,2943.79
C01052,2025-03,7240.46
C01052,2025-04,14005.21
C01052,2025-05,3388.7999999999997
C01052,2025-06,2829.64
C01052,2025-07,15882.53
C01052,2025-08,2892.98
C01052,2025-09,7446.370000000001
C01052,2025-10,22142.68
C01052,2025-12,5937.53
C01053,2024-01,458.0
C01053,2024-03,2760.45
C01053,2024-04,27647.17
C01053,2024-05,2111.0
C01053,2024-07,49081.41
C01053,2024-08,22451.629999999997
C01053,2024-10,48919.14
C01053,2024-11,3587.58
C01053,2024-12,320.91
C01053,2025-01,14355.91
C01053,2025-03,6014.93
C01053,2025-04,7455.26
C01053,2025-05,1369.29
C01053,2025-06,7046.77
C01053,2025-07,9953.4
C01053,2025-08,1002.47
C01053,2025-09,1925.64
C01053,2025-10,5914.47
C01053,2025-11,57461.729999999996
C01054,2024-01,25372.77
C01054,2024-02,20088.949999999997
C01054,2024-03,2146.49
C01054,2024-04,54650.65
C01054,2024-05,1299.12
C01054,2024-06,8401.42
C01054,2024-07,3876.21
C01054,2024-08,13629.99
C01054,2024-09,76092.56
C01054,2024-10,4541.14
C01054,2024-11,1727.85
C01054,2024-12,18838.43
C01054,2025-01,11024.56
C01054,2025-02,11911.619999999999
C01054,2025-03,208.84
C01054,2025-04,8663.22
C01054,2025-05,81999.06999999999
C01054,2025-06,26355.66
C01054,2025-08,22112.829999999998
C01054,2025-09,49670.61
C01054,2025-10,18009.57
C01054,2025-11,1629.9
C01055,2024-01,2165.91
C01055,2024-02,2567.08
C01055,2024-04,11389.609999999999
C01055,2024-05,16035.38
C01055,2024-06,1797.72
C01055,2024-07,93223.8
C01055,2024-09,12499.75
C01055,2024-10,3736.48
C01055,2024-11,356.19
C01055,2024-12,14365.35
C01055,2025-01,28670.58
C01055,2025-02,19078.309999999998
C01055,2025-03,24378.129999999997
C01055,2025-04,7129.79
C01055,2025-06,63951.94
C01055,2025-07,21690.0
C01055,2025-08,20606.75
C01055,2025-09,2169.47
C01055,2025-11,1712.85
C01055,2025-12,12506.54
C01056,2024-01,12767.34
C01056,2024-02,22136.82
C01056,2024-03,42816.07
C01056,2024-05,1570.13
C01056,2024-06,15842.519999999999
C01056,2024-10,56149.0
C01056,2024-11,2186.21
C01056,2025-01,2161.52
C01056,2025-02,54104.03
C01056,2025-03,11022.76
C01056,2025-06,1710.25
C01056,2025-08,1894.04
C01056,2025-09,10636.66
C01056,2025-10,41154.17
C01056,2025-11,10426.64
C01056,2025-12,32203.57
C01057,2024-02,6638.929999999999
C01057,2024-03,16649.989999999998
C01057,2024-04,2695.17
C01057,2024-05,1563.66
C01057,2024-06,12419.95
C01057,2024-08,20228.18
C01057,2024-09,6802.59
C01057,2024-10,1912.57
C01057,2024-11,5656.1
C01057,2024-12,25218.920000000002
C01057,2025-01,919.3
C01057,2025-02,11503.51
C01057,2025-03,3615.97
C01057,2025-04,2134.92
C01057,2025-07,55748.490000000005
C01057,2025-08,10116.61
C01057,2025-10,6294.67
C01057,2025-11,60379.03
C01057,2025-12,14955.21
C01058,2024-01,28978.97
C01058,2024-02,1262.8
C01058,2024-03,2969.85
C01058,2024-04,43242.13
C01058,2024-05,28059.43
C01058,2024-06,15456.04
C01058,2024-09,4772.25
C01058,2024-10,28398.960000000003
C01058,2024-11,51745.15
C01058,2025-01,48304.74
C01058,2025-02,3985.0
C01058,2025-04,11726.93
C01058,2025-05,23168.22
C01058,2025-06,26808.23
C01058,2025-07,22070.19
C01058,2025-08,83638.87
C01058,2025-09,4798.93
C01058,2025-10,2523.84
C01058,2025-11,9045.49
C01059,2024-01,17201.29
C01059,2024-02,12369.82
C01059,2024-03,12038.24
C01059,2024-05,1892.85
C01059,2024-07,1270.86
C01059,2024-08,13481.02
C01059,2024-10,2914.23
C01059,2024-11,1180.63
C01059,2025-01,25807.379999999997
C01059,2025-02,7691.27
C01059,2025-03,92640.72
C01059,2025-04,6164.18
C01059,2025-05,454.94
C01059,2025-06,1606.33
C01059,2025-07,1096.81
C01059,2025-08,887.47
C01059,2025-09,29714.41
C01059,2025-10,69723.94
C01059,2025-11,92781.89
C01059,2025-12,35133.63
C01060,2024-01,34337.729999999996
C01060,2024-02,2426.39
C01060,2024-03,2915.05
C01060,2024-04,24538.45
C01060,2024-05,2762.86
C01060,2024-06,1966.97
C01060,2024-07,68597.93
C01060,2024-08,2786.11
C01060,2024-09,8341.119999999999
C01060,2024-10,12576.99
C01060,2024-11,5128.86
C01060,2024-12,87193.89
C01060,2025-01,35943.06
C01060,2025-02,18500.58
C01060,2025-03,20957.399999999998
C01060,2025-04,12232.61
C01060,2025-06,508.86
C01060,2025-08,16194.26
C01060,2025-09,8983.49
C01060,2025-10,1154.53
C01060,2025-11,7195.24
C01060,2025-12,1168.03
C01061,2024-01,19718.78
C01061,2024-02,5465.76
C01061,2024-04,4211.32
C01061,2024-06,27962.11
C01061,2024-09,18810.77
C01061,2024-11,29367.04
C01061,2024-12,6142.03
C01061,2025-01,30235.440000000002
C01061,2025-02,25065.98
C01061,2025-03,44319.36
C01061,2025-05,9552.34
C01061,2025-06,68098.59
C01061,2025-07,46381.159999999996
C01061,2025-09,41656.149999999994
C01061,2025-10,14666.03
C01061,2025-11,74046.65
C01061,2025-12,23037.83
C01062,2024-01,14624.51
C01062,2024-03,2485.57
C01062,2024-05,741.29
C01062,2024-06,34518.259999999995
C01062,2024-07,1969.91
C01062,2024-08,32958.94
C01062,2024-09,7655.59
C01062,2024-10,1643.8
C01062,2024-12,8080.07
C01062,2025-03,18400.83
C01062,2025-04,49073.33
C01062,2025-05,49121.450000000004
C01062,2025-06,9845.67
C01062,2025-07,25419.239999999998
C01062,2025-09,9943.38
C01062,2025-10,26703.71
C01062,2025-11,16914.859999999997
C01063,2024-01,25006.61
C01063,2024-02,10406.91
C01063,2024-03,5879.04
C01063,2024-04,13423.25
C01063,2024-05,23321.03
C01063,2024-07,16672.08
C01063,2024-09,552.09
C01063,2024-10,337.94
C01063,2024-11,5568.66
C01063,2024-12,9611.12
C01063,2025-01,1772.19
C01063,2025-02,1113.96
C01063,2025-04,10706.77
C01063,2025-05,4990.23
C01063,2025-07,32062.96
C01063,2025-08,33520.21
C01063,2025-09,5424.22
C01063,2025-11,1969.19
C01063,2025-12,25218.61
C01064,2024-02,6569.89
C01064,2024-03,5566.49
C01064,2024-04,8366.56
C01064,2024-05,49675.17
C01064,2024-06,675.05
C01064,2024-07,12348.27
C01064,2024-09,1518.98
C01064,2024-11,5755.1
C01064,2024-12,4337.0
C01064,2025-01,925.39
C01064,2025-02,27606.82
C01064,2025-03,2393.41
C01064,2025-04,5054.2
C01064,2025-05,650.41
C01064,2025-07,7271.89
C01064,2025-09,551.59
C01064,2025-10,36055.96
C01064,2025-11,40626.61
C01064,2025-12,4534.74
C01065,2024-02,28995.38
C01065,2024-03,19247.76
C01065,2024-04,2334.39
C01065,2024-07,15786.56
C01065,2024-08,11372.77
C01065,2024-09,1086.6
C01065,2024-10,37895.34
C01065,2024-12,944.58
C01065,2025-01,3142.89
C01065,2025-03,14775.73
C01065,2025-04,26358.28
C01065,2025-06,11375.45
C01065,2025-10,33960.58
C01065,2025-12,27037.39
C01066,2024-02,18729.99
C01066,2024-03,13193.52
C01066,2024-04,46118.72
C01066,2024-06,40480.299999999996
C01066,2024-07,428.25
C01066,2024-08,10473.41
C01066,2024-10,7241.25
C01066,2024-11,8558.15
C01066,2025-01,2046.28
C01066,2025-02,2319.08
C01066,2025-03,30850.39
C01066,2025-04,2207.14
C01066,2025-05,17593.17
C01066,2025-08,7850.88
C01066,2025-09,10942.550000000001
C01066,2025-10,11505.61
C01066,2025-11,27800.03
C01067,2024-01,13857.57
C01067,2024-02,13120.22
C01067,2024-04,6733.19
C01067,2024-08,13595.76
C01067,2024-09,19418.19
C01067,2024-10,1701.95
C01067,2024-11,2348.19
C01067,2025-01,2979.41
C01067,2025-03,58607.77
C01067,2025-04,64540.350000000006
C01067,2025-05,9995.6
C01067,2025-06,12787.39
C01067,2025-07,17632.3
C01067,2025-08,2839.48
C01067,2025-09,9445.47
C01067,2025-10,9412.74
C01067,2025-12,2160.57
C01068,2024-01,3471.66
C01068,2024-03,2853.23
C01068,2024-04,4362.59
C01068,2024-06,4995.29
C01068,2024-07,46660.2
C01068,2024-08,52492.71
C01068,2024-11,1729.5100000000002
C01068,2024-12,69154.64
C01068,2025-01,20608.08
C01068,2025-02,14891.17
C01068,2025-03,9663.73
C01068,2025-04,4752.46
C01068,2025-05,1809.3
C01068,2025-07,2817.29
C01068,2025-10,2760.62
C01068,2025-11,22739.4
C01069,2024-02,50274.86
C01069,2024-04,2155.86
C01069,2024-05,51563.72
C01069,2024-06,4500.179999999999
C01069,2024-07,17389.760000000002
C01069,2024-08,17329.71
C01069,2024-09,19178.3
C01069,2024-11,26583.38
C01069,2024-12,3815.05
C01069,2025-02,25442.27
C01069,2025-03,4082.49
C01069,2025-04,11889.990000000002
C01069,2025-05,2423.97
C01069,2025-06,38005.26
C01069,2025-07,21969.27
C01069,2025-09,9921.24
C01069,2025-10,20365.65
C01069,2025-12,7226.1900000000005
C01070,2024-01,3818.09
C01070,2024-03,6885.75
C01070,2024-05,2124.62
C01070,2024-06,11881.650000000001
C01070,2024-07,1461.64
C01070,2024-09,6808.259999999999
C01070,2024-10,96195.04999999999
C01070,2024-11,1067.28
C01070,2024-12,7915.92
C01070,2025-01,1842.24
C01070,2025-02,2156.97
C01070,2025-03,7879.52
C01070,2025-04,7436.610000000001
C01070,2025-05,40780.46
C01070,2025-06,21330.11
C01070,2025-07,3373.04
C01070,2025-08,769.68
C01070,2025-11,21979.440000000002
C01070,2025-12,692.94
C01071,2024-01,32166.87
C01071,2024-03,32763.649999999998
C01071,2024-06,3545.34
C01071,2024-08,999.25
C01071,2024-09,2877.91
C01071,2024-10,47489.8
C01071,2024-11,7283.89
C01071,2024-12,18911.73
C01071,2025-01,12490.51
C01071,2025-02,1724.78
C01071,2025-03,30756.8
C01071,2025-04,2609.85
C01071,2025-05,14862.94
C01071,2025-06,6376.36
C01071,2025-07,296.71
C01071,2025-08,48641.2
C01071,2025-10,19234.68
C01071,2025-11,46297.7
C01071,2025-12,13253.98
C01072,2024-02,28098.07
C01072,2024-03,350.16
C01072,2024-04,2239.14
C01072,2024-05,11371.31
C01072,2024-06,4716.1
C01072,2024-07,1847.58
C01072,2024-08,1628.01
C01072,2024-09,4088.1
C01072,2024-10,9271.85
C01072,2025-01,20834.149999999998
C01072,2025-02,3442.59
C01072,2025-04,1159.15
C01072,2025-05,13557.93
C01072,2025-06,8870.9
C01072,2025-07,6304.150000000001
C01072,2025-08,8205.71
C01072,2025-09,2374.55
C01072,2025-10,54300.22
C01072,2025-11,27232.21
C01072,2025-12,2773.29
C01073,2024-01,6781.4800000000005
C01073,2024-02,30264.56
C01073,2024-03,32029.91
C01073,2024-06,8254.75
C01073,2024-09,56777.69
C01073,2024-10,9302.57
C01073,2024-11,35893.31
C01073,2024-12,1858.61
C01073,2025-01,1501.14
C01073,2025-02,36462.23
C01073,2025-05,1778.6599999999999
C01073,2025-06,13031.54
C01073,2025-07,40291.659999999996
C01073,2025-08,10078.3
C01073,2025-09,7925.9
C01073,2025-10,2286.86
C01073,2025-11,15250.98
C01073,2025-12,26197.1
C01074,2024-01,4082.94
C01074,2024-02,2401.2
C01074,2024-03,37589.55
C01074,2024-04,1610.63
C01074,2024-05,39786.75
C01074,2024-07,12327.48
C01074,2024-08,30972.74
C01074,2024-09,111529.08
C01074,2024-10,50119.87
C01074,2024-11,8899.92
C01074,2024-12,15874.150000000001
C01074,2025-01,26605.039999999997
C01074,2025-02,54727.009999999995
C01074,2025-03,7039.84
C01074,2025-04,2242.34
C01074,2025-05,31886.93
C01074,2025-07,47252.17
C01074,2025-08,13928.37
C01074,2025-10,7862.94
C01074,2025-11,17613.74
C01075,2024-01,1287.4899999999998
C01075,2024-03,9636.439999999999
C01075,2024-04,8961.55
C01075,2024-05,27969.690000000002
C01075,2024-06,13981.76
C01075,2024-07,31343.98
C01075,2024-08,36087.08
C01075,2024-09,2444.39
C01075,2024-10,38690.58
C01075,2024-12,35137.59
C01075,2025-01,6885.969999999999
C01075,2025-03,18233.11
C01075,2025-06,49207.270000000004
C01075,2025-07,2341.85
C01075,2025-09,963.7
C01075,2025-11,24227.73
C01075,2025-12,23204.26
C01076,2024-01,6511.24
C01076,2024-02,1015.42
C01076,2024-03,43149.53
C01076,2024-06,38306.57
C01076,2024-07,12250.76
C01076,2024-08,41571.43
C01076,2024-09,50995.86
C01076,2024-10,16609.68
C01076,2024-12,8278.24
C01076,2025-01,15820.13
C01076,2025-02,6939.860000000001
C01076,2025-03,8119.73
C01076,2025-04,18667.03
C01076,2025-05,3223.56
C01076,2025-06,3381.06
C01076,2025-07,27617.53
C01076,2025-10,1935.67
C01076,2025-11,5601.030000000001
C01076,2025-12,11558.84
C01077,2024-01,16495.8
C01077,2024-03,813.63
C01077,2024-04,56291.33
C01077,2024-05,14616.25
C01077,2024-06,14891.5
C01077,2024-08,3362.06
C01077,2024-09,982.97
C01077,2024-10,2766.13
C01077,2024-11,6011.18
C01077,2024-12,1404.98
C01077,2025-01,1452.72
C01077,2025-02,4329.78
C01077,2025-04,23807.04
C01077,2025-07,1279.21
C01077,2025-08,62900.579999999994
C01077,2025-10,39395.409999999996
C01077,2025-12,37554.43
C01078,2024-02,2857.49
C01078,2024-03,33889.44
C01078,2024-04,47092.94
C01078,2024-06,12536.91
C01078,2024-07,5525.65
C01078,2024-08,1708.99
C01078,2024-09,14889.77
C01078,2024-10,11643.27
C01078,2024-11,35666.2
C01078,2025-01,1813.55
C01078,2025-02,2090.02
C01078,2025-03,1804.67
C01078,2025-04,27548.39
C01078,2025-05,675.53
C01078,2025-06,4597.8099999999995
C01078,2025-07,15767.8
C01078,2025-08,3161.79
C01078,2025-09,41623.94
C01078,2025-10,5362.77
C01078,2025-11,14496.5
C01078,2025-12,3667.06
C01079,2024-01,6452.49
C01079,2024-02,1098.24
C01079,2024-08,1176.09
C01079,2024-09,17780.17
C01079,2024-10,7039.9
C01079,2024-11,11041.04
C01079,2025-01,57971.82
C01079,2025-02,12109.039999999999
C01079,2025-03,2859.34
C01079,2025-04,15061.98
C01079,2025-07,4652.2
C01079,2025-08,12197.98
C01079,2025-11,16539.940000000002
C01079,2025-12,19225.61
C01080,2024-01,2196.85
C01080,2024-03,25539.95
C01080,2024-04,806.24
C01080,2024-06,3927.39
C01080,2024-07,5574.6
C01080,2024-08,56427.1
C01080,2024-09,18414.14
C01080,2024-10,12967.24
C01080,2024-11,46582.54
C01080,2024-12,25832.71
C01080,2025-02,5878.42
C01080,2025-03,59648.1
C01080,2025-05,11395.08
C01080,2025-06,18462.47
C01080,2025-07,8999.73
C01080,2025-08,17096.05
C01080,2025-09,1056.0
C01080,2025-11,8040.59
C01080,2025-12,1656.58
C01081,2024-04,3778.66
C01081,2024-05,4328.04
C01081,2024-06,3807.36
C01081,2024-07,8486.89
C01081,2024-08,21302.05
C01081,2024-09,1757.13
C01081,2024-12,24380.18
C01081,2025-01,40749.92
C01081,2025-03,1769.52
C01081,2025-04,5617.07
C01081,2025-05,36210.33
C01081,2025-06,996.78
C01081,2025-08,41665.950000000004
C01081,2025-11,16608.42
C01082,2024-01,8394.69
C01082,2024-02,36233.08
C01082,2024-03,16550.17
C01082,2024-04,5320.57
C01082,2024-05,1699.04
C01082,2024-06,10739.79
C01082,2024-07,3161.65
C01082,2024-09,34997.7
C01082,2024-10,10436.83
C01082,2024-11,36553.83
C01082,2025-01,3841.43
C01082,2025-02,1260.32
C01082,2025-03,15076.76
C01082,2025-04,26034.61
C01082,2025-05,31903.11
C01082,2025-07,46875.119999999995
C01082,2025-08,13945.34
C01082,2025-11,4369.77
C01082,2025-12,12749.460000000001
C01083,2024-01,30872.96
C01083,2024-02,22757.5
C01083,2024-03,10199.25
C01083,2024-07,2654.79
C01083,2024-09,1705.12
C01083,2024-10,2813.54
C01083,2024-11,5291.29
C01083,2024-12,20681.72
C01083,2025-01,1305.47
C01083,2025-02,1026.42
C01083,2025-04,20869.49
C01083,2025-05,2386.75
C01083,2025-06,45002.88
C01083,2025-07,25186.47
C01083,2025-09,16525.86
C01083,2025-10,1450.49
C01083,2025-11,9242.14
C01083,2025-12,11161.24
C01084,2024-01,54862.06999999999
C01084,2024-02,4066.21
C01084,2024-03,2677.6
C01084,2024-04,1208.38
C01084,2024-06,1305.39
C01084,2024-07,27462.38
C01084,2024-08,1414.43
C01084,2024-09,80391.5
C01084,2024-10,5546.01
C01084,2024-11,55875.36
C01084,2025-01,25708.25
C01084,2025-02,35029.49
C01084,2025-03,5057.6
C01084,2025-04,12249.85
C01084,2025-05,17145.22
C01084,2025-06,1028.82
C01084,2025-08,24405.25
C01084,2025-09,48756.67
C01084,2025-10,13628.210000000001
C01084,2025-11,7945.58
C01084,2025-12,14929.86
C01085,2024-01,13851.19
C01085,2024-02,17418.73
C01085,2024-03,4558.33
C01085,2024-04,5711.32
C01085,2024-05,19278.67
C01085,2024-06,1538.56
C01085,2024-07,30557.41
C01085,2024-08,61057.68
C01085,2024-10,6369.5
C01085,2024-11,63002.94
C01085,2024-12,7771.59
C01085,2025-01,3382.82
C01085,2025-02,39819.11
C01085,2025-04,11669.580000000002
C01085,2025-05,2541.67
C01085,2025-06,19641.32
C01085,2025-08,1073.37
C01085,2025-09,52080.49
C01085,2025-10,2403.61
C01085,2025-11,6145.16
C01086,2024-01,28796.77
C01086,2024-02,16537.49
C01086,2024-04,1555.26
C01086,2024-05,2115.14
C01086,2024-06,2760.42
C01086,2024-07,6540.1
C01086,2024-08,4365.16
C01086,2024-09,19576.22
C01086,2024-10,381.11
C01086,2024-11,5167.64
C01086,2025-01,7401.41
C01086,2025-03,70635.76000000001
C01086,2025-05,22655.800000000003
C01086,2025-06,67483.46
C01086,2025-07,2459.74
C01086,2025-08,42860.18
C01086,2025-09,39085.6
C01086,2025-11,34199.770000000004
C01087,2024-01,1035.56
C01087,2024-02,3016.65
C01087,2024-03,9533.41
C01087,2024-04,27542.75
C01087,2024-05,22200.68
C01087,2024-06,35027.26
C01087,2024-07,3795.7799999999997
C01087,2024-08,300.03
C01087,2024-09,52176.15
C01087,2024-10,40058.05
C01087,2025-01,8468.619999999999
C01087,2025-02,11860.85
C01087,2025-03,32257.35
C01087,2025-04,18816.46
C01087,2025-05,33272.13
C01087,2025-06,5778.31
C01087,2025-07,8970.18
C01087,2025-11,4233.21
C01087,2025-12,5536.74
C01088,2024-01,2036.4499999999998
C01088,2024-04,2225.16
C01088,2024-05,21989.96
C01088,2024-06,1859.04
C01088,2024-08,45017.72
C01088,2024-10,19562.160000000003
C01088,2024-11,55346.63
C01088,2024-12,2680.48
C01088,2025-01,39277.2
C01088,2025-02,6446.42
C01088,2025-03,25154.26
C01088,2025-04,21942.88
C01088,2025-05,40850.99
C01088,2025-06,4922.75
C01088,2025-07,11141.06
C01088,2025-08,6508.89
C01088,2025-09,18232.0
C01088,2025-10,4453.65
C01088,2025-11,10190.740000000002
C01088,2025-12,2966.77
C01089,2024-03,26300.28
C01089,2024-04,1898.82
C01089,2024-06,9883.83
C01089,2024-08,15000.419999999998
C01089,2024-10,2784.37
C01089,2024-11,5116.22
C01089,2024-12,27994.95
C01089,2025-01,1034.08
C01089,2025-02,11794.61
C01089,2025-03,51556.92
C01089,2025-04,79158.3
C01089,2025-05,920.15
C01089,2025-07,37617.81
C01089,2025-08,59323.59
C01089,2025-09,9462.31
C01089,2025-10,7127.48
C01089,2025-11,30244.48
C01089,2025-12,46191.600000000006
C01090,2024-01,25298.809999999998
C01090,2024-02,4169.91
C01090,2024-03,2336.3
C01090,2024-05,9851.61
C01090,2024-06,23398.549999999996
C01090,2024-07,925.31
C01090,2024-08,3763.94
C01090,2024-09,28363.100000000002
C01090,2024-10,1845.12
C01090,2024-11,4679.34
C01090,2024-12,6404.57
C01090,2025-01,53545.36
C01090,2025-02,37521.12
C01090,2025-05,43574.75
C01090,2025-06,3016.58
C01090,2025-07,3067.2200000000003
C01090,2025-08,73561.75
C01090,2025-09,3731.47
C01090,2025-10,8845.44
C01090,2025-11,54502.95
C01090,2025-12,14550.88
C01091,2024-01,5317.0
C01091,2024-02,4582.65
C01091,2024-03,5912.62
C01091,2024-04,13396.13
C01091,2024-05,5890.88
C01091,2024-06,16583.08
C01091,2024-07,19975.57
C01091,2024-08,2247.95
C01091,2024-09,1169.52
C01091,2024-12,2089.87
C01091,2025-01,768.34
C01091,2025-02,7844.18
C01091,2025-03,42191.01
C01091,2025-04,23248.690000000002
C01091,2025-05,65864.75
C01091,2025-07,19424.15
C01091,2025-09,15991.039999999999
C01091,2025-11,44418.509999999995
C01092,2024-01,23384.03
C01092,2024-02,1549.31
C01092,2024-03,2211.52
C01092,2024-04,48911.6
C01092,2024-06,42270.009999999995
C01092,2024-07,11994.58
C01092,2024-08,15017.0
C01092,2024-09,8460.48
C01092,2024-10,1461.82
C01092,2024-11,21626.7
C01092,2024-12,1422.25
C01092,2025-01,24926.34
C01092,2025-02,44956.82000000001
C01092,2025-03,11618.38
C01092,2025-04,655.69
C01092,2025-05,77713.55
C01092,2025-07,28951.38
C01092,2025-09,2042.22
C01092,2025-10,1326.37
C01092,2025-11,17148.12
C01092,2025-12,52526.26
C01093,2024-01,3635.23
C01093,2024-05,1232.38
C01093,2024-06,516.84
C01093,2024-07,17933.67
C01093,2024-08,7465.89
C01093,2024-09,2493.34
C01093,2024-10,11058.44
C01093,2024-11,32078.84
C01093,2024-12,103179.4
C01093,2025-01,5013.43
C01093,2025-02,30611.260000000002
C01093,2025-03,14721.55
C01093,2025-04,1796.73
C01093,2025-05,34170.76
C01093,2025-07,35631.8
C01093,2025-08,13739.58
C01093,2025-09,44731.83
C01093,2025-10,8478.49
C01093,2025-11,20584.89
C01093,2025-12,6739.33
C01094,2024-01,8629.26
C01094,2024-02,7835.99
C01094,2024-03,653.86
C01094,2024-05,3151.05
C01094,2024-06,1505.34
C01094,2024-07,10878.380000000001
C01094,2024-08,1145.49
C01094,2024-09,304.85
C01094,2024-10,48593.95
C01094,2024-11,514.11
C01094,2025-01,4727.35
C01094,2025-02,4762.42
C01094,2025-03,202.74
C01094,2025-04,1080.99
C01094,2025-06,4021.46
C01094,2025-07,9765.98
C01094,2025-08,5389.03
C01094,2025-09,5502.87
C01095,2024-02,3255.2700000000004
C01095,2024-03,19190.14
C01095,2024-04,23184.39
C01095,2024-05,5877.31
C01095,2024-06,53003.86
C01095,2024-07,15489.7
C01095,2024-08,23329.1
C01095,2024-09,700.67
C01095,2024-10,3495.84
C01095,2024-11,3174.63
C01095,2024-12,3490.7999999999997
C01095,2025-02,1073.68
C01095,2025-03,30614.51
C01095,2025-04,45301.299999999996
C01095,2025-07,3388.73
C01095,2025-08,12317.2
C01095,2025-09,1965.12
C01095,2025-10,38177.27
C01095,2025-12,1104.49
C01096,2024-01,3684.72
C01096,2024-02,15147.33
C01096,2024-03,15096.109999999999
C01096,2024-04,6641.51
C01096,2024-07,14025.71
C01096,2024-08,5188.98
C01096,2024-10,818.86
C01096,2024-11,69207.19
C01096,2024-12,10457.84
C01096,2025-01,2980.87
C01096,2025-02,4230.54
C01096,2025-03,13407.0
C01096,2025-04,4351.370000000001
C01096,2025-05,1848.87
C01096,2025-06,11606.89
C01096,2025-07,1237.19
C01096,2025-08,4686.58
C01096,2025-09,4291.63
C01096,2025-10,14037.650000000001
C01096,2025-11,1243.01
C01096,2025-12,9040.960000000001
C01097,2024-01,9764.14
C01097,2024-02,17809.32
C01097,2024-03,4971.96
C01097,2024-04,2209.84
C01097,2024-05,652.82
C01097,2024-06,14691.96
C01097,2024-07,85645.01
C01097,2024-08,21793.18
C01097,2024-09,2974.83
C01097,2024-10,4035.8
C01097,2025-01,13782.29
C01097,2025-02,17508.08
C01097,2025-03,34550.41
C01097,2025-05,12931.75
C01097,2025-07,1618.01
C01097,2025-08,6799.12
C01097,2025-11,20287.09
C01097,2025-12,29604.84
C01098,2024-02,4314.07
C01098,2024-03,13171.64
C01098,2024-04,19469.02
C01098,2024-06,12112.32
C01098,2024-07,2379.6
C01098,2024-08,9403.27
C01098,2024-10,13666.7
C01098,2024-12,87820.43000000001
C01098,2025-01,13694.98
C01098,2025-02,4578.54
C01098,2025-03,57997.44
C01098,2025-04,431.63
C01098,2025-05,43740.579999999994
C01098,2025-08,34611.03
C01098,2025-10,3665.24
C01098,2025-12,14380.51
C01099,2024-02,341.16
C01099,2024-03,38528.450000000004
C01099,2024-04,1504.48
C01099,2024-05,44691.509999999995
C01099,2024-06,8916.07
C01099,2024-08,2149.09
C01099,2024-10,54555.869999999995
C01099,2024-11,12471.380000000001
C01099,2024-12,4984.799999999999
C01099,2025-01,23095.56
C01099,2025-02,16084.7
C01099,2025-03,11682.099999999999
C01099,2025-04,19555.5
C01099,2025-05,25874.86
C01099,2025-06,2659.33
C01099,2025-07,21103.89
C01099,2025-09,6408.85
C01099,2025-10,9883.03
C01099,2025-11,17910.58
C01100,2024-01,2042.06
C01100,2024-02,1098.68
C01100,2024-03,6620.12
C01100,2024-04,8734.18
C01100,2024-05,1909.39
C01100,2024-06,6067.16
C01100,2024-07,3411.29
C01100,2024-08,23876.08
C01100,2024-09,3815.48
C01100,2024-10,41158.049999999996
C01100,2024-11,36813.38
C01100,2024-12,31962.37
C01100,2025-03,2510.47
C01100,2025-05,22505.0
C01100,2025-06,25380.21
C01100,2025-09,13085.14
C01100,2025-11,2743.3599999999997
C01100,2025-12,3051.27
C01101,2024-01,39082.42
C01101,2024-02,39355.07
C01101,2024-03,18905.03
C01101,2024-05,1445.0
C01101,2024-06,1333.14
C01101,2024-07,14869.08
C01101,2024-08,1684.66
C01101,2024-09,7772.05
C01101,2024-11,8932.5
C01101,2024-12,3919.59
C01101,2025-01,2401.93
C01101,2025-02,52581.98
C01101,2025-03,34118.06
C01101,2025-04,4357.78
C01101,2025-05,32885.34
C01101,2025-06,9314.27
C01101,2025-07,21738.14
C01101,2025-09,2569.43
C01101,2025-10,3715.65
C01101,2025-11,15956.68
C01101,2025-12,12831.49
C01102,2024-01,7480.41
C01102,2024-03,6199.62
C01102,2024-04,16741.28
C01102,2024-05,5369.83
C01102,2024-06,9310.14
C01102,2024-07,958.71
C01102,2024-09,8005.52
C01102,2024-10,12869.75
C01102,2024-11,15630.380000000001
C01102,2024-12,42805.49
C01102,2025-01,22470.96
C01102,2025-02,25040.239999999998
C01102,2025-03,7028.77
C01102,2025-04,23471.600000000002
C01102,2025-07,1688.78
C01102,2025-08,7101.58
C01102,2025-09,19926.42
C01102,2025-10,19120.49
C01102,2025-11,1686.24
C01102,2025-12,12155.91
C01103,2024-01,60951.12
C01103,2024-03,13198.92
C01103,2024-04,39897.7
C01103,2024-06,2340.12
C01103,2024-07,2871.86
C01103,2024-08,988.1400000000001
C01103,2024-10,32432.57
C01103,2024-11,6476.78
C01103,2024-12,32800.229999999996
C01103,2025-01,38774.99
C01103,2025-03,31804.72
C01103,2025-04,10280.05
C01103,2025-05,32838.07
C01103,2025-07,1223.95
C01103,2025-08,37810.04
C01103,2025-09,6775.59
C01103,2025-10,3190.42
C01104,2024-02,44958.47
C01104,2024-03,41844.020000000004
C01104,2024-06,40794.59
C01104,2024-07,16928.47
C01104,2024-08,9169.56
C01104,2024-09,15733.4
C01104,2024-10,24707.53
C01104,2024-11,20866.27
C01104,2024-12,20428.74
C01104,2025-02,39699.13
C01104,2025-03,3816.22
C01104,2025-04,2978.93
C01104,2025-05,1571.89
C01104,2025-06,57275.729999999996
C01104,2025-07,9221.08
C01104,2025-09,1466.06
C01104,2025-10,7713.58
C01105,2024-01,13770.2
C01105,2024-04,967.56
C01105,2024-05,4046.8599999999997
C01105,2024-06,7467.28
C01105,2024-07,20249.309999999998
C01105,2024-08,14494.42
C01105,2024-09,43996.020000000004
C01105,2024-11,12856.77
C01105,2024-12,2616.67
C01105,2025-01,59607.31
C01105,2025-02,1517.93
C01105,2025-03,3546.13
C01105,2025-04,1583.65
C01105,2025-05,20026.09
C01105,2025-06,13117.33
C01105,2025-07,1552.21
C01105,2025-08,19111.739999999998
C01105,2025-09,6470.5
C01105,2025-10,1123.16
C01106,2024-01,230.69
C01106,2024-02,12005.78
C01106,2024-03,5128.21
C01106,2024-05,18474.910000000003
C01106,2024-06,7459.6
C01106,2024-08,465.71
C01106,2024-10,5750.58
C01106,2024-11,3561.96
C01106,2024-12,36605.09
C01106,2025-03,1159.47
C01106,2025-05,42767.01
C01106,2025-06,1283.19
C01106,2025-07,3502.79
C01106,2025-09,13723.07
C01106,2025-10,6723.0599999999995
C01106,2025-11,100253.51
C01106,2025-12,23049.16
C01107,2024-01,39910.02
C01107,2024-02,7306.33
C01107,2024-03,14671.42
C01107,2024-04,18048.84
C01107,2024-06,3036.5099999999998
C01107,2024-08,1579.48
C01107,2024-10,513.34
C01107,2024-12,875.94
C01107,2025-01,44741.45
C01107,2025-02,13503.05
C01107,2025-03,5220.02
C01107,2025-04,870.11
C01107,2025-05,9227.98
C01107,2025-06,45996.54
C01107,2025-07,50872.62
C01107,2025-08,17826.26
C01107,2025-09,11260.73
C01107,2025-10,13227.97
C01107,2025-12,7870.719999999999
C01108,2024-02,1404.86
C01108,2024-03,2371.49
C01108,2024-04,20414.52
C01108,2024-06,22524.43
C01108,2024-08,34847.15
C01108,2024-09,17341.57
C01108,2024-10,28790.739999999998
C01108,2024-11,5030.6
C01108,2024-12,15428.75
C01108,2025-01,19609.08
C01108,2025-02,10550.63
C01108,2025-03,1847.52
C01108,2025-05,1326.51
C01108,2025-06,14709.57
C01108,2025-07,2798.03
C01108,2025-08,23576.92
C01108,2025-09,33653.64
C01108,2025-10,18646.92
C01108,2025-11,29488.34
C01108,2025-12,2158.18
C01109,2024-01,907.33
C01109,2024-04,18301.440000000002
C01109,2024-05,3946.33
C01109,2024-07,15933.54
C01109,2024-08,5982.4800000000005
C01109,2024-09,4192.71
C01109,2024-10,18580.24
C01109,2024-11,1290.85
C01109,2024-12,17531.21
C01109,2025-01,18875.6
C01109,2025-02,12797.72
C01109,2025-05,12028.98
C01109,2025-06,38681.38
C01109,2025-07,17522.47
C01109,2025-08,3365.55
C01109,2025-09,5322.02
C01109,2025-10,23856.37
C01109,2025-11,11993.63
C01109,2025-12,5111.45
C01110,2024-01,41035.43
C01110,2024-04,17643.85
C01110,2024-05,3401.58
C01110,2024-07,2798.95
C01110,2024-11,51494.36
C01110,2025-01,956.16
C01110,2025-02,433.71
C01110,2025-03,18440.1
C01110,2025-04,16865.73
C01110,2025-06,2287.39
C01110,2025-07,10919.21
C01110,2025-08,47186.3
C01110,2025-11,33337.53
C01110,2025-12,10449.12
C01111,2024-01,8160.960000000001
C01111,2024-02,6638.55
C01111,2024-04,7905.26
C01111,2024-05,31199.56
C01111,2024-07,39253.619999999995
C01111,2024-08,20419.239999999998
C01111,2024-10,40638.810000000005
C01111,2024-11,6364.78
C01111,2024-12,98086.48
C01111,2025-03,4923.42
C01111,2025-04,5759.16
C01111,2025-05,497.29
C01111,2025-07,9897.99
C01111,2025-08,820.23
C01111,2025-09,50972.47
C01111,2025-10,2171.0
C01111,2025-11,7336.19
C01112,2024-01,41327.24
C01112,2024-02,22209.410000000003
C01112,2024-03,34067.7
C01112,2024-04,21888.24
C01112,2024-05,17473.34
C01112,2024-06,4417.25
C01112,2024-09,2607.16
C01112,2024-10,6760.0599999999995
C01112,2024-11,43405.84
C01112,2025-02,13237.63
C01112,2025-03,13011.529999999999
C01112,2025-04,86274.45999999999
C01112,2025-05,10119.7
C01112,2025-06,38985.56
C01112,2025-07,4387.77
C01112,2025-09,15518.95
C01112,2025-10,6750.98
C01112,2025-11,14444.39
C01112,2025-12,16011.75
C01113,2024-01,3040.63
C01113,2024-02,12342.09
C01113,2024-04,3028.99
C01113,2024-05,28566.08
C01113,2024-07,3010.63
C01113,2024-08,24072.97
C01113,2024-09,12187.689999999999
C01113,2024-10,23298.55
C01113,2024-11,2300.9
C01113,2024-12,21651.010000000002
C01113,2025-01,3932.0
C01113,2025-03,35160.01
C01113,2025-04,1273.77
C01113,2025-05,20987.5
C01113,2025-06,12219.44
C01113,2025-07,29547.89
C01113,2025-08,3341.98
C01113,2025-09,1173.5
C01113,2025-11,9672.55
C01113,2025-12,665.25
C01114,2024-02,638.93
C01114,2024-03,37860.86
C01114,2024-04,16538.01
C01114,2024-05,11858.869999999999
C01114,2024-08,41801.149999999994
C01114,2024-09,11667.2
C01114,2024-10,1065.33
C01114,2024-12,19135.82
C01114,2025-01,6019.83
C01114,2025-02,7594.79
C01114,2025-03,11015.220000000001
C01114,2025-04,8040.49
C01114,2025-05,11453.58
C01114,2025-06,73755.69
C01114,2025-07,19771.61
C01114,2025-08,16452.309999999998
C01114,2025-09,3269.8599999999997
C01114,2025-10,2550.6400000000003
C01114,2025-11,21627.690000000002
C01114,2025-12,731.06
C01115,2024-01,18657.190000000002
C01115,2024-03,3824.44
C01115,2024-04,21398.129999999997
C01115,2024-06,8709.82
C01115,2024-07,31484.66
C01115,2024-08,11075.22
C01115,2024-11,671.57
C01115,2025-01,21645.11
C01115,2025-02,7720.7
C01115,2025-03,3894.73
C01115,2025-04,48771.76
C01115,2025-05,17642.29
C01115,2025-07,199.13
C01115,2025-08,16966.68
C01115,2025-09,760.18
C01115,2025-10,12173.85
C01115,2025-11,308.56
C01115,2025-12,12053.94
C01116,2024-01,3577.56
C01116,2024-02,20299.0
C01116,2024-03,1169.32
C01116,2024-04,473.14
C01116,2024-06,928.4
C01116,2024-08,3956.29
C01116,2024-09,23500.47
C01116,2024-10,913.21
C01116,2024-12,28616.449999999997
C01116,2025-01,5318.99
C01116,2025-03,3023.78
C01116,2025-04,17891.46
C01116,2025-07,33663.74
C01116,2025-08,21481.07
C01116,2025-10,40705.2
C01116,2025-11,51804.41
C01116,2025-12,9468.36
C01117,2024-02,18074.45
C01117,2024-03,3492.1
C01117,2024-04,82392.34
C01117,2024-05,7607.56
C01117,2024-06,13192.13
C01117,2024-07,24117.95
C01117,2024-08,9595.3
C01117,2024-09,1234.1
C01117,2024-10,3899.99
C01117,2024-11,4969.77
C01117,2024-12,38687.87
C01117,2025-01,1457.96
C01117,2025-03,61687.829999999994
C01117,2025-04,54138.45
C01117,2025-05,21736.94
C01117,2025-07,22397.6
C01117,2025-09,2223.89
C01117,2025-10,11081.2
C01117,2025-11,432.16
C01118,2024-01,1385.86
C01118,2024-02,24004.23
C01118,2024-03,25452.03
C01118,2024-04,36686.229999999996
C01118,2024-05,1632.07
C01118,2024-07,4090.74
C01118,2024-08,17749.9
C01118,2024-09,59586.05
C01118,2024-10,7359.73
C01118,2024-11,22057.65
C01118,2025-02,34054.87
C01118,2025-03,41252.72
C01118,2025-04,27694.960000000003
C01118,2025-05,2236.02
C01118,2025-06,62488.27
C01118,2025-07,19488.28
C01118,2025-08,2807.27
C01118,2025-09,11956.619999999999
C01118,2025-10,3104.68
C01119,2024-02,67653.08
C01119,2024-03,2201.29
C01119,2024-06,37309.03
C01119,2024-07,2095.45
C01119,2024-08,7520.49
C01119,2024-09,11990.05
C01119,2024-11,12064.61
C01119,2024-12,22515.5
C01119,2025-01,44981.759999999995
C01119,2025-02,34377.79
C01119,2025-06,8609.39
C01119,2025-07,19174.14
C01119,2025-08,25833.47
C01119,2025-10,10751.12
C01119,2025-11,524.25
C01120,2024-01,3676.26
C01120,2024-02,57348.200000000004
C01120,2024-04,7402.05
C01120,2024-05,8946.67
C01120,2024-06,2354.23
C01120,2024-07,68664.09
C01120,2024-08,10755.47
C01120,2024-10,30612.33
C01120,2024-11,45840.97
C01120,2024-12,22145.74
C01120,2025-01,5474.49
C01120,2025-02,1607.7
C01120,2025-04,14539.77
C01120,2025-05,73790.43000000001
C01120,2025-06,4489.9
C01120,2025-07,28805.620000000003
C01120,2025-08,12862.710000000001
C01120,2025-09,36620.88
C01120,2025-10,32049.43
C01120,2025-12,22174.18
C01121,2024-01,7538.07
C01121,2024-02,58102.729999999996
C01121,2024-05,2652.18
C01121,2024-06,590.13
C01121,2024-07,20122.83
C01121,2024-08,1112.49
C01121,2024-09,9794.81
C01121,2024-10,3474.05
C01121,2024-12,18621.559999999998
C01121,2025-01,13776.59
C01121,2025-02,12521.480000000001
C01121,2025-04,12704.199999999999
C01121,2025-05,1004.55
C01121,2025-06,2923.74
C01121,2025-09,8362.26
C01121,2025-10,2089.99
C01122,2024-03,84229.04000000001
C01122,2024-06,20884.739999999998
C01122,2024-07,45642.76
C01122,2024-08,6632.51
C01122,2024-09,12218.07
C01122,2024-10,32745.39
C01122,2024-11,33541.48
C01122,2024-12,5544.94
C01122,2025-01,30954.21
C01122,2025-03,23847.39
C01122,2025-04,2938.77
C01122,2025-05,51218.55
C01122,2025-07,4862.9
C01122,2025-08,31064.270000000004
C01122,2025-09,32556.57
C01122,2025-10,77228.73999999999
C01122,2025-12,6390.96
C01123,2024-02,20423.21
C01123,2024-03,1933.66
C01123,2024-05,1365.8899999999999
C01123,2024-06,78452.83
C01123,2024-07,2283.97
C01123,2024-08,43966.27
C01123,2024-10,42606.45
C01123,2024-11,927.61
C01123,2024-12,6112.96
C01123,2025-01,8942.91
C01123,2025-02,11568.630000000001
C01123,2025-03,38933.380000000005
C01123,2025-04,1846.06
C01123,2025-06,2316.99
C01123,2025-07,16862.19
C01123,2025-08,1312.38
C01123,2025-10,995.68
C01123,2025-11,2207.7
C01124,2024-01,6484.16
C01124,2024-02,27377.84
C01124,2024-03,29784.05
C01124,2024-04,41761.520000000004
C01124,2024-05,20096.039999999997
C01124,2024-06,6816.81
C01124,2024-07,22356.16
C01124,2024-08,18555.1
C01124,2024-10,3198.55
C01124,2024-11,1933.92
C01124,2025-01,2849.05
C01124,2025-02,11618.6
C01124,2025-03,192.81
C01124,2025-04,3447.35
C01124,2025-06,3990.16
C01124,2025-07,627.42
C01124,2025-08,38065.72
C01124,2025-09,55074.59
C01124,2025-10,614.51
C01124,2025-11,15328.61
C01124,2025-12,2573.89
C01125,2024-01,15119.72
C01125,2024-02,1626.16
C01125,2024-03,31966.7
C01125,2024-04,2109.78
C01125,2024-05,20650.269999999997
C01125,2024-06,17070.03
C01125,2024-07,1506.8
C01125,2024-08,743.31
C01125,2024-09,1712.72
C01125,2024-10,818.7
C01125,2024-12,10930.5
C01125,2025-01,68138.74
C01125,2025-02,4508.17
C01125,2025-04,39972.15
C01125,2025-06,211.39
C01125,2025-07,11672.75
C01125,2025-08,39418.0
C01125,2025-09,34158.7
C01125,2025-10,8315.35
C01125,2025-12,3147.3999999999996
C01126,2024-02,20492.08
C01126,2024-03,9075.61
C01126,2024-04,14957.34
C01126,2024-05,15878.33
C01126,2024-06,20630.370000000003
C01126,2024-07,4471.59
C01126,2024-10,2569.66
C01126,2024-11,19203.809999999998
C01126,2024-12,2697.99
C01126,2025-01,25305.82
C01126,2025-02,67869.53
C01126,2025-03,37575.01
C01126,2025-04,3516.9300000000003
C01126,2025-05,7638.4800000000005
C01126,2025-07,2417.45
C01126,2025-08,4736.92
C01126,2025-09,35222.11
C01126,2025-10,1996.44
C01126,2025-11,654.98
C01126,2025-12,26501.050000000003
C01127,2024-01,1478.1399999999999
C01127,2024-02,10677.130000000001
C01127,2024-03,2040.2600000000002
C01127,2024-04,19909.77
C01127,2024-05,29326.03
C01127,2024-07,37561.54
C01127,2024-08,2516.11
C01127,2024-09,67682.04000000001
C01127,2024-10,25381.0
C01127,2024-11,5867.91
C01127,2024-12,23641.559999999998
C01127,2025-01,14746.480000000001
C01127,2025-02,6817.17
C01127,2025-03,51083.95999999999
C01127,2025-04,8027.33
C01127,2025-05,54726.0
C01127,2025-07,1951.84
C01127,2025-09,4786.42
C01127,2025-10,469.46
C01128,2024-01,27586.5
C01128,2024-02,11479.11
C01128,2024-06,2694.62
C01128,2024-07,8944.63
C01128,2024-10,10823.57
C01128,2024-11,43758.590000000004
C01128,2025-01,13790.49
C01128,2025-02,7305.57
C01128,2025-03,3484.98
C01128,2025-04,2237.35
C01128,2025-05,3898.5299999999997
C01128,2025-08,5592.96
C01128,2025-09,25658.5
C01128,2025-10,4501.110000000001
C01128,2025-11,27146.39
C01129,2024-01,2603.5
C01129,2024-02,2757.03
C01129,2024-03,10433.470000000001
C01129,2024-07,2759.35
C01129,2024-08,36343.74
C01129,2024-09,1676.49
C01129,2024-10,4711.14
C01129,2024-11,34291.35
C01129,2024-12,28961.309999999998
C01129,2025-01,27926.14
C01129,2025-02,1016.61
C01129,2025-03,31228.77
C01129,2025-04,3352.2999999999997
C01129,2025-05,47971.44
C01129,2025-06,18879.3
C01129,2025-07,39809.0
C01129,2025-08,3240.13
C01129,2025-09,4362.7
C01130,2024-01,1650.38
C01130,2024-02,5586.41
C01130,2024-03,13133.07
C01130,2024-05,24100.05
C01130,2024-07,2569.9
C01130,2024-08,54824.079999999994
C01130,2024-09,8622.25
C01130,2024-10,37260.71
C01130,2024-11,7338.71
C01130,2024-12,43733.61
C01130,2025-02,6826.85
C01130,2025-03,979.52
C01130,2025-05,1716.3
C01130,2025-06,2194.57
C01130,2025-07,7594.77
C01130,2025-08,16187.22
C01130,2025-09,4156.8
C01130,2025-11,1414.3
C01130,2025-12,27774.829999999998
C01131,2024-01,1541.14
C01131,2024-03,11000.93
C01131,2024-04,30285.1
C01131,2024-05,32363.44
C01131,2024-06,2093.45
C01131,2024-07,354.64
C01131,2024-08,1462.42
C01131,2024-09,7447.48
C01131,2024-10,844.31
C01131,2024-11,15260.310000000001
C01131,2024-12,29569.51
C01131,2025-01,40206.990000000005
C01131,2025-03,19188.11
C01131,2025-06,8302.52
C01131,2025-07,7393.28
C01131,2025-08,5103.5
C01131,2025-09,31374.11
C01131,2025-11,2530.6
C01131,2025-12,19066.07
C01132,2024-01,634.59
C01132,2024-02,61542.25
C01132,2024-03,12182.82
C01132,2024-04,10521.0
C01132,2024-05,25972.84
C01132,2024-06,14666.89
C01132,2024-07,32022.34
C01132,2024-08,11587.03
C01132,2024-09,8965.53
C01132,2024-10,1521.96
C01132,2024-11,11469.34
C01132,2024-12,22238.43
C01132,2025-01,3391.61
C01132,2025-03,7299.18
C01132,2025-06,3579.15
C01132,2025-08,10918.03
C01132,2025-11,6134.34
C01132,2025-12,4143.54
C01133,2024-01,4206.91
C01133,2024-04,21843.280000000002
C01133,2024-05,6311.11
C01133,2024-06,17676.78
C01133,2024-07,2594.8199999999997
C01133,2024-08,2841.44
C01133,2024-09,16968.5
C01133,2024-10,36321.0
C01133,2024-12,10014.730000000001
C01133,2025-02,28619.9
C01133,2025-03,1616.9
C01133,2025-04,49267.41
C01133,2025-05,11124.59
C01133,2025-07,19295.72
C01133,2025-09,31468.410000000003
C01133,2025-10,45089.799999999996
C01133,2025-12,6033.83
C01134,2024-02,59637.74
C01134,2024-03,14114.869999999999
C01134,2024-04,62494.23
C01134,2024-05,19946.76
C01134,2024-06,15108.8
C01134,2024-08,28158.96
C01134,2024-09,6637.03
C01134,2024-10,1764.82
C01134,2024-11,2488.27
C01134,2024-12,1995.09
C01134,2025-01,8860.960000000001
C01134,2025-03,47586.06
C01134,2025-04,71465.5
C01134,2025-05,2173.39
C01134,2025-06,3778.42
C01134,2025-09,2104.5
C01134,2025-10,12953.65
C01134,2025-11,11977.72
C01135,2024-01,9744.44
C01135,2024-02,14081.11
C01135,2024-04,17764.4
C01135,2024-05,528.47
C01135,2024-06,10422.31
C01135,2024-07,28447.44
C01135,2024-08,8283.88
C01135,2024-10,4311.98
C01135,2024-11,4518.02
C01135,2025-01,54041.98
C01135,2025-02,2755.72
C01135,2025-05,1813.16
C01135,2025-06,13424.31
C01135,2025-08,19918.190000000002
C01135,2025-09,14904.28
C01135,2025-10,17679.15
C01135,2025-11,1391.66
C01135,2025-12,22302.95
C01136,2024-01,11880.25
C01136,2024-02,64909.32
C01136,2024-03,3578.6400000000003
C01136,2024-04,12399.03
C01136,2024-06,19314.65
C01136,2024-09,39932.77
C01136,2024-11,18344.46
C01136,2024-12,4224.1900000000005
C01136,2025-01,8522.35
C01136,2025-02,10944.29
C01136,2025-03,67657.02
C01136,2025-04,10266.24
C01136,2025-05,1209.71
C01136,2025-06,6533.98
C01136,2025-07,51174.52
C01136,2025-08,10684.74
C01136,2025-09,3925.74
C01136,2025-10,1331.55
C01136,2025-12,9425.65
C01137,2024-02,1033.51
C01137,2024-03,3621.02
C01137,2024-05,3031.96
C01137,2024-06,7515.030000000001
C01137,2024-07,40058.95
C01137,2024-08,1149.19
C01137,2024-09,1360.56
C01137,2024-12,16801.06
C01137,2025-04,8820.41
C01137,2025-05,1583.73
C01137,2025-06,2912.89
C01137,2025-08,1452.53
C01137,2025-12,6838.410000000001
C01138,2024-01,13964.98
C01138,2024-02,34428.380000000005
C01138,2024-03,10744.17
C01138,2024-04,18252.32
C01138,2024-06,1212.77
C01138,2024-07,10382.96
C01138,2024-08,993.89
C01138,2024-09,10224.28
C01138,2024-10,21932.41
C01138,2024-11,8281.62
C01138,2024-12,7668.16
C01138,2025-01,23183.8
C01138,2025-03,79828.3
C01138,2025-04,12156.33
C01138,2025-05,1536.76
C01138,2025-06,15499.65
C01138,2025-07,864.76
C01138,2025-08,11745.86
C01138,2025-09,30453.879999999997
C01138,2025-10,8396.44
C01138,2025-12,2250.11
C01139,2024-01,1152.35
C01139,2024-04,21523.239999999998
C01139,2024-05,31900.6
C01139,2024-06,19402.28
C01139,2024-07,1353.88
C01139,2024-10,8817.82
C01139,2024-12,4226.52
C01139,2025-01,22150.39
C01139,2025-02,4978.14
C01139,2025-04,58683.189999999995
C01139,2025-05,17695.49
C01139,2025-06,12272.62
C01139,2025-07,42489.12
C01139,2025-08,6328.389999999999
C01139,2025-09,1627.84
C01139,2025-10,56512.89
C01139,2025-12,1137.91
C01140,2024-01,22779.48
C01140,2024-02,974.79
C01140,2024-05,1507.93
C01140,2024-06,2481.0
C01140,2024-07,10677.42
C01140,2024-08,1154.29
C01140,2024-09,8447.76
C01140,2024-10,9076.86
C01140,2024-11,21772.77
C01140,2024-12,16308.89
C01140,2025-01,6070.43
C01140,2025-02,9152.070000000002
C01140,2025-03,3552.23
C01140,2025-04,3111.59
C01140,2025-06,40668.259999999995
C01140,2025-07,1397.22
C01140,2025-08,10024.2
C01140,2025-09,2899.04
C01140,2025-11,15741.570000000002
C01140,2025-12,17874.73
C01141,2024-01,2595.22
C01141,2024-02,9807.619999999999
C01141,2024-04,56043.2
C01141,2024-05,1543.65
C01141,2024-06,53845.96
C01141,2024-07,11585.22
C01141,2024-08,1047.33
C01141,2024-10,2185.68
C01141,2024-11,23115.27
C01141,2024-12,2477.88
C01141,2025-01,10870.2
C01141,2025-03,3418.74
C01141,2025-04,20334.75
C01141,2025-05,8976.84
C01141,2025-06,38591.439999999995
C01141,2025-07,36889.42
C01141,2025-09,12339.400000000001
C01141,2025-10,3921.75
C01141,2025-11,16982.52
C01141,2025-12,26029.94
C01142,2024-01,77566.08
C01142,2024-02,42450.29
C01142,2024-03,10618.33
C01142,2024-04,1351.31
C01142,2024-05,14240.39
C01142,2024-06,39714.3
C01142,2024-07,1897.71
C01142,2024-08,12482.49
C01142,2024-09,32422.22
C01142,2024-10,1878.66
C01142,2024-11,20962.920000000002
C01142,2024-12,8665.73
C01142,2025-02,1286.35
C01142,2025-03,2246.97
C01142,2025-04,1022.14
C01142,2025-05,4517.41
C01142,2025-06,11749.82
C01142,2025-07,20069.66
C01142,2025-08,5771.15
C01142,2025-10,51137.7
C01142,2025-11,34612.14
C01142,2025-12,36333.82
C01143,2024-03,10395.74
C01143,2024-04,12453.58
C01143,2024-05,9933.38
C01143,2024-06,55832.3
C01143,2024-08,3619.13
C01143,2024-09,14236.88
C01143,2024-10,17425.969999999998
C01143,2024-11,19376.38
C01143,2024-12,7279.81
C01143,2025-01,1246.54
C01143,2025-02,59549.79
C01143,2025-03,2443.11
C01143,2025-04,29362.670000000002
C01143,2025-05,12001.630000000001
C01143,2025-06,30217.71
C01143,2025-07,527.98
C01143,2025-08,1821.05
C01143,2025-09,1707.17
C01143,2025-11,2571.32
C01143,2025-12,961.16
C01144,2024-01,27029.530000000002
C01144,2024-02,35960.46
C01144,2024-04,9753.56
C01144,2024-05,28547.870000000003
C01144,2024-06,1017.13
C01144,2024-07,2092.69
C01144,2024-08,15978.45
C01144,2024-09,7239.13
C01144,2024-11,4590.46
C01144,2024-12,26300.29
C01144,2025-01,15177.54
C01144,2025-02,2099.39
C01144,2025-03,61777.189999999995
C01144,2025-04,3917.24
C01144,2025-05,203.78
C01144,2025-06,15788.730000000001
C01144,2025-07,3754.83
C01144,2025-08,34295.6
C01144,2025-11,1724.3200000000002
C01145,2024-01,45927.03
C01145,2024-02,33838.729999999996
C01145,2024-03,3655.27
C01145,2024-06,586.34
C01145,2024-07,22570.8
C01145,2024-08,4377.51
C01145,2024-09,7379.42
C01145,2024-10,12752.230000000001
C01145,2024-11,2845.06
C01145,2024-12,78069.83
C01145,2025-03,32540.37
C01145,2025-04,5943.43
C01145,2025-05,1523.79
C01145,2025-09,1968.89
C01145,2025-11,49204.62
C01145,2025-12,5088.6900000000005
C01146,2024-01,17813.81
C01146,2024-02,7244.4
C01146,2024-04,4181.42
C01146,2024-05,15532.18
C01146,2024-07,964.44
C01146,2024-08,44742.09
C01146,2024-09,45377.62
C01146,2024-11,15046.91
C01146,2025-01,19476.52
C01146,2025-06,5842.28
C01146,2025-07,54187.32
C01146,2025-08,14697.060000000001
C01146,2025-09,1977.1
C01146,2025-10,470.29
C01146,2025-11,33508.25
C01147,2024-01,42705.590000000004
C01147,2024-02,6564.81
C01147,2024-03,87996.45999999999
C01147,2024-04,44205.06
C01147,2024-06,637.11
C01147,2024-07,2684.09
C01147,2024-08,22205.89
C01147,2024-09,609.57
C01147,2024-10,51141.71000000001
C01147,2024-11,1769.08
C01147,2024-12,7242.12
C01147,2025-01,2181.45
C01147,2025-02,57896.67
C01147,2025-03,20267.93
C01147,2025-05,2507.31
C01147,2025-06,3712.37
C01147,2025-07,29964.719999999998
C01147,2025-08,44867.05
C01147,2025-11,18619.83
C01147,2025-12,17305.12
C01148,2024-02,13778.74
C01148,2024-03,57175.340000000004
C01148,2024-05,14232.41
C01148,2024-06,2588.09
C01148,2024-07,1766.4
C01148,2024-08,61954.53999999999
C01148,2024-09,503.94
C01148,2024-10,52721.590000000004
C01148,2024-11,46525.32
C01148,2024-12,8489.32
C01148,2025-01,1026.42
C01148,2025-03,4815.43
C01148,2025-06,10665.95
C01148,2025-07,31439.61
C01148,2025-09,3846.01
C01148,2025-11,8696.11
C01149,2024-01,15856.45
C01149,2024-02,14182.43
C01149,2024-04,17513.71
C01149,2024-06,39143.69
C01149,2024-07,5092.950000000001
C01149,2024-08,11213.75
C01149,2024-10,2651.11
C01149,2024-12,37489.65
C01149,2025-01,38387.159999999996
C01149,2025-02,27482.440000000002
C01149,2025-04,2393.47
C01149,2025-06,9258.74
C01149,2025-09,32141.83
C01149,2025-10,2474.43
C01149,2025-11,714.11
C01149,2025-12,8302.65
C01150,2024-01,12950.6
C01150,2024-02,18062.21
C01150,2024-03,38516.03
C01150,2024-04,30695.16
C01150,2024-05,59019.54
C01150,2024-06,3892.28
C01150,2024-07,1029.54
C01150,2024-08,10368.94
C01150,2024-09,10596.740000000002
C01150,2024-10,37795.25
C01150,2024-12,7473.77
C01150,2025-01,57793.31999999999
C01150,2025-03,8186.289999999999
C01150,2025-04,4756.1900000000005
C01150,2025-05,293.65
C01150,2025-06,14944.56
C01150,2025-08,6676.09
C01150,2025-09,3545.91
C01150,2025-11,22402.71
C01151,2024-02,54575.5
C01151,2024-03,23037.11
C01151,2024-04,65383.28999999999
C01151,2024-05,841.2
C01151,2024-06,2729.5
C01151,2024-07,15024.89
C01151,2024-08,16222.32
C01151,2024-09,3271.21
C01151,2024-10,491.03
C01151,2024-11,29624.73
C01151,2025-03,65807.81
C01151,2025-04,55858.77
C01151,2025-08,1510.31
C01151,2025-09,4111.52
C01151,2025-10,33032.61
C01151,2025-12,17976.13
C01152,2024-01,8455.42
C01152,2024-02,118418.75
C01152,2024-03,1954.82
C01152,2024-04,1476.39
C01152,2024-06,21363.75
C01152,2024-07,15576.32
C01152,2024-08,2905.43
C01152,2024-09,922.47
C01152,2024-10,10954.98
C01152,2024-11,7599.58
C01152,2024-12,530.99
C01152,2025-02,6881.87
C01152,2025-03,27523.949999999997
C01152,2025-04,14833.66
C01152,2025-06,5432.83
C01152,2025-07,4044.4700000000003
C01152,2025-08,6466.12
C01152,2025-10,4200.11
C01152,2025-11,26883.11
C01152,2025-12,11800.8
C01153,2024-01,29979.190000000002
C01153,2024-02,24690.43
C01153,2024-03,9610.64
C01153,2024-04,11485.35
C01153,2024-07,14584.65
C01153,2024-08,16964.78
C01153,2024-09,30891.339999999997
C01153,2024-11,3303.15
C01153,2024-12,3819.8100000000004
C01153,2025-02,627.58
C01153,2025-04,20984.4
C01153,2025-05,6896.72
C01153,2025-06,34408.07
C01153,2025-08,45622.82000000001
C01153,2025-10,19608.760000000002
C01153,2025-11,3319.83
C01153,2025-12,25442.96
C01154,2024-01,32853.16
C01154,2024-02,27276.09
C01154,2024-03,624.82
C01154,2024-06,56294.56
C01154,2024-08,107100.48
C01154,2024-09,35555.57
C01154,2024-10,530.87
C01154,2025-01,1307.72
C01154,2025-03,35424.08
C01154,2025-04,47865.65
C01154,2025-05,12623.14
C01154,2025-07,285.0
C01154,2025-08,25834.42
C01154,2025-09,7784.31
C01154,2025-10,46358.08
C01154,2025-11,6760.46
C01154,2025-12,29271.11
C01155,2024-01,70839.9
C01155,2024-02,25848.14
C01155,2024-03,3193.4900000000002
C01155,2024-05,6752.39
C01155,2024-06,770.81
C01155,2024-07,3057.75
C01155,2024-08,10896.8
C01155,2024-09,23970.71
C01155,2024-10,1798.54
C01155,2024-11,12673.74
C01155,2024-12,1413.51
C01155,2025-01,18115.31
C01155,2025-03,1296.22
C01155,2025-04,36175.51
C01155,2025-05,8281.94
C01155,2025-06,1889.12
C01155,2025-07,21266.34
C01155,2025-08,35464.369999999995
C01155,2025-09,14750.36
C01155,2025-10,21011.11
C01155,2025-11,716.79
C01155,2025-12,6368.969999999999
C01156,2024-01,23941.260000000002
C01156,2024-04,3589.25
C01156,2024-06,34233.740000000005
C01156,2024-07,45847.79
C01156,2024-09,826.42
C01156,2024-10,3814.56
C01156,2024-12,10535.17
C01156,2025-01,7212.18
C01156,2025-04,7546.97
C01156,2025-05,67818.93
C01156,2025-06,58983.81
C01156,2025-07,18777.36
C01156,2025-08,2471.18
C01156,2025-09,28769.55
C01156,2025-10,4129.96
C01156,2025-11,35944.08
C01156,2025-12,1063.62
C01157,2024-02,28911.34
C01157,2024-03,2319.26
C01157,2024-04,3178.36
C01157,2024-05,16278.2
C01157,2024-06,8106.86
C01157,2024-07,5741.33
C01157,2024-08,10058.08
C01157,2024-09,457.73
C01157,2024-10,1169.18
C01157,2024-11,2118.2
C01157,2024-12,11394.01
C01157,2025-01,22582.52
C01157,2025-02,5287.2300000000005
C01157,2025-03,1405.69
C01157,2025-04,1874.01
C01157,2025-05,1077.11
C01157,2025-06,29291.190000000002
C01157,2025-08,45778.380000000005
C01157,2025-09,9355.79
C01157,2025-10,27322.14
C01157,2025-11,16564.28
C01158,2024-01,16849.91
C01158,2024-03,9720.33
C01158,2024-04,21454.24
C01158,2024-05,1907.32
C01158,2024-07,21333.08
C01158,2024-08,6753.1
C01158,2024-09,5271.82
C01158,2024-10,8009.09
C01158,2024-11,4549.22
C01158,2024-12,1962.62
C01158,2025-01,47889.49
C01158,2025-03,18775.32
C01158,2025-04,895.68
C01158,2025-05,47418.93
C01158,2025-06,11056.0
C01158,2025-07,9136.18
C01158,2025-09,481.99
C01158,2025-10,1696.37
C01158,2025-12,33982.11
C01159,2024-02,9311.34
C01159,2024-03,890.26
C01159,2024-04,8274.81
C01159,2024-06,9171.9
C01159,2024-07,11619.42
C01159,2024-08,4066.7200000000003
C01159,2024-09,9208.53
C01159,2024-10,1883.38
C01159,2024-11,1609.13
C01159,2025-01,15188.07
C01159,2025-02,9033.279999999999
C01159,2025-03,39052.01
C01159,2025-05,5873.96
C01159,2025-07,3712.7700000000004
C01159,2025-08,565.41
C01159,2025-09,46533.37
C01159,2025-10,6561.17
C01159,2025-11,32452.46
C01160,2024-01,1907.52
C01160,2024-04,375.61
C01160,2024-05,5684.61
C01160,2024-07,18617.01
C01160,2024-10,278.41
C01160,2024-11,29025.05
C01160,2025-01,73467.98000000001
C01160,2025-02,13854.949999999999
C01160,2025-03,3007.12
C01160,2025-04,15253.15
C01160,2025-05,1241.3
C01160,2025-06,47568.58
C01160,2025-07,4400.28
C01160,2025-11,9756.61
C01160,2025-12,29357.440000000002
C01161,2024-01,2512.29
C01161,2024-02,3053.71
C01161,2024-03,4518.82
C01161,2024-04,61022.17
C01161,2024-05,55593.17
C01161,2024-06,4655.77
C01161,2024-07,3517.33
C01161,2024-08,18538.63
C01161,2024-09,40982.66
C01161,2024-10,41128.6
C01161,2025-01,47756.14
C01161,2025-02,30308.85
C01161,2025-03,5616.44
C01161,2025-04,39649.38
C01161,2025-05,25379.61
C01161,2025-06,5713.36
C01161,2025-08,648.31
C01161,2025-11,7857.460000000001
C01162,2024-02,1258.38
C01162,2024-04,1579.23
C01162,2024-05,11783.45
C01162,2024-06,2076.85
C01162,2024-07,12047.74
C01162,2024-08,9564.58
C01162,2024-09,24576.47
C01162,2024-10,6077.31
C01162,2024-12,3509.06
C01162,2025-01,51533.189999999995
C01162,2025-02,48643.87
C01162,2025-03,22438.359999999997
C01162,2025-04,12778.3
C01162,2025-05,81964.03
C01162,2025-06,20965.99
C01162,2025-07,20302.04
C01162,2025-08,63017.9
C01162,2025-09,1780.7
C01162,2025-10,15970.76
C01163,2024-01,34751.56
C01163,2024-02,19693.68
C01163,2024-04,5446.44
C01163,2024-05,1012.9
C01163,2024-07,25380.09
C01163,2024-10,16347.039999999999
C01163,2024-11,5996.32
C01163,2025-02,4582.18
C01163,2025-03,8361.62
C01163,2025-04,56551.93
C01163,2025-05,3192.68
C01163,2025-06,40051.78
C01163,2025-07,31779.43
C01163,2025-09,928.14
C01163,2025-10,11860.19
C01163,2025-11,14289.03
C01163,2025-12,3226.24
C01164,2024-01,7586.19
C01164,2024-03,7721.73
C01164,2024-04,3243.92
C01164,2024-05,8572.2
C01164,2024-06,19583.800000000003
C01164,2024-07,4051.42
C01164,2024-09,7718.660000000001
C01164,2024-10,26941.2
C01164,2024-11,2143.07
C01164,2024-12,8578.4
C01164,2025-01,1750.1
C01164,2025-02,751.49
C01164,2025-03,2160.31
C01164,2025-04,31928.59
C01164,2025-05,33326.62
C01164,2025-06,3652.98
C01164,2025-08,43965.54
C01164,2025-09,14801.0
C01164,2025-10,8141.16
C01164,2025-11,343.79
C01165,2024-01,1834.04
C01165,2024-03,6022.82
C01165,2024-06,15039.17
C01165,2024-07,17494.04
C01165,2024-09,12771.029999999999
C01165,2024-10,38205.85
C01165,2024-12,4361.33
C01165,2025-01,6604.82
C01165,2025-02,2784.0
C01165,2025-03,3066.69
C01165,2025-04,3228.19
C01165,2025-06,61313.88
C01165,2025-07,13234.919999999998
C01165,2025-08,37442.78
C01165,2025-09,10353.57
C01165,2025-10,21587.17
C01165,2025-11,7921.76
C01165,2025-12,10272.7
C01166,2024-02,59576.67999999999
C01166,2024-03,1203.41
C01166,2024-05,8409.07
C01166,2024-08,52018.19
C01166,2024-11,10983.27
C01166,2025-02,14492.86
C01166,2025-03,16913.35
C01166,2025-04,25679.41
C01166,2025-05,33947.35
C01166,2025-06,36875.39
C01166,2025-07,2876.62
C01166,2025-09,2321.08
C01166,2025-10,6844.9
C01166,2025-11,3775.7200000000003
C01166,2025-12,7547.17
C01167,2024-03,16654.96
C01167,2024-04,1537.73
C01167,2024-05,65020.81
C01167,2024-06,43012.89
C01167,2024-07,10778.92
C01167,2024-08,32616.55
C01167,2024-09,16657.37
C01167,2024-10,2770.7799999999997
C01167,2024-11,19205.92
C01167,2024-12,16512.96
C01167,2025-01,11923.22
C01167,2025-02,2018.25
C01167,2025-03,30389.25
C01167,2025-04,5777.29
C01167,2025-05,18106.82
C01167,2025-06,4281.35
C01167,2025-07,17385.41
C01167,2025-09,7545.41
C01167,2025-10,3971.32
C01167,2025-11,21922.57
C01168,2024-02,2132.98
C01168,2024-03,637.87
C01168,2024-04,17559.55
C01168,2024-05,17655.13
C01168,2024-06,2954.08
C01168,2024-07,55558.62
C01168,2024-08,18376.97
C01168,2024-09,76042.93
C01168,2024-10,39300.340000000004
C01168,2024-11,1360.37
C01168,2024-12,3430.42
C01168,2025-01,270.45
C01168,2025-02,111150.54
C01168,2025-03,2709.03
C01168,2025-04,11003.18
C01168,2025-05,26533.249999999996
C01168,2025-06,31595.88
C01168,2025-08,21581.03
C01168,2025-09,44960.95
C01168,2025-11,306.98
C01169,2024-01,2038.52
C01169,2024-02,2932.69
C01169,2024-03,3747.64
C01169,2024-04,6528.03
C01169,2024-05,34245.57
C01169,2024-07,37106.11
C01169,2024-09,1001.26
C01169,2024-11,4301.73
C01169,2024-12,34293.87
C01169,2025-01,6045.26
C01169,2025-02,7303.07
C01169,2025-04,20995.32
C01169,2025-05,1661.9
C01169,2025-06,2703.74
C01169,2025-08,2798.51
C01169,2025-09,48757.84
C01169,2025-10,26327.97
C01169,2025-11,9968.279999999999
C01169,2025-12,3142.2
C01170,2024-01,34203.97
C01170,2024-02,37653.14
C01170,2024-03,21823.03
C01170,2024-04,2422.91
C01170,2024-05,23641.52
C01170,2024-06,4181.51
C01170,2024-07,60014.68
C01170,2024-08,38413.34
C01170,2024-09,13060.72
C01170,2024-10,13461.36
C01170,2024-11,56491.99
C01170,2024-12,60898.1
C01170,2025-01,6727.6900000000005
C01170,2025-02,4313.13
C01170,2025-03,9150.53
C01170,2025-04,1976.78
C01170,2025-05,1144.31
C01170,2025-06,18909.29
C01170,2025-08,7894.700000000001
C01170,2025-09,26255.22
C01170,2025-10,25514.94
C01170,2025-11,1532.51
C01170,2025-12,2588.31
C01171,2024-01,514.08
C01171,2024-02,34190.479999999996
C01171,2024-04,16836.71
C01171,2024-05,68516.5
C01171,2024-06,973.79
C01171,2024-07,8345.33
C01171,2024-08,23301.59
C01171,2024-10,7610.1
C01171,2024-11,1917.12
C01171,2024-12,1554.53
C01171,2025-01,1258.98
C01171,2025-02,46447.630000000005
C01171,2025-03,9775.320000000002
C01171,2025-04,2472.44
C01171,2025-05,7231.23
C01171,2025-06,1929.52
C01171,2025-07,1336.25
C01171,2025-09,1281.82
C01171,2025-10,21007.02
C01171,2025-11,32576.07
C01172,2024-01,20271.63
C01172,2024-02,51834.64
C01172,2024-03,9609.88
C01172,2024-04,55699.75
C01172,2024-05,7617.21
C01172,2024-06,34673.71
C01172,2024-07,4344.71
C01172,2024-08,3443.44
C01172,2024-10,24816.79
C01172,2024-12,7310.98
C01172,2025-02,11988.62
C01172,2025-03,2903.18
C01172,2025-04,16553.98
C01172,2025-05,12218.52
C01172,2025-06,12013.73
C01172,2025-07,5963.64
C01172,2025-08,19760.97
C01172,2025-09,1428.88
C01172,2025-11,19948.95
C01172,2025-12,1552.49
C01173,2024-02,15220.44
C01173,2024-04,16217.88
C01173,2024-05,1920.11
C01173,2024-06,2331.94
C01173,2024-07,3481.52
C01173,2024-08,18388.46
C01173,2024-09,9777.73
C01173,2024-11,19641.15
C01173,2024-12,19939.82
C01173,2025-01,3159.71
C01173,2025-02,31318.16
C01173,2025-03,16924.28
C01173,2025-04,14435.39
C01173,2025-07,5230.38
C01173,2025-08,311.07
C01173,2025-10,38573.810000000005
C01173,2025-11,32095.04
C01173,2025-12,6706.41
C01174,2024-01,4862.38
C01174,2024-03,2903.61
C01174,2024-04,2881.58
C01174,2024-05,3640.13
C01174,2024-06,494.42
C01174,2024-09,57200.5
C01174,2024-10,26091.79
C01174,2024-11,26327.97
C01174,2024-12,20535.18
C01174,2025-01,2583.65
C01174,2025-03,1862.97
C01174,2025-04,70786.34
C01174,2025-05,16421.92
C01174,2025-06,24303.92
C01174,2025-07,11477.15
C01174,2025-09,6501.459999999999
C01174,2025-10,13176.56
C01174,2025-11,50458.7
C01174,2025-12,15098.09
C01175,2024-02,1408.41
C01175,2024-03,3569.91
C01175,2024-04,1230.28
C01175,2024-05,20235.57
C01175,2024-06,1228.88
C01175,2024-08,24681.28
C01175,2024-09,59947.8
C01175,2024-11,5549.76
C01175,2024-12,1625.24
C01175,2025-01,5293.68
C01175,2025-02,4935.07
C01175,2025-05,36705.98
C01175,2025-07,48652.36
C01175,2025-08,52608.64
C01175,2025-09,39910.82
C01175,2025-10,2757.75
C01175,2025-11,9507.52
C01175,2025-12,24474.27
C01176,2024-01,1316.73
C01176,2024-03,8570.92
C01176,2024-04,62690.71
C01176,2024-06,12578.76
C01176,2024-07,7064.56
C01176,2024-08,4594.04
C01176,2024-09,3535.1
C01176,2024-10,4578.4400000000005
C01176,2024-11,25596.74
C01176,2025-01,31322.97
C01176,2025-02,17401.539999999997
C01176,2025-03,34206.05
C01176,2025-04,9729.17
C01176,2025-05,10326.45
C01176,2025-06,10106.88
C01176,2025-08,7721.72
C01176,2025-09,8530.4
C01176,2025-10,6161.7
C01176,2025-11,23890.62
C01176,2025-12,57526.08
C01177,2024-01,2975.5
C01177,2024-04,8254.720000000001
C01177,2024-05,48658.11
C01177,2024-06,9773.99
C01177,2024-07,14846.72
C01177,2024-09,7549.75
C01177,2024-10,420.01
C01177,2025-02,33782.729999999996
C01177,2025-03,2063.69
C01177,2025-04,13966.53
C01177,2025-05,17759.59
C01177,2025-06,25964.07
C01177,2025-07,14091.640000000001
C01177,2025-08,17816.16
C01177,2025-09,7942.5
C01177,2025-10,692.85
C01177,2025-11,1290.99
C01178,2024-01,20076.699999999997
C01178,2024-03,49724.75
C01178,2024-04,14354.13
C01178,2024-05,16853.52
C01178,2024-06,56406.759999999995
C01178,2024-07,429.3
C01178,2024-08,2668.63
C01178,2024-09,3258.93
C01178,2024-10,37859.13
C01178,2025-01,958.81
C01178,2025-02,1505.06
C01178,2025-03,17026.29
C01178,2025-05,14261.12
C01178,2025-06,17152.440000000002
C01178,2025-07,877.74
C01178,2025-08,15194.6
C01178,2025-10,1806.6200000000001
C01179,2024-01,1628.47
C01179,2024-02,1382.9
C01179,2024-03,8494.72
C01179,2024-04,12803.05
C01179,2024-05,58855.3
C01179,2024-07,43358.899999999994
C01179,2024-08,14363.06
C01179,2024-09,4950.34
C01179,2024-10,12982.54
C01179,2024-11,29984.97
C01179,2024-12,2328.02
C01179,2025-01,89237.41
C01179,2025-02,296.79
C01179,2025-03,2803.39
C01179,2025-04,3992.02
C01179,2025-05,41286.82
C01179,2025-07,2405.55
C01179,2025-08,101384.03
C01179,2025-09,14736.66
C01179,2025-10,23985.29
C01179,2025-11,2070.33
C01179,2025-12,13205.77
C01180,2024-01,5851.11
C01180,2024-02,1250.25
C01180,2024-03,4152.85
C01180,2024-04,14699.7
C01180,2024-07,35712.82
C01180,2024-08,2814.24
C01180,2024-10,33791.34
C01180,2024-11,13862.1
C01180,2024-12,39296.579999999994
C01180,2025-01,2945.18
C01180,2025-02,3352.86
C01180,2025-03,12862.369999999999
C01180,2025-04,1516.84
C01180,2025-05,5416.09
C01180,2025-06,271.36
C01180,2025-07,54661.07
C01180,2025-08,6285.43
C01180,2025-09,56304.130000000005
C01180,2025-11,5903.02
C01180,2025-12,18659.489999999998
C01181,2024-01,19107.35
C01181,2024-02,53215.93
C01181,2024-03,44405.100000000006
C01181,2024-05,11806.460000000001
C01181,2024-06,6054.15
C01181,2024-08,16552.94
C01181,2024-09,5419.41
C01181,2024-10,49861.18
C01181,2024-11,29224.36
C01181,2024-12,6059.629999999999
C01181,2025-01,12176.63
C01181,2025-02,6064.78
C01181,2025-03,7927.63
C01181,2025-04,6837.77
C01181,2025-05,66542.17
C01181,2025-07,1278.18
C01181,2025-08,15081.37
C01181,2025-11,4365.12
C01181,2025-12,38100.72
C01182,2024-01,6297.19
C01182,2024-02,10785.91
C01182,2024-03,10094.13
C01182,2024-04,25579.25
C01182,2024-06,2202.5
C01182,2024-07,7203.59
C01182,2024-08,6591.79
C01182,2024-09,31368.239999999998
C01182,2024-10,28593.47
C01182,2024-12,17004.56
C01182,2025-03,13048.71
C01182,2025-04,2466.6099999999997
C01182,2025-05,5559.08
C01182,2025-06,60668.82000000001
C01182,2025-07,15810.54
C01182,2025-08,39030.9
C01182,2025-09,8585.54
C01182,2025-10,31695.45
C01182,2025-11,1505.72
C01183,2024-01,1654.74
C01183,2024-03,17109.51
C01183,2024-04,21554.059999999998
C01183,2024-05,1579.76
C01183,2024-07,56264.52
C01183,2024-10,28787.03
C01183,2024-11,3017.6899999999996
C01183,2024-12,5474.52
C01183,2025-01,51823.61
C01183,2025-02,27891.56
C01183,2025-03,13417.51
C01183,2025-04,1752.72
C01183,2025-05,12258.52
C01183,2025-06,1921.11
C01183,2025-07,3056.07
C01183,2025-08,12295.3
C01183,2025-11,18790.03
C01183,2025-12,1987.32
C01184,2024-01,40559.369999999995
C01184,2024-03,43029.04
C01184,2024-05,13002.56
C01184,2024-07,12286.01
C01184,2024-08,27608.739999999998
C01184,2024-12,17942.739999999998
C01184,2025-01,1543.93
C01184,2025-02,20202.41
C01184,2025-03,30348.870000000003
C01184,2025-04,2990.72
C01184,2025-06,15912.62
C01184,2025-07,4818.69
C01184,2025-08,5034.49
C01184,2025-09,12490.6
C01184,2025-10,18420.85
C01184,2025-11,85042.83
C01184,2025-12,2297.52
C01185,2024-02,26791.15
C01185,2024-03,6954.98
C01185,2024-04,3926.91
C01185,2024-05,28698.72
C01185,2024-06,2620.55
C01185,2024-07,18106.02
C01185,2024-10,619.83
C01185,2024-11,16545.91
C01185,2024-12,18517.54
C01185,2025-01,15863.71
C01185,2025-03,2722.34
C01185,2025-04,19612.34
C01185,2025-05,344.71
C01185,2025-06,12445.240000000002
C01185,2025-08,29998.22
C01185,2025-09,19643.51
C01185,2025-10,10602.36
C01185,2025-11,2320.15
C01185,2025-12,1719.25
C01186,2024-01,53471.670000000006
C01186,2024-03,6775.33
C01186,2024-04,35093.17
C01186,2024-05,54986.74
C01186,2024-06,6733.24
C01186,2024-07,23753.64
C01186,2024-08,1539.96
C01186,2024-09,18783.6
C01186,2024-10,1884.41
C01186,2024-11,87484.68
C01186,2024-12,11406.19
C01186,2025-02,15562.6
C01186,2025-04,5693.860000000001
C01186,2025-05,7889.05
C01186,2025-06,5916.48
C01186,2025-07,12233.89
C01186,2025-08,13405.330000000002
C01186,2025-10,88219.67
C01186,2025-11,18013.55
C01186,2025-12,5393.5
C01187,2024-01,71114.68
C01187,2024-02,20917.9
C01187,2024-03,17320.63
C01187,2024-04,28220.56
C01187,2024-06,14103.44
C01187,2024-09,46204.68
C01187,2024-11,170.66
C01187,2024-12,3050.64
C01187,2025-01,64583.28999999999
C01187,2025-03,31759.3
C01187,2025-06,31071.65
C01187,2025-07,2387.04
C01187,2025-08,1943.26
C01187,2025-09,31990.82
C01187,2025-10,5696.7
C01187,2025-12,61995.12
C01188,2024-02,11034.24
C01188,2024-03,9723.84
C01188,2024-04,2559.34
C01188,2024-06,16438.62
C01188,2024-07,7652.75
C01188,2024-09,3267.81
C01188,2024-10,43949.83
C01188,2024-11,13243.5
C01188,2024-12,1154.27
C01188,2025-01,32477.88
C01188,2025-03,1791.67
C01188,2025-04,2137.9
C01188,2025-05,33958.44
C01188,2025-06,103555.19
C01188,2025-08,36277.69
C01188,2025-09,39800.51
C01188,2025-10,1917.34
C01188,2025-11,9999.58
C01189,2024-01,2145.8199999999997
C01189,2024-02,57351.07
C01189,2024-03,1398.82
C01189,2024-05,20238.52
C01189,2024-06,39004.18
C01189,2024-08,38068.18
C01189,2024-09,11876.69
C01189,2024-10,21234.44
C01189,2024-12,56955.66
C01189,2025-01,27735.690000000002
C01189,2025-02,50765.14
C01189,2025-03,12561.23
C01189,2025-04,1063.93
C01189,2025-07,4911.45
C01189,2025-08,4183.74
C01189,2025-09,5036.85
C01189,2025-11,4129.38
C01190,2024-01,33595.24
C01190,2024-02,3156.05
C01190,2024-04,19572.31
C01190,2024-05,657.3
C01190,2024-07,1397.89
C01190,2024-08,2309.38
C01190,2024-09,2974.6
C01190,2024-10,4640.03
C01190,2024-11,35207.66
C01190,2024-12,4758.389999999999
C01190,2025-01,62351.92
C01190,2025-05,43715.01
C01190,2025-06,975.68
C01190,2025-07,22635.329999999998
C01190,2025-08,3323.31
C01190,2025-09,21351.269999999997
C01190,2025-10,35398.48
C01190,2025-11,1138.57
C01190,2025-12,37514.7
C01191,2024-01,14980.03
C01191,2024-02,61069.69
C01191,2024-04,14665.08
C01191,2024-06,12842.84
C01191,2024-07,21586.38
C01191,2024-08,2123.67
C01191,2024-09,51688.32
C01191,2024-11,61962.81
C01191,2024-12,10234.78
C01191,2025-01,13241.55
C01191,2025-02,15089.31
C01191,2025-03,9069.49
C01191,2025-04,23409.61
C01191,2025-05,1155.99
C01191,2025-06,5985.94
C01191,2025-07,3017.1
C01191,2025-08,2030.56
C01191,2025-10,73148.03
C01191,2025-11,22212.52
C01191,2025-12,31249.12
C01192,2024-01,104934.70000000001
C01192,2024-02,21953.61
C01192,2024-03,48970.82000000001
C01192,2024-04,16767.22
C01192,2024-05,4934.21
C01192,2024-07,4026.59
C01192,2024-08,10945.45
C01192,2024-09,12381.42
C01192,2024-10,3286.1
C01192,2024-11,40879.69
C01192,2024-12,14712.19
C01192,2025-01,42526.21
C01192,2025-02,6520.02
C01192,2025-04,33768.22
C01192,2025-05,1818.42
C01192,2025-06,7922.860000000001
C01192,2025-07,6931.3
C01192,2025-08,1506.73
C01192,2025-09,2482.13
C01192,2025-11,2755.25
C01192,2025-12,38114.44
C01193,2024-02,2893.1
C01193,2024-03,6501.16
C01193,2024-04,1090.95
C01193,2024-05,3308.45
C01193,2024-07,31670.89
C01193,2024-08,9696.61
C01193,2024-09,2866.23
C01193,2024-10,39710.91
C01193,2024-11,9167.26
C01193,2024-12,2203.67
C01193,2025-01,6140.54
C01193,2025-03,14488.22
C01193,2025-05,1708.29
C01193,2025-06,2412.5
C01193,2025-07,27158.91
C01193,2025-08,58513.36
C01193,2025-11,205.14
C01193,2025-12,501.89
C01194,2024-01,19924.6
C01194,2024-02,5209.47
C01194,2024-03,1460.35
C01194,2024-04,14573.12
C01194,2024-05,11260.76
C01194,2024-06,28540.18
C01194,2024-07,44838.53
C01194,2024-08,34799.18
C01194,2024-09,39946.56
C01194,2024-11,49836.4
C01194,2024-12,19211.809999999998
C01194,2025-02,2168.8
C01194,2025-03,3446.49
C01194,2025-04,18251.579999999998
C01194,2025-07,2322.8900000000003
C01194,2025-08,6491.61
C01194,2025-09,1269.02
C01194,2025-10,14448.42
C01194,2025-11,14600.71
C01194,2025-12,30208.7
C01195,2024-02,13191.689999999999
C01195,2024-03,2969.51
C01195,2024-04,60119.77
C01195,2024-05,1489.6
C01195,2024-06,2589.61
C01195,2024-07,991.99
C01195,2024-08,2727.4
C01195,2024-09,3256.1099999999997
C01195,2024-10,15889.87
C01195,2024-11,800.85
C01195,2024-12,1516.34
C01195,2025-03,13621.03
C01195,2025-05,243.7
C01195,2025-06,64759.450000000004
C01195,2025-07,12457.35
C01195,2025-08,8132.12
C01195,2025-09,4261.78
C01195,2025-10,20709.03
C01195,2025-11,47699.26
C01195,2025-12,1021.92
C01196,2024-01,2320.35
C01196,2024-02,29176.38
C01196,2024-03,3216.54
C01196,2024-05,26663.74
C01196,2024-06,6850.45
C01196,2024-07,18035.54
C01196,2024-08,56197.68
C01196,2024-09,21191.57
C01196,2024-10,4683.03
C01196,2024-11,13028.19
C01196,2025-02,83459.71
C01196,2025-04,6789.34
C01196,2025-05,16095.599999999999
C01196,2025-07,7871.61
C01196,2025-09,7839.13
C01196,2025-10,19039.85
C01196,2025-11,16569.61
C01196,2025-12,1709.0
C01197,2024-02,44825.89
C01197,2024-04,14056.24
C01197,2024-05,44876.479999999996
C01197,2024-06,1839.82
C01197,2024-07,20533.48
C01197,2024-08,26814.05
C01197,2024-10,14569.46
C01197,2024-11,25661.010000000002
C01197,2024-12,33228.86
C01197,2025-01,7941.19
C01197,2025-02,45923.33
C01197,2025-03,7130.93
C01197,2025-04,33747.77
C01197,2025-06,3589.17
C01197,2025-10,2585.53
C01197,2025-11,30310.48
C01198,2024-02,993.23
C01198,2024-03,1440.27
C01198,2024-04,28057.070000000003
C01198,2024-05,65631.83
C01198,2024-06,15270.04
C01198,2024-08,19895.15
C01198,2024-10,69845.97
C01198,2024-11,11486.01
C01198,2025-01,3974.85
C01198,2025-02,612.87
C01198,2025-03,7486.25
C01198,2025-04,738.52
C01198,2025-06,11615.87
C01198,2025-07,78873.79000000001
C01198,2025-08,3233.95
C01198,2025-10,1341.09
C01198,2025-11,5846.96
C01198,2025-12,6681.99
C01199,2024-02,36325.2
C01199,2024-03,10248.0
C01199,2024-04,3425.61
C01199,2024-06,26099.61
C01199,2024-08,8978.06
C01199,2024-09,16585.67
C01199,2024-10,7121.05
C01199,2024-11,17237.949999999997
C01199,2024-12,2367.3
C01199,2025-01,17173.1
C01199,2025-02,11417.61
C01199,2025-04,23582.74
C01199,2025-05,1522.48
C01199,2025-06,40579.94
C01199,2025-07,7286.47
C01199,2025-10,54198.64
C01200,2024-01,7452.54
C01200,2024-05,3124.28
C01200,2024-06,33859.29
C01200,2024-07,26484.67
C01200,2024-08,1898.47
C01200,2024-09,15736.720000000001
C01200,2024-11,2644.84
C01200,2024-12,49310.67
C01200,2025-01,23171.64
C01200,2025-03,1737.64
C01200,2025-04,30728.83
C01200,2025-06,5175.4
C01200,2025-07,9503.18
C01200,2025-08,6841.56
C01200,2025-10,6309.29
C01201,2024-01,21992.690000000002
C01201,2024-02,8185.28
C01201,2024-03,1300.02
C01201,2024-04,27660.78
C01201,2024-05,10532.14
C01201,2024-06,2712.6
C01201,2024-10,52294.56
C01201,2024-12,4895.82
C01201,2025-01,16507.690000000002
C01201,2025-02,5750.99
C01201,2025-03,7726.63
C01201,2025-07,10167.3
C01201,2025-08,15444.92
C01201,2025-09,28853.329999999998
C01201,2025-10,13087.23
C01201,2025-11,4405.83
C01201,2025-12,4978.9
C01202,2024-01,1443.87
C01202,2024-04,25701.989999999998
C01202,2024-05,7416.81
C01202,2024-06,38538.22
C01202,2024-07,4829.66
C01202,2024-08,17324.89
C01202,2024-09,43956.689999999995
C01202,2024-10,20358.25
C01202,2024-12,41877.58
C01202,2025-02,5454.450000000001
C01202,2025-03,20514.68
C01202,2025-04,14990.560000000001
C01202,2025-05,220.13
C01202,2025-06,3242.96
C01202,2025-07,1496.16
C01202,2025-08,15187.07
C01202,2025-09,1077.04
C01202,2025-10,20588.739999999998
C01202,2025-11,38637.12
C01203,2024-01,16914.1
C01203,2024-03,3969.83
C01203,2024-04,8918.16
C01203,2024-05,1140.15
C01203,2024-06,1054.84
C01203,2024-07,43645.15
C01203,2024-08,13703.96
C01203,2024-09,44797.29
C01203,2024-10,40302.909999999996
C01203,2024-11,12534.16
C01203,2024-12,2138.38
C01203,2025-01,16189.64
C01203,2025-02,6127.5
C01203,2025-03,3289.56
C01203,2025-05,13093.05
C01203,2025-06,725.16
C01203,2025-07,33725.8
C01203,2025-08,35108.090000000004
C01203,2025-09,1244.21
C01203,2025-10,1456.97
C01203,2025-12,13053.26
C01204,2024-01,36797.659999999996
C01204,2024-04,13268.25
C01204,2024-06,66264.03
C01204,2024-07,40678.25
C01204,2024-09,6091.93
C01204,2024-10,46979.44
C01204,2024-11,2754.62
C01204,2024-12,6403.539999999999
C01204,2025-01,25493.6
C01204,2025-02,13029.47
C01204,2025-03,9800.470000000001
C01204,2025-04,20337.54
C01204,2025-05,42745.51
C01204,2025-06,511.35
C01204,2025-07,25028.64
C01204,2025-08,13357.15
C01204,2025-09,7593.21
C01204,2025-10,22235.15
C01204,2025-11,2659.53
C01204,2025-12,19906.57
C01205,2024-01,35722.229999999996
C01205,2024-02,31817.14
C01205,2024-04,11272.720000000001
C01205,2024-05,5729.32
C01205,2024-06,24860.49
C01205,2024-07,18760.22
C01205,2024-08,230.04
C01205,2024-09,509.38
C01205,2024-10,14590.359999999999
C01205,2024-12,13855.89
C01205,2025-02,1224.5
C01205,2025-03,15324.39
C01205,2025-04,3371.01
C01205,2025-06,22551.960000000003
C01205,2025-08,14549.849999999999
C01205,2025-09,20022.519999999997
C01205,2025-10,7586.849999999999
C01205,2025-11,11062.36
C01205,2025-12,12930.93
C01206,2024-01,3047.81
C01206,2024-02,16093.33
C01206,2024-03,1471.37
C01206,2024-04,1412.88
C01206,2024-05,6376.1900000000005
C01206,2024-06,2092.23
C01206,2024-08,6691.6
C01206,2024-09,9887.5
C01206,2025-01,5326.32
C01206,2025-02,3568.06
C01206,2025-03,15064.8
C01206,2025-04,17415.8
C01206,2025-05,23349.02
C01206,2025-07,4844.65
C01206,2025-08,15694.52
C01206,2025-09,76051.36
C01206,2025-10,14264.0
C01206,2025-12,30862.1
C01207,2024-02,19355.51
C01207,2024-03,56545.600000000006
C01207,2024-05,37522.27
C01207,2024-07,2650.04
C01207,2024-08,2081.08
C01207,2024-09,3182.36
C01207,2024-10,51714.51
C01207,2024-11,19697.24
C01207,2024-12,14306.28
C01207,2025-02,96375.03
C01207,2025-03,17910.15
C01207,2025-05,13805.05
C01207,2025-06,11410.25
C01207,2025-07,35691.81
C01207,2025-08,1295.55
C01207,2025-09,49265.009999999995
C01207,2025-10,687.46
C01207,2025-11,551.78
C01207,2025-12,32406.88
C01208,2024-01,16867.34
C01208,2024-02,202.8
C01208,2024-03,7644.76
C01208,2024-04,5289.1
C01208,2024-05,4133.13
C01208,2024-06,11760.07
C01208,2024-07,34362.6
C01208,2024-08,38650.2
C01208,2024-11,40970.75
C01208,2024-12,4563.9
C01208,2025-01,9889.05
C01208,2025-02,550.18
C01208,2025-03,5819.5
C01208,2025-04,27267.71
C01208,2025-05,79266.69
C01208,2025-06,16415.84
C01208,2025-07,26787.15
C01208,2025-08,37660.96
C01208,2025-09,11213.73
C01208,2025-10,5102.84
C01208,2025-11,60586.98
C01209,2024-01,4712.36
C01209,2024-02,23065.63
C01209,2024-03,13048.2
C01209,2024-04,26154.42
C01209,2024-05,2367.46
C01209,2024-06,5188.91
C01209,2024-07,1554.81
C01209,2024-09,3667.1
C01209,2024-10,309.05
C01209,2024-11,18558.07
C01209,2024-12,1456.07
C01209,2025-01,5070.549999999999
C01209,2025-03,2223.91
C01209,2025-05,5144.65
C01209,2025-07,1995.97
C01209,2025-08,7975.5
C01209,2025-09,2361.25
C01209,2025-11,39309.27
C01209,2025-12,4089.07
C01210,2024-03,5821.33
C01210,2024-04,2169.85
C01210,2024-05,7759.58
C01210,2024-07,24459.7
C01210,2024-08,1700.84
C01210,2024-09,25325.309999999998
C01210,2024-10,35269.33
C01210,2024-11,5737.389999999999
C01210,2024-12,1635.9299999999998
C01210,2025-01,1255.86
C01210,2025-03,3154.17
C01210,2025-04,4992.24
C01210,2025-05,2598.27
C01210,2025-06,4305.69
C01210,2025-07,22537.88
C01210,2025-09,22298.46
C01210,2025-10,15293.04
C01210,2025-11,5477.66
C01210,2025-12,45052.02
C01211,2024-01,31947.43
C01211,2024-02,575.34
C01211,2024-03,15801.84
C01211,2024-04,1640.44
C01211,2024-05,11371.48
C01211,2024-06,9887.42
C01211,2024-07,9045.16
C01211,2024-08,1848.18
C01211,2024-09,10604.98
C01211,2024-10,28517.03
C01211,2024-11,15400.929999999998
C01211,2025-01,49856.51
C01211,2025-02,6801.58
C01211,2025-03,4854.0599999999995
C01211,2025-04,1002.51
C01211,2025-05,3775.84
C01211,2025-06,525.35
C01211,2025-07,27930.41
C01211,2025-08,309.8
C01211,2025-09,33179.020000000004
C01211,2025-10,4928.639999999999
C01212,2024-02,23229.03
C01212,2024-04,37701.65
C01212,2024-07,8654.35
C01212,2024-09,47598.03
C01212,2024-11,21918.42
C01212,2025-01,1606.62
C01212,2025-03,826.38
C01212,2025-04,9019.93
C01212,2025-06,75862.88
C01212,2025-08,18572.32
C01212,2025-09,1226.91
C01212,2025-11,48057.75
C01212,2025-12,262.3
C01213,2024-02,784.09
C01213,2024-03,3837.97
C01213,2024-04,5177.389999999999
C01213,2024-05,14114.82
C01213,2024-08,16930.25
C01213,2024-11,615.11
C01213,2024-12,3455.13
C01213,2025-01,21419.129999999997
C01213,2025-02,981.44
C01213,2025-03,13295.81
C01213,2025-04,22567.58
C01213,2025-06,23036.6
C01213,2025-07,31611.699999999997
C01213,2025-09,2701.1
C01213,2025-10,78909.63
C01213,2025-11,3529.3500000000004
C01213,2025-12,2273.23
C01214,2024-01,10147.37
C01214,2024-03,3734.88
C01214,2024-04,59071.41
C01214,2024-05,13799.15
C01214,2024-09,965.72
C01214,2024-10,18453.68
C01214,2024-11,2666.0699999999997
C01214,2025-01,8286.37
C01214,2025-02,4191.56
C01214,2025-03,25677.53
C01214,2025-05,54029.399999999994
C01214,2025-09,6977.58
C01214,2025-10,69317.79000000001
C01214,2025-11,32777.15
C01214,2025-12,19703.81
C01215,2024-03,3161.9
C01215,2024-04,3849.17
C01215,2024-05,8201.07
C01215,2024-06,6385.25
C01215,2024-09,3415.07
C01215,2024-10,2861.16
C01215,2024-11,24947.920000000002
C01215,2024-12,37933.55
C01215,2025-01,8742.91
C01215,2025-04,4948.610000000001
C01215,2025-05,26458.92
C01215,2025-07,3370.13
C01215,2025-09,2468.74
C01215,2025-10,9727.63
C01215,2025-11,17908.58
C01215,2025-12,23831.32
C01216,2024-01,13404.329999999998
C01216,2024-02,1305.1
C01216,2024-04,6571.2
C01216,2024-06,47077.75
C01216,2024-11,3887.95
C01216,2024-12,12507.51
C01216,2025-01,14491.52
C01216,2025-02,11784.59
C01216,2025-03,55857.7
C01216,2025-04,16861.309999999998
C01216,2025-05,3858.52
C01216,2025-06,5061.43
C01216,2025-07,1343.75
C01216,2025-08,4116.09
C01216,2025-09,4654.88
C01216,2025-11,338.51
C01216,2025-12,60489.469999999994
C01217,2024-01,50937.79000000001
C01217,2024-03,13330.369999999999
C01217,2024-04,13878.57
C01217,2024-05,7360.79
C01217,2024-06,12150.8
C01217,2024-07,14424.66
C01217,2024-08,8436.47
C01217,2024-09,2709.6499999999996
C01217,2024-11,34267.37
C01217,2024-12,5980.799999999999
C01217,2025-01,1065.19
C01217,2025-02,13168.5
C01217,2025-03,40917.47
C01217,2025-04,20926.27
C01217,2025-05,11648.9
C01217,2025-06,3090.84
C01217,2025-07,38467.28
C01217,2025-08,18785.44
C01217,2025-09,4671.98
C01217,2025-11,3785.41
C01217,2025-12,28000.170000000002
C01218,2024-04,2212.2
C01218,2024-05,10661.16
C01218,2024-06,214.72
C01218,2024-07,31545.09
C01218,2024-08,24063.97
C01218,2024-09,13009.29
C01218,2024-10,18374.33
C01218,2024-11,5327.9400000000005
C01218,2025-02,2025.99
C01218,2025-03,481.8
C01218,2025-04,51895.95
C01218,2025-05,39872.45
C01218,2025-08,16930.35
C01218,2025-09,12098.58
C01218,2025-10,3137.04
C01218,2025-11,5849.96
C01219,2024-01,1348.47
C01219,2024-02,14760.23
C01219,2024-04,6869.18
C01219,2024-05,4425.0
C01219,2024-09,33199.71
C01219,2024-11,1568.83
C01219,2024-12,30334.63
C01219,2025-01,69628.57
C01219,2025-02,7292.03
C01219,2025-03,320.92
C01219,2025-04,16187.57
C01219,2025-05,35984.630000000005
C01219,2025-11,1591.8
C01220,2024-01,47819.369999999995
C01220,2024-02,57922.62
C01220,2024-03,26178.159999999996
C01220,2024-06,18529.73
C01220,2024-07,17605.98
C01220,2024-09,17354.050000000003
C01220,2024-10,14872.83
C01220,2024-11,10212.91
C01220,2024-12,19047.98
C01220,2025-03,44722.67
C01220,2025-05,2055.82
C01220,2025-06,4113.3
C01220,2025-09,1597.56
C01220,2025-10,18277.89
C01220,2025-11,5195.26
C01220,2025-12,1180.11
C01221,2024-02,10054.03
C01221,2024-03,13233.14
C01221,2024-04,2750.1
C01221,2024-05,56362.06
C01221,2024-06,2287.8
C01221,2024-07,13330.1
C01221,2024-09,15911.470000000001
C01221,2024-10,56388.65
C01221,2024-12,6821.77
C01221,2025-01,19599.1
C01221,2025-03,2708.0699999999997
C01221,2025-05,6608.81
C01221,2025-06,32410.27
C01221,2025-07,8950.46
C01221,2025-08,13636.08
C01221,2025-09,2088.81
C01221,2025-11,1493.37
C01221,2025-12,7112.0
C01222,2024-01,17027.41
C01222,2024-03,12023.61
C01222,2024-04,2412.48
C01222,2024-06,734.85
C01222,2024-07,1524.28
C01222,2024-08,6636.41
C01222,2024-09,24999.2
C01222,2024-10,2853.15
C01222,2024-12,14918.359999999999
C01222,2025-01,16779.989999999998
C01222,2025-02,6766.879999999999
C01222,2025-03,6330.13
C01222,2025-04,701.75
C01222,2025-05,64169.8
C01222,2025-06,91544.21
C01222,2025-07,4010.92
C01222,2025-08,3139.08
C01222,2025-11,9250.26
C01222,2025-12,4632.45
C01223,2024-01,10133.52
C01223,2024-02,7479.02
C01223,2024-03,10515.53
C01223,2024-04,10584.43
C01223,2024-05,16333.98
C01223,2024-06,5212.41
C01223,2024-08,6518.52
C01223,2024-10,63003.97
C01223,2024-11,44771.06
C01223,2024-12,14587.599999999999
C01223,2025-01,238.22
C01223,2025-02,15744.68
C01223,2025-03,10945.71
C01223,2025-04,20124.05
C01223,2025-06,9182.3
C01223,2025-07,1163.13
C01223,2025-08,81243.84
C01223,2025-09,6260.78
C01223,2025-10,11267.95
C01223,2025-12,5564.030000000001
C01224,2024-01,4272.53
C01224,2024-02,55963.76
C01224,2024-03,4303.89
C01224,2024-06,1068.75
C01224,2024-07,5225.63
C01224,2024-08,358.07
C01224,2024-09,2975.73
C01224,2024-10,55945.64
C01224,2024-11,8903.01
C01224,2025-01,9487.98
C01224,2025-02,713.96
C01224,2025-03,8901.279999999999
C01224,2025-05,6458.41
C01224,2025-06,1399.56
C01224,2025-09,1454.83
C01224,2025-10,12828.07
C01224,2025-11,19292.15
C01224,2025-12,5769.61
C01225,2024-02,20406.16
C01225,2024-03,3082.77
C01225,2024-04,2326.0299999999997
C01225,2024-06,52353.59
C01225,2024-07,34654.56
C01225,2024-08,2402.91
C01225,2024-09,52259.03
C01225,2024-11,2039.62
C01225,2024-12,25689.02
C01225,2025-01,17096.95
C01225,2025-02,47883.54
C01225,2025-04,3248.15
C01225,2025-05,16250.460000000001
C01225,2025-07,987.05
C01225,2025-08,569.44
C01225,2025-09,10333.42
C01225,2025-11,30923.05
C01225,2025-12,19846.18
C01226,2024-02,39402.32
C01226,2024-03,317.82
C01226,2024-04,30495.6
C01226,2024-06,1806.97
C01226,2024-07,18192.78
C01226,2024-09,37779.42
C01226,2024-10,2019.55
C01226,2024-11,1653.11
C01226,2024-12,19934.22
C01226,2025-03,33475.22
C01226,2025-04,2094.02
C01226,2025-05,4543.360000000001
C01226,2025-06,18694.71
C01226,2025-07,17896.55
C01226,2025-08,2300.18
C01226,2025-09,27966.600000000002
C01226,2025-11,7322.5
C01227,2024-03,2491.3
C01227,2024-04,50700.479999999996
C01227,2024-05,2232.9
C01227,2024-06,14691.31
C01227,2024-07,6796.48
C01227,2024-08,7305.92
C01227,2024-09,3434.21
C01227,2024-10,26942.96
C01227,2024-11,7959.98
C01227,2024-12,4570.23
C01227,2025-02,2409.06
C01227,2025-03,35776.56
C01227,2025-04,5664.33
C01227,2025-05,13148.43
C01227,2025-06,1611.71
C01227,2025-07,41071.3
C01227,2025-08,6594.89
C01227,2025-09,22488.8
C01227,2025-10,27230.26
C01227,2025-11,25742.75
C01228,2024-01,21272.940000000002
C01228,2024-02,6203.97
C01228,2024-03,84789.04999999999
C01228,2024-04,5110.139999999999
C01228,2024-05,26049.690000000002
C01228,2024-06,4232.389999999999
C01228,2024-07,36988.16
C01228,2024-08,377.92
C01228,2024-09,4608.58
C01228,2025-02,14766.67
C01228,2025-04,4034.64
C01228,2025-05,31240.940000000002
C01228,2025-06,5802.42
C01228,2025-07,35356.829999999994
C01228,2025-08,28803.09
C01228,2025-09,12551.84
C01228,2025-10,26699.35
C01228,2025-11,51242.14
C01228,2025-12,4005.4700000000003
C01229,2024-02,2675.58
C01229,2024-03,41915.590000000004
C01229,2024-04,9195.189999999999
C01229,2024-05,79239.45
C01229,2024-06,1875.9
C01229,2024-07,19298.82
C01229,2024-09,48753.130000000005
C01229,2024-10,20261.320000000003
C01229,2024-11,6384.24
C01229,2024-12,10285.18
C01229,2025-01,14898.16
C01229,2025-02,760.62
C01229,2025-04,3752.24
C01229,2025-05,6019.01
C01229,2025-07,64060.58
C01229,2025-09,45442.05
C01229,2025-10,31746.37
C01229,2025-11,14255.86
C01229,2025-12,18007.98
C01230,2024-01,12210.53
C01230,2024-02,5301.35
C01230,2024-03,1352.76
C01230,2024-04,35671.9
C01230,2024-05,12627.14
C01230,2024-10,23695.17
C01230,2024-11,17397.85
C01230,2024-12,7213.66
C01230,2025-01,522.39
C01230,2025-03,16788.29
C01230,2025-04,70064.95
C01230,2025-06,3169.64
C01230,2025-07,7603.44
C01230,2025-08,7592.04
C01230,2025-10,15363.08
C01230,2025-11,6293.22
C01230,2025-12,4338.87
C01231,2024-01,12846.99
C01231,2024-02,38478.130000000005
C01231,2024-03,35830.7
C01231,2024-05,23810.97
C01231,2024-06,35840.03
C01231,2024-08,11424.810000000001
C01231,2024-11,1048.78
C01231,2024-12,6048.51
C01231,2025-01,13394.529999999999
C01231,2025-02,19596.23
C01231,2025-03,22848.06
C01231,2025-05,1661.93
C01231,2025-07,76285.26999999999
C01231,2025-09,37421.509999999995
C01231,2025-10,10553.76
C01231,2025-11,39061.62
C01231,2025-12,2353.39
C01232,2024-01,4846.51
C01232,2024-02,11155.24
C01232,2024-04,480.32
C01232,2024-06,26034.359999999997
C01232,2024-08,43736.130000000005
C01232,2024-09,4105.85
C01232,2024-10,39180.63
C01232,2024-12,68285.9
C01232,2025-01,4455.23
C01232,2025-02,22331.03
C01232,2025-04,7317.06
C01232,2025-05,26509.9
C01232,2025-07,462.42
C01232,2025-08,11386.27
C01232,2025-09,5608.1
C01232,2025-10,33941.71
C01232,2025-12,47472.380000000005
C01233,2024-01,11469.16
C01233,2024-02,12464.949999999999
C01233,2024-03,2261.71
C01233,2024-04,13219.17
C01233,2024-05,969.7
C01233,2024-06,16681.28
C01233,2024-08,33798.07
C01233,2024-09,9560.64
C01233,2024-10,17020.59
C01233,2024-12,102016.22
C01233,2025-02,13702.75
C01233,2025-04,697.59
C01233,2025-05,39672.75
C01233,2025-06,2824.67
C01233,2025-08,23895.280000000002
C01233,2025-09,19879.01
C01233,2025-10,16520.44
C01233,2025-11,15421.68
C01233,2025-12,43711.57
C01234,2024-01,7521.56
C01234,2024-03,790.59
C01234,2024-04,9030.87
C01234,2024-05,10882.99
C01234,2024-07,17578.75
C01234,2024-08,7803.93
C01234,2024-10,2690.08
C01234,2024-11,19902.54
C01234,2024-12,55944.5
C01234,2025-01,9643.27
C01234,2025-02,32153.31
C01234,2025-03,1157.46
C01234,2025-04,1190.25
C01234,2025-06,10575.96
C01234,2025-07,18904.55
C01234,2025-08,66719.2
C01235,2024-01,9832.11
C01235,2024-02,13813.23
C01235,2024-04,36793.44
C01235,2024-06,15979.759999999998
C01235,2024-07,1115.43
C01235,2024-08,25429.45
C01235,2024-09,87757.66
C01235,2024-11,2751.36
C01235,2024-12,11642.71
C01235,2025-01,6586.29
C01235,2025-02,47600.18
C01235,2025-03,1696.08
C01235,2025-04,56389.369999999995
C01235,2025-05,3316.36
C01235,2025-06,3373.74
C01235,2025-07,5469.93
C01235,2025-08,16706.72
C01235,2025-10,49186.66
C01235,2025-11,1038.63
C01235,2025-12,10485.62
C01236,2024-03,5066.87
C01236,2024-04,2912.02
C01236,2024-05,82930.15
C01236,2024-06,45843.27
C01236,2024-07,37035.46
C01236,2024-10,27234.41
C01236,2024-11,17044.59
C01236,2024-12,8913.1
C01236,2025-01,2033.95
C01236,2025-02,28251.1
C01236,2025-03,10675.529999999999
C01236,2025-04,1225.56
C01236,2025-05,27087.54
C01236,2025-06,2864.29
C01236,2025-07,392.8
C01236,2025-08,6796.54
C01236,2025-09,1778.06
C01236,2025-10,15421.12
C01236,2025-11,2043.59
C01236,2025-12,3583.2400000000002
C01237,2024-01,4548.35
C01237,2024-04,26070.44
C01237,2024-06,17236.129999999997
C01237,2024-07,4420.42
C01237,2024-08,19739.86
C01237,2024-10,31228.620000000003
C01237,2024-11,20430.66
C01237,2025-01,5228.83
C01237,2025-02,2479.95
C01237,2025-04,4244.42
C01237,2025-05,2627.81
C01237,2025-07,18759.12
C01237,2025-09,5788.91
C01237,2025-10,12537.859999999999
C01237,2025-11,7968.5
C01237,2025-12,16706.75
C01238,2024-01,1594.78
C01238,2024-02,822.52
C01238,2024-03,43262.45
C01238,2024-05,34908.88
C01238,2024-06,9150.45
C01238,2024-07,4787.5599999999995
C01238,2024-08,4030.76
C01238,2024-09,8456.77
C01238,2024-10,3402.32
C01238,2024-11,4335.0599999999995
C01238,2024-12,1168.17
C01238,2025-01,4338.32
C01238,2025-02,25567.51
C01238,2025-04,45975.61
C01238,2025-05,4496.31
C01238,2025-07,13083.97
C01238,2025-10,11328.64
C01238,2025-11,29929.96
C01238,2025-12,24352.18
C01239,2024-01,5750.11
C01239,2024-02,17265.86
C01239,2024-04,2966.6
C01239,2024-05,43718.35
C01239,2024-07,22934.25
C01239,2024-08,365.88
C01239,2024-09,2911.55
C01239,2024-10,59454.79
C01239,2024-12,16224.6
C01239,2025-01,19839.53
C01239,2025-02,41347.18
C01239,2025-03,22255.079999999998
C01239,2025-04,551.57
C01239,2025-05,53863.99
C01239,2025-06,47285.29
C01239,2025-07,6955.83
C01239,2025-08,13558.970000000001
C01239,2025-09,5510.03
C01239,2025-10,4166.1900000000005
C01239,2025-11,330.08
C01239,2025-12,16943.920000000002
C01240,2024-01,23075.54
C01240,2024-02,1505.33
C01240,2024-04,10484.51
C01240,2024-05,1546.57
C01240,2024-06,12133.79
C01240,2024-07,35376.69
C01240,2024-08,31997.649999999998
C01240,2024-10,563.18
C01240,2024-11,12640.68
C01240,2025-01,5170.77
C01240,2025-03,16338.44
C01240,2025-04,8445.54
C01240,2025-05,11367.58
C01240,2025-08,22136.39
C01240,2025-09,1624.54
C01240,2025-10,3741.44
C01240,2025-11,1469.64
C01240,2025-12,1472.14
C01241,2024-01,15533.05
C01241,2024-02,41887.78
C01241,2024-03,7137.88
C01241,2024-04,36548.39
C01241,2024-06,49767.69
C01241,2024-08,49388.93
C01241,2024-09,31418.97
C01241,2024-10,1364.66
C01241,2024-11,2235.95
C01241,2024-12,3599.32
C01241,2025-04,12239.25
C01241,2025-05,5875.72
C01241,2025-07,43099.240000000005
C01241,2025-08,1394.22
C01241,2025-09,7072.16
C01241,2025-10,5766.88
C01241,2025-11,13860.42
C01241,2025-12,10908.91
C01242,2024-01,1369.83
C01242,2024-02,21409.71
C01242,2024-04,24871.43
C01242,2024-06,9667.37
C01242,2024-07,3006.96
C01242,2024-08,19435.92
C01242,2024-09,18829.809999999998
C01242,2024-10,4100.0
C01242,2024-12,71296.95
C01242,2025-02,1458.92
C01242,2025-03,11227.14
C01242,2025-05,11632.92
C01242,2025-06,2848.4
C01242,2025-07,10884.51
C01242,2025-08,2197.33
C01242,2025-11,28084.05
C01243,2024-01,2145.99
C01243,2024-02,7609.45
C01243,2024-03,3454.53
C01243,2024-04,46520.740000000005
C01243,2024-05,4052.52
C01243,2024-06,19124.010000000002
C01243,2024-07,4155.7
C01243,2024-08,53496.950000000004
C01243,2024-09,1325.41
C01243,2024-10,31958.04
C01243,2024-11,11288.3
C01243,2024-12,31821.219999999998
C01243,2025-03,784.69
C01243,2025-04,1780.04
C01243,2025-05,37480.11
C01243,2025-06,10896.8
C01243,2025-07,14606.68
C01243,2025-09,25415.43
C01243,2025-10,55686.29
C01243,2025-11,1958.83
C01243,2025-12,65100.950000000004
C01244,2024-01,4068.31
C01244,2024-02,19252.87
C01244,2024-03,29581.329999999998
C01244,2024-04,32945.76
C01244,2024-05,55812.43000000001
C01244,2024-06,26986.010000000002
C01244,2024-08,1377.77
C01244,2024-09,2347.95
C01244,2024-10,1723.51
C01244,2024-11,72755.0
C01244,2024-12,12169.970000000001
C01244,2025-01,2776.0
C01244,2025-02,31235.61
C01244,2025-04,5158.57
C01244,2025-06,39727.92
C01244,2025-07,17899.4
C01244,2025-09,6446.97
C01244,2025-10,16622.23
C01245,2024-01,7949.66
C01245,2024-02,2770.6
C01245,2024-03,13910.09
C01245,2024-04,9533.380000000001
C01245,2024-05,39303.380000000005
C01245,2024-06,2553.74
C01245,2024-09,2796.13
C01245,2024-10,2522.88
C01245,2024-12,8216.77
C01245,2025-01,13220.73
C01245,2025-03,65498.91
C01245,2025-04,4230.3
C01245,2025-05,5241.66
C01245,2025-07,56518.75
C01245,2025-08,48101.51
C01245,2025-10,2052.35
C01245,2025-11,31181.309999999998
C01245,2025-12,10999.62
C01246,2024-01,36659.19
C01246,2024-02,40499.799999999996
C01246,2024-03,17353.010000000002
C01246,2024-04,45181.33
C01246,2024-05,3535.16
C01246,2024-06,2846.87
C01246,2024-07,5451.87
C01246,2024-08,3577.3500000000004
C01246,2024-10,14130.55
C01246,2024-11,7496.67
C01246,2024-12,617.52
C01246,2025-01,4701.54
C01246,2025-02,5515.97
C01246,2025-03,92384.33
C01246,2025-04,10177.92
C01246,2025-05,13894.829999999998
C01246,2025-06,54782.96
C01246,2025-07,36085.18
C01246,2025-09,27474.54
C01246,2025-10,16013.22
C01246,2025-11,13352.7
C01247,2024-01,48770.81
C01247,2024-03,3653.41
C01247,2024-04,2054.15
C01247,2024-05,3611.04
C01247,2024-06,13331.02
C01247,2024-08,2618.62
C01247,2024-09,24104.519999999997
C01247,2024-11,12698.44
C01247,2024-12,5294.28
C01247,2025-01,3926.68
C01247,2025-02,33833.61
C01247,2025-03,20826.760000000002
C01247,2025-05,19730.899999999998
C01247,2025-06,30518.99
C01247,2025-08,29218.829999999998
C01247,2025-09,17062.58
C01247,2025-10,30330.760000000002
C01247,2025-12,3126.58
C01248,2024-01,14468.5
C01248,2024-03,24352.58
C01248,2024-05,51411.77
C01248,2024-06,2189.97
C01248,2024-07,1793.07
C01248,2024-08,2825.56
C01248,2024-09,688.45
C01248,2024-12,35184.72
C01248,2025-01,33140.76
C01248,2025-02,3325.96
C01248,2025-03,31379.74
C01248,2025-04,3219.4799999999996
C01248,2025-05,13380.740000000002
C01248,2025-06,11716.6
C01248,2025-10,13056.62
C01248,2025-11,34909.2
C01248,2025-12,4969.18
C01249,2024-01,13177.96
C01249,2024-02,40446.04
C01249,2024-03,3263.96
C01249,2024-04,2509.36
C01249,2024-05,3570.45
C01249,2024-07,2681.41
C01249,2024-08,2352.41
C01249,2024-11,1825.59
C01249,2024-12,6302.240000000001
C01249,2025-01,27082.64
C01249,2025-03,50518.87
C01249,2025-04,11987.06
C01249,2025-05,69240.22
C01249,2025-06,16633.22
C01249,2025-07,2416.81
C01249,2025-08,12916.93
C01249,2025-09,15046.14
C01249,2025-10,8771.31
C01249,2025-11,11187.66
C01249,2025-12,3406.79
C01250,2024-01,753.73
C01250,2024-02,2658.29
C01250,2024-06,6686.77
C01250,2024-07,15602.050000000001
C01250,2024-08,5424.09
C01250,2024-09,15865.210000000001
C01250,2024-10,29731.14
C01250,2024-11,45952.53
C01250,2024-12,11764.91
C01250,2025-01,29535.02
C01250,2025-02,2765.66
C01250,2025-04,12608.75
C01250,2025-07,1364.37
C01250,2025-08,19569.39
C01250,2025-09,739.57
C01250,2025-11,28397.37
C01250,2025-12,14410.63
C01251,2024-03,655.51
C01251,2024-04,39720.48
C01251,2024-05,38695.84
C01251,2024-06,2426.14
C01251,2024-07,14847.47
C01251,2024-09,9919.08
C01251,2024-10,3029.23
C01251,2024-11,21378.08
C01251,2025-02,6977.28
C01251,2025-04,1356.84
C01251,2025-05,68169.32
C01251,2025-06,13207.95
C01251,2025-08,6450.67
C01251,2025-09,18292.16
C01251,2025-10,9162.53
C01251,2025-11,32919.66
C01252,2024-02,1765.84
C01252,2024-03,13431.71
C01252,2024-04,13543.39
C01252,2024-06,6581.26
C01252,2024-07,38754.44
C01252,2024-08,30867.45
C01252,2024-09,48903.4
C01252,2024-11,18426.3
C01252,2024-12,9542.72
C01252,2025-01,60802.9
C01252,2025-03,3179.64
C01252,2025-04,29500.16
C01252,2025-05,1266.63
C01252,2025-07,2246.02
C01252,2025-08,8225.12
C01252,2025-09,10932.07
C01252,2025-10,7823.83
C01252,2025-11,836.07
C01253,2024-03,434.3
C01253,2024-04,16206.32
C01253,2024-06,1908.64
C01253,2024-07,3494.62
C01253,2024-08,9132.52
C01253,2024-09,13193.54
C01253,2024-10,4125.23
C01253,2025-01,4373.06
C01253,2025-03,8257.69
C01253,2025-04,15827.21
C01253,2025-05,14654.75
C01253,2025-07,16796.46
C01253,2025-08,10685.19
C01253,2025-09,19674.48
C01253,2025-10,1012.73
C01253,2025-11,90230.69
C01254,2024-01,2369.73
C01254,2024-03,474.04
C01254,2024-04,27595.760000000002
C01254,2024-05,4096.54
C01254,2024-07,22215.199999999997
C01254,2024-10,1489.62
C01254,2024-11,17029.06
C01254,2024-12,779.74
C01254,2025-01,2735.78
C01254,2025-04,41355.91
C01254,2025-06,13595.16
C01254,2025-07,28643.12
C01254,2025-08,12670.76
C01254,2025-09,2061.26
C01254,2025-11,32537.3
C01254,2025-12,1009.86
C01255,2024-01,534.45
C01255,2024-02,5860.42
C01255,2024-03,15407.789999999999
C01255,2024-06,11777.25
C01255,2024-07,21401.829999999998
C01255,2024-08,22823.030000000002
C01255,2024-10,31089.39
C01255,2024-11,5125.69
C01255,2025-01,290.49
C01255,2025-02,18471.74
C01255,2025-04,7474.55
C01255,2025-06,8129.88
C01255,2025-08,3043.34
C01255,2025-09,825.94
C01255,2025-10,71857.95
C01255,2025-12,27527.15
C01256,2024-01,30305.05
C01256,2024-03,31360.300000000003
C01256,2024-04,15099.11
C01256,2024-05,10566.4
C01256,2024-06,9444.56
C01256,2024-07,15698.98
C01256,2024-08,6254.820000000001
C01256,2024-09,47943.659999999996
C01256,2024-12,22482.22
C01256,2025-02,9393.04
C01256,2025-03,17111.59
C01256,2025-04,15689.580000000002
C01256,2025-05,19972.17
C01256,2025-06,14227.39
C01256,2025-08,16287.44
C01256,2025-09,3386.56
C01256,2025-10,17929.63
C01256,2025-11,24781.75
C01257,2024-01,1098.5
C01257,2024-02,29251.270000000004
C01257,2024-05,19819.949999999997
C01257,2024-06,28639.0
C01257,2024-07,1933.16
C01257,2024-08,7164.35
C01257,2024-10,2539.37
C01257,2024-11,40701.5
C01257,2025-01,8099.01
C01257,2025-02,12384.08
C01257,2025-03,17432.08
C01257,2025-04,53238.85
C01257,2025-05,12270.07
C01257,2025-06,927.32
C01257,2025-07,22966.25
C01257,2025-10,5396.25
C01257,2025-11,17570.38
C01257,2025-12,54455.81
C01258,2024-01,2178.88
C01258,2024-02,2767.4700000000003
C01258,2024-03,6381.98
C01258,2024-04,41231.729999999996
C01258,2024-06,2180.09
C01258,2024-07,224.78
C01258,2024-08,16747.059999999998
C01258,2024-09,125339.79000000001
C01258,2024-10,34264.38
C01258,2024-11,33187.67
C01258,2024-12,32670.83
C01258,2025-03,44793.979999999996
C01258,2025-05,17482.99
C01258,2025-06,1861.78
C01258,2025-07,9880.84
C01258,2025-08,6749.61
C01258,2025-10,10493.69
C01258,2025-12,1244.79
C01259,2024-02,16610.52
C01259,2024-03,5991.08
C01259,2024-04,4868.93
C01259,2024-06,15954.93
C01259,2024-07,2733.4
C01259,2024-08,25185.89
C01259,2024-09,2727.78
C01259,2024-11,2027.21
C01259,2024-12,46745.990000000005
C01259,2025-02,2013.95
C01259,2025-03,48996.71
C01259,2025-04,20897.55
C01259,2025-05,17383.3
C01259,2025-06,4761.78
C01259,2025-08,9542.14
C01259,2025-09,36927.13
C01259,2025-11,20292.03
C01259,2025-12,1602.64
C01260,2024-01,3749.56
C01260,2024-02,42085.44
C01260,2024-04,2568.76
C01260,2024-05,50885.72
C01260,2024-06,2626.05
C01260,2024-07,13364.14
C01260,2024-08,1827.03
C01260,2024-10,33215.07
C01260,2024-11,2285.1
C01260,2024-12,33480.23
C01260,2025-01,10357.65
C01260,2025-02,44049.28
C01260,2025-03,4583.1900000000005
C01260,2025-04,7139.009999999999
C01260,2025-05,17797.68
C01260,2025-07,1332.69
C01260,2025-08,2688.3999999999996
C01260,2025-09,8271.87
C01260,2025-11,12175.89
C01260,2025-12,1674.37
C01261,2024-01,1047.35
C01261,2024-03,1360.93
C01261,2024-04,2110.22
C01261,2024-05,10928.38
C01261,2024-06,7921.05
C01261,2024-07,11970.77
C01261,2024-08,3980.81
C01261,2024-09,21697.519999999997
C01261,2024-10,3370.2299999999996
C01261,2024-11,58999.26
C01261,2024-12,7133.01
C01261,2025-01,10016.960000000001
C01261,2025-02,57937.36
C01261,2025-03,6240.83
C01261,2025-04,37961.03999999999
C01261,2025-05,43841.34
C01261,2025-07,35680.04
C01261,2025-08,22568.780000000002
C01261,2025-09,56059.700000000004
C01261,2025-10,17671.63
C01261,2025-11,505.71
C01261,2025-12,23952.629999999997
C01262,2024-01,19851.43
C01262,2024-02,36156.770000000004
C01262,2024-03,11668.06
C01262,2024-04,951.03
C01262,2024-05,9552.17
C01262,2024-06,10172.11
C01262,2024-07,3002.46
C01262,2024-08,23720.55
C01262,2024-10,28261.53
C01262,2024-11,8146.42
C01262,2024-12,3356.82
C01262,2025-02,7161.49
C01262,2025-03,45373.189999999995
C01262,2025-04,22514.94
C01262,2025-06,10094.81
C01262,2025-07,45762.7
C01262,2025-08,14887.43
C01262,2025-10,28254.93
C01262,2025-12,25153.3
C01263,2024-03,3514.17
C01263,2024-09,848.2
C01263,2024-10,18341.84
C01263,2024-11,37166.049999999996
C01263,2024-12,6447.780000000001
C01263,2025-01,39750.38
C01263,2025-02,8591.2
C01263,2025-04,17988.12
C01263,2025-05,33449.11
C01263,2025-06,1427.47
C01263,2025-08,21033.34
C01263,2025-09,18990.96
C01263,2025-10,26673.93
C01263,2025-11,1944.93
C01264,2024-01,15989.04
C01264,2024-02,2247.34
C01264,2024-03,9079.59
C01264,2024-04,13371.85
C01264,2024-05,3344.9399999999996
C01264,2024-06,13262.2
C01264,2024-07,3286.51
C01264,2024-08,35775.28
C01264,2024-09,614.6
C01264,2024-10,705.1
C01264,2024-11,12486.07
C01264,2024-12,45086.909999999996
C01264,2025-01,20061.34
C01264,2025-02,3898.01
C01264,2025-03,9959.7
C01264,2025-05,44135.29
C01264,2025-06,14219.73
C01264,2025-08,31264.18
C01264,2025-09,3670.07
C01264,2025-10,5933.14
C01264,2025-11,1099.8
C01264,2025-12,36245.130000000005
C01265,2024-01,2896.28
C01265,2024-03,21140.79
C01265,2024-06,24088.29
C01265,2024-09,12479.53
C01265,2024-10,18940.18
C01265,2024-11,24559.64
C01265,2025-01,27924.230000000003
C01265,2025-07,33942.65
C01265,2025-08,31623.56
C01265,2025-11,16801.59
C01266,2024-01,905.38
C01266,2024-02,3796.86
C01266,2024-04,24926.800000000003
C01266,2024-05,1969.19
C01266,2024-06,1964.55
C01266,2024-07,1996.3600000000001
C01266,2024-10,32465.07
C01266,2024-11,4243.21
C01266,2024-12,13028.16
C01266,2025-01,34104.11
C01266,2025-02,63960.630000000005
C01266,2025-03,15332.95
C01266,2025-04,7488.04
C01266,2025-05,5282.59
C01266,2025-06,5833.24
C01266,2025-07,4428.34
C01266,2025-09,4246.4
C01266,2025-10,15195.67
C01266,2025-11,8778.61
C01267,2024-01,10007.380000000001
C01267,2024-02,13849.3
C01267,2024-04,14714.06
C01267,2024-07,11844.13
C01267,2024-08,8284.7
C01267,2024-09,58622.89
C01267,2024-10,2578.09
C01267,2024-11,8779.07
C01267,2024-12,2202.12
C01267,2025-01,299.2
C01267,2025-02,2796.1
C01267,2025-04,17777.93
C01267,2025-05,2807.06
C01267,2025-07,15783.58
C01267,2025-08,15396.68
C01267,2025-09,4311.1
C01267,2025-10,48252.49
C01267,2025-12,55523.119999999995
C01268,2024-01,641.07
C01268,2024-02,35921.02
C01268,2024-03,2640.28
C01268,2024-04,1192.92
C01268,2024-05,6006.67
C01268,2024-06,58872.38
C01268,2024-07,1852.3
C01268,2024-08,267.75
C01268,2024-10,19205.74
C01268,2024-11,13075.86
C01268,2024-12,4018.04
C01268,2025-01,11945.42
C01268,2025-02,12835.85
C01268,2025-03,14156.16
C01268,2025-06,21819.08
C01268,2025-07,39993.57
C01268,2025-08,40783.61
C01268,2025-09,22782.87
C01268,2025-10,26712.98
C01268,2025-11,2208.46
C01268,2025-12,5072.72
C01269,2024-01,7746.860000000001
C01269,2024-02,84886.75
C01269,2024-03,5848.23
C01269,2024-05,909.6
C01269,2024-06,20445.42
C01269,2024-07,2726.19
C01269,2024-08,28932.14
C01269,2024-09,14827.859999999999
C01269,2024-10,4461.74
C01269,2024-11,12448.449999999999
C01269,2024-12,41511.8
C01269,2025-01,553.36
C01269,2025-02,4677.530000000001
C01269,2025-03,23214.89
C01269,2025-04,9167.61
C01269,2025-05,4503.52
C01269,2025-06,9491.7
C01269,2025-07,22943.88
C01269,2025-09,3549.18
C01269,2025-10,4131.48
C01269,2025-11,1886.07
C01269,2025-12,18604.550000000003
C01270,2024-01,20725.37
C01270,2024-02,7972.12
C01270,2024-03,9914.93
C01270,2024-05,10959.14
C01270,2024-06,62026.39
C01270,2024-07,2832.8900000000003
C01270,2024-08,23718.33
C01270,2024-09,16692.48
C01270,2024-10,33848.72
C01270,2024-11,2878.23
C01270,2025-02,2524.58
C01270,2025-03,3048.36
C01270,2025-04,2043.49
C01270,2025-05,52803.09
C01270,2025-06,1434.58
C01270,2025-08,1281.95
C01270,2025-09,24670.93
C01270,2025-10,1845.5500000000002
C01270,2025-12,12781.79
C01271,2024-02,22372.42
C01271,2024-03,15930.07
C01271,2024-04,16973.170000000002
C01271,2024-06,3990.73
C01271,2024-07,14511.509999999998
C01271,2024-08,2029.39
C01271,2024-09,32972.7
C01271,2024-10,54887.43
C01271,2024-11,3858.4800000000005
C01271,2025-01,38412.380000000005
C01271,2025-03,21499.0
C01271,2025-04,34809.28
C01271,2025-05,17398.78
C01271,2025-06,28457.309999999998
C01271,2025-08,35723.43
C01271,2025-09,53120.479999999996
C01271,2025-10,976.85
C01271,2025-11,1521.29
C01272,2024-01,1026.62
C01272,2024-02,28083.93
C01272,2024-03,2216.58
C01272,2024-04,41182.1
C01272,2024-06,56829.61
C01272,2024-07,2331.08
C01272,2024-08,8846.98
C01272,2024-10,5532.66
C01272,2024-11,60868.869999999995
C01272,2025-01,4729.91
C01272,2025-02,1488.49
C01272,2025-03,15937.6
C01272,2025-04,68791.94
C01272,2025-05,1292.06
C01272,2025-06,7544.56
C01272,2025-07,19306.74
C01272,2025-10,11523.61
C01272,2025-12,11192.400000000001
C01273,2024-01,600.26
C01273,2024-02,27048.13
C01273,2024-03,326.1
C01273,2024-04,5686.95
C01273,2024-07,1153.7
C01273,2024-08,4830.03
C01273,2024-09,6994.3099999999995
C01273,2024-10,828.36
C01273,2025-01,5412.48
C01273,2025-02,111141.17
C01273,2025-03,13285.19
C01273,2025-04,921.37
C01273,2025-05,16141.13
C01273,2025-06,37236.88
C01273,2025-07,7229.96
C01273,2025-08,24556.01
C01273,2025-09,18794.98
C01273,2025-10,13037.26
C01273,2025-11,44817.34
C01274,2024-02,5055.77
C01274,2024-03,52365.5
C01274,2024-04,4275.42
C01274,2024-05,7987.94
C01274,2024-07,3115.14
C01274,2024-08,7748.56
C01274,2024-10,2759.21
C01274,2025-01,61995.39
C01274,2025-02,9143.76
C01274,2025-03,5955.05
C01274,2025-04,18389.1
C01274,2025-05,9749.71
C01274,2025-07,2071.15
C01274,2025-09,49018.1
C01274,2025-10,24452.84
C01274,2025-11,12319.21
C01274,2025-12,2641.17
C01275,2024-02,716.18
C01275,2024-03,1257.82
C01275,2024-05,13645.42
C01275,2024-06,20954.35
C01275,2024-07,13408.49
C01275,2024-08,281.89
C01275,2024-09,2780.33
C01275,2024-10,43693.020000000004
C01275,2024-11,3768.85
C01275,2024-12,1835.43
C01275,2025-01,2595.97
C01275,2025-02,3810.53
C01275,2025-04,2663.88
C01275,2025-05,55736.159999999996
C01275,2025-06,8605.64
C01275,2025-09,5981.45
C01275,2025-10,20950.07
C01275,2025-12,4087.11
C01276,2024-01,2562.35
C01276,2024-02,2277.68
C01276,2024-03,1517.86
C01276,2024-04,28335.57
C01276,2024-05,20352.46
C01276,2024-06,902.49
C01276,2024-09,6457.7699999999995
C01276,2024-11,48690.2
C01276,2025-01,2869.02
C01276,2025-02,2649.57
C01276,2025-03,570.41
C01276,2025-04,16608.91
C01276,2025-05,2574.15
C01276,2025-06,3690.1899999999996
C01276,2025-07,331.53
C01276,2025-08,1615.34
C01276,2025-09,2404.29
C01276,2025-10,9580.76
C01276,2025-11,38668.27
C01276,2025-12,738.44
C01277,2024-01,946.76
C01277,2024-03,1713.04
C01277,2024-04,23774.3
C01277,2024-05,44034.84
C01277,2024-06,35670.28
C01277,2024-07,9083.65
C01277,2024-10,10382.38
C01277,2024-11,3941.0
C01277,2024-12,6541.69
C01277,2025-01,806.2
C01277,2025-03,39226.63
C01277,2025-04,2252.9
C01277,2025-05,2729.09
C01277,2025-09,1311.69
C01277,2025-10,7759.82
C01277,2025-11,91363.84
C01277,2025-12,1076.54
C01278,2024-02,22741.55
C01278,2024-03,17531.26
C01278,2024-04,4612.889999999999
C01278,2024-05,37467.32
C01278,2024-06,26834.47
C01278,2024-07,36342.1
C01278,2024-08,2216.99
C01278,2024-10,55491.26
C01278,2024-11,1730.93
C01278,2024-12,1891.55
C01278,2025-01,740.14
C01278,2025-04,5679.27
C01278,2025-06,6785.82
C01278,2025-07,11736.92
C01278,2025-09,237.9
C01278,2025-10,57983.76
C01278,2025-12,2254.03
C01279,2024-01,4548.38
C01279,2024-02,4301.47
C01279,2024-03,85442.90000000001
C01279,2024-04,18576.28
C01279,2024-06,10280.51
C01279,2024-09,600.93
C01279,2024-10,16004.11
C01279,2024-11,23597.44
C01279,2024-12,28071.97
C01279,2025-02,4441.5
C01279,2025-03,12067.06
C01279,2025-05,11284.71
C01279,2025-06,1611.75
C01279,2025-07,2178.56
C01279,2025-08,51941.380000000005
C01279,2025-09,1752.63
C01279,2025-10,2152.87
C01279,2025-11,11481.04
C01280,2024-04,6144.74
C01280,2024-05,1156.46
C01280,2024-07,2209.61
C01280,2024-08,32146.010000000002
C01280,2024-09,2900.18
C01280,2024-10,57542.55
C01280,2024-11,29897.01
C01280,2024-12,16360.53
C01280,2025-01,42415.68
C01280,2025-02,14230.04
C01280,2025-04,2408.98
C01280,2025-05,1666.09
C01280,2025-06,7395.030000000001
C01280,2025-07,1088.33
C01280,2025-08,53564.82
C01280,2025-09,38099.69
C01280,2025-10,15691.35
C01281,2024-01,7679.53
C01281,2024-02,2856.31
C01281,2024-03,10534.66
C01281,2024-04,1946.05
C01281,2024-06,1719.52
C01281,2024-07,33967.42
C01281,2024-08,14355.33
C01281,2024-10,2670.7
C01281,2024-11,2644.67
C01281,2024-12,11379.45
C01281,2025-01,32223.94
C01281,2025-03,17164.83
C01281,2025-04,6177.59
C01281,2025-05,28734.5
C01281,2025-06,24447.51
C01281,2025-07,51353.24
C01281,2025-08,36197.66
C01281,2025-09,75248.72
C01281,2025-12,22671.730000000003
C01282,2024-01,625.43
C01282,2024-02,3154.99
C01282,2024-03,10409.43
C01282,2024-05,15899.349999999999
C01282,2024-06,38812.29
C01282,2024-07,14732.01
C01282,2024-08,7686.29
C01282,2024-09,58492.479999999996
C01282,2024-10,1073.94
C01282,2024-11,1832.57
C01282,2024-12,1495.65
C01282,2025-01,10116.78
C01282,2025-02,7644.459999999999
C01282,2025-03,509.77
C01282,2025-05,5836.84
C01282,2025-06,19613.93
C01282,2025-07,22653.09
C01282,2025-08,2174.47
C01282,2025-09,17020.67
C01282,2025-10,16713.34
C01282,2025-11,8603.13
C01282,2025-12,5029.5
C01283,2024-04,32477.76
C01283,2024-05,4387.93
C01283,2024-06,25141.809999999998
C01283,2024-07,21917.39
C01283,2024-09,38539.2
C01283,2024-10,340.02
C01283,2024-11,24057.57
C01283,2025-01,10031.7
C01283,2025-03,56308.060000000005
C01283,2025-04,2104.3
C01283,2025-05,10268.54
C01283,2025-06,877.53
C01283,2025-07,3079.63
C01283,2025-09,3465.5699999999997
C01283,2025-10,51449.49
C01283,2025-11,18551.75
C01283,2025-12,37827.63
C01284,2024-01,44790.09
C01284,2024-02,30199.35
C01284,2024-04,714.0
C01284,2024-05,2953.79
C01284,2024-06,16739.2
C01284,2024-08,2913.16
C01284,2024-09,2856.88
C01284,2024-10,5499.379999999999
C01284,2024-11,28942.7
C01284,2024-12,2604.55
C01284,2025-01,1874.83
C01284,2025-02,25437.07
C01284,2025-03,21391.28
C01284,2025-04,5105.610000000001
C01284,2025-05,2310.17
C01284,2025-06,12916.55
C01284,2025-07,9381.25
C01284,2025-08,2267.24
C01284,2025-10,7825.86
C01284,2025-11,30258.49
C01284,2025-12,1174.02
C01285,2024-01,2816.1
C01285,2024-02,32327.93
C01285,2024-03,14014.79
C01285,2024-04,7810.24
C01285,2024-05,1068.84
C01285,2024-06,4196.94
C01285,2024-07,273.04
C01285,2024-08,14709.49
C01285,2024-09,1308.82
C01285,2024-11,11782.12
C01285,2024-12,31600.86
C01285,2025-01,10410.39
C01285,2025-03,8454.01
C01285,2025-07,8372.21
C01285,2025-09,46713.55
C01285,2025-10,124432.25
C01285,2025-11,1060.37
C01285,2025-12,5556.84
C01286,2024-01,3484.1499999999996
C01286,2024-03,19841.879999999997
C01286,2024-04,712.98
C01286,2024-05,21634.83
C01286,2024-08,21827.84
C01286,2024-09,525.4
C01286,2024-10,5447.73
C01286,2024-11,59772.2
C01286,2024-12,1993.98
C01286,2025-02,17446.63
C01286,2025-03,16821.56
C01286,2025-04,1538.22
C01286,2025-05,3529.16
C01286,2025-06,3746.77
C01286,2025-07,2837.0800000000004
C01286,2025-09,28157.97
C01286,2025-10,3749.79
C01286,2025-12,21683.4
C01287,2024-01,1401.45
C01287,2024-02,1788.17
C01287,2024-03,2732.15
C01287,2024-04,2266.61
C01287,2024-05,18416.739999999998
C01287,2024-06,51072.79
C01287,2024-08,13993.06
C01287,2024-09,51856.68
C01287,2024-10,47019.619999999995
C01287,2024-11,41053.98
C01287,2024-12,28703.48
C01287,2025-01,11137.33
C01287,2025-02,1199.71
C01287,2025-03,48059.08
C01287,2025-04,3008.8900000000003
C01287,2025-05,8397.27
C01287,2025-06,7365.54
C01287,2025-07,10776.36
C01287,2025-08,37257.01
C01287,2025-09,19484.59
C01287,2025-11,19395.97
C01287,2025-12,9742.73
C01288,2024-01,19955.45
C01288,2024-03,436.75
C01288,2024-05,21678.82
C01288,2024-06,2910.95
C01288,2024-07,47727.45
C01288,2024-08,16030.69
C01288,2024-09,80917.37
C01288,2024-10,16183.78
C01288,2024-11,3165.38
C01288,2024-12,2437.09
C01288,2025-01,13656.52
C01288,2025-02,20526.719999999998
C01288,2025-04,16824.46
C01288,2025-05,2618.02
C01288,2025-06,10976.84
C01288,2025-07,12951.71
C01288,2025-08,24694.61
C01288,2025-09,2316.2
C01288,2025-10,6743.8
C01288,2025-11,4947.03
C01288,2025-12,10308.73
C01289,2024-01,5514.280000000001
C01289,2024-02,2690.37
C01289,2024-03,6942.12
C01289,2024-04,3275.08
C01289,2024-05,1171.86
C01289,2024-06,2196.02
C01289,2024-07,1075.85
C01289,2024-09,6190.32
C01289,2024-10,45385.06
C01289,2024-12,12312.14
C01289,2025-02,53959.14
C01289,2025-03,3629.97
C01289,2025-04,18529.79
C01289,2025-05,23637.149999999998
C01289,2025-06,18257.21
C01289,2025-08,10393.85
C01289,2025-09,47925.06
C01289,2025-10,40846.420000000006
C01289,2025-11,10782.44
C01289,2025-12,6863.41
C01290,2024-01,15473.85
C01290,2024-02,27217.49
C01290,2024-03,6574.86
C01290,2024-07,1305.16
C01290,2024-08,1243.73
C01290,2024-09,9408.25
C01290,2024-10,4148.139999999999
C01290,2024-11,6353.82
C01290,2024-12,9293.04
C01290,2025-01,17314.61
C01290,2025-02,1148.45
C01290,2025-03,3512.99
C01290,2025-04,38969.13
C01290,2025-05,9353.94
C01290,2025-06,1575.3
C01290,2025-08,52919.69
C01290,2025-09,722.59
C01290,2025-10,14431.65
C01290,2025-11,9390.89
C01291,2024-01,6173.400000000001
C01291,2024-03,41922.85
C01291,2024-04,4341.8099999999995
C01291,2024-05,15596.130000000001
C01291,2024-06,17979.43
C01291,2024-07,18782.190000000002
C01291,2024-09,16516.13
C01291,2024-10,48831.1
C01291,2024-12,13247.810000000001
C01291,2025-02,33955.97
C01291,2025-03,3377.67
C01291,2025-04,3127.01
C01291,2025-06,13255.5
C01291,2025-07,12092.34
C01291,2025-08,5910.83
C01291,2025-09,1279.96
C01291,2025-10,6279.92
C01291,2025-11,2769.8
C01291,2025-12,28394.64
C01292,2024-01,19922.420000000002
C01292,2024-02,3975.29
C01292,2024-04,105393.17000000001
C01292,2024-05,6095.610000000001
C01292,2024-06,2489.41
C01292,2024-07,23760.52
C01292,2024-08,26255.5
C01292,2024-10,77745.45
C01292,2025-01,16063.720000000001
C01292,2025-02,15400.73
C01292,2025-04,18798.5
C01292,2025-05,32586.629999999997
C01292,2025-06,2140.74
C01292,2025-07,11364.72
C01292,2025-08,20494.559999999998
C01292,2025-09,14026.93
C01292,2025-12,6931.4400000000005
C01293,2024-01,39992.11
C01293,2024-03,6491.64
C01293,2024-05,10178.02
C01293,2024-06,14136.32
C01293,2024-07,3826.66
C01293,2024-09,18717.3
C01293,2024-10,21421.69
C01293,2024-11,12526.13
C01293,2024-12,709.58
C01293,2025-01,27366.97
C01293,2025-02,1369.58
C01293,2025-05,1901.01
C01293,2025-06,1491.73
C01293,2025-07,77019.18
C01293,2025-09,87198.04
C01293,2025-10,49811.64
C01293,2025-11,15215.12
C01293,2025-12,1280.11
C01294,2024-01,22909.14
C01294,2024-02,54616.68
C01294,2024-03,7071.22
C01294,2024-04,1866.81
C01294,2024-05,16252.25
C01294,2024-06,15916.03
C01294,2024-09,2995.2
C01294,2024-10,2313.74
C01294,2024-11,14398.03
C01294,2024-12,6967.66
C01294,2025-02,14791.0
C01294,2025-03,14871.179999999998
C01294,2025-04,7758.51
C01294,2025-05,11425.5
C01294,2025-06,28645.48
C01294,2025-07,2842.76
C01294,2025-09,80476.22
C01294,2025-10,2996.64
C01294,2025-11,10555.320000000002
C01295,2024-01,45955.81
C01295,2024-02,2992.23
C01295,2024-03,3634.64
C01295,2024-04,49120.87
C01295,2024-05,14969.96
C01295,2024-06,35508.47
C01295,2024-07,24030.21
C01295,2024-08,4777.860000000001
C01295,2024-09,8659.9
C01295,2024-10,2760.15
C01295,2024-11,48807.85
C01295,2025-02,4017.7700000000004
C01295,2025-04,12046.99
C01295,2025-05,770.1
C01295,2025-06,28444.32
C01295,2025-07,1934.06
C01295,2025-08,31115.379999999997
C01295,2025-09,44937.96000000001
C01295,2025-10,3457.56
C01295,2025-11,5265.41
C01295,2025-12,1191.84
C01296,2024-01,6606.41
C01296,2024-03,6984.549999999999
C01296,2024-05,30566.260000000002
C01296,2024-06,12691.26
C01296,2024-07,54731.24
C01296,2024-08,3542.3
C01296,2024-11,6430.52
C01296,2025-01,8488.01
C01296,2025-03,23636.04
C01296,2025-06,3724.13
C01296,2025-07,2297.38
C01296,2025-08,6086.14
C01296,2025-09,24674.85
C01296,2025-10,1613.08
C01296,2025-12,2153.29
C01297,2024-02,18163.48
C01297,2024-03,2920.83
C01297,2024-05,44806.7
C01297,2024-06,233.62
C01297,2024-07,4062.2
C01297,2024-08,67856.54000000001
C01297,2024-10,2599.0
C01297,2024-11,38905.65
C01297,2024-12,13834.66
C01297,2025-04,14392.24
C01297,2025-05,4878.21
C01297,2025-07,12419.58
C01297,2025-08,2707.36
C01297,2025-09,14637.69
C01297,2025-10,30168.19
C01297,2025-11,2960.55
C01297,2025-12,22388.07
C01298,2024-01,69740.47
C01298,2024-02,2114.46
C01298,2024-05,12358.029999999999
C01298,2024-06,1464.14
C01298,2024-08,18328.97
C01298,2024-11,37857.43
C01298,2024-12,11184.32
C01298,2025-02,6744.7
C01298,2025-03,2566.43
C01298,2025-05,17431.03
C01298,2025-07,4259.26
C01298,2025-08,275.69
C01298,2025-09,2890.32
C01298,2025-10,16808.28
C01298,2025-11,978.56
C01298,2025-12,8351.66
C01299,2024-02,216.98
C01299,2024-05,85792.99
C01299,2024-07,2575.79
C01299,2024-08,7939.790000000001
C01299,2024-10,224.55
C01299,2024-11,4032.8199999999997
C01299,2024-12,744.19
C01299,2025-01,2830.78
C01299,2025-04,9091.59
C01299,2025-05,5123.47
C01299,2025-06,523.09
C01299,2025-09,19940.54
C01299,2025-10,849.0
C01299,2025-11,1584.72
C01299,2025-12,2079.32
C01300,2024-01,14399.5
C01300,2024-02,729.83
C01300,2024-03,8730.65
C01300,2024-04,60503.52
C01300,2024-05,7316.73
C01300,2024-06,2489.83
C01300,2024-07,63148.94
C01300,2024-08,33245.67
C01300,2024-10,1379.01
C01300,2025-01,42299.9
C01300,2025-03,3301.38
C01300,2025-06,9515.130000000001
C01300,2025-07,6053.38
C01300,2025-08,58976.369999999995
C01300,2025-09,509.56
C01300,2025-10,15792.49
C01300,2025-11,17098.91
C01300,2025-12,24204.829999999998
C01301,2024-01,2921.02
C01301,2024-02,19047.33
C01301,2024-03,16405.7
C01301,2024-04,1592.36
C01301,2024-05,16228.64
C01301,2024-06,12065.62
C01301,2024-07,44636.36
C01301,2024-08,1329.55
C01301,2024-09,10064.67
C01301,2024-10,16202.14
C01301,2024-11,58802.4
C01301,2024-12,9937.97
C01301,2025-01,7577.09
C01301,2025-03,341.24
C01301,2025-04,2875.68
C01301,2025-05,202.54
C01301,2025-09,2622.57
C01301,2025-10,59932.21
C01301,2025-11,5480.03
C01301,2025-12,5869.73
C01302,2024-01,28669.75
C01302,2024-02,24633.800000000003
C01302,2024-03,4904.0
C01302,2024-04,6780.45
C01302,2024-05,44568.8
C01302,2024-07,38768.64
C01302,2024-08,26270.48
C01302,2024-09,8869.04
C01302,2024-12,74316.61
C01302,2025-02,4192.9
C01302,2025-05,9706.71
C01302,2025-06,14508.2
C01302,2025-08,23888.98
C01302,2025-09,20664.02
C01302,2025-10,1876.24
C01302,2025-11,20854.66
C01303,2024-02,2944.96
C01303,2024-03,5048.82
C01303,2024-05,7507.2699999999995
C01303,2024-06,9495.28
C01303,2024-07,20408.24
C01303,2024-08,87510.59
C01303,2024-10,1058.06
C01303,2024-11,1912.12
C01303,2024-12,48411.310000000005
C01303,2025-01,2121.02
C01303,2025-02,23174.55
C01303,2025-04,1299.98
C01303,2025-08,6153.58
C01303,2025-10,23018.93
C01303,2025-12,1707.05
C01304,2024-01,17120.89
C01304,2024-02,31479.27
C01304,2024-03,16834.97
C01304,2024-05,12441.199999999999
C01304,2024-06,8117.5
C01304,2024-07,1907.93
C01304,2024-08,10990.57
C01304,2024-09,4349.08
C01304,2024-10,61515.63
C01304,2024-12,983.83
C01304,2025-01,25261.07
C01304,2025-02,30041.66
C01304,2025-03,24589.71
C01304,2025-04,5278.45
C01304,2025-05,17737.760000000002
C01304,2025-06,57898.02
C01304,2025-07,42436.03
C01304,2025-08,57147.32000000001
C01304,2025-10,35365.63
C01304,2025-11,66534.08
C01304,2025-12,1765.02
C01305,2024-01,6670.48
C01305,2024-02,4620.219999999999
C01305,2024-03,54282.27
C01305,2024-05,8230.1
C01305,2024-07,20326.42
C01305,2024-08,9889.2
C01305,2024-09,13374.720000000001
C01305,2024-11,34800.54
C01305,2025-03,30941.56
C01305,2025-05,2088.74
C01305,2025-06,2779.67
C01305,2025-07,9878.84
C01305,2025-08,7485.82
C01305,2025-09,8366.06
C01305,2025-12,6075.530000000001
C01306,2024-01,30337.9
C01306,2024-02,21606.61
C01306,2024-03,25176.83
C01306,2024-04,8328.619999999999
C01306,2024-05,2121.81
C01306,2024-06,64739.56
C01306,2024-07,1926.97
C01306,2024-08,14597.53
C01306,2024-10,17356.69
C01306,2025-02,27812.239999999998
C01306,2025-03,7041.18
C01306,2025-05,9663.07
C01306,2025-06,1895.5
C01306,2025-07,5479.32
C01306,2025-09,11276.32
C01306,2025-10,15001.509999999998
C01306,2025-11,10675.43
C01306,2025-12,3755.17
C01307,2024-03,6520.22
C01307,2024-04,42654.48
C01307,2024-05,61064.74
C01307,2024-06,17373.27
C01307,2024-07,36045.98
C01307,2024-08,13611.15
C01307,2024-09,886.46
C01307,2024-10,14928.89
C01307,2024-12,43121.26
C01307,2025-02,39174.19
C01307,2025-04,4740.15
C01307,2025-05,6333.33
C01307,2025-07,8192.78
C01307,2025-08,1406.92
C01307,2025-09,15549.150000000001
C01307,2025-10,9560.11
C01307,2025-11,44697.62
C01307,2025-12,28797.25
C01308,2024-02,9425.01
C01308,2024-03,284.55
C01308,2024-04,35587.259999999995
C01308,2024-05,5349.04
C01308,2024-07,2441.95
C01308,2024-09,26343.24
C01308,2024-10,42916.99
C01308,2024-12,4566.12
C01308,2025-01,10591.869999999999
C01308,2025-02,2733.78
C01308,2025-03,5051.82
C01308,2025-04,2018.63
C01308,2025-05,33743.94
C01308,2025-06,58196.07
C01308,2025-07,4837.62
C01308,2025-08,22830.97
C01308,2025-11,10112.87
C01308,2025-12,3899.85
C01309,2024-02,28372.33
C01309,2024-03,1634.38
C01309,2024-04,2701.5
C01309,2024-05,5368.5599999999995
C01309,2024-06,2127.95
C01309,2024-09,54475.10999999999
C01309,2024-10,81482.73999999999
C01309,2024-12,1546.62
C01309,2025-01,27042.07
C01309,2025-03,1706.31
C01309,2025-06,22740.87
C01309,2025-07,9265.28
C01309,2025-08,82812.22
C01309,2025-09,9015.02
C01309,2025-11,2942.28
C01310,2024-01,9986.96
C01310,2024-03,12973.66
C01310,2024-04,13818.55
C01310,2024-05,3238.0299999999997
C01310,2024-06,17833.91
C01310,2024-07,9654.12
C01310,2024-11,551.64
C01310,2024-12,1804.76
C01310,2025-01,16976.73
C01310,2025-02,13578.48
C01310,2025-03,5729.85
C01310,2025-04,13587.39
C01310,2025-07,15858.83
C01310,2025-09,2265.24
C01310,2025-10,25155.730000000003
C01310,2025-11,35568.66
C01310,2025-12,5339.53
C01311,2024-01,418.68
C01311,2024-03,8965.93
C01311,2024-04,17121.68
C01311,2024-06,27425.059999999998
C01311,2024-07,1589.5
C01311,2024-08,8808.01
C01311,2024-09,3635.67
C01311,2025-02,2577.07
C01311,2025-03,23272.75
C01311,2025-04,362.09
C01311,2025-05,579.26
C01311,2025-08,23483.18
C01311,2025-09,9498.220000000001
C01311,2025-10,1577.54
C01311,2025-11,61988.81
C01312,2024-01,6382.34
C01312,2024-03,24605.78
C01312,2024-04,946.71
C01312,2024-05,4160.65
C01312,2024-06,9564.79
C01312,2024-08,33126.82
C01312,2024-09,15080.4
C01312,2024-10,17519.64
C01312,2024-11,598.06
C01312,2025-02,37551.770000000004
C01312,2025-04,52571.44
C01312,2025-05,619.55
C01312,2025-06,5087.51
C01312,2025-09,8587.88
C01312,2025-10,1254.39
C01312,2025-11,47145.22
C01312,2025-12,27305.910000000003
C01313,2024-02,1228.12
C01313,2024-04,3182.16
C01313,2024-05,57252.66
C01313,2024-06,2581.84
C01313,2024-07,298.88
C01313,2024-08,25877.68
C01313,2024-09,3217.35
C01313,2024-10,18471.129999999997
C01313,2024-11,4463.48
C01313,2024-12,14010.78
C01313,2025-01,2706.9
C01313,2025-03,1833.94
C01313,2025-05,36983.22
C01313,2025-06,15216.83
C01313,2025-07,36381.740000000005
C01313,2025-08,2682.69
C01313,2025-10,17835.75
C01313,2025-12,362.96
C01314,2024-01,36519.67
C01314,2024-02,1782.62
C01314,2024-03,8759.55
C01314,2024-04,11707.5
C01314,2024-06,30459.3
C01314,2024-07,38841.97
C01314,2024-08,1114.94
C01314,2024-09,48479.23
C01314,2024-10,1500.69
C01314,2024-12,866.1899999999999
C01314,2025-01,3592.11
C01314,2025-02,22341.02
C01314,2025-04,12687.77
C01314,2025-05,19879.82
C01314,2025-06,36266.08
C01314,2025-07,2250.65
C01314,2025-08,13532.130000000001
C01314,2025-09,3862.98
C01314,2025-10,46985.21000000001
C01314,2025-11,56087.240000000005
C01314,2025-12,1698.26
C01315,2024-01,1295.06
C01315,2024-03,2649.67
C01315,2024-04,36844.29
C01315,2024-05,680.48
C01315,2024-07,11344.17
C01315,2024-08,4232.21
C01315,2024-09,17159.4
C01315,2024-10,40693.17
C01315,2024-11,23467.32
C01315,2024-12,46486.2
C01315,2025-02,15026.94
C01315,2025-07,24337.35
C01315,2025-08,2958.66
C01315,2025-10,51250.100000000006
C01315,2025-11,40088.08
C01315,2025-12,5863.780000000001
C01316,2024-01,6730.28
C01316,2024-02,9964.53
C01316,2024-03,6222.03
C01316,2024-04,63471.97
C01316,2024-05,10463.779999999999
C01316,2024-07,12557.619999999999
C01316,2024-08,22348.34
C01316,2024-11,65352.090000000004
C01316,2025-01,3110.7200000000003
C01316,2025-03,275.69
C01316,2025-04,2093.17
C01316,2025-05,33312.92
C01316,2025-06,2094.06
C01316,2025-08,20637.59
C01316,2025-09,6315.31
C01316,2025-11,24356.86
C01316,2025-12,5131.75
C01317,2024-02,14316.83
C01317,2024-03,5532.76
C01317,2024-04,25763.97
C01317,2024-05,38090.49
C01317,2024-06,4100.98
C01317,2024-09,10081.23
C01317,2024-10,5445.96
C01317,2024-11,10544.62
C01317,2024-12,248.48
C01317,2025-02,10597.32
C01317,2025-03,35665.27
C01317,2025-05,27930.67
C01317,2025-06,14511.34
C01317,2025-07,57774.740000000005
C01317,2025-08,20426.579999999998
C01317,2025-09,24371.870000000003
C01317,2025-10,22808.16
C01318,2024-01,6975.26
C01318,2024-02,1184.72
C01318,2024-04,188.15
C01318,2024-06,42049.08
C01318,2024-07,18933.35
C01318,2024-08,10632.569999999998
C01318,2024-09,13647.509999999998
C01318,2024-11,49063.740000000005
C01318,2024-12,1240.02
C01318,2025-02,37183.69
C01318,2025-03,1070.37
C01318,2025-04,10828.53
C01318,2025-05,8223.2
C01318,2025-06,6278.07
C01318,2025-07,3243.37
C01318,2025-08,13327.3
C01318,2025-10,11209.91
C01318,2025-11,19699.58
C01318,2025-12,6082.889999999999
C01319,2024-01,37960.119999999995
C01319,2024-03,3084.87
C01319,2024-04,2780.64
C01319,2024-05,1007.42
C01319,2024-06,4230.84
C01319,2024-07,17695.19
C01319,2024-08,14782.89
C01319,2024-09,11808.32
C01319,2024-10,30978.88
C01319,2024-11,7681.24
C01319,2024-12,5822.57
C01319,2025-01,5092.77
C01319,2025-03,21693.02
C01319,2025-04,3566.06
C01319,2025-06,43408.06
C01319,2025-07,5328.32
C01319,2025-09,6626.460000000001
C01319,2025-10,7289.0
C01319,2025-11,8404.05
C01320,2024-01,18309.46
C01320,2024-02,5205.8
C01320,2024-04,19014.88
C01320,2024-05,5134.76
C01320,2024-08,15437.34
C01320,2024-09,2297.69
C01320,2024-10,14187.93
C01320,2024-11,2659.05
C01320,2024-12,6390.9
C01320,2025-01,2447.48
C01320,2025-03,2778.8
C01320,2025-04,8350.22
C01320,2025-05,51232.66
C01320,2025-06,1853.25
C01320,2025-07,36840.520000000004
C01320,2025-08,6308.93
C01320,2025-10,16753.23
C01320,2025-12,625.22
C01321,2024-01,8402.17
C01321,2024-03,49055.69
C01321,2024-04,38274.33
C01321,2024-05,10898.220000000001
C01321,2024-06,5920.46
C01321,2024-07,12364.07
C01321,2024-08,26017.489999999998
C01321,2024-10,21484.72
C01321,2024-11,6638.33
C01321,2025-01,7051.23
C01321,2025-03,39481.479999999996
C01321,2025-04,31385.21
C01321,2025-05,2596.52
C01321,2025-06,1110.02
C01321,2025-07,16259.42
C01321,2025-08,2293.17
C01321,2025-09,28692.83
C01321,2025-10,45034.67
C01321,2025-11,41321.14
C01321,2025-12,26345.870000000003
C01322,2024-01,3340.57
C01322,2024-02,794.05
C01322,2024-03,2659.98
C01322,2024-04,19832.93
C01322,2024-05,19433.97
C01322,2024-08,20340.98
C01322,2024-09,11515.25
C01322,2024-10,1719.49
C01322,2024-11,1927.8
C01322,2024-12,48943.61
C01322,2025-01,6771.08
C01322,2025-03,59537.02
C01322,2025-04,22811.5
C01322,2025-05,1576.37
C01322,2025-06,9896.63
C01322,2025-07,12535.26
C01322,2025-08,630.37
C01322,2025-09,14246.72
C01322,2025-10,73030.68
C01322,2025-12,25336.510000000002
C01323,2024-03,1165.58
C01323,2024-04,26397.14
C01323,2024-05,56439.78
C01323,2024-07,2846.65
C01323,2024-08,45953.31
C01323,2024-09,45411.57
C01323,2024-10,1708.53
C01323,2024-12,25076.649999999998
C01323,2025-01,36056.86
C01323,2025-03,28843.44
C01323,2025-04,4211.73
C01323,2025-06,65591.0
C01323,2025-07,60887.869999999995
C01323,2025-08,4861.45
C01323,2025-09,6911.66
C01323,2025-10,4491.83
C01323,2025-12,517.5
C01324,2024-01,10700.19
C01324,2024-02,207.32
C01324,2024-04,93744.49
C01324,2024-05,8484.94
C01324,2024-06,7905.04
C01324,2024-07,1592.47
C01324,2024-08,4592.18
C01324,2024-09,16730.31
C01324,2024-11,43304.04
C01324,2024-12,2247.46
C01324,2025-01,6016.73
C01324,2025-02,8682.49
C01324,2025-03,2794.13
C01324,2025-04,31051.519999999997
C01324,2025-05,62303.51
C01324,2025-06,5923.969999999999
C01324,2025-07,2470.49
C01324,2025-08,38274.47
C01324,2025-10,3436.38
C01324,2025-12,15947.42
C01325,2024-01,3557.3100000000004
C01325,2024-02,8412.46
C01325,2024-03,51355.11
C01325,2024-04,94104.38
C01325,2024-06,941.99
C01325,2024-08,37141.44
C01325,2024-09,7078.22
C01325,2024-11,32909.15
C01325,2024-12,12436.22
C01325,2025-01,10692.89
C01325,2025-03,23434.420000000002
C01325,2025-04,14885.119999999999
C01325,2025-05,39446.64
C01325,2025-06,9974.6
C01325,2025-07,46734.2
C01325,2025-08,30817.190000000002
C01325,2025-10,3111.7000000000003
C01325,2025-11,20064.51
C01325,2025-12,11243.12
C01326,2024-01,5709.23
C01326,2024-03,39734.88
C01326,2024-04,75303.32
C01326,2024-07,60842.97
C01326,2024-09,2370.8
C01326,2024-10,1892.0
C01326,2024-11,8661.68
C01326,2024-12,12823.26
C01326,2025-03,2418.44
C01326,2025-04,33411.46
C01326,2025-05,3372.39
C01326,2025-06,2215.31
C01326,2025-07,13875.01
C01326,2025-08,72670.89
C01326,2025-09,1810.0
C01326,2025-10,19258.0
C01326,2025-11,15802.18
C01326,2025-12,12016.92
C01327,2024-04,17359.2
C01327,2024-05,24357.06
C01327,2024-06,20852.059999999998
C01327,2024-08,41235.479999999996
C01327,2024-09,54485.43
C01327,2024-10,19502.32
C01327,2024-11,9102.44
C01327,2024-12,1696.2
C01327,2025-01,53455.06
C01327,2025-02,50944.46
C01327,2025-03,21834.97
C01327,2025-04,2567.58
C01327,2025-06,4941.11
C01327,2025-07,22448.15
C01327,2025-08,48021.55
C01327,2025-09,2609.89
C01327,2025-10,7315.12
C01327,2025-11,33231.92
C01328,2024-02,21398.66
C01328,2024-03,16263.55
C01328,2024-05,1914.86
C01328,2024-06,5216.610000000001
C01328,2024-07,3709.39
C01328,2024-08,10242.92
C01328,2024-09,11522.580000000002
C01328,2024-10,42169.53
C01328,2025-01,2586.56
C01328,2025-02,801.08
C01328,2025-03,1623.0
C01328,2025-05,5599.08
C01328,2025-06,2978.15
C01328,2025-07,1756.62
C01328,2025-08,40711.59
C01328,2025-09,39106.61
C01328,2025-10,8422.2
C01328,2025-11,16300.21
C01328,2025-12,7373.7699999999995
C01329,2024-01,58820.69
C01329,2024-03,34230.3
C01329,2024-04,38838.79
C01329,2024-05,50440.04
C01329,2024-06,582.16
C01329,2024-07,32436.93
C01329,2024-08,14583.35
C01329,2024-09,59571.42999999999
C01329,2024-10,2943.01
C01329,2024-11,48213.39
C01329,2025-01,7865.630000000001
C01329,2025-02,55943.740000000005
C01329,2025-03,34125.4
C01329,2025-04,490.49
C01329,2025-05,15764.169999999998
C01329,2025-06,18368.1
C01329,2025-08,15563.29
C01329,2025-10,13984.9
C01329,2025-11,59967.85
C01329,2025-12,9206.72
C01330,2024-01,39113.799999999996
C01330,2024-03,2335.05
C01330,2024-06,25307.31
C01330,2024-07,8151.299999999999
C01330,2024-08,39751.259999999995
C01330,2024-09,37617.51
C01330,2025-03,268.06
C01330,2025-04,36454.76
C01330,2025-05,2630.87
C01330,2025-06,22175.97
C01330,2025-07,21678.68
C01330,2025-08,29444.54
C01330,2025-10,6315.95
C01330,2025-12,15652.4
C01331,2024-01,1274.9
C01331,2024-04,2945.5
C01331,2024-05,1771.72
C01331,2024-06,6936.64
C01331,2024-07,462.43
C01331,2024-09,39186.91
C01331,2024-10,619.26
C01331,2024-11,27865.42
C01331,2025-01,15257.86
C01331,2025-02,27723.5
C01331,2025-04,35072.2
C01331,2025-05,28535.47
C01331,2025-06,47613.020000000004
C01331,2025-08,705.31
C01331,2025-10,1116.4
C01331,2025-11,11086.4
C01331,2025-12,78679.01000000001
C01332,2024-01,14031.08
C01332,2024-03,51273.48
C01332,2024-04,20123.02
C01332,2024-06,12185.560000000001
C01332,2024-07,20248.81
C01332,2024-08,1632.06
C01332,2024-09,818.2
C01332,2024-10,24430.22
C01332,2024-11,16730.260000000002
C01332,2024-12,16701.39
C01332,2025-01,2279.4
C01332,2025-02,12972.9
C01332,2025-05,25381.86
C01332,2025-06,20011.91
C01332,2025-07,67576.79999999999
C01332,2025-08,2569.16
C01332,2025-09,44578.979999999996
C01332,2025-10,440.98
C01332,2025-11,113089.82
C01332,2025-12,2001.37
C01333,2024-01,64736.04
C01333,2024-02,881.57
C01333,2024-03,4939.92
C01333,2024-04,333.02
C01333,2024-06,45559.76
C01333,2024-08,23818.93
C01333,2024-09,1840.72
C01333,2024-10,10859.07
C01333,2024-11,4313.07
C01333,2024-12,1896.51
C01333,2025-03,37732.259999999995
C01333,2025-04,2435.07
C01333,2025-05,2302.73
C01333,2025-06,13987.84
C01333,2025-07,816.0
C01333,2025-09,10396.17
C01333,2025-10,3337.82
C01333,2025-12,56084.920000000006
C01334,2024-01,12918.32
C01334,2024-02,15009.95
C01334,2024-03,37467.42
C01334,2024-04,8053.34
C01334,2024-05,6484.52
C01334,2024-06,1332.82
C01334,2024-07,1019.45
C01334,2024-08,22674.72
C01334,2024-09,4561.62
C01334,2024-11,21141.41
C01334,2024-12,4853.94
C01334,2025-02,10415.52
C01334,2025-03,33732.93000000001
C01334,2025-04,1030.45
C01334,2025-05,1778.75
C01334,2025-06,1689.95
C01334,2025-07,22961.4
C01334,2025-08,841.8
C01334,2025-10,597.87
C01334,2025-11,2994.79
C01334,2025-12,12407.029999999999
C01335,2024-01,20636.870000000003
C01335,2024-02,58370.79
C01335,2024-03,984.92
C01335,2024-04,4386.09
C01335,2024-05,37515.96
C01335,2024-06,68085.65
C01335,2024-07,1070.99
C01335,2024-09,4556.0
C01335,2024-10,19553.67
C01335,2024-12,12574.689999999999
C01335,2025-01,9292.86
C01335,2025-02,20365.48
C01335,2025-03,43790.35
C01335,2025-06,21251.16
C01335,2025-07,2661.0699999999997
C01335,2025-08,3209.79
C01335,2025-09,56073.96
C01335,2025-10,36775.87
C01335,2025-12,2425.27
C01336,2024-01,5984.69
C01336,2024-02,5458.37
C01336,2024-04,23151.41
C01336,2024-05,4021.73
C01336,2024-06,17233.120000000003
C01336,2024-07,5799.75
C01336,2024-08,76255.54
C01336,2024-09,33551.97
C01336,2024-10,2828.69
C01336,2024-11,1434.31
C01336,2024-12,7515.82
C01336,2025-01,341.68
C01336,2025-07,1718.65
C01336,2025-08,62982.66
C01336,2025-09,39643.59
C01336,2025-10,33533.05
C01336,2025-12,8651.03
C01337,2024-01,4762.14
C01337,2024-02,99206.53
C01337,2024-04,4501.61
C01337,2024-06,32672.88
C01337,2024-07,57898.44
C01337,2024-08,9103.55
C01337,2024-09,12497.380000000001
C01337,2024-10,15826.31
C01337,2024-11,39421.23
C01337,2025-01,10469.23
C01337,2025-03,685.29
C01337,2025-04,57297.28
C01337,2025-05,6345.6900000000005
C01337,2025-06,7655.4
C01337,2025-07,780.62
C01337,2025-08,4010.8
C01337,2025-10,17831.16
C01337,2025-11,60184.020000000004
C01337,2025-12,9777.24
C01338,2024-01,19771.96
C01338,2024-02,5127.4
C01338,2024-03,12247.710000000001
C01338,2024-05,2338.8
C01338,2024-06,387.45
C01338,2024-07,19991.02
C01338,2024-08,2798.1
C01338,2024-09,1017.08
C01338,2024-10,11545.880000000001
C01338,2024-11,3080.15
C01338,2024-12,694.46
C01338,2025-02,6585.68
C01338,2025-03,6905.09
C01338,2025-05,14955.21
C01338,2025-07,967.3
C01338,2025-09,12925.63
C01338,2025-10,38664.78
C01338,2025-11,12082.44
C01339,2024-01,38195.89
C01339,2024-02,4702.46
C01339,2024-03,32820.1
C01339,2024-04,14752.539999999999
C01339,2024-06,2086.38
C01339,2024-07,57191.74
C01339,2024-08,3457.64
C01339,2024-09,42034.090000000004
C01339,2024-10,4119.06
C01339,2024-11,16191.92
C01339,2024-12,2464.23
C01339,2025-01,64564.079999999994
C01339,2025-02,11408.6
C01339,2025-03,8424.35
C01339,2025-04,17855.62
C01339,2025-05,14833.37
C01339,2025-06,14035.31
C01339,2025-07,7613.63
C01339,2025-08,14429.1
C01339,2025-09,25944.15
C01339,2025-10,29177.64
C01339,2025-11,2726.71
C01339,2025-12,2593.69
C01340,2024-01,6339.35
C01340,2024-02,1609.33
C01340,2024-04,455.02
C01340,2024-06,29774.45
C01340,2024-08,25104.01
C01340,2024-09,23644.34
C01340,2024-10,19648.47
C01340,2024-11,20492.19
C01340,2024-12,17510.690000000002
C01340,2025-01,1915.21
C01340,2025-02,13244.62
C01340,2025-03,69245.62
C01340,2025-04,9965.94
C01340,2025-05,1524.97
C01340,2025-06,12156.28
C01340,2025-07,47916.85
C01340,2025-08,2803.5699999999997
C01340,2025-09,12886.05
C01340,2025-10,603.51
C01340,2025-12,12237.050000000001
C01341,2024-02,67292.96
C01341,2024-03,13449.95
C01341,2024-04,14618.419999999998
C01341,2024-05,2152.23
C01341,2024-06,15073.04
C01341,2024-07,746.32
C01341,2024-08,3895.27
C01341,2024-10,32698.97
C01341,2024-11,7048.08
C01341,2025-01,2719.96
C01341,2025-03,7975.1
C01341,2025-04,1304.51
C01341,2025-05,5031.96
C01341,2025-06,26295.309999999998
C01341,2025-07,1453.02
C01341,2025-09,401.43
C01341,2025-11,6549.41
C01341,2025-12,2867.35
C01342,2024-01,11364.79
C01342,2024-02,72603.5
C01342,2024-03,39418.29
C01342,2024-04,14538.78
C01342,2024-05,2635.9700000000003
C01342,2024-08,2772.4
C01342,2024-09,38993.82
C01342,2024-10,62015.57
C01342,2024-11,1881.04
C01342,2024-12,1949.93
C01342,2025-01,28969.949999999997
C01342,2025-02,26559.019999999997
C01342,2025-03,8828.710000000001
C01342,2025-04,8071.33
C01342,2025-05,9578.93
C01342,2025-06,9168.51
C01342,2025-07,19702.65
C01342,2025-08,2181.96
C01342,2025-09,891.68
C01342,2025-10,17174.13
C01342,2025-11,54864.84
C01343,2024-01,1594.06
C01343,2024-02,44387.94
C01343,2024-03,35113.259999999995
C01343,2024-06,9370.82
C01343,2024-07,650.62
C01343,2024-08,1502.08
C01343,2024-09,1268.83
C01343,2024-11,540.99
C01343,2024-12,72301.83
C01343,2025-01,15077.25
C01343,2025-03,2068.67
C01343,2025-04,40820.03
C01343,2025-05,50323.06
C01343,2025-06,1080.47
C01343,2025-07,2851.99
C01343,2025-08,19301.32
C01343,2025-09,7885.95
C01343,2025-10,23202.22
C01343,2025-11,22874.72
C01343,2025-12,52466.28
C01344,2024-01,7294.08
C01344,2024-03,27173.339999999997
C01344,2024-04,33103.56
C01344,2024-05,71076.56
C01344,2024-06,54512.09
C01344,2024-07,2179.45
C01344,2024-08,33088.659999999996
C01344,2024-09,4458.0
C01344,2024-10,8409.57
C01344,2024-11,35592.71
C01344,2024-12,18213.19
C01344,2025-01,22042.65
C01344,2025-02,7545.34
C01344,2025-04,14644.81
C01344,2025-07,449.72
C01344,2025-08,39519.5
C01344,2025-09,40355.03999999999
C01344,2025-10,19649.3
C01344,2025-11,7611.47
C01344,2025-12,519.31
C01345,2024-03,2628.19
C01345,2024-04,16668.26
C01345,2024-05,2613.79
C01345,2024-06,20112.37
C01345,2024-07,9010.78
C01345,2024-08,16020.97
C01345,2024-09,31068.739999999998
C01345,2024-10,3399.02
C01345,2025-01,615.79
C01345,2025-02,4331.78
C01345,2025-03,4940.45
C01345,2025-04,3516.65
C01345,2025-06,3513.9300000000003
C01345,2025-07,25365.82
C01345,2025-08,15369.49
C01345,2025-09,16289.66
C01345,2025-10,10652.21
C01345,2025-11,17739.04
C01345,2025-12,3741.55
C01346,2024-01,751.17
C01346,2024-02,6590.63
C01346,2024-03,5449.32
C01346,2024-04,3193.96
C01346,2024-06,6021.82
C01346,2024-07,15893.51
C01346,2024-08,2090.76
C01346,2024-09,4791.42
C01346,2024-10,49572.25
C01346,2024-11,37193.01
C01346,2024-12,15813.72
C01346,2025-01,63818.149999999994
C01346,2025-02,53747.939999999995
C01346,2025-03,4539.77
C01346,2025-04,13681.77
C01346,2025-05,27768.84
C01346,2025-06,32897.73
C01346,2025-07,7189.46
C01346,2025-08,9008.43
C01346,2025-09,4297.89
C01346,2025-10,8834.79
C01346,2025-11,15440.45
C01346,2025-12,793.89
C01347,2024-03,5662.45
C01347,2024-04,11916.32
C01347,2024-05,55834.469999999994
C01347,2024-08,3691.12
C01347,2024-09,4339.48
C01347,2024-10,8527.95
C01347,2024-12,1181.75
C01347,2025-01,2756.4300000000003
C01347,2025-02,7060.95
C01347,2025-03,2022.83
C01347,2025-04,17576.86
C01347,2025-05,6016.6900000000005
C01347,2025-06,30909.75
C01347,2025-07,205.31
C01347,2025-08,6529.17
C01347,2025-09,2569.51
C01347,2025-10,553.24
C01347,2025-11,46690.34
C01348,2024-01,3309.95
C01348,2024-02,6339.68
C01348,2024-05,19152.94
C01348,2024-06,2720.34
C01348,2024-07,3544.54
C01348,2024-08,7015.1900000000005
C01348,2024-09,9270.79
C01348,2024-11,41120.14
C01348,2025-01,15963.21
C01348,2025-02,12781.269999999999
C01348,2025-04,26396.63
C01348,2025-05,16740.95
C01348,2025-06,52124.28
C01348,2025-08,20834.3
C01348,2025-09,2355.48
C01348,2025-10,24241.22
C01348,2025-12,4945.85
C01349,2024-02,36548.62
C01349,2024-03,44613.45
C01349,2024-04,50601.030000000006
C01349,2024-06,7081.51
C01349,2024-07,24326.199999999997
C01349,2024-08,10683.97
C01349,2024-09,12192.16
C01349,2024-10,19120.75
C01349,2024-11,20399.59
C01349,2024-12,35071.96
C01349,2025-02,1532.63
C01349,2025-03,3061.7
C01349,2025-04,11673.86
C01349,2025-05,13966.64
C01349,2025-06,19263.34
C01349,2025-07,5577.3
C01349,2025-08,3904.34
C01349,2025-10,4704.29
C01349,2025-11,6423.82
C01349,2025-12,1208.54
C01350,2024-02,35818.119999999995
C01350,2024-05,11146.41
C01350,2024-06,5544.49
C01350,2024-09,15656.61
C01350,2024-11,11909.06
C01350,2024-12,9872.4
C01350,2025-01,20856.52
C01350,2025-02,9009.41
C01350,2025-03,2272.9300000000003
C01350,2025-04,10119.43
C01350,2025-05,10010.130000000001
C01350,2025-06,1284.34
C01350,2025-07,32714.64
C01350,2025-08,22406.2
C01350,2025-10,28268.379999999997
C01350,2025-11,7581.54
C01351,2024-01,20274.48
C01351,2024-02,30454.18
C01351,2024-03,14402.65
C01351,2024-04,7034.03
C01351,2024-08,24517.649999999998
C01351,2024-09,35107.97
C01351,2024-10,4405.58
C01351,2024-12,40404.64
C01351,2025-01,10352.310000000001
C01351,2025-02,2768.9
C01351,2025-03,1966.64
C01351,2025-04,9095.48
C01351,2025-05,74525.48
C01351,2025-07,17967.25
C01351,2025-10,2486.14
C01351,2025-11,4778.23
C01351,2025-12,451.64
C01352,2024-01,4286.46
C01352,2024-02,5202.57
C01352,2024-03,53442.82
C01352,2024-04,1277.08
C01352,2024-05,16450.02
C01352,2024-06,2661.64
C01352,2024-07,8023.07
C01352,2024-08,6561.81
C01352,2024-09,24997.04
C01352,2024-10,4368.31
C01352,2024-11,3829.21
C01352,2024-12,22370.090000000004
C01352,2025-01,2591.1000000000004
C01352,2025-02,3855.78
C01352,2025-03,51482.48
C01352,2025-04,2386.08
C01352,2025-06,15855.51
C01352,2025-07,4937.75
C01352,2025-08,16698.67
C01352,2025-09,6878.43
C01352,2025-10,16233.869999999999
C01352,2025-12,12988.13
C01353,2024-01,5114.32
C01353,2024-02,2668.74
C01353,2024-03,11827.720000000001
C01353,2024-04,38418.84
C01353,2024-05,2499.1
C01353,2024-06,1494.94
C01353,2024-07,1712.6
C01353,2024-08,4198.62
C01353,2024-09,19289.4
C01353,2024-10,46854.0
C01353,2024-11,3722.7299999999996
C01353,2024-12,27579.36
C01353,2025-01,10081.74
C01353,2025-02,30400.590000000004
C01353,2025-04,2235.9
C01353,2025-06,54307.94
C01353,2025-08,67094.7
C01353,2025-10,61616.78999999999
C01353,2025-11,41845.03999999999
C01354,2024-01,5511.19
C01354,2024-02,14510.419999999998
C01354,2024-03,36337.19
C01354,2024-04,12024.4
C01354,2024-05,25763.15
C01354,2024-06,13519.07
C01354,2024-08,2800.38
C01354,2024-09,22934.14
C01354,2024-11,17452.629999999997
C01354,2024-12,27339.239999999998
C01354,2025-02,12878.82
C01354,2025-03,5944.09
C01354,2025-04,17016.85
C01354,2025-05,5611.34
C01354,2025-06,1588.67
C01354,2025-07,10535.29
C01354,2025-08,1282.82
C01354,2025-09,44702.78
C01354,2025-11,9510.86
C01354,2025-12,4171.61
C01355,2024-01,17643.84
C01355,2024-04,2153.9
C01355,2024-05,2292.75
C01355,2024-06,2833.52
C01355,2024-07,35823.53
C01355,2024-08,99316.06999999999
C01355,2024-09,39948.17
C01355,2024-11,3697.98
C01355,2024-12,7393.49
C01355,2025-01,65365.19
C01355,2025-02,67334.31
C01355,2025-03,64526.22
C01355,2025-04,8431.89
C01355,2025-05,49827.579999999994
C01355,2025-06,6001.97
C01355,2025-07,5051.35
C01355,2025-08,56482.920000000006
C01355,2025-10,56540.45
C01355,2025-11,4233.69
C01355,2025-12,21141.989999999998
C01356,2024-01,258.79
C01356,2024-02,12236.92
C01356,2024-03,3630.64
C01356,2024-04,2916.22
C01356,2024-05,27788.300000000003
C01356,2024-06,40741.06
C01356,2024-07,3974.7599999999998
C01356,2024-08,15171.08
C01356,2024-09,10348.45
C01356,2024-10,21629.44
C01356,2024-11,3357.2
C01356,2025-01,78826.63
C01356,2025-03,1907.23
C01356,2025-04,6945.56
C01356,2025-05,7973.67
C01356,2025-06,71606.63
C01356,2025-07,11012.56
C01356,2025-09,91387.66
C01356,2025-10,6912.58
C01356,2025-11,1715.9
C01357,2024-01,19154.97
C01357,2024-02,25506.33
C01357,2024-03,23175.19
C01357,2024-04,17998.559999999998
C01357,2024-07,47027.01
C01357,2024-08,556.72
C01357,2024-09,45590.79
C01357,2024-11,5945.44
C01357,2024-12,3137.9700000000003
C01357,2025-01,19476.41
C01357,2025-02,36894.19
C01357,2025-04,5122.67
C01357,2025-06,12885.73
C01357,2025-07,2640.06
C01357,2025-09,2904.97
C01357,2025-10,51868.88
C01357,2025-12,51303.5
C01358,2024-01,1265.33
C01358,2024-02,5940.5
C01358,2024-03,43011.57
C01358,2024-04,3103.24
C01358,2024-05,24303.51
C01358,2024-06,3723.21
C01358,2024-07,2120.07
C01358,2024-08,2518.18
C01358,2024-11,17931.99
C01358,2024-12,20841.739999999998
C01358,2025-02,5125.88
C01358,2025-03,455.71
C01358,2025-05,8417.6
C01358,2025-06,608.07
C01358,2025-07,45621.16
C01358,2025-09,27980.87
C01358,2025-10,1963.45
C01359,2024-01,22407.530000000002
C01359,2024-02,58147.63
C01359,2024-03,11425.900000000001
C01359,2024-04,11925.92
C01359,2024-05,363.49
C01359,2024-09,10121.94
C01359,2024-10,52363.95
C01359,2024-11,59279.85
C01359,2024-12,23677.45
C01359,2025-02,21178.0
C01359,2025-03,11006.22
C01359,2025-04,58792.79
C01359,2025-05,405.88
C01359,2025-06,9327.85
C01359,2025-08,5488.84
C01359,2025-09,62442.61
C01359,2025-10,2599.76
C01359,2025-11,40289.73
C01359,2025-12,8958.14
C01360,2024-01,27608.07
C01360,2024-03,6855.61
C01360,2024-04,8282.81
C01360,2024-05,16858.99
C01360,2024-07,6854.46
C01360,2024-08,924.49
C01360,2024-11,28575.62
C01360,2024-12,56673.36
C01360,2025-01,15623.04
C01360,2025-03,20257.5
C01360,2025-05,1699.03
C01360,2025-08,10392.95
C01360,2025-09,2327.29
C01360,2025-10,15244.08
C01360,2025-11,6520.71
C01360,2025-12,208.01
C01361,2024-01,17381.25
C01361,2024-04,6866.42
C01361,2024-11,2323.96
C01361,2024-12,244.11
C01361,2025-01,13365.46
C01361,2025-02,29621.44
C01361,2025-03,10076.1
C01361,2025-05,2689.73
C01361,2025-06,33757.18
C01361,2025-07,13749.039999999999
C01361,2025-08,1178.95
C01361,2025-10,46853.98
C01361,2025-11,15160.279999999999
C01362,2024-01,33778.6
C01362,2024-02,2077.77
C01362,2024-03,27682.64
C01362,2024-04,5357.43
C01362,2024-05,4988.74
C01362,2024-06,1704.79
C01362,2024-07,21974.67
C01362,2024-08,3647.21
C01362,2024-09,3088.32
C01362,2024-10,3307.16
C01362,2024-11,1628.05
C01362,2024-12,6301.32
C01362,2025-01,13525.390000000001
C01362,2025-02,9471.44
C01362,2025-03,39362.14
C01362,2025-04,35187.76
C01362,2025-05,77612.17
C01362,2025-06,26762.67
C01362,2025-07,12435.19
C01362,2025-08,563.62
C01362,2025-10,753.73
C01362,2025-11,20884.7
C01363,2024-01,31321.73
C01363,2024-05,61772.24
C01363,2024-06,59521.23
C01363,2024-07,9892.67
C01363,2024-08,4668.73
C01363,2024-10,14999.5
C01363,2025-01,2018.77
C01363,2025-02,31217.12
C01363,2025-03,7455.45
C01363,2025-04,167.98
C01363,2025-05,5810.48
C01363,2025-06,6512.59
C01363,2025-07,11249.82
C01363,2025-08,2236.66
C01363,2025-09,2236.86
C01363,2025-10,15689.07
C01363,2025-11,8575.12
C01363,2025-12,2892.25
C01364,2024-01,28706.7
C01364,2024-02,5663.41
C01364,2024-03,49432.66
C01364,2024-05,6916.03
C01364,2024-07,32599.27
C01364,2024-08,17633.95
C01364,2024-09,5884.37
C01364,2024-10,3273.38
C01364,2024-12,4427.76
C01364,2025-01,6905.299999999999
C01364,2025-02,27542.87
C01364,2025-03,22708.58
C01364,2025-04,1267.37
C01364,2025-05,72178.98
C01364,2025-06,474.12
C01364,2025-07,1304.32
C01364,2025-08,14735.310000000001
C01364,2025-12,19620.27
C01365,2024-01,64075.37
C01365,2024-02,19749.71
C01365,2024-03,1469.8
C01365,2024-04,14143.779999999999
C01365,2024-05,14000.449999999999
C01365,2024-06,41902.22
C01365,2024-07,41784.75
C01365,2024-09,3273.09
C01365,2024-10,12647.64
C01365,2024-12,7540.22
C01365,2025-01,50117.03
C01365,2025-03,14127.0
C01365,2025-04,34795.1
C01365,2025-06,30917.51
C01365,2025-08,10322.41
C01365,2025-09,2064.22
C01365,2025-10,48070.49
C01365,2025-11,52026.58
C01365,2025-12,821.14
C01366,2024-01,15197.64
C01366,2024-02,2777.37
C01366,2024-03,38647.31
C01366,2024-04,38637.689999999995
C01366,2024-07,4293.03
C01366,2024-09,14450.490000000002
C01366,2024-10,12446.25
C01366,2024-11,33648.06
C01366,2025-04,41585.95
C01366,2025-05,11946.130000000001
C01366,2025-06,11785.68
C01366,2025-07,13816.04
C01366,2025-08,23794.19
C01366,2025-09,12441.06
C01366,2025-10,4077.74
C01366,2025-11,19230.76
C01366,2025-12,818.46
C01367,2024-01,1952.85
C01367,2024-03,2151.1
C01367,2024-04,24858.43
C01367,2024-05,61916.51
C01367,2024-06,71683.44
C01367,2024-07,31832.77
C01367,2024-08,15550.15
C01367,2024-09,17492.65
C01367,2024-10,15022.22
C01367,2024-12,2996.35
C01367,2025-01,20893.27
C01367,2025-02,1571.4
C01367,2025-03,23352.52
C01367,2025-05,27866.62
C01367,2025-06,1709.49
C01367,2025-07,12188.099999999999
C01367,2025-08,55019.59
C01367,2025-09,10876.59
C01367,2025-10,30040.23
C01367,2025-11,11937.32
C01368,2024-01,11825.929999999998
C01368,2024-06,51597.75
C01368,2024-08,57344.270000000004
C01368,2024-09,83942.98999999999
C01368,2024-10,15997.56
C01368,2024-12,18614.36
C01368,2025-02,12957.4
C01368,2025-03,1826.39
C01368,2025-04,487.94
C01368,2025-05,3506.42
C01368,2025-06,1284.16
C01368,2025-08,9390.77
C01368,2025-09,3042.37
C01368,2025-10,9898.51
C01368,2025-11,25442.960000000003
C01368,2025-12,3096.42
C01369,2024-01,17540.88
C01369,2024-02,10703.54
C01369,2024-03,1620.18
C01369,2024-06,1851.11
C01369,2024-07,27563.56
C01369,2024-09,5593.76
C01369,2024-10,12377.84
C01369,2024-12,28512.760000000002
C01369,2025-01,33462.630000000005
C01369,2025-02,8227.33
C01369,2025-03,21325.260000000002
C01369,2025-04,21068.489999999998
C01369,2025-05,837.68
C01369,2025-06,33366.25
C01369,2025-08,25584.82
C01369,2025-09,3902.44
C01369,2025-10,13638.75
C01369,2025-12,17056.37
C01370,2024-01,4536.76
C01370,2024-02,64808.28999999999
C01370,2024-03,2152.29
C01370,2024-04,40997.61
C01370,2024-05,2999.47
C01370,2024-06,8018.15
C01370,2024-07,2909.3199999999997
C01370,2024-08,58656.64
C01370,2024-09,3532.9700000000003
C01370,2024-11,8334.71
C01370,2024-12,35813.899999999994
C01370,2025-01,5738.93
C01370,2025-03,9167.35
C01370,2025-04,609.48
C01370,2025-05,56739.53
C01370,2025-06,8578.87
C01370,2025-07,3398.14
C01370,2025-08,14265.19
C01370,2025-09,14332.61
C01370,2025-10,20820.41
C01370,2025-11,5231.04
C01370,2025-12,1940.01
C01371,2024-01,31124.75
C01371,2024-02,18968.11
C01371,2024-04,698.15
C01371,2024-05,9769.82
C01371,2024-06,1397.94
C01371,2024-07,13531.28
C01371,2024-08,11286.65
C01371,2024-10,9867.43
C01371,2024-11,3728.65
C01371,2024-12,6987.6
C01371,2025-01,34996.58
C01371,2025-03,2900.56
C01371,2025-04,67589.1
C01371,2025-05,15170.25
C01371,2025-06,3545.0
C01371,2025-07,14766.83
C01371,2025-08,8466.55
C01371,2025-09,2732.93
C01371,2025-10,4152.33
C01371,2025-11,11307.23
C01371,2025-12,252.62
C01372,2024-01,4121.91
C01372,2024-02,1170.56
C01372,2024-04,11848.33
C01372,2024-05,21815.18
C01372,2024-07,32506.019999999997
C01372,2024-10,918.31
C01372,2024-11,1415.29
C01372,2025-01,1570.41
C01372,2025-02,12904.61
C01372,2025-04,3866.8599999999997
C01372,2025-05,34609.61
C01372,2025-06,2292.84
C01372,2025-07,6461.25
C01372,2025-08,26151.620000000003
C01372,2025-09,18254.79
C01372,2025-10,38456.17
C01372,2025-11,1567.67
C01372,2025-12,6810.18
C01373,2024-01,8230.06
C01373,2024-02,23494.37
C01373,2024-03,31386.2
C01373,2024-04,1743.47
C01373,2024-05,3629.09
C01373,2024-06,21054.78
C01373,2024-07,12343.400000000001
C01373,2024-09,40178.31
C01373,2024-10,4708.45
C01373,2024-11,6641.96
C01373,2024-12,10207.24
C01373,2025-01,6794.24
C01373,2025-02,14080.060000000001
C01373,2025-03,13206.96
C01373,2025-04,1007.57
C01373,2025-05,3225.35
C01373,2025-06,2377.93
C01373,2025-07,223.05
C01373,2025-09,53394.72
C01373,2025-10,15858.21
C01373,2025-11,3391.42
C01373,2025-12,22358.22
C01374,2024-02,1035.98
C01374,2024-03,9561.25
C01374,2024-05,3955.81
C01374,2024-06,50186.01
C01374,2024-07,620.24
C01374,2024-08,4455.3099999999995
C01374,2024-10,34061.54
C01374,2024-11,2782.73
C01374,2024-12,493.53
C01374,2025-02,16856.03
C01374,2025-03,17554.08
C01374,2025-06,56054.99
C01374,2025-07,20126.129999999997
C01374,2025-08,2367.69
C01374,2025-10,1175.62
C01374,2025-11,3195.51
C01375,2024-01,14699.810000000001
C01375,2024-03,11182.56
C01375,2024-05,499.38
C01375,2024-06,1719.95
C01375,2024-07,1823.32
C01375,2024-10,4052.5099999999998
C01375,2024-11,4748.05
C01375,2024-12,6298.38
C01375,2025-01,1984.29
C01375,2025-02,331.34
C01375,2025-04,6610.71
C01375,2025-05,1468.07
C01375,2025-07,34388.88
C01375,2025-08,6587.67
C01375,2025-09,6568.75
C01375,2025-11,18640.41
C01376,2024-01,2796.1099999999997
C01376,2024-03,52134.75
C01376,2024-04,6112.42
C01376,2024-05,13099.96
C01376,2024-07,1320.95
C01376,2024-08,53246.79
C01376,2024-10,49656.200000000004
C01376,2024-11,31653.58
C01376,2024-12,14483.080000000002
C01376,2025-02,1527.89
C01376,2025-04,14755.41
C01376,2025-05,492.49
C01376,2025-06,33445.65
C01376,2025-07,1055.66
C01376,2025-08,34930.68
C01376,2025-09,27311.949999999997
C01376,2025-10,14936.26
C01376,2025-11,25654.18
C01376,2025-12,2801.52
C01377,2024-02,75187.37999999999
C01377,2024-03,5250.08
C01377,2024-04,35387.57
C01377,2024-08,44788.78
C01377,2024-09,2595.8500000000004
C01377,2024-11,14367.08
C01377,2025-01,724.1
C01377,2025-03,19864.65
C01377,2025-05,3419.94
C01377,2025-06,9928.23
C01377,2025-07,15319.94
C01377,2025-08,22333.26
C01377,2025-09,30449.19
C01377,2025-10,83591.94
C01377,2025-11,2714.74
C01378,2024-03,5932.22
C01378,2024-04,6282.34
C01378,2024-05,36582.15
C01378,2024-07,5206.07
C01378,2024-09,566.94
C01378,2024-10,1459.46
C01378,2024-11,3346.54
C01378,2024-12,12169.03
C01378,2025-01,11644.77
C01378,2025-02,25535.52
C01378,2025-04,50639.840000000004
C01378,2025-05,54948.659999999996
C01378,2025-08,1702.33
C01378,2025-10,38876.02
C01378,2025-12,1255.36
C01379,2024-04,10896.970000000001
C01379,2024-05,19222.8
C01379,2024-06,34969.69
C01379,2024-07,16348.75
C01379,2024-08,12314.07
C01379,2024-10,2639.89
C01379,2024-12,1930.77
C01379,2025-01,38733.09
C01379,2025-02,9180.96
C01379,2025-03,4793.88
C01379,2025-06,19649.379999999997
C01379,2025-09,1744.95
C01379,2025-10,23926.43
C01379,2025-11,12408.52
C01379,2025-12,6776.7
C01380,2024-01,9574.8
C01380,2024-02,888.12
C01380,2024-04,49812.85
C01380,2024-06,45479.77
C01380,2024-07,4140.349999999999
C01380,2024-08,65791.45
C01380,2024-09,20310.07
C01380,2024-10,76690.7
C01380,2024-11,12511.099999999999
C01380,2025-01,22030.920000000002
C01380,2025-03,10531.75
C01380,2025-04,8246.08
C01380,2025-06,9730.86
C01380,2025-08,2076.52
C01380,2025-10,28205.79
C01380,2025-11,5808.57
C01380,2025-12,17493.35
C01381,2024-01,3726.82
C01381,2024-02,4902.37
C01381,2024-03,27334.780000000002
C01381,2024-04,23131.71
C01381,2024-05,14731.1
C01381,2024-07,4900.299999999999
C01381,2024-08,6367.51
C01381,2024-09,11720.72
C01381,2024-10,1562.8
C01381,2024-11,40399.63
C01381,2025-02,14973.02
C01381,2025-03,14590.57
C01381,2025-05,10093.23
C01381,2025-07,6069.85
C01381,2025-08,1606.09
C01381,2025-10,12290.66
C01381,2025-11,13435.05
C01381,2025-12,2901.3
C01382,2024-01,2035.39
C01382,2024-03,29443.25
C01382,2024-04,6901.48
C01382,2024-05,35361.43
C01382,2024-06,54461.259999999995
C01382,2024-07,1455.77
C01382,2024-08,17413.17
C01382,2024-11,1256.69
C01382,2024-12,28904.18
C01382,2025-01,509.76
C01382,2025-02,4734.71
C01382,2025-03,11031.12
C01382,2025-05,14410.609999999999
C01382,2025-06,2935.27
C01382,2025-09,22101.48
C01382,2025-10,3232.75
C01382,2025-11,8734.48
C01382,2025-12,3011.11
C01383,2024-05,32497.16
C01383,2024-07,4880.69
C01383,2024-08,19751.89
C01383,2024-10,29562.0
C01383,2024-11,23281.789999999997
C01383,2024-12,9847.33
C01383,2025-01,11325.26
C01383,2025-02,53320.92999999999
C01383,2025-03,3676.61
C01383,2025-06,386.45
C01383,2025-07,2654.0499999999997
C01383,2025-10,1734.98
C01383,2025-11,17374.3
C01383,2025-12,22427.9
C01384,2024-01,4660.08
C01384,2024-02,4395.93
C01384,2024-04,39374.28
C01384,2024-05,23872.22
C01384,2024-07,16551.93
C01384,2024-08,12514.7
C01384,2024-09,8916.05
C01384,2024-10,1643.76
C01384,2024-11,6719.45
C01384,2024-12,3928.5
C01384,2025-01,6986.63
C01384,2025-03,2738.95
C01384,2025-04,88683.78
C01384,2025-05,21188.08
C01384,2025-06,1959.33
C01384,2025-07,6393.459999999999
C01384,2025-08,1857.62
C01384,2025-12,3371.46
C01385,2024-01,12914.9
C01385,2024-02,36867.57
C01385,2024-04,17096.29
C01385,2024-05,21529.18
C01385,2024-06,2496.31
C01385,2024-07,16711.1
C01385,2024-08,6118.85
C01385,2024-09,1833.45
C01385,2024-10,6512.789999999999
C01385,2024-12,6913.43
C01385,2025-01,4074.3500000000004
C01385,2025-02,6145.79
C01385,2025-03,52108.02
C01385,2025-04,10133.36
C01385,2025-05,5190.65
C01385,2025-06,8515.41
C01385,2025-08,19389.8
C01385,2025-09,65981.48
C01385,2025-10,3280.26
C01385,2025-11,360.5
C01386,2024-01,4863.889999999999
C01386,2024-02,1574.87
C01386,2024-03,12018.43
C01386,2024-04,21985.45
C01386,2024-05,2025.19
C01386,2024-06,9172.28
C01386,2024-07,5037.6
C01386,2024-09,4199.969999999999
C01386,2024-12,19779.25
C01386,2025-01,7905.72
C01386,2025-02,19013.77
C01386,2025-03,38689.25
C01386,2025-04,1759.12
C01386,2025-05,42042.84
C01386,2025-06,8897.36
C01386,2025-08,49966.56
C01386,2025-09,1037.75
C01386,2025-10,766.55
C01386,2025-12,9119.21
C01387,2024-01,31624.850000000002
C01387,2024-02,14073.52
C01387,2024-03,951.35
C01387,2024-06,5358.46
C01387,2024-07,5237.2
C01387,2024-08,31704.1
C01387,2024-09,1899.15
C01387,2024-10,68456.17
C01387,2024-11,2145.75
C01387,2024-12,14248.359999999999
C01387,2025-01,39783.25
C01387,2025-02,14992.82
C01387,2025-03,18299.87
C01387,2025-04,5289.07
C01387,2025-06,2649.95
C01387,2025-07,3849.26
C01387,2025-08,7786.35
C01387,2025-10,27831.88
C01387,2025-11,19660.75
C01388,2024-02,44691.65
C01388,2024-04,50593.25
C01388,2024-05,3867.0800000000004
C01388,2024-06,46264.43
C01388,2024-07,1696.08
C01388,2024-08,16372.11
C01388,2024-09,25130.219999999998
C01388,2024-10,30393.71
C01388,2024-11,358.97
C01388,2024-12,9755.4
C01388,2025-01,6291.650000000001
C01388,2025-03,12249.05
C01388,2025-04,5815.32
C01388,2025-05,24135.96
C01388,2025-06,22372.7
C01388,2025-07,4343.67
C01388,2025-08,5377.639999999999
C01388,2025-10,1902.5
C01388,2025-12,7071.56
C01389,2024-01,25419.5
C01389,2024-03,18919.699999999997
C01389,2024-05,19821.370000000003
C01389,2024-07,24544.78
C01389,2024-08,3525.09
C01389,2024-09,931.83
C01389,2024-10,10859.16
C01389,2024-11,40996.21
C01389,2024-12,6935.47
C01389,2025-02,17502.36
C01389,2025-03,32810.02
C01389,2025-06,1090.11
C01389,2025-07,9976.92
C01389,2025-08,44123.93
C01389,2025-09,18784.6
C01389,2025-10,32967.86
C01389,2025-11,8217.04
C01389,2025-12,42263.29
C01390,2024-01,1160.0500000000002
C01390,2024-02,12331.3
C01390,2024-03,12869.19
C01390,2024-04,17931.8
C01390,2024-05,3457.58
C01390,2024-06,921.33
C01390,2024-07,2647.86
C01390,2024-09,4331.37
C01390,2024-10,10924.1
C01390,2024-11,10312.58
C01390,2024-12,3599.39
C01390,2025-01,13364.99
C01390,2025-02,2735.14
C01390,2025-04,17711.81
C01390,2025-05,30579.789999999997
C01390,2025-06,52591.74
C01390,2025-08,12911.65
C01390,2025-10,25035.4
C01390,2025-11,12635.710000000001
C01390,2025-12,19049.59
C01391,2024-01,10644.17
C01391,2024-03,10499.74
C01391,2024-04,48493.42
C01391,2024-05,39721.46
C01391,2024-08,2289.96
C01391,2024-09,41108.01
C01391,2024-10,30290.629999999997
C01391,2024-11,4388.07
C01391,2024-12,31476.62
C01391,2025-01,12892.82
C01391,2025-02,539.75
C01391,2025-03,3227.29
C01391,2025-04,1435.41
C01391,2025-06,11343.35
C01391,2025-07,9742.63
C01391,2025-08,3617.77
C01391,2025-09,4258.0599999999995
C01391,2025-11,1823.52
C01391,2025-12,2192.49
C01392,2024-01,35094.86
C01392,2024-03,4120.42
C01392,2024-04,3781.1000000000004
C01392,2024-06,32599.0
C01392,2024-07,8461.94
C01392,2024-08,37480.08
C01392,2024-09,15496.18
C01392,2024-10,36458.58
C01392,2024-11,26776.56
C01392,2024-12,4527.23
C01392,2025-01,7441.29
C01392,2025-03,35786.14
C01392,2025-04,11432.31
C01392,2025-05,11450.92
C01392,2025-06,31180.36
C01392,2025-07,227.9
C01392,2025-08,21303.579999999998
C01392,2025-09,8434.34
C01392,2025-10,830.31
C01392,2025-11,9921.47
C01392,2025-12,4813.18
C01393,2024-02,24784.149999999998
C01393,2024-03,18831.31
C01393,2024-04,16011.5
C01393,2024-06,22093.260000000002
C01393,2024-07,1096.41
C01393,2024-08,66101.09
C01393,2024-09,16565.85
C01393,2024-10,1033.12
C01393,2024-11,5402.889999999999
C01393,2024-12,36594.01
C01393,2025-01,17637.47
C01393,2025-02,34415.7
C01393,2025-03,1713.62
C01393,2025-05,28695.359999999997
C01393,2025-06,22517.22
C01393,2025-07,34579.369999999995
C01393,2025-08,5495.84
C01393,2025-09,24396.72
C01393,2025-10,4620.29
C01393,2025-12,15626.44
C01394,2024-01,22686.86
C01394,2024-02,24914.52
C01394,2024-03,8363.78
C01394,2024-04,4374.87
C01394,2024-07,15467.66
C01394,2024-08,35940.93
C01394,2024-11,12928.86
C01394,2024-12,63721.71000000001
C01394,2025-02,254.73
C01394,2025-03,19168.589999999997
C01394,2025-04,13838.74
C01394,2025-07,7942.75
C01394,2025-08,1369.57
C01394,2025-09,2614.67
C01394,2025-10,95046.28
C01394,2025-11,2947.27
C01394,2025-12,11797.55
C01395,2024-01,8039.14
C01395,2024-02,12135.449999999999
C01395,2024-03,4138.3099999999995
C01395,2024-04,612.48
C01395,2024-05,55591.27
C01395,2024-06,21838.39
C01395,2024-07,21897.49
C01395,2024-08,19282.45
C01395,2024-09,4262.28
C01395,2024-10,2557.66
C01395,2025-02,5816.43
C01395,2025-04,3837.66
C01395,2025-05,17607.42
C01395,2025-06,15365.380000000001
C01395,2025-07,2088.1
C01395,2025-08,39209.36
C01395,2025-09,15795.37
C01395,2025-10,16328.33
C01395,2025-11,17543.37
C01395,2025-12,57992.92999999999
C01396,2024-01,658.79
C01396,2024-02,3394.94
C01396,2024-07,8272.33
C01396,2024-09,14758.57
C01396,2024-11,19163.08
C01396,2024-12,18704.99
C01396,2025-02,1138.67
C01396,2025-04,43923.39
C01396,2025-05,6791.22
C01396,2025-06,26227.059999999998
C01396,2025-07,1634.89
C01396,2025-08,35845.91
C01396,2025-09,26254.5
C01396,2025-11,21815.63
C01397,2024-01,36289.83
C01397,2024-02,3185.48
C01397,2024-04,20527.839999999997
C01397,2024-05,5991.52
C01397,2024-06,2862.35
C01397,2024-07,12785.05
C01397,2024-08,51186.55
C01397,2024-10,691.24
C01397,2024-12,3087.18
C01397,2025-01,2602.79
C01397,2025-02,4076.64
C01397,2025-03,8022.24
C01397,2025-04,18990.45
C01397,2025-05,3391.39
C01397,2025-06,62309.08
C01397,2025-08,32416.649999999998
C01397,2025-10,33423.44
C01397,2025-11,23909.420000000002
C01397,2025-12,1678.52
C01398,2024-02,116168.0
C01398,2024-03,274.74
C01398,2024-04,11136.65
C01398,2024-05,34107.98
C01398,2024-06,4052.4700000000003
C01398,2024-08,6212.0
C01398,2024-09,3938.47
C01398,2024-10,21700.69
C01398,2024-11,4473.360000000001
C01398,2024-12,2504.63
C01398,2025-01,42144.52
C01398,2025-04,8674.72
C01398,2025-05,957.77
C01398,2025-06,7878.5199999999995
C01398,2025-08,17919.97
C01398,2025-10,15317.43
C01398,2025-11,4155.97
C01398,2025-12,27313.9
C01399,2024-02,23489.82
C01399,2024-03,15329.22
C01399,2024-04,957.44
C01399,2024-06,11652.630000000001
C01399,2024-07,4876.139999999999
C01399,2024-08,1676.54
C01399,2024-09,12074.51
C01399,2024-10,6593.3099999999995
C01399,2024-11,22932.160000000003
C01399,2024-12,1255.4
C01399,2025-01,5201.92
C01399,2025-02,1371.98
C01399,2025-03,1502.02
C01399,2025-04,10404.13
C01399,2025-05,21100.02
C01399,2025-06,23266.64
C01399,2025-07,21252.980000000003
C01399,2025-08,17475.78
C01399,2025-09,1895.4499999999998
C01399,2025-10,1171.44
C01399,2025-11,11190.08
C01399,2025-12,54244.77
C01400,2024-01,2476.66
C01400,2024-02,23238.69
C01400,2024-03,15038.779999999999
C01400,2024-04,2592.95
C01400,2024-05,2200.27
C01400,2024-06,6125.46
C01400,2024-08,16327.300000000001
C01400,2024-09,71497.98000000001
C01400,2024-10,8038.7300000000005
C01400,2024-11,21634.11
C01400,2024-12,32759.5
C01400,2025-03,2077.4
C01400,2025-04,5261.93
C01400,2025-06,2888.71
C01400,2025-08,1440.7
C01400,2025-09,9886.08
C01400,2025-10,6065.74
C01400,2025-12,1242.09
C01401,2024-01,10374.349999999999
C01401,2024-05,7101.71
C01401,2024-06,87748.52
C01401,2024-07,46064.99
C01401,2024-08,11586.67
C01401,2024-09,18004.78
C01401,2024-11,15236.800000000001
C01401,2024-12,2415.32
C01401,2025-01,13397.11
C01401,2025-02,4413.87
C01401,2025-03,1023.31
C01401,2025-05,25644.440000000002
C01401,2025-06,18613.18
C01401,2025-07,43357.58
C01401,2025-08,30838.530000000002
C01401,2025-09,10607.51
C01401,2025-10,2298.98
C01401,2025-11,23846.7
C01401,2025-12,7874.8
C01402,2024-01,2938.9
C01402,2024-02,25956.34
C01402,2024-03,53411.979999999996
C01402,2024-04,10328.75
C01402,2024-06,2242.0
C01402,2024-07,7930.85
C01402,2024-08,17128.86
C01402,2024-09,52142.91
C01402,2024-10,47350.46
C01402,2024-11,44177.5
C01402,2024-12,43507.5
C01402,2025-01,641.34
C01402,2025-02,1413.13
C01402,2025-03,771.28
C01402,2025-04,648.25
C01402,2025-05,23073.93
C01402,2025-06,2600.87
C01402,2025-07,8799.83
C01402,2025-09,8656.21
C01402,2025-11,2436.3
C01402,2025-12,39857.780000000006
C01403,2024-01,9807.6
C01403,2024-03,20963.96
C01403,2024-04,3298.66
C01403,2024-05,26767.620000000003
C01403,2024-06,3043.63
C01403,2024-07,13164.769999999999
C01403,2024-08,17010.3
C01403,2024-09,10972.58
C01403,2024-10,15426.59
C01403,2024-12,24375.45
C01403,2025-01,32628.72
C01403,2025-02,37487.740000000005
C01403,2025-03,9478.95
C01403,2025-04,12059.38
C01403,2025-05,47925.9
C01403,2025-06,10243.51
C01403,2025-07,580.74
C01403,2025-08,29241.9
C01403,2025-09,695.08
C01403,2025-10,25541.59
C01403,2025-12,11158.37
C01404,2024-01,11880.65
C01404,2024-03,1780.78
C01404,2024-04,73899.56
C01404,2024-05,6317.07
C01404,2024-07,2759.02
C01404,2024-08,4401.13
C01404,2024-09,379.49
C01404,2024-10,22364.629999999997
C01404,2024-11,8550.17
C01404,2024-12,38880.0
C01404,2025-01,109196.12
C01404,2025-02,917.83
C01404,2025-03,1656.41
C01404,2025-04,20940.55
C01404,2025-05,4362.38
C01404,2025-06,883.1
C01404,2025-07,15695.849999999999
C01404,2025-08,3764.97
C01404,2025-09,54158.54
C01404,2025-10,5832.51
C01404,2025-11,22585.609999999997
C01404,2025-12,579.98
C01405,2024-01,3087.96
C01405,2024-04,2278.1
C01405,2024-05,47222.630000000005
C01405,2024-07,9085.15
C01405,2024-10,21396.34
C01405,2024-11,12495.33
C01405,2024-12,3160.94
C01405,2025-01,19952.43
C01405,2025-02,490.3
C01405,2025-03,10850.27
C01405,2025-04,13488.71
C01405,2025-05,14231.44
C01405,2025-06,11818.89
C01405,2025-09,1070.58
C01405,2025-10,14727.79
C01405,2025-12,38473.42
C01406,2024-01,15588.650000000001
C01406,2024-02,16764.21
C01406,2024-03,17121.01
C01406,2024-04,14024.0
C01406,2024-06,69421.04
C01406,2024-07,10279.29
C01406,2024-08,1462.19
C01406,2024-09,1289.13
C01406,2024-10,2540.96
C01406,2024-12,20997.739999999998
C01406,2025-01,28400.66
C01406,2025-03,49341.61
C01406,2025-05,2666.96
C01406,2025-06,71532.51
C01406,2025-07,9725.51
C01406,2025-08,126245.37
C01406,2025-10,7527.01
C01406,2025-11,5207.67
C01406,2025-12,6629.53
C01407,2024-01,6760.13
C01407,2024-02,14459.42
C01407,2024-04,4314.55
C01407,2024-05,31255.899999999998
C01407,2024-06,13269.13
C01407,2024-08,1757.63
C01407,2024-09,55772.240000000005
C01407,2024-10,200.63
C01407,2024-11,1071.35
C01407,2024-12,5771.56
C01407,2025-01,15153.089999999998
C01407,2025-02,3670.08
C01407,2025-05,2422.24
C01407,2025-06,28383.21
C01407,2025-08,33762.92
C01407,2025-09,23959.940000000002
C01407,2025-10,2831.25
C01407,2025-11,55409.89
C01407,2025-12,7197.14
C01408,2024-01,8167.52
C01408,2024-02,48255.05
C01408,2024-03,6559.469999999999
C01408,2024-05,14245.33
C01408,2024-06,1494.6
C01408,2024-07,3902.13
C01408,2024-08,48331.81
C01408,2024-09,27737.06
C01408,2024-10,10710.96
C01408,2024-11,2626.66
C01408,2024-12,6823.95
C01408,2025-01,1457.25
C01408,2025-02,17565.97
C01408,2025-03,5300.12
C01408,2025-04,25940.5
C01408,2025-05,10571.300000000001
C01408,2025-06,19503.83
C01408,2025-07,2377.3599999999997
C01408,2025-08,7318.57
C01408,2025-09,41441.810000000005
C01408,2025-10,3698.1499999999996
C01408,2025-12,7704.28
C01409,2024-02,16736.61
C01409,2024-04,19690.82
C01409,2024-05,970.24
C01409,2024-06,20283.14
C01409,2024-07,7223.9
C01409,2024-09,32032.45
C01409,2024-10,4425.09
C01409,2024-11,1340.19
C01409,2024-12,1781.78
C01409,2025-01,3891.37
C01409,2025-02,15551.76
C01409,2025-03,6602.65
C01409,2025-05,488.37
C01409,2025-07,949.89
C01409,2025-08,7396.87
C01409,2025-09,80583.03
C01409,2025-10,13292.46
C01409,2025-12,1895.03
C01410,2024-01,882.18
C01410,2024-02,12605.66
C01410,2024-03,12425.93
C01410,2024-04,10101.300000000001
C01410,2024-05,9640.69
C01410,2024-06,4924.93
C01410,2024-07,499.24
C01410,2024-08,1745.35
C01410,2024-09,20659.649999999998
C01410,2024-10,27084.54
C01410,2024-11,16056.49
C01410,2024-12,2810.4
C01410,2025-02,7220.02
C01410,2025-03,12143.65
C01410,2025-05,5355.08
C01410,2025-06,14098.560000000001
C01410,2025-07,1374.41
C01410,2025-08,1044.84
C01410,2025-09,8562.18
C01410,2025-10,57823.61
C01410,2025-11,9095.28
C01410,2025-12,2807.72
C01411,2024-01,19263.930000000004
C01411,2024-03,21850.46
C01411,2024-04,45434.44
C01411,2024-05,23063.75
C01411,2024-06,11107.800000000001
C01411,2024-09,9083.36
C01411,2024-11,3827.89
C01411,2024-12,15261.21
C01411,2025-01,3690.08
C01411,2025-03,3537.25
C01411,2025-06,4199.88
C01411,2025-07,8543.15
C01411,2025-09,14779.92
C01411,2025-10,11125.09
C01411,2025-11,16187.64
C01411,2025-12,4635.73
C01412,2024-01,8594.45
C01412,2024-02,19905.170000000002
C01412,2024-03,10476.11
C01412,2024-06,14356.439999999999
C01412,2024-08,17632.28
C01412,2024-09,23606.69
C01412,2024-10,59422.45
C01412,2024-11,14890.32
C01412,2024-12,1725.67
C01412,2025-01,33700.92
C01412,2025-03,10722.37
C01412,2025-04,850.57
C01412,2025-05,2036.69
C01412,2025-06,20381.199999999997
C01412,2025-07,8124.16
C01412,2025-10,17812.48
C01413,2024-01,8012.209999999999
C01413,2024-02,880.23
C01413,2024-03,3800.3
C01413,2024-05,36035.560000000005
C01413,2024-06,4379.13
C01413,2024-08,33553.68
C01413,2024-09,859.47
C01413,2024-10,65242.299999999996
C01413,2025-01,1157.6
C01413,2025-04,9096.31
C01413,2025-05,35039.78
C01413,2025-06,2014.28
C01413,2025-07,6223.05
C01413,2025-08,6001.75
C01413,2025-09,77083.86
C01413,2025-10,1880.33
C01413,2025-12,37884.79
C01414,2024-01,3255.48
C01414,2024-03,7875.629999999999
C01414,2024-05,3528.68
C01414,2024-06,25325.62
C01414,2024-07,2381.7
C01414,2024-08,1244.97
C01414,2024-09,1005.77
C01414,2024-10,9601.63
C01414,2024-11,31069.98
C01414,2025-01,8627.810000000001
C01414,2025-02,7398.49
C01414,2025-03,36693.42
C01414,2025-04,33965.91
C01414,2025-07,25136.06
C01414,2025-08,34798.17
C01414,2025-09,6941.02
C01414,2025-10,30966.549999999996
C01414,2025-11,2070.63
C01415,2024-01,12416.140000000001
C01415,2024-02,2364.32
C01415,2024-03,20851.53
C01415,2024-04,17063.46
C01415,2024-05,3408.9300000000003
C01415,2024-06,2638.63
C01415,2024-07,17412.07
C01415,2024-08,2686.21
C01415,2024-09,3047.99
C01415,2024-10,8632.73
C01415,2024-12,2181.31
C01415,2025-01,19239.67
C01415,2025-02,27983.82
C01415,2025-03,3679.07
C01415,2025-04,5305.33
C01415,2025-05,7972.99
C01415,2025-06,3594.33
C01415,2025-08,19260.59
C01415,2025-09,3020.08
C01415,2025-11,13368.77
C01416,2024-01,1281.6
C01416,2024-03,20022.739999999998
C01416,2024-04,10817.34
C01416,2024-05,15044.300000000001
C01416,2024-07,23721.0
C01416,2024-08,2691.92
C01416,2024-09,11071.08
C01416,2024-10,5112.56
C01416,2024-11,60034.770000000004
C01416,2024-12,20158.51
C01416,2025-01,13452.050000000001
C01416,2025-04,7259.71
C01416,2025-06,33321.52
C01416,2025-07,2293.8
C01416,2025-09,3144.6
C01416,2025-10,11926.75
C01416,2025-12,5761.09
C01417,2024-02,14544.18
C01417,2024-03,22566.34
C01417,2024-04,5299.7
C01417,2024-05,3780.57
C01417,2024-06,2771.44
C01417,2024-07,53973.729999999996
C01417,2024-08,13858.26
C01417,2024-09,52257.24
C01417,2024-10,32209.55
C01417,2024-11,40888.729999999996
C01417,2024-12,4106.61
C01417,2025-01,15044.73
C01417,2025-02,2701.39
C01417,2025-03,1290.61
C01417,2025-04,2511.75
C01417,2025-05,11861.880000000001
C01417,2025-07,16085.789999999999
C01417,2025-09,9482.7
C01417,2025-10,7290.66
C01417,2025-11,35719.49
C01417,2025-12,9189.08
C01418,2024-03,11748.61
C01418,2024-04,2700.23
C01418,2024-07,663.77
C01418,2024-08,26842.68
C01418,2024-11,11340.48
C01418,2025-01,2873.1299999999997
C01418,2025-02,1156.3
C01418,2025-04,6937.75
C01418,2025-05,1645.19
C01418,2025-06,17225.33
C01418,2025-07,8957.7
C01418,2025-08,10187.13
C01418,2025-10,23560.36
C01418,2025-12,828.74
C01419,2024-01,14660.2
C01419,2024-02,25731.100000000002
C01419,2024-03,2565.34
C01419,2024-05,7672.33
C01419,2024-07,3073.44
C01419,2024-08,1225.24
C01419,2024-09,9229.98
C01419,2024-10,10282.95
C01419,2024-11,13606.4
C01419,2024-12,10890.81
C01419,2025-02,28931.229999999996
C01419,2025-03,23617.62
C01419,2025-04,5841.75
C01419,2025-05,1650.79
C01419,2025-06,32832.31
C01419,2025-07,10756.27
C01419,2025-08,7721.91
C01419,2025-09,17623.58
C01419,2025-10,5286.34
C01419,2025-11,17556.2
C01419,2025-12,12917.34
C01420,2024-01,3809.16
C01420,2024-02,19856.5
C01420,2024-04,4647.049999999999
C01420,2024-06,1639.05
C01420,2024-09,1875.41
C01420,2024-10,4006.79
C01420,2024-11,1067.98
C01420,2024-12,2880.5299999999997
C01420,2025-01,38552.88
C01420,2025-02,25116.570000000003
C01420,2025-03,26945.15
C01420,2025-05,1445.87
C01420,2025-06,3882.08
C01420,2025-07,85496.53
C01420,2025-08,7169.009999999999
C01420,2025-09,4257.9
C01420,2025-10,3681.55
C01420,2025-12,36675.86
C01421,2024-02,17743.73
C01421,2024-04,48529.89
C01421,2024-05,32822.3
C01421,2024-06,19022.3
C01421,2024-07,3979.3199999999997
C01421,2024-08,6908.950000000001
C01421,2024-09,669.93
C01421,2024-10,20849.65
C01421,2024-11,64339.09
C01421,2024-12,93950.93
C01421,2025-02,539.98
C01421,2025-04,8064.65
C01421,2025-06,13852.809999999998
C01421,2025-07,10749.27
C01421,2025-08,14609.09
C01421,2025-09,2295.58
C01421,2025-10,101932.36
C01421,2025-12,2090.17
C01422,2024-01,17517.59
C01422,2024-02,3437.19
C01422,2024-03,3882.92
C01422,2024-04,31248.33
C01422,2024-06,2483.04
C01422,2024-07,18765.71
C01422,2024-08,53490.67
C01422,2024-09,34520.14
C01422,2024-10,23884.08
C01422,2024-11,19601.18
C01422,2024-12,29163.84
C01422,2025-01,20103.9
C01422,2025-02,19411.33
C01422,2025-04,14000.68
C01422,2025-06,3618.37
C01422,2025-07,7102.51
C01422,2025-08,26040.94
C01422,2025-09,38463.32
C01422,2025-10,29049.64
C01422,2025-11,37062.07
C01422,2025-12,1213.71
C01423,2024-01,16252.0
C01423,2024-02,1687.08
C01423,2024-03,7829.91
C01423,2024-04,67762.2
C01423,2024-05,16645.829999999998
C01423,2024-06,3040.11
C01423,2024-08,9113.529999999999
C01423,2024-10,9045.43
C01423,2024-12,12686.94
C01423,2025-02,63763.1
C01423,2025-03,578.76
C01423,2025-04,107749.27
C01423,2025-05,17675.11
C01423,2025-06,26843.61
C01423,2025-09,4222.23
C01423,2025-10,1806.59
C01423,2025-11,1671.15
C01423,2025-12,9739.1
C01424,2024-01,6907.65
C01424,2024-04,1373.37
C01424,2024-06,49831.06
C01424,2024-07,5995.59
C01424,2024-09,42459.05
C01424,2024-10,7446.84
C01424,2024-11,4466.62
C01424,2024-12,5145.76
C01424,2025-01,2511.8199999999997
C01424,2025-02,6110.85
C01424,2025-04,2320.4
C01424,2025-05,2430.66
C01424,2025-07,18002.28
C01424,2025-08,3444.9
C01424,2025-09,581.5699999999999
C01424,2025-11,3219.1099999999997
C01425,2024-01,68855.81
C01425,2024-02,5049.37
C01425,2024-03,13174.45
C01425,2024-05,2030.44
C01425,2024-06,3480.3999999999996
C01425,2024-07,58624.83
C01425,2024-08,17922.27
C01425,2024-10,37437.18
C01425,2024-11,4037.96
C01425,2024-12,17808.77
C01425,2025-01,10141.15
C01425,2025-02,50427.09
C01425,2025-03,7011.4
C01425,2025-04,6846.6
C01425,2025-05,2055.79
C01425,2025-06,1176.48
C01425,2025-09,51946.18
C01425,2025-10,30241.12
C01425,2025-11,4432.46
C01425,2025-12,762.97
C01426,2024-01,8989.710000000001
C01426,2024-02,33031.82
C01426,2024-03,53710.67
C01426,2024-05,10482.67
C01426,2024-06,697.68
C01426,2024-08,37452.7
C01426,2024-09,10831.449999999999
C01426,2024-10,74329.22
C01426,2024-12,11003.19
C01426,2025-02,41811.82
C01426,2025-03,13978.96
C01426,2025-04,32507.22
C01426,2025-05,7645.25
C01426,2025-07,7538.17
C01426,2025-08,12335.06
C01426,2025-09,12471.37
C01426,2025-10,12333.69
C01426,2025-11,12784.07
C01426,2025-12,16487.420000000002
C01427,2024-01,15443.71
C01427,2024-03,7773.8099999999995
C01427,2024-04,93028.12
C01427,2024-05,5558.64
C01427,2024-06,59401.149999999994
C01427,2024-08,14188.64
C01427,2024-09,4057.29
C01427,2025-01,30540.71
C01427,2025-02,33469.32
C01427,2025-04,4563.63
C01427,2025-05,2452.95
C01427,2025-06,5014.76
C01427,2025-07,2590.97
C01427,2025-08,2939.59
C01427,2025-09,3805.2299999999996
C01427,2025-10,71323.38
C01427,2025-11,28668.44
C01428,2024-01,16154.76
C01428,2024-02,16782.99
C01428,2024-03,7518.79
C01428,2024-04,69954.82
C01428,2024-05,24648.65
C01428,2024-06,3619.39
C01428,2024-07,26122.6
C01428,2024-09,1505.06
C01428,2024-10,17594.91
C01428,2024-11,2017.57
C01428,2025-03,18036.579999999998
C01428,2025-05,11592.75
C01428,2025-06,2662.38
C01428,2025-07,11116.45
C01428,2025-08,19888.19
C01428,2025-10,7208.28
C01428,2025-11,5150.65
C01428,2025-12,46902.66
C01429,2024-01,14849.210000000001
C01429,2024-02,16284.16
C01429,2024-03,10754.58
C01429,2024-04,11877.09
C01429,2024-05,17862.23
C01429,2024-06,17411.41
C01429,2024-07,21254.85
C01429,2024-08,869.54
C01429,2024-09,1547.44
C01429,2024-10,26529.67
C01429,2024-11,24535.44
C01429,2024-12,6545.96
C01429,2025-01,89454.83
C01429,2025-02,21153.66
C01429,2025-04,6543.84
C01429,2025-05,15268.27
C01429,2025-06,1214.84
C01429,2025-07,9288.83
C01429,2025-10,4406.64
C01429,2025-11,2966.07
C01429,2025-12,11513.6
C01430,2024-01,3057.1
C01430,2024-03,18082.989999999998
C01430,2024-06,5457.95
C01430,2024-08,14716.38
C01430,2024-09,922.69
C01430,2024-11,56605.2
C01430,2024-12,15085.45
C01430,2025-01,19010.99
C01430,2025-02,9316.66
C01430,2025-03,62160.130000000005
C01430,2025-04,32140.59
C01430,2025-05,16720.37
C01430,2025-06,42438.23
C01430,2025-09,13036.87
C01430,2025-10,3984.83
C01430,2025-11,6912.24
C01430,2025-12,1052.59
C01431,2024-01,11349.43
C01431,2024-02,13550.87
C01431,2024-03,61771.02
C01431,2024-04,11332.82
C01431,2024-05,18889.94
C01431,2024-06,5078.98
C01431,2024-07,30738.82
C01431,2024-09,21427.65
C01431,2024-10,903.27
C01431,2024-11,16558.24
C01431,2024-12,3402.88
C01431,2025-01,5590.860000000001
C01431,2025-03,16572.05
C01431,2025-04,14020.91
C01431,2025-07,11913.61
C01431,2025-08,29814.260000000002
C01431,2025-09,19478.14
C01431,2025-11,12366.9
C01432,2024-01,11509.59
C01432,2024-02,34290.95
C01432,2024-03,6707.82
C01432,2024-05,1027.6
C01432,2024-06,21749.06
C01432,2024-07,8191.58
C01432,2024-09,7560.46
C01432,2024-10,35932.17
C01432,2024-11,5942.860000000001
C01432,2024-12,12323.17
C01432,2025-01,23298.29
C01432,2025-02,27139.29
C01432,2025-03,3349.13
C01432,2025-05,7917.84
C01432,2025-06,63931.21000000001
C01432,2025-07,38895.409999999996
C01432,2025-08,1503.34
C01432,2025-09,8642.97
C01432,2025-10,11520.76
C01432,2025-12,7794.1
C01433,2024-02,8528.36
C01433,2024-03,10597.39
C01433,2024-04,14730.539999999999
C01433,2024-05,48002.46
C01433,2024-06,8108.07
C01433,2024-07,6711.99
C01433,2024-09,3982.04
C01433,2024-10,7826.97
C01433,2024-12,3942.13
C01433,2025-01,52694.45
C01433,2025-02,976.1
C01433,2025-03,4101.08
C01433,2025-04,2544.86
C01433,2025-05,3063.35
C01433,2025-06,9431.99
C01433,2025-07,9358.630000000001
C01433,2025-08,65557.78
C01433,2025-09,4115.68
C01433,2025-10,16186.51
C01433,2025-11,58028.96000000001
C01433,2025-12,40486.47
C01434,2024-01,17945.55
C01434,2024-03,3333.27
C01434,2024-06,13916.08
C01434,2024-07,5752.99
C01434,2024-09,11040.1
C01434,2024-10,82692.17
C01434,2024-11,2790.58
C01434,2024-12,6482.22
C01434,2025-02,94936.8
C01434,2025-03,15481.69
C01434,2025-06,16222.06
C01434,2025-07,19017.309999999998
C01434,2025-08,30434.02
C01434,2025-09,56308.22
C01434,2025-10,4555.91
C01434,2025-11,3447.66
C01435,2024-01,53529.75
C01435,2024-02,2900.67
C01435,2024-03,43981.17999999999
C01435,2024-05,8176.389999999999
C01435,2024-07,2278.52
C01435,2024-08,1208.75
C01435,2024-12,10076.54
C01435,2025-01,11202.54
C01435,2025-02,25680.23
C01435,2025-03,3538.82
C01435,2025-04,4292.89
C01435,2025-05,21314.21
C01435,2025-06,4142.05
C01435,2025-07,23446.29
C01435,2025-09,82668.67
C01435,2025-10,34457.05
C01436,2024-01,4317.98
C01436,2024-04,1316.5
C01436,2024-05,8625.63
C01436,2024-06,2149.11
C01436,2024-07,25222.78
C01436,2024-08,2236.63
C01436,2024-09,33432.79
C01436,2024-11,6010.58
C01436,2024-12,11366.5
C01436,2025-01,3525.7
C01436,2025-02,38224.950000000004
C01436,2025-03,4248.66
C01436,2025-04,23028.06
C01436,2025-05,76135.97
C01436,2025-06,23768.92
C01436,2025-07,16172.119999999999
C01436,2025-08,4226.19
C01436,2025-09,2969.38
C01436,2025-10,17921.32
C01436,2025-11,18384.59
C01437,2024-01,20660.390000000003
C01437,2024-02,18747.9
C01437,2024-03,1787.04
C01437,2024-05,17502.22
C01437,2024-06,2979.46
C01437,2024-07,3086.44
C01437,2024-08,35938.76
C01437,2024-10,2499.22
C01437,2024-12,1592.27
C01437,2025-01,2205.18
C01437,2025-02,15020.73
C01437,2025-05,2165.76
C01437,2025-06,20419.86
C01437,2025-07,4670.0599999999995
C01437,2025-08,13598.62
C01437,2025-09,7011.04
C01437,2025-11,12470.91
C01437,2025-12,65280.600000000006
C01438,2024-01,7432.75
C01438,2024-03,6199.24
C01438,2024-04,26338.91
C01438,2024-05,39631.89
C01438,2024-06,7141.960000000001
C01438,2024-07,1746.85
C01438,2024-08,6155.3
C01438,2024-09,31072.54
C01438,2024-11,11877.11
C01438,2024-12,14565.7
C01438,2025-01,9862.76
C01438,2025-02,40595.04
C01438,2025-03,12066.89
C01438,2025-04,2453.63
C01438,2025-05,32324.79
C01438,2025-06,1507.98
C01438,2025-07,45202.869999999995
C01438,2025-08,46455.979999999996
C01438,2025-10,922.06
C01438,2025-11,5332.22
C01439,2024-01,14332.25
C01439,2024-03,41819.89
C01439,2024-04,1817.79
C01439,2024-05,2726.53
C01439,2024-06,23275.31
C01439,2024-09,2210.54
C01439,2024-11,37297.759999999995
C01439,2025-02,38368.05
C01439,2025-03,3475.94
C01439,2025-04,10142.119999999999
C01439,2025-05,28850.51
C01439,2025-06,3340.51
C01439,2025-07,4528.05
C01439,2025-08,68425.33
C01439,2025-09,22123.02
C01439,2025-12,3712.55
C01440,2024-01,2251.16
C01440,2024-02,7141.84
C01440,2024-03,901.01
C01440,2024-06,27150.16
C01440,2024-07,7920.379999999999
C01440,2024-08,52320.97
C01440,2024-10,40638.71
C01440,2024-11,13499.57
C01440,2024-12,2556.25
C01440,2025-01,5926.47
C01440,2025-02,2534.91
C01440,2025-05,4208.36
C01440,2025-06,3454.57
C01440,2025-07,8258.19
C01440,2025-09,14716.529999999999
C01440,2025-10,4697.6900000000005
C01441,2024-01,11920.0
C01441,2024-02,2084.08
C01441,2024-04,42045.87
C01441,2024-05,11042.63
C01441,2024-08,3553.95
C01441,2024-09,13416.19
C01441,2024-10,1911.76
C01441,2024-12,38064.71000000001
C01441,2025-05,26825.98
C01441,2025-07,4107.44
C01441,2025-08,3187.71
C01441,2025-09,18173.96
C01442,2024-01,1286.33
C01442,2024-03,69713.52
C01442,2024-04,2143.88
C01442,2024-06,3911.45
C01442,2024-07,4268.72
C01442,2024-08,38347.74
C01442,2024-09,23794.71
C01442,2024-10,6752.75
C01442,2024-11,14186.28
C01442,2024-12,24208.88
C01442,2025-01,23621.74
C01442,2025-02,1958.59
C01442,2025-03,75601.86
C01442,2025-04,20698.62
C01442,2025-05,1851.03
C01442,2025-06,56177.3
C01442,2025-08,12717.33
C01442,2025-09,7052.88
C01442,2025-10,2821.89
C01442,2025-12,21016.19
C01443,2024-01,12982.85
C01443,2024-02,1766.52
C01443,2024-03,12359.13
C01443,2024-04,18711.59
C01443,2024-06,1694.27
C01443,2024-07,3581.5299999999997
C01443,2024-08,2086.85
C01443,2024-09,16019.29
C01443,2024-10,14227.69
C01443,2024-11,3824.28
C01443,2024-12,8837.699999999999
C01443,2025-01,1676.14
C01443,2025-02,37153.78
C01443,2025-03,4267.76
C01443,2025-04,1335.31
C01443,2025-07,3628.42
C01443,2025-08,1904.19
C01443,2025-09,12987.800000000001
C01443,2025-10,5744.65
C01443,2025-11,7487.61
C01443,2025-12,10459.94
C01444,2024-01,34555.17
C01444,2024-02,6751.58
C01444,2024-03,39012.44
C01444,2024-04,7457.450000000001
C01444,2024-05,31238.620000000003
C01444,2024-06,2553.39
C01444,2024-07,2360.37
C01444,2024-08,79791.59
C01444,2024-09,25291.05
C01444,2024-10,20527.800000000003
C01444,2025-02,1871.75
C01444,2025-03,1042.94
C01444,2025-04,1397.31
C01444,2025-05,5307.01
C01444,2025-06,1528.9099999999999
C01444,2025-07,12069.49
C01444,2025-09,24235.77
C01444,2025-11,1062.35
C01444,2025-12,11435.33
C01445,2024-01,39467.130000000005
C01445,2024-02,31000.72
C01445,2024-03,7827.29
C01445,2024-05,2657.58
C01445,2024-06,22818.55
C01445,2024-07,22274.32
C01445,2024-10,7852.58
C01445,2024-12,660.86
C01445,2025-01,2333.23
C01445,2025-02,14981.74
C01445,2025-03,8099.990000000001
C01445,2025-04,9355.19
C01445,2025-05,2938.38
C01445,2025-06,22280.47
C01445,2025-07,13903.74
C01445,2025-08,2327.08
C01445,2025-09,707.89
C01445,2025-10,8353.77
C01445,2025-12,2628.5
C01446,2024-02,42359.439999999995
C01446,2024-03,2394.06
C01446,2024-04,19578.03
C01446,2024-05,8583.0
C01446,2024-06,11690.13
C01446,2024-07,32806.47
C01446,2024-08,2682.36
C01446,2024-09,6257.55
C01446,2024-10,28151.54
C01446,2024-11,11903.06
C01446,2024-12,5884.63
C01446,2025-01,4081.12
C01446,2025-02,3760.37
C01446,2025-03,10900.01
C01446,2025-04,11102.88
C01446,2025-06,3795.56
C01446,2025-07,2152.66
C01446,2025-08,19014.73
C01446,2025-10,35859.76
C01446,2025-11,1293.66
C01446,2025-12,5912.08
C01447,2024-01,7170.1
C01447,2024-02,35957.33
C01447,2024-03,23885.579999999998
C01447,2024-04,1897.02
C01447,2024-05,6163.9400000000005
C01447,2024-06,3340.26
C01447,2024-08,2695.65
C01447,2024-09,3012.33
C01447,2024-10,6760.71
C01447,2024-11,6688.69
C01447,2024-12,2406.39
C01447,2025-01,8891.45
C01447,2025-02,903.56
C01447,2025-03,52566.7
C01447,2025-04,32207.59
C01447,2025-05,10304.67
C01447,2025-07,14906.71
C01447,2025-08,8897.38
C01447,2025-09,16432.030000000002
C01447,2025-10,703.53
C01447,2025-12,1234.84
C01448,2024-01,940.61
C01448,2024-03,3098.1499999999996
C01448,2024-05,15502.0
C01448,2024-06,4602.59
C01448,2024-07,1326.84
C01448,2024-08,12051.09
C01448,2024-09,49139.34
C01448,2024-10,6976.14
C01448,2024-11,39841.41
C01448,2025-01,21430.49
C01448,2025-02,15527.24
C01448,2025-04,1900.76
C01448,2025-05,33057.01
C01448,2025-06,17443.5
C01448,2025-07,21304.44
C01448,2025-08,15126.9
C01448,2025-09,9303.22
C01448,2025-10,1161.83
C01448,2025-11,2995.24
C01449,2024-02,4642.21
C01449,2024-03,52197.8
C01449,2024-04,18504.39
C01449,2024-05,30826.65
C01449,2024-08,38845.33
C01449,2024-09,21362.06
C01449,2024-12,19367.2
C01449,2025-01,70317.66
C01449,2025-02,8528.44
C01449,2025-04,2962.11
C01449,2025-05,1833.75
C01449,2025-06,30704.510000000002
C01449,2025-08,36306.78999999999
C01449,2025-09,14780.74
C01449,2025-10,28227.809999999998
C01449,2025-11,22506.98
C01449,2025-12,24157.9
C01450,2024-01,13374.93
C01450,2024-02,6550.07
C01450,2024-03,1703.5
C01450,2024-04,30813.01
C01450,2024-05,2357.56
C01450,2024-06,3474.66
C01450,2024-07,32456.37
C01450,2024-08,5396.89
C01450,2024-09,1937.83
C01450,2024-10,48220.41
C01450,2024-12,7568.15
C01450,2025-01,2108.5
C01450,2025-03,60401.770000000004
C01450,2025-04,2329.18
C01450,2025-06,14977.029999999999
C01450,2025-07,2651.2599999999998
C01450,2025-08,14837.97
C01450,2025-09,24057.98
C01450,2025-10,13287.69
C01450,2025-12,39561.79
C01451,2024-01,21828.45
C01451,2024-02,5156.57
C01451,2024-03,1129.26
C01451,2024-04,1651.26
C01451,2024-05,10072.78
C01451,2024-06,29490.78
C01451,2024-08,7526.179999999999
C01451,2024-09,32019.22
C01451,2024-10,11733.57
C01451,2024-11,23217.05
C01451,2025-02,2428.78
C01451,2025-04,7726.19
C01451,2025-05,9095.01
C01451,2025-06,41440.41
C01451,2025-08,3614.07
C01451,2025-09,810.89
C01451,2025-10,6877.679999999999
C01452,2024-05,10437.16
C01452,2024-06,7643.32
C01452,2024-07,16233.68
C01452,2024-08,21285.07
C01452,2024-10,2507.18
C01452,2025-01,3770.24
C01452,2025-02,1592.49
C01452,2025-03,20261.5
C01452,2025-04,2009.66
C01452,2025-06,17970.0
C01452,2025-07,49288.409999999996
C01452,2025-08,13869.199999999999
C01452,2025-09,8386.07
C01452,2025-11,750.11
C01453,2024-02,450.95
C01453,2024-03,7324.15
C01453,2024-04,44773.57
C01453,2024-05,13737.78
C01453,2024-06,32999.54
C01453,2024-07,2030.03
C01453,2024-08,17288.190000000002
C01453,2024-09,2396.29
C01453,2024-10,6556.92
C01453,2024-12,11680.3
C01453,2025-01,6818.289999999999
C01453,2025-03,1391.43
C01453,2025-04,2673.73
C01453,2025-08,1875.15
C01453,2025-10,11617.21
C01453,2025-11,1123.51
C01454,2024-01,2261.43
C01454,2024-03,8253.91
C01454,2024-05,1563.3
C01454,2024-06,22159.21
C01454,2024-08,79507.62
C01454,2024-09,15891.5
C01454,2024-11,9596.25
C01454,2024-12,17064.76
C01454,2025-01,6060.5
C01454,2025-02,36899.770000000004
C01454,2025-03,13593.14
C01454,2025-04,7997.73
C01454,2025-05,3129.6
C01454,2025-06,7279.53
C01454,2025-07,5630.0
C01454,2025-08,97622.56
C01454,2025-09,11051.29
C01454,2025-10,37521.94
C01454,2025-11,34415.25
C01454,2025-12,2597.87
C01455,2024-01,7278.75
C01455,2024-02,16627.91
C01455,2024-03,7885.14
C01455,2024-04,6089.72
C01455,2024-05,69768.12
C01455,2024-06,24919.07
C01455,2024-07,83255.65
C01455,2024-08,2433.57
C01455,2024-10,38746.01
C01455,2024-11,19024.0
C01455,2024-12,3511.25
C01455,2025-01,48777.54
C01455,2025-02,32254.920000000002
C01455,2025-03,52225.22
C01455,2025-04,26371.05
C01455,2025-06,1742.95
C01455,2025-07,34406.34
C01455,2025-08,13618.82
C01455,2025-12,8524.4
C01456,2024-02,2546.85
C01456,2024-03,4412.26
C01456,2024-04,32177.809999999998
C01456,2024-05,51691.5
C01456,2024-07,6162.07
C01456,2024-08,8129.83
C01456,2024-09,3136.53
C01456,2024-10,18252.23
C01456,2024-11,54924.82
C01456,2024-12,4927.88
C01456,2025-01,31219.24
C01456,2025-03,1308.26
C01456,2025-04,2609.27
C01456,2025-06,2754.32
C01456,2025-07,5201.24
C01456,2025-09,44472.75
C01456,2025-10,99157.39
C01456,2025-11,892.02
C01456,2025-12,1981.38
C01457,2024-04,551.43
C01457,2024-07,2191.09
C01457,2024-08,7490.400000000001
C01457,2024-09,46786.21000000001
C01457,2024-10,5367.889999999999
C01457,2024-11,1638.23
C01457,2024-12,9925.07
C01457,2025-02,10690.3
C01457,2025-03,11190.56
C01457,2025-04,11044.38
C01457,2025-05,5366.719999999999
C01457,2025-07,1406.41
C01457,2025-08,1973.33
C01457,2025-09,2110.94
C01457,2025-11,4811.11
C01458,2024-01,5529.58
C01458,2024-04,570.58
C01458,2024-05,39649.2
C01458,2024-07,18914.71
C01458,2024-10,4337.0
C01458,2024-11,5762.09
C01458,2024-12,11453.47
C01458,2025-01,14348.88
C01458,2025-02,32153.199999999997
C01458,2025-03,1264.17
C01458,2025-04,5040.48
C01458,2025-05,57855.02
C01458,2025-06,16212.01
C01458,2025-07,4867.81
C01458,2025-08,4365.04
C01458,2025-09,1357.67
C01458,2025-10,1912.39
C01458,2025-11,1043.99
C01458,2025-12,1419.2
C01459,2024-01,23238.489999999998
C01459,2024-04,53837.79
C01459,2024-05,1836.57
C01459,2024-07,2680.02
C01459,2024-08,1570.26
C01459,2024-10,53015.56
C01459,2024-11,5558.97
C01459,2024-12,2224.07
C01459,2025-01,2275.38
C01459,2025-03,10234.33
C01459,2025-04,1822.79
C01459,2025-05,40014.57
C01459,2025-06,11452.04
C01459,2025-07,4572.1
C01459,2025-09,56014.88
C01459,2025-11,37924.29
C01460,2024-01,6383.92
C01460,2024-03,21728.16
C01460,2024-04,2624.58
C01460,2024-05,8789.810000000001
C01460,2024-06,6299.08
C01460,2024-07,106331.4
C01460,2024-08,1463.45
C01460,2024-10,14584.859999999999
C01460,2024-12,1912.52
C01460,2025-01,2032.9
C01460,2025-02,68608.37
C01460,2025-03,53232.41
C01460,2025-04,13948.52
C01460,2025-05,4052.58
C01460,2025-06,23745.09
C01460,2025-07,10325.0
C01460,2025-09,13284.65
C01460,2025-10,13734.62
C01460,2025-11,12791.0
C01460,2025-12,43555.51
C01461,2024-01,1055.92
C01461,2024-02,2787.36
C01461,2024-03,14342.26
C01461,2024-04,5581.27
C01461,2024-05,11382.619999999999
C01461,2024-06,4475.74
C01461,2024-07,16475.94
C01461,2024-08,30821.28
C01461,2024-09,13285.14
C01461,2024-10,44687.14
C01461,2024-11,13244.12
C01461,2024-12,37948.869999999995
C01461,2025-02,74569.5
C01461,2025-04,36052.219999999994
C01461,2025-05,12652.96
C01461,2025-07,8928.12
C01461,2025-08,72924.72
C01461,2025-09,2843.12
C01461,2025-11,2086.16
C01462,2024-01,10107.47
C01462,2024-02,1959.12
C01462,2024-03,16026.4
C01462,2024-05,110707.51000000001
C01462,2024-06,31597.18
C01462,2024-07,45130.56
C01462,2024-08,2879.04
C01462,2024-09,18415.38
C01462,2024-11,21715.260000000002
C01462,2024-12,45376.46
C01462,2025-03,26592.48
C01462,2025-04,7286.99
C01462,2025-06,882.55
C01462,2025-07,5487.43
C01462,2025-08,8697.82
C01462,2025-09,33144.53
C01462,2025-10,15000.52
C01462,2025-11,11505.06
C01463,2024-01,38841.27
C01463,2024-03,1400.9
C01463,2024-04,33205.95
C01463,2024-05,40222.92
C01463,2024-06,19233.039999999997
C01463,2024-07,7557.6
C01463,2024-08,4305.29
C01463,2024-09,4991.51
C01463,2024-10,2632.58
C01463,2024-11,17841.03
C01463,2024-12,75582.88
C01463,2025-01,11151.07
C01463,2025-02,27349.420000000002
C01463,2025-03,973.97
C01463,2025-05,32011.98
C01463,2025-06,35465.78
C01463,2025-07,16002.12
C01463,2025-08,74799.88
C01463,2025-09,3794.99
C01463,2025-10,29655.0
C01463,2025-11,17922.02
C01464,2024-01,16435.559999999998
C01464,2024-02,5806.33
C01464,2024-03,17821.06
C01464,2024-05,14394.99
C01464,2024-06,1229.47
C01464,2024-07,1976.59
C01464,2024-08,18362.31
C01464,2024-10,40491.43
C01464,2024-11,57538.969999999994
C01464,2025-01,22640.210000000003
C01464,2025-02,5302.7
C01464,2025-03,11673.89
C01464,2025-04,16048.05
C01464,2025-06,1520.24
C01464,2025-07,17095.98
C01464,2025-08,30142.43
C01464,2025-09,7599.52
C01464,2025-11,17493.72
C01464,2025-12,5472.86
C01465,2024-01,11441.62
C01465,2024-02,60889.14
C01465,2024-03,57651.119999999995
C01465,2024-06,3882.75
C01465,2024-08,2128.26
C01465,2024-09,359.23
C01465,2024-10,1686.58
C01465,2024-11,5944.08
C01465,2024-12,6464.94
C01465,2025-01,18669.3
C01465,2025-03,25821.22
C01465,2025-04,16572.62
C01465,2025-05,24399.32
C01465,2025-07,13379.65
C01465,2025-09,10324.14
C01465,2025-10,2681.67
C01465,2025-11,4086.31
C01466,2024-01,15498.72
C01466,2024-02,2611.98
C01466,2024-03,2499.86
C01466,2024-04,8124.33
C01466,2024-07,17289.96
C01466,2024-08,1670.77
C01466,2024-09,8709.2
C01466,2024-10,20872.59
C01466,2024-11,1321.02
C01466,2024-12,6449.96
C01466,2025-03,18118.32
C01466,2025-04,1240.51
C01466,2025-05,61235.880000000005
C01466,2025-06,2276.16
C01466,2025-07,59686.19
C01466,2025-08,2834.86
C01466,2025-09,31146.78
C01466,2025-10,641.96
C01466,2025-12,2232.28
C01467,2024-02,2845.68
C01467,2024-04,2060.43
C01467,2024-06,53456.270000000004
C01467,2024-07,3749.19
C01467,2024-09,12988.1
C01467,2024-10,7260.889999999999
C01467,2024-11,8360.13
C01467,2025-01,19202.84
C01467,2025-02,1039.85
C01467,2025-03,13951.84
C01467,2025-04,3653.45
C01467,2025-05,17714.09
C01467,2025-06,40750.45
C01467,2025-07,81129.46
C01467,2025-08,7643.8099999999995
C01467,2025-10,10498.08
C01467,2025-11,49855.75
C01468,2024-01,10422.73
C01468,2024-03,27342.76
C01468,2024-05,15347.2
C01468,2024-08,5884.62
C01468,2024-09,9550.78
C01468,2024-10,8884.81
C01468,2024-11,2235.35
C01468,2024-12,34681.04
C01468,2025-01,7134.48
C01468,2025-02,31632.59
C01468,2025-03,2454.28
C01468,2025-04,2435.49
C01468,2025-05,20534.55
C01468,2025-06,2937.28
C01468,2025-08,22754.86
C01468,2025-10,31867.4
C01468,2025-11,2424.23
C01469,2024-01,56493.6
C01469,2024-03,9271.2
C01469,2024-04,9848.98
C01469,2024-05,18089.4
C01469,2024-06,2320.64
C01469,2024-07,76750.33
C01469,2024-08,3716.19
C01469,2024-10,30335.37
C01469,2024-11,66021.83
C01469,2024-12,26629.89
C01469,2025-01,9348.35
C01469,2025-02,39590.96
C01469,2025-03,69561.18
C01469,2025-04,3712.88
C01469,2025-05,32371.09
C01469,2025-06,2409.95
C01469,2025-07,4091.33
C01469,2025-08,31435.29
C01469,2025-09,47378.36
C01469,2025-10,41482.62
C01469,2025-11,1137.29
C01469,2025-12,2420.08
C01470,2024-01,22075.58
C01470,2024-03,3159.24
C01470,2024-04,2571.45
C01470,2024-05,7026.6900000000005
C01470,2024-07,3225.9
C01470,2024-08,18589.440000000002
C01470,2024-09,30408.97
C01470,2024-10,64288.07
C01470,2024-11,27711.34
C01470,2024-12,8041.02
C01470,2025-02,2331.36
C01470,2025-03,73844.92
C01470,2025-05,10392.39
C01470,2025-06,10666.51
C01470,2025-07,9293.6
C01470,2025-08,892.0799999999999
C01470,2025-09,8053.98
C01470,2025-10,2469.46
C01470,2025-12,21645.35
C01471,2024-01,28307.19
C01471,2024-02,8001.09
C01471,2024-03,42415.68
C01471,2024-04,2384.85
C01471,2024-05,343.03
C01471,2024-06,7902.33
C01471,2024-07,19938.23
C01471,2024-08,40800.24
C01471,2024-09,24090.6
C01471,2024-10,4078.3200000000006
C01471,2024-11,63972.85
C01471,2024-12,13709.89
C01471,2025-01,575.92
C01471,2025-03,59114.64
C01471,2025-04,2098.3
C01471,2025-06,59124.26
C01471,2025-07,1123.51
C01471,2025-08,7842.12
C01471,2025-09,4817.860000000001
C01471,2025-10,11959.94
C01471,2025-11,52934.18
C01471,2025-12,42451.07
C01472,2024-02,44220.79
C01472,2024-03,6068.27
C01472,2024-05,32401.11
C01472,2024-06,23966.36
C01472,2024-08,29826.67
C01472,2024-09,3506.75
C01472,2024-10,34886.21
C01472,2024-11,38859.99
C01472,2024-12,21264.55
C01472,2025-03,17387.760000000002
C01472,2025-06,678.6
C01472,2025-07,16775.12
C01472,2025-08,13778.99
C01472,2025-09,23110.32
C01472,2025-10,2319.62
C01472,2025-11,8745.9
C01472,2025-12,10843.22
C01473,2024-01,15271.87
C01473,2024-02,21057.54
C01473,2024-04,60678.01
C01473,2024-06,64171.89
C01473,2024-08,14904.69
C01473,2024-09,7559.79
C01473,2024-10,13828.99
C01473,2024-11,6588.11
C01473,2024-12,22151.72
C01473,2025-02,17815.04
C01473,2025-03,999.61
C01473,2025-05,11508.76
C01473,2025-06,9566.619999999999
C01473,2025-07,4865.650000000001
C01473,2025-08,7359.82
C01473,2025-09,14641.68
C01473,2025-11,35256.6
C01473,2025-12,13654.279999999999
C01474,2024-01,28066.879999999997
C01474,2024-03,14807.31
C01474,2024-04,5056.15
C01474,2024-05,50932.369999999995
C01474,2024-06,34577.93
C01474,2024-08,6633.0
C01474,2024-09,2888.77
C01474,2024-10,8272.85
C01474,2024-11,4854.57
C01474,2025-01,3602.36
C01474,2025-03,36853.97
C01474,2025-04,1435.76
C01474,2025-05,18099.71
C01474,2025-08,1003.07
C01474,2025-12,18019.62
C01475,2024-01,39916.62
C01475,2024-02,1355.93
C01475,2024-03,25579.039999999997
C01475,2024-04,124484.52
C01475,2024-05,56792.15
C01475,2024-06,37645.77
C01475,2024-08,1924.35
C01475,2024-09,1927.3
C01475,2024-10,61153.65
C01475,2024-11,3709.83
C01475,2024-12,2059.26
C01475,2025-01,19445.18
C01475,2025-02,2758.88
C01475,2025-03,4724.93
C01475,2025-04,11412.52
C01475,2025-05,1684.33
C01475,2025-06,9515.38
C01475,2025-07,25458.1
C01475,2025-09,6409.04
C01475,2025-10,32396.15
C01475,2025-11,3572.98
C01475,2025-12,23396.980000000003
C01476,2024-01,51879.38
C01476,2024-02,11434.67
C01476,2024-03,1618.63
C01476,2024-04,5760.16
C01476,2024-05,19858.49
C01476,2024-07,38021.049999999996
C01476,2024-08,31592.58
C01476,2024-09,1993.25
C01476,2024-10,14497.91
C01476,2024-11,10269.0
C01476,2024-12,5564.51
C01476,2025-01,10388.07
C01476,2025-02,19161.97
C01476,2025-05,14725.130000000001
C01476,2025-06,11567.89
C01476,2025-07,4688.54
C01476,2025-08,4234.01
C01476,2025-09,49324.520000000004
C01476,2025-10,871.4
C01476,2025-11,5916.28
C01476,2025-12,6558.45
C01477,2024-01,18233.92
C01477,2024-03,24194.82
C01477,2024-04,24346.6
C01477,2024-07,81583.78
C01477,2024-09,11868.79
C01477,2024-10,12218.36
C01477,2024-11,428.33
C01477,2025-01,854.76
C01477,2025-02,26287.550000000003
C01477,2025-03,17558.95
C01477,2025-04,43334.62
C01477,2025-05,6156.58
C01477,2025-06,7680.85
C01477,2025-07,10569.34
C01477,2025-08,53202.090000000004
C01477,2025-09,25243.21
C01477,2025-10,8952.91
C01477,2025-11,600.77
C01477,2025-12,26137.780000000002
C01478,2024-01,6292.349999999999
C01478,2024-02,25400.18
C01478,2024-03,3146.72
C01478,2024-04,47110.7
C01478,2024-05,14727.810000000001
C01478,2024-07,12213.85
C01478,2024-08,3631.0699999999997
C01478,2024-09,3254.38
C01478,2024-10,5159.23
C01478,2024-11,2935.2799999999997
C01478,2024-12,16036.83
C01478,2025-01,1957.35
C01478,2025-02,40209.11
C01478,2025-03,24326.97
C01478,2025-04,40357.15
C01478,2025-05,3434.76
C01478,2025-07,1639.7400000000002
C01478,2025-08,577.43
C01478,2025-09,8980.93
C01478,2025-11,7052.45
C01478,2025-12,55632.44
C01479,2024-02,5475.67
C01479,2024-04,9587.56
C01479,2024-05,17979.42
C01479,2024-08,42372.72
C01479,2024-10,34635.89
C01479,2024-11,2121.46
C01479,2025-01,9184.9
C01479,2025-05,269.23
C01479,2025-06,56835.93
C01479,2025-07,4065.08
C01479,2025-09,9347.41
C01479,2025-10,85460.42
C01479,2025-12,59428.08
C01480,2024-02,3264.04
C01480,2024-03,4558.02
C01480,2024-04,72192.18
C01480,2024-06,5521.7300000000005
C01480,2024-07,7397.36
C01480,2024-08,71004.81
C01480,2024-09,14650.830000000002
C01480,2024-10,1651.47
C01480,2024-11,43169.77
C01480,2025-01,13837.900000000001
C01480,2025-02,42733.07
C01480,2025-03,11839.41
C01480,2025-04,9963.17
C01480,2025-06,12538.34
C01480,2025-07,27195.7
C01480,2025-08,13845.820000000002
C01480,2025-09,2283.78
C01480,2025-11,9371.61
C01481,2024-01,17568.61
C01481,2024-02,5637.3
C01481,2024-03,22906.469999999998
C01481,2024-04,24244.31
C01481,2024-05,6641.0599999999995
C01481,2024-06,1732.43
C01481,2024-07,991.8
C01481,2024-08,960.77
C01481,2024-09,33951.92
C01481,2024-10,18794.92
C01481,2024-11,53980.23
C01481,2024-12,16503.48
C01481,2025-01,9867.27
C01481,2025-02,1909.08
C01481,2025-03,3220.38
C01481,2025-04,7893.49
C01481,2025-05,31039.43
C01481,2025-06,137030.59
C01481,2025-09,56846.9
C01481,2025-10,11646.279999999999
C01482,2024-01,16858.89
C01482,2024-02,21035.58
C01482,2024-03,10870.59
C01482,2024-04,23641.59
C01482,2024-06,27239.99
C01482,2024-07,57763.84
C01482,2024-08,4406.74
C01482,2024-09,2462.07
C01482,2024-10,34691.57
C01482,2024-11,12763.31
C01482,2024-12,2617.54
C01482,2025-01,718.28
C01482,2025-02,31993.980000000003
C01482,2025-03,42261.119999999995
C01482,2025-05,2540.3100000000004
C01482,2025-06,2911.11
C01482,2025-07,4537.67
C01482,2025-08,9950.36
C01482,2025-09,8230.4
C01482,2025-10,5736.21
C01482,2025-11,75674.73999999999
C01482,2025-12,588.36
C01483,2024-03,15025.04
C01483,2024-04,5082.4
C01483,2024-05,34381.259999999995
C01483,2024-07,10662.63
C01483,2024-08,2687.77
C01483,2024-09,10791.43
C01483,2024-10,18015.65
C01483,2025-01,3750.62
C01483,2025-02,20612.49
C01483,2025-03,8050.87
C01483,2025-05,6712.12
C01483,2025-07,11709.5
C01483,2025-09,5545.179999999999
C01483,2025-11,4916.389999999999
C01483,2025-12,14425.82
C01484,2024-01,5899.73
C01484,2024-03,5003.02
C01484,2024-04,47084.72
C01484,2024-05,47459.899999999994
C01484,2024-06,2546.09
C01484,2024-07,6104.23
C01484,2024-09,11987.08
C01484,2024-10,4743.54
C01484,2024-11,1446.17
C01484,2025-02,339.41
C01484,2025-03,2076.4
C01484,2025-05,47133.7
C01484,2025-06,14192.57
C01484,2025-07,7607.72
C01484,2025-09,1306.37
C01484,2025-10,6051.98
C01484,2025-11,2947.94
C01484,2025-12,4394.89
C01485,2024-01,41260.630000000005
C01485,2024-02,8072.27
C01485,2024-03,9358.32
C01485,2024-04,19640.02
C01485,2024-05,18976.17
C01485,2024-06,13674.46
C01485,2024-07,2820.72
C01485,2024-08,3686.2
C01485,2024-09,6154.79
C01485,2024-10,26401.52
C01485,2024-11,2805.7
C01485,2024-12,5821.53
C01485,2025-01,24612.93
C01485,2025-02,3215.63
C01485,2025-03,33981.85
C01485,2025-04,30458.17
C01485,2025-05,10068.03
C01485,2025-06,757.88
C01485,2025-07,1919.29
C01485,2025-08,34651.82
C01485,2025-09,19484.13
C01485,2025-10,1534.56
C01485,2025-11,9033.05
C01485,2025-12,27278.16
C01486,2024-02,4075.2799999999997
C01486,2024-06,19060.51
C01486,2024-10,8162.3
C01486,2024-11,18501.2
C01486,2024-12,7703.04
C01486,2025-01,10607.96
C01486,2025-02,2769.45
C01486,2025-03,2182.7
C01486,2025-04,11460.16
C01486,2025-05,9135.47
C01486,2025-06,3898.07
C01486,2025-07,2405.84
C01486,2025-08,3051.6
C01486,2025-09,25646.75
C01486,2025-10,31630.62
C01486,2025-11,2106.63
C01486,2025-12,15596.2
C01487,2024-01,41701.42
C01487,2024-03,67564.1
C01487,2024-04,19023.97
C01487,2024-05,2330.27
C01487,2024-06,38210.43
C01487,2024-07,2760.82
C01487,2024-08,22636.27
C01487,2024-12,3308.17
C01487,2025-02,5570.02
C01487,2025-03,18465.49
C01487,2025-04,54696.44
C01487,2025-05,5052.94
C01487,2025-06,7800.81
C01487,2025-07,31979.75
C01487,2025-09,24144.239999999998
C01487,2025-10,5492.28
C01487,2025-11,22413.03
C01487,2025-12,25131.75
C01488,2024-02,37164.53
C01488,2024-04,2339.15
C01488,2024-05,12892.779999999999
C01488,2024-06,8459.62
C01488,2024-07,10687.91
C01488,2024-08,7246.7
C01488,2024-09,20963.09
C01488,2024-10,11270.01
C01488,2024-11,6381.55
C01488,2025-01,9628.58
C01488,2025-02,10780.79
C01488,2025-03,11140.470000000001
C01488,2025-05,1164.21
C01488,2025-06,10448.88
C01488,2025-08,43082.54
C01488,2025-09,6540.12
C01488,2025-10,24613.68
C01489,2024-01,540.62
C01489,2024-02,31152.469999999998
C01489,2024-04,16441.97
C01489,2024-05,11089.279999999999
C01489,2024-06,64002.229999999996
C01489,2024-07,37325.39
C01489,2024-08,10530.14
C01489,2024-09,15600.710000000001
C01489,2024-10,4511.68
C01489,2024-12,30015.29
C01489,2025-01,17674.67
C01489,2025-02,6627.68
C01489,2025-03,23248.16
C01489,2025-04,12829.4
C01489,2025-05,2183.37
C01489,2025-06,22307.899999999998
C01489,2025-09,1291.66
C01489,2025-10,17417.73
C01489,2025-12,13277.17
C01490,2024-01,20029.34
C01490,2024-03,9803.12
C01490,2024-04,1295.05
C01490,2024-07,16786.72
C01490,2024-08,13962.33
C01490,2024-10,2810.98
C01490,2024-11,19571.68
C01490,2024-12,60090.439999999995
C01490,2025-01,1489.29
C01490,2025-03,19947.24
C01490,2025-05,1766.69
C01490,2025-06,13682.72
C01490,2025-07,1363.38
C01490,2025-08,25109.06
C01490,2025-09,6739.639999999999
C01490,2025-10,34149.29
C01490,2025-11,38345.909999999996
C01490,2025-12,13768.31
C01491,2024-01,14181.539999999999
C01491,2024-03,17547.72
C01491,2024-04,3621.67
C01491,2024-05,6469.900000000001
C01491,2024-06,41998.95
C01491,2024-07,5277.299999999999
C01491,2024-09,7964.89
C01491,2024-11,17498.91
C01491,2024-12,14692.13
C01491,2025-02,41220.61
C01491,2025-03,1794.89
C01491,2025-04,18309.9
C01491,2025-05,20909.37
C01491,2025-07,51556.56
C01491,2025-08,2448.53
C01491,2025-09,19308.37
C01491,2025-10,49160.5
C01491,2025-12,38365.38
C01492,2024-01,21192.12
C01492,2024-02,11132.04
C01492,2024-03,1727.64
C01492,2024-04,2273.31
C01492,2024-06,35727.83
C01492,2024-07,50988.71
C01492,2024-08,28462.53
C01492,2024-10,30097.64
C01492,2024-11,11924.53
C01492,2024-12,6051.21
C01492,2025-01,11432.29
C01492,2025-02,12704.95
C01492,2025-03,25123.149999999998
C01492,2025-05,35411.29
C01492,2025-06,10306.42
C01492,2025-07,44099.869999999995
C01493,2024-01,5127.15
C01493,2024-04,4450.18
C01493,2024-05,29890.28
C01493,2024-06,12465.47
C01493,2024-08,11621.2
C01493,2024-09,5024.639999999999
C01493,2024-10,1607.88
C01493,2024-12,64789.58
C01493,2025-01,2430.64
C01493,2025-02,2593.7
C01493,2025-03,17499.57
C01493,2025-04,12951.490000000002
C01493,2025-05,17208.9
C01493,2025-07,2582.94
C01493,2025-08,11493.74
C01493,2025-09,3109.96
C01493,2025-10,2198.61
C01494,2024-01,11663.119999999999
C01494,2024-02,4385.69
C01494,2024-03,19247.52
C01494,2024-04,1492.16
C01494,2024-05,8259.35
C01494,2024-06,15133.400000000001
C01494,2024-07,38900.88
C01494,2024-08,9714.970000000001
C01494,2024-10,23529.61
C01494,2024-12,9234.21
C01494,2025-01,2479.64
C01494,2025-02,1957.18
C01494,2025-06,21849.93
C01494,2025-07,5468.05
C01494,2025-08,12748.55
C01494,2025-12,7637.84
C01495,2024-05,14422.51
C01495,2024-08,47254.97
C01495,2024-11,47178.89
C01495,2024-12,26663.87
C01495,2025-01,3304.64
C01495,2025-02,2632.95
C01495,2025-03,16874.63
C01495,2025-06,1110.5
C01495,2025-07,6222.2
C01495,2025-08,2814.41
C01495,2025-09,779.13
C01495,2025-10,3026.36
C01495,2025-11,36896.35999999999
C01495,2025-12,9273.49
C01496,2024-01,49864.01
C01496,2024-02,1777.08
C01496,2024-04,2871.02
C01496,2024-05,10041.43
C01496,2024-06,21784.52
C01496,2024-07,28417.54
C01496,2024-08,5459.64
C01496,2024-09,11030.31
C01496,2024-11,38876.4
C01496,2024-12,51682.46
C01496,2025-01,6162.04
C01496,2025-02,904.49
C01496,2025-03,6836.41
C01496,2025-04,82631.05
C01496,2025-05,2030.02
C01496,2025-06,12424.96
C01496,2025-07,2836.72
C01496,2025-08,2335.22
C01496,2025-09,29913.51
C01496,2025-11,2806.8999999999996
C01497,2024-01,52729.149999999994
C01497,2024-02,10012.619999999999
C01497,2024-03,16041.78
C01497,2024-04,19932.989999999998
C01497,2024-05,2401.49
C01497,2024-06,2812.01
C01497,2024-07,21343.34
C01497,2024-08,38048.59
C01497,2024-11,3228.81
C01497,2024-12,15814.23
C01497,2025-01,38733.340000000004
C01497,2025-02,58434.97
C01497,2025-05,410.87
C01497,2025-06,4830.29
C01497,2025-07,9279.93
C01497,2025-10,31102.59
C01497,2025-11,1222.63
C01497,2025-12,1555.93
C01498,2024-01,9482.63
C01498,2024-03,6088.5
C01498,2024-05,12013.8
C01498,2024-06,2008.82
C01498,2024-09,18005.809999999998
C01498,2024-10,2226.65
C01498,2024-11,20067.559999999998
C01498,2024-12,11535.93
C01498,2025-01,45201.69
C01498,2025-03,3709.43
C01498,2025-04,40065.21
C01498,2025-05,25372.33
C01498,2025-06,50933.9
C01498,2025-07,20668.800000000003
C01498,2025-08,18757.12
C01498,2025-09,2485.81
C01498,2025-10,5794.53
C01498,2025-11,2071.83
C01499,2024-01,656.09
C01499,2024-02,31691.12
C01499,2024-03,1662.93
C01499,2024-04,51729.4
C01499,2024-05,39336.67
C01499,2024-09,53534.2
C01499,2024-10,2732.95
C01499,2024-11,9005.14
C01499,2025-01,476.24
C01499,2025-03,5376.1900000000005
C01499,2025-05,17303.62
C01499,2025-06,1975.2799999999997
C01499,2025-07,3121.66
C01499,2025-08,59210.72
C01499,2025-09,18853.09
C01499,2025-11,4254.54
C01500,2024-02,28398.739999999998
C01500,2024-03,6481.37
C01500,2024-04,2516.04
C01500,2024-05,8019.880000000001
C01500,2024-06,8298.71
C01500,2024-07,33511.54
C01500,2024-08,18949.99
C01500,2024-09,12410.6
C01500,2024-10,32268.49
C01500,2024-11,19872.48
C01500,2024-12,20567.97
C01500,2025-01,21409.739999999998
C01500,2025-02,6114.26
C01500,2025-03,4590.280000000001
C01500,2025-04,49820.39
C01500,2025-06,5557.97
C01500,2025-07,5546.35
C01500,2025-08,4492.53
C01500,2025-09,22524.129999999997
C01500,2025-11,21460.239999999998
C01501,2024-01,2654.95
C01501,2024-03,6797.56
C01501,2024-04,2470.32
C01501,2024-06,17052.72
C01501,2024-07,3739.3199999999997
C01501,2024-08,492.64
C01501,2024-10,1296.33
C01501,2024-12,10438.32
C01501,2025-01,2575.19
C01501,2025-03,13712.81
C01501,2025-04,3679.41
C01501,2025-05,6060.7
C01501,2025-06,9665.97
C01501,2025-07,1970.98
C01501,2025-08,5797.15
C01501,2025-09,79001.05
C01501,2025-10,50921.41
C01501,2025-11,16580.489999999998
C01501,2025-12,44045.39
C01502,2024-02,25727.36
C01502,2024-03,1056.66
C01502,2024-06,1860.55
C01502,2024-07,13784.55
C01502,2024-08,703.56
C01502,2024-09,15859.14
C01502,2024-10,4622.14
C01502,2024-11,16016.09
C01502,2024-12,16857.62
C01502,2025-01,22091.66
C01502,2025-03,16841.27
C01502,2025-04,18441.34
C01502,2025-05,2094.69
C01502,2025-06,44862.17
C01502,2025-08,36174.72
C01502,2025-09,13386.29
C01502,2025-12,1395.22
C01503,2024-01,38957.07
C01503,2024-02,13327.05
C01503,2024-03,15323.3
C01503,2024-04,2486.08
C01503,2024-05,58244.229999999996
C01503,2024-07,37348.88
C01503,2024-08,6810.4
C01503,2024-11,38332.11
C01503,2024-12,115924.86
C01503,2025-01,32151.83
C01503,2025-02,3138.04
C01503,2025-03,24342.600000000002
C01503,2025-04,32793.14
C01503,2025-05,21459.68
C01503,2025-08,37241.01
C01503,2025-09,19473.97
C01503,2025-10,1424.33
C01503,2025-11,7211.8099999999995
C01503,2025-12,40449.4
C01504,2024-01,35100.46
C01504,2024-02,2997.79
C01504,2024-03,59338.969999999994
C01504,2024-06,3509.8900000000003
C01504,2024-07,72343.89
C01504,2024-08,6196.13
C01504,2024-09,2352.93
C01504,2024-10,11316.81
C01504,2025-01,7271.9
C01504,2025-03,2409.49
C01504,2025-04,10587.85
C01504,2025-06,5971.11
C01504,2025-07,11891.13
C01504,2025-08,17660.89
C01504,2025-09,4942.69
C01504,2025-11,6500.36
C01504,2025-12,21335.190000000002
C01505,2024-01,29843.030000000002
C01505,2024-02,9482.7
C01505,2024-03,3925.88
C01505,2024-04,29852.489999999998
C01505,2024-09,5591.8
C01505,2024-10,12867.38
C01505,2024-11,25739.88
C01505,2024-12,15232.16
C01505,2025-02,6354.97
C01505,2025-05,8387.81
C01505,2025-06,18832.03
C01505,2025-07,7274.61
C01505,2025-09,961.76
C01505,2025-10,25758.0
C01505,2025-11,10158.12
C01505,2025-12,5234.0599999999995
C01506,2024-01,9156.57
C01506,2024-02,2723.39
C01506,2024-03,37328.8
C01506,2024-04,12027.02
C01506,2024-05,4282.9
C01506,2024-07,23029.229999999996
C01506,2024-09,43009.049999999996
C01506,2024-10,22004.38
C01506,2024-11,44324.740000000005
C01506,2024-12,20762.07
C01506,2025-01,2919.17
C01506,2025-02,8410.849999999999
C01506,2025-03,26317.54
C01506,2025-04,2190.99
C01506,2025-05,2053.63
C01506,2025-06,2523.83
C01506,2025-07,5134.0599999999995
C01506,2025-08,12973.7
C01506,2025-09,33771.07
C01506,2025-10,6952.47
C01506,2025-12,5157.15
C01507,2024-01,13887.91
C01507,2024-05,592.95
C01507,2024-06,525.55
C01507,2024-07,3915.55
C01507,2024-12,13728.09
C01507,2025-03,10865.51
C01507,2025-04,8904.69
C01507,2025-05,14518.800000000001
C01507,2025-06,21151.68
C01507,2025-07,1233.56
C01507,2025-08,14777.95
C01507,2025-10,5986.91
C01507,2025-11,4370.71
C01507,2025-12,9637.4
C01508,2024-03,26845.79
C01508,2024-04,2686.34
C01508,2024-05,13867.96
C01508,2024-06,20188.68
C01508,2024-07,3737.9
C01508,2024-08,48349.91
C01508,2024-09,575.97
C01508,2024-10,4406.03
C01508,2024-11,8889.24
C01508,2025-01,30193.73
C01508,2025-02,2263.17
C01508,2025-03,6305.53
C01508,2025-04,48208.74
C01508,2025-05,33656.87
C01508,2025-06,9574.08
C01508,2025-07,4615.400000000001
C01508,2025-08,27816.58
C01508,2025-09,3980.73
C01508,2025-10,3819.26
C01508,2025-11,820.81
C01509,2024-03,4033.63
C01509,2024-05,2139.81
C01509,2024-07,2590.94
C01509,2024-08,72037.63
C01509,2024-09,3149.47
C01509,2024-10,2410.79
C01509,2024-11,4431.9
C01509,2024-12,3127.66
C01509,2025-03,15091.48
C01509,2025-04,58698.350000000006
C01509,2025-05,13475.67
C01509,2025-06,15199.98
C01509,2025-07,2728.61
C01509,2025-08,17305.14
C01509,2025-09,46691.46
C01509,2025-10,20420.76
C01509,2025-11,68824.95
C01509,2025-12,13144.560000000001
C01510,2024-02,6848.91
C01510,2024-03,8560.91
C01510,2024-04,2263.57
C01510,2024-05,17220.36
C01510,2024-06,607.39
C01510,2024-07,17587.21
C01510,2024-09,56667.63
C01510,2024-11,1659.49
C01510,2024-12,35077.46
C01510,2025-01,10946.689999999999
C01510,2025-02,7259.5
C01510,2025-04,62730.83
C01510,2025-05,334.98
C01510,2025-06,2691.51
C01510,2025-07,29864.9
C01510,2025-08,5948.59
C01510,2025-09,16299.13
C01510,2025-10,12930.13
C01510,2025-11,10340.62
C01510,2025-12,14891.5
C01511,2024-01,18124.65
C01511,2024-02,1259.21
C01511,2024-03,10347.32
C01511,2024-05,63342.23999999999
C01511,2024-06,38942.8
C01511,2024-08,17705.21
C01511,2024-09,769.98
C01511,2024-10,222.62
C01511,2025-01,26802.37
C01511,2025-02,47331.26
C01511,2025-03,42750.16
C01511,2025-04,1247.69
C01511,2025-05,13709.79
C01511,2025-06,44220.15
C01511,2025-09,2383.51
C01511,2025-10,2625.83
C01511,2025-11,18723.15
C01511,2025-12,43166.36
C01512,2024-01,5699.71
C01512,2024-02,5381.16
C01512,2024-03,48103.73
C01512,2024-05,25146.54
C01512,2024-06,7480.65
C01512,2024-07,11926.78
C01512,2024-08,11205.71
C01512,2024-09,22155.31
C01512,2024-10,58311.71000000001
C01512,2024-11,2466.2
C01512,2024-12,14408.789999999999
C01512,2025-01,17063.32
C01512,2025-04,818.37
C01512,2025-05,14196.95
C01512,2025-06,2023.9
C01512,2025-09,1905.13
C01512,2025-10,8480.3
C01513,2024-02,9193.83
C01513,2024-06,12932.21
C01513,2024-07,88804.57999999999
C01513,2024-08,35362.65
C01513,2024-09,11386.84
C01513,2024-10,16292.09
C01513,2024-12,1263.92
C01513,2025-02,20486.86
C01513,2025-03,22359.72
C01513,2025-07,1595.64
C01513,2025-08,340.63
C01513,2025-09,22384.83
C01513,2025-12,41738.69
C01514,2024-01,44095.56
C01514,2024-02,23232.94
C01514,2024-03,6249.24
C01514,2024-04,568.18
C01514,2024-05,9596.05
C01514,2024-06,50526.75
C01514,2024-07,4856.06
C01514,2024-08,50888.369999999995
C01514,2024-10,22388.38
C01514,2024-11,1860.3
C01514,2024-12,40907.04
C01514,2025-01,1085.71
C01514,2025-02,30364.43
C01514,2025-03,34218.869999999995
C01514,2025-04,4663.84
C01514,2025-05,634.37
C01514,2025-06,13020.91
C01514,2025-07,8844.4
C01514,2025-08,53810.91
C01514,2025-10,50122.3
C01514,2025-11,5361.38
C01514,2025-12,1954.42
C01515,2024-02,9296.45
C01515,2024-03,6492.7
C01515,2024-04,15661.169999999998
C01515,2024-05,460.17
C01515,2024-06,2535.54
C01515,2024-07,22356.1
C01515,2024-08,83052.61
C01515,2024-09,16897.41
C01515,2024-10,8433.67
C01515,2024-11,6986.389999999999
C01515,2025-01,4863.54
C01515,2025-03,9040.15
C01515,2025-04,14285.6
C01515,2025-05,1373.87
C01515,2025-06,2019.39
C01515,2025-07,19682.56
C01515,2025-08,11242.130000000001
C01515,2025-09,13506.81
C01515,2025-10,1643.99
C01515,2025-11,64308.67
C01515,2025-12,17189.16
C01516,2024-02,20265.39
C01516,2024-04,19901.35
C01516,2024-05,51173.49
C01516,2024-06,16300.119999999999
C01516,2024-07,13222.13
C01516,2024-09,11465.28
C01516,2024-10,29054.61
C01516,2024-11,39599.17
C01516,2025-01,82403.85
C01516,2025-03,6854.92
C01516,2025-04,12804.14
C01516,2025-05,13856.24
C01516,2025-06,1327.41
C01516,2025-07,4721.83
C01516,2025-08,20892.14
C01516,2025-09,406.1
C01516,2025-10,56753.729999999996
C01516,2025-11,2876.3
C01516,2025-12,47134.53
C01517,2024-01,3646.28
C01517,2024-02,9993.6
C01517,2024-04,249.91
C01517,2024-05,8091.740000000001
C01517,2024-06,17986.78
C01517,2024-07,7660.76
C01517,2024-10,14808.63
C01517,2024-12,409.6
C01517,2025-02,46052.79
C01517,2025-03,43479.310000000005
C01517,2025-04,17374.45
C01517,2025-05,1554.47
C01517,2025-07,1250.24
C01517,2025-08,1881.69
C01517,2025-09,14919.7
C01517,2025-10,2596.41
C01517,2025-11,41879.93
C01518,2024-01,48756.97
C01518,2024-02,4837.88
C01518,2024-03,10510.18
C01518,2024-04,8596.0
C01518,2024-05,1321.22
C01518,2024-06,480.82
C01518,2024-07,17267.44
C01518,2024-08,30837.56
C01518,2024-09,1743.83
C01518,2024-11,1378.12
C01518,2025-01,7730.02
C01518,2025-02,18133.12
C01518,2025-03,11451.2
C01518,2025-05,7719.08
C01518,2025-06,2570.56
C01518,2025-07,62127.590000000004
C01518,2025-08,3480.9399999999996
C01518,2025-09,1623.18
C01518,2025-10,18887.36
C01518,2025-11,15609.55
C01518,2025-12,10612.21
C01519,2024-02,1464.74
C01519,2024-03,9192.1
C01519,2024-04,17941.92
C01519,2024-07,5820.96
C01519,2024-08,32676.01
C01519,2024-09,6091.22
C01519,2024-10,5127.5
C01519,2024-11,831.89
C01519,2024-12,814.09
C01519,2025-01,2657.6
C01519,2025-02,73652.25
C01519,2025-04,1990.07
C01519,2025-05,21802.46
C01519,2025-06,52260.86
C01519,2025-07,3565.75
C01519,2025-08,2999.7
C01519,2025-09,4673.2
C01519,2025-10,3240.22
C01519,2025-11,36599.02
C01519,2025-12,231.24
C01520,2024-01,11246.35
C01520,2024-02,1393.87
C01520,2024-03,14853.93
C01520,2024-04,2581.83
C01520,2024-05,20901.51
C01520,2024-06,53827.42
C01520,2024-07,53138.689999999995
C01520,2024-08,8094.5199999999995
C01520,2024-09,11174.880000000001
C01520,2024-10,1742.81
C01520,2024-11,19459.43
C01520,2024-12,45393.4
C01520,2025-01,27040.98
C01520,2025-03,15566.96
C01520,2025-04,962.51
C01520,2025-05,32284.74
C01520,2025-07,11389.65
C01520,2025-08,40498.93
C01520,2025-09,4999.41
C01520,2025-10,4204.81
C01520,2025-11,77436.66
C01520,2025-12,20875.690000000002
C01521,2024-01,56015.54
C01521,2024-02,6832.72
C01521,2024-04,5384.99
C01521,2024-06,951.22
C01521,2024-08,4704.450000000001
C01521,2024-09,6084.2
C01521,2024-10,1647.03
C01521,2024-11,18110.52
C01521,2024-12,10960.509999999998
C01521,2025-01,53720.51
C01521,2025-02,61135.29
C01521,2025-03,12869.36
C01521,2025-04,8068.719999999999
C01521,2025-05,8669.3
C01521,2025-06,36887.56
C01521,2025-07,24111.690000000002
C01521,2025-08,43303.72
C01521,2025-10,47912.84
C01521,2025-11,5215.32
C01522,2024-01,3332.28
C01522,2024-02,572.23
C01522,2024-04,20343.95
C01522,2024-05,1715.74
C01522,2024-07,31378.52
C01522,2024-08,47808.02
C01522,2024-10,5938.51
C01522,2024-11,1472.64
C01522,2024-12,2420.37
C01522,2025-01,3227.66
C01522,2025-02,11281.0
C01522,2025-03,19476.300000000003
C01522,2025-05,1837.07
C01522,2025-07,3448.89
C01522,2025-10,58120.350000000006
C01522,2025-11,30602.27
C01522,2025-12,27793.29
C01523,2024-01,2718.74
C01523,2024-03,85526.15
C01523,2024-04,5048.870000000001
C01523,2024-05,11028.86
C01523,2024-06,6037.64
C01523,2024-07,40316.18
C01523,2024-08,16094.740000000002
C01523,2024-09,17975.48
C01523,2024-10,36945.61
C01523,2024-11,1986.74
C01523,2024-12,712.22
C01523,2025-01,21366.29
C01523,2025-02,8343.58
C01523,2025-03,8423.5
C01523,2025-05,2915.48
C01523,2025-07,5302.68
C01523,2025-08,1983.95
C01523,2025-10,35825.95
C01523,2025-12,24378.55
C01524,2024-01,7423.75
C01524,2024-02,14263.92
C01524,2024-03,42457.689999999995
C01524,2024-04,8370.48
C01524,2024-05,34077.46
C01524,2024-06,12980.34
C01524,2024-07,42826.29
C01524,2024-08,5840.43
C01524,2024-09,1349.18
C01524,2024-11,20298.41
C01524,2025-02,2601.62
C01524,2025-03,49531.03
C01524,2025-04,10683.21
C01524,2025-05,13330.51
C01524,2025-06,13436.31
C01524,2025-07,6730.38
C01524,2025-09,6913.08
C01524,2025-10,57217.91
C01524,2025-11,44012.59
C01524,2025-12,44945.15
C01525,2024-02,44257.64
C01525,2024-03,12969.1
C01525,2024-04,2688.87
C01525,2024-05,9027.64
C01525,2024-07,15357.82
C01525,2024-09,40166.79
C01525,2024-12,46581.78
C01525,2025-01,8151.5
C01525,2025-02,10878.7
C01525,2025-03,19176.58
C01525,2025-05,408.2
C01525,2025-07,5031.1
C01525,2025-08,96602.81999999999
C01525,2025-10,10214.55
C01525,2025-12,3440.36
C01526,2024-02,26471.71
C01526,2024-03,70979.89
C01526,2024-04,24112.57
C01526,2024-05,14382.04
C01526,2024-06,7371.19
C01526,2024-07,19839.24
C01526,2024-08,55125.12
C01526,2024-09,2509.92
C01526,2024-10,7037.24
C01526,2024-12,3225.36
C01526,2025-01,8522.53
C01526,2025-03,9476.82
C01526,2025-05,37819.88
C01526,2025-06,2188.04
C01526,2025-07,38038.95
C01526,2025-08,63852.560000000005
C01526,2025-09,2201.72
C01526,2025-10,27990.58
C01526,2025-11,32951.340000000004
C01526,2025-12,20773.53
C01527,2024-01,20944.489999999998
C01527,2024-02,24518.56
C01527,2024-03,14925.44
C01527,2024-05,3729.12
C01527,2024-06,13691.0
C01527,2024-07,1249.92
C01527,2024-09,42376.68
C01527,2024-10,3644.05
C01527,2024-11,1200.2
C01527,2024-12,6618.48
C01527,2025-01,13244.16
C01527,2025-02,1140.12
C01527,2025-03,2404.2
C01527,2025-04,1861.99
C01527,2025-06,5400.4
C01527,2025-09,1530.62
C01527,2025-11,2588.63
C01527,2025-12,25087.33
C01528,2024-01,7122.24
C01528,2024-02,810.64
C01528,2024-03,1321.93
C01528,2024-04,1060.15
C01528,2024-05,15345.259999999998
C01528,2024-06,26356.11
C01528,2024-07,60133.4
C01528,2024-08,14222.17
C01528,2024-09,20098.93
C01528,2024-10,2728.9500000000003
C01528,2024-11,22386.99
C01528,2024-12,59252.280000000006
C01528,2025-01,9168.630000000001
C01528,2025-02,8715.5
C01528,2025-03,40761.93
C01528,2025-04,2238.63
C01528,2025-05,263.32
C01528,2025-07,727.11
C01528,2025-08,2608.04
C01528,2025-09,27083.31
C01528,2025-11,1400.46
C01528,2025-12,625.55
C01529,2024-01,18626.77
C01529,2024-02,1172.9
C01529,2024-03,15844.6
C01529,2024-05,7513.61
C01529,2024-06,11266.86
C01529,2024-07,28137.71
C01529,2024-10,23881.449999999997
C01529,2024-11,5188.61
C01529,2024-12,18869.47
C01529,2025-02,5437.65
C01529,2025-04,1953.07
C01529,2025-05,14982.73
C01529,2025-06,34547.9
C01529,2025-07,970.49
C01529,2025-08,22340.879999999997
C01529,2025-09,8586.93
C01529,2025-10,6054.07
C01529,2025-11,29868.449999999997
C01529,2025-12,3610.9399999999996
C01530,2024-01,5271.27
C01530,2024-03,7545.8099999999995
C01530,2024-04,31986.59
C01530,2024-05,16270.85
C01530,2024-06,7127.4
C01530,2024-07,3190.55
C01530,2024-08,15258.259999999998
C01530,2024-09,4210.03
C01530,2024-10,2214.41
C01530,2024-12,6811.52
C01530,2025-01,1817.72
C01530,2025-02,14643.02
C01530,2025-03,2987.57
C01530,2025-04,95072.65
C01530,2025-05,4500.16
C01530,2025-06,13583.77
C01530,2025-07,35904.16
C01530,2025-08,90219.12
C01530,2025-09,91720.82
C01530,2025-10,56552.56
C01530,2025-11,12586.09
C01530,2025-12,16153.66
C01531,2024-02,5462.73
C01531,2024-03,13733.33
C01531,2024-04,3489.38
C01531,2024-06,18143.39
C01531,2024-07,100341.7
C01531,2024-08,4984.78
C01531,2024-10,4280.38
C01531,2024-11,6051.4
C01531,2025-01,2039.2
C01531,2025-02,24390.89
C01531,2025-03,24454.3
C01531,2025-04,1122.23
C01531,2025-05,32018.1
C01531,2025-06,41142.54000000001
C01531,2025-07,19585.66
C01531,2025-08,14633.8
C01531,2025-09,783.9
C01531,2025-10,372.19
C01531,2025-12,7672.32
C01532,2024-01,2386.42
C01532,2024-02,13846.49
C01532,2024-03,7745.71
C01532,2024-04,3226.46
C01532,2024-05,45781.53
C01532,2024-06,19338.18
C01532,2024-07,2639.52
C01532,2024-08,1809.67
C01532,2024-09,1446.3
C01532,2024-10,42508.61
C01532,2024-11,33664.81
C01532,2025-01,427.81
C01532,2025-02,13233.11
C01532,2025-04,4613.76
C01532,2025-05,12214.16
C01532,2025-06,7304.0
C01532,2025-08,15723.6
C01532,2025-09,84186.23
C01532,2025-11,62424.28
C01532,2025-12,11561.470000000001
C01533,2024-01,36046.57
C01533,2024-02,58791.35
C01533,2024-03,5184.92
C01533,2024-04,7243.38
C01533,2024-06,13369.29
C01533,2024-07,22101.05
C01533,2024-08,2298.06
C01533,2024-09,16524.05
C01533,2024-10,1310.35
C01533,2024-11,4638.19
C01533,2024-12,2798.88
C01533,2025-01,13015.029999999999
C01533,2025-02,39943.24
C01533,2025-03,9539.59
C01533,2025-04,248.96
C01533,2025-05,32420.77
C01533,2025-06,61831.72
C01533,2025-07,10695.689999999999
C01533,2025-08,701.68
C01533,2025-10,8055.63
C01533,2025-11,13728.240000000002
C01533,2025-12,59646.86
C01534,2024-01,1839.63
C01534,2024-02,34260.4
C01534,2024-03,17005.74
C01534,2024-04,1383.41
C01534,2024-05,2695.0
C01534,2024-06,71965.15000000001
C01534,2024-07,1906.75
C01534,2024-08,2251.5
C01534,2024-09,52341.01
C01534,2024-10,18573.36
C01534,2025-01,4236.73
C01534,2025-02,8577.22
C01534,2025-03,4025.48
C01534,2025-04,13632.58
C01534,2025-05,29147.199999999997
C01534,2025-06,10484.8
C01534,2025-07,52766.19
C01534,2025-09,31994.36
C01534,2025-10,10908.4
C01534,2025-11,6127.29
C01534,2025-12,2003.53
C01535,2024-02,501.63
C01535,2024-03,13814.76
C01535,2024-04,32953.409999999996
C01535,2024-06,1697.0900000000001
C01535,2024-07,32580.190000000002
C01535,2024-09,57324.21
C01535,2024-10,26048.28
C01535,2024-11,3974.04
C01535,2025-02,18566.7
C01535,2025-07,8529.18
C01535,2025-09,1908.19
C01535,2025-11,6038.41
C01536,2024-01,12593.41
C01536,2024-02,14416.91
C01536,2024-03,10653.5
C01536,2024-04,12556.49
C01536,2024-05,14600.27
C01536,2024-07,15732.109999999999
C01536,2024-08,1363.36
C01536,2024-10,3523.97
C01536,2024-11,286.37
C01536,2024-12,646.82
C01536,2025-01,1985.8
C01536,2025-02,47148.68
C01536,2025-03,23052.98
C01536,2025-04,212.64
C01536,2025-05,27874.29
C01536,2025-06,16717.02
C01536,2025-08,31768.89
C01536,2025-10,3885.29
C01536,2025-12,30754.12
C01537,2024-02,35478.509999999995
C01537,2024-03,58609.17
C01537,2024-04,3477.28
C01537,2024-05,86624.89
C01537,2024-06,1139.65
C01537,2024-07,16864.76
C01537,2024-08,27132.07
C01537,2024-09,1274.99
C01537,2024-10,1821.49
C01537,2024-12,8469.25
C01537,2025-01,35137.97
C01537,2025-02,9546.029999999999
C01537,2025-03,107951.91
C01537,2025-05,2636.23
C01537,2025-06,19495.11
C01537,2025-07,24441.379999999997
C01537,2025-08,51181.34
C01537,2025-09,6682.370000000001
C01537,2025-10,5511.41
C01537,2025-11,50623.73
C01537,2025-12,15109.45
C01538,2024-01,6898.900000000001
C01538,2024-02,55017.4
C01538,2024-04,29741.5
C01538,2024-05,6507.12
C01538,2024-06,553.95
C01538,2024-08,21255.64
C01538,2024-09,2020.49
C01538,2024-10,9721.25
C01538,2024-11,23227.66
C01538,2024-12,20346.67
C01538,2025-01,3874.59
C01538,2025-02,20354.0
C01538,2025-03,26611.160000000003
C01538,2025-04,13781.6
C01538,2025-05,17658.44
C01538,2025-06,7530.44
C01538,2025-07,631.32
C01538,2025-08,21353.45
C01538,2025-10,6601.51
C01538,2025-11,2073.67
C01539,2024-01,17625.26
C01539,2024-02,5975.62
C01539,2024-04,19605.08
C01539,2024-05,89753.01
C01539,2024-06,1546.35
C01539,2024-08,53980.82
C01539,2024-09,1164.62
C01539,2024-10,6827.67
C01539,2024-11,4402.18
C01539,2024-12,1519.31
C01539,2025-01,16462.59
C01539,2025-02,23767.03
C01539,2025-03,9147.55
C01539,2025-05,20215.53
C01539,2025-06,13498.94
C01539,2025-07,2677.87
C01539,2025-09,12130.939999999999
C01539,2025-10,7262.0
C01539,2025-11,3809.86
C01539,2025-12,1398.39
C01540,2024-02,19753.52
C01540,2024-04,9096.49
C01540,2024-05,22931.59
C01540,2024-10,16243.05
C01540,2024-11,3303.51
C01540,2024-12,11767.93
C01540,2025-01,5291.15
C01540,2025-02,7232.29
C01540,2025-03,1312.01
C01540,2025-04,55419.23
C01540,2025-05,15180.380000000001
C01540,2025-07,4224.69
C01540,2025-09,13497.51
C01540,2025-10,275.92
C01540,2025-11,30254.85
C01540,2025-12,19585.17
C01541,2024-01,56314.0
C01541,2024-02,2759.15
C01541,2024-03,12652.65
C01541,2024-04,18364.309999999998
C01541,2024-05,53455.549999999996
C01541,2024-07,14137.14
C01541,2024-09,14767.05
C01541,2024-10,20918.92
C01541,2024-12,16124.45
C01541,2025-01,41001.03
C01541,2025-02,1131.94
C01541,2025-03,14178.88
C01541,2025-04,8957.98
C01541,2025-05,5368.3099999999995
C01541,2025-06,2018.83
C01541,2025-07,18890.79
C01541,2025-11,3988.46
C01541,2025-12,6721.28
C01542,2024-01,2675.73
C01542,2024-02,506.36
C01542,2024-03,4394.05
C01542,2024-06,61774.89
C01542,2024-07,2948.0
C01542,2024-11,5178.88
C01542,2024-12,13084.13
C01542,2025-01,4057.6000000000004
C01542,2025-02,11688.6
C01542,2025-05,88001.86
C01542,2025-06,2248.36
C01542,2025-08,34703.96
C01542,2025-09,27329.07
C01542,2025-10,3736.48
C01542,2025-11,29405.62
C01542,2025-12,391.41
C01543,2024-01,21688.75
C01543,2024-02,19460.04
C01543,2024-04,29726.45
C01543,2024-05,3833.59
C01543,2024-06,3292.36
C01543,2024-07,4780.19
C01543,2024-08,8518.18
C01543,2024-09,18770.03
C01543,2024-11,33295.82
C01543,2024-12,13013.939999999999
C01543,2025-01,8119.63
C01543,2025-03,15835.369999999999
C01543,2025-04,4648.19
C01543,2025-06,10759.35
C01543,2025-07,4539.82
C01543,2025-08,19229.44
C01543,2025-09,33954.34
C01543,2025-10,3136.57
C01543,2025-12,3299.09
C01544,2024-01,1221.59
C01544,2024-02,4830.3099999999995
C01544,2024-03,1836.57
C01544,2024-04,7664.12
C01544,2024-08,14047.56
C01544,2024-09,11467.01
C01544,2024-10,15263.560000000001
C01544,2024-11,18877.98
C01544,2025-02,9031.960000000001
C01544,2025-03,4836.400000000001
C01544,2025-04,42494.11
C01544,2025-07,3432.51
C01544,2025-08,1700.8000000000002
C01544,2025-09,43204.95
C01544,2025-10,1308.3
C01544,2025-11,23443.629999999997
C01545,2024-01,2062.2
C01545,2024-03,6898.63
C01545,2024-04,58042.97
C01545,2024-07,78681.33
C01545,2024-08,314.62
C01545,2024-11,1139.22
C01545,2024-12,2294.47
C01545,2025-01,2082.68
C01545,2025-02,1797.6
C01545,2025-03,2896.66
C01545,2025-04,20658.84
C01545,2025-05,87719.98
C01545,2025-06,57184.77
C01545,2025-07,15145.240000000002
C01545,2025-09,4075.4900000000002
C01545,2025-10,56698.69
C01545,2025-11,19871.05
C01545,2025-12,13733.47
C01546,2024-01,3273.48
C01546,2024-02,17156.73
C01546,2024-03,11644.34
C01546,2024-04,20063.31
C01546,2024-06,64037.64
C01546,2024-08,21972.43
C01546,2024-10,60463.87
C01546,2024-11,27188.73
C01546,2025-01,2831.15
C01546,2025-02,3324.7799999999997
C01546,2025-03,53407.37
C01546,2025-04,16113.150000000001
C01546,2025-06,21319.74
C01546,2025-07,1105.37
C01546,2025-09,4643.06
C01546,2025-10,12166.09
C01546,2025-12,24979.0
C01547,2024-01,21283.31
C01547,2024-02,3361.42
C01547,2024-03,28379.29
C01547,2024-04,28890.769999999997
C01547,2024-06,19037.66
C01547,2024-07,19854.0
C01547,2024-10,13319.93
C01547,2025-01,16727.370000000003
C01547,2025-03,16724.52
C01547,2025-05,33908.92
C01547,2025-06,85548.54000000001
C01547,2025-07,3814.91
C01547,2025-09,24331.91
C01547,2025-10,46989.09
C01547,2025-11,2736.35
C01548,2024-01,1347.91
C01548,2024-02,24511.21
C01548,2024-04,1857.77
C01548,2024-05,21542.12
C01548,2024-06,53544.560000000005
C01548,2024-07,40918.49
C01548,2024-08,4758.67
C01548,2024-09,9277.4
C01548,2024-10,5591.13
C01548,2024-11,6254.16
C01548,2024-12,17360.58
C01548,2025-01,8913.75
C01548,2025-02,15009.62
C01548,2025-04,21529.45
C01548,2025-05,10838.23
C01548,2025-06,17995.78
C01548,2025-07,8536.18
C01548,2025-08,3095.22
C01548,2025-09,5400.62
C01548,2025-10,7392.33
C01548,2025-12,5936.72
C01549,2024-01,531.45
C01549,2024-02,1481.38
C01549,2024-03,14393.08
C01549,2024-04,957.82
C01549,2024-05,8204.55
C01549,2024-06,18132.39
C01549,2024-08,2532.41
C01549,2024-10,3033.95
C01549,2024-12,786.05
C01549,2025-01,4068.89
C01549,2025-03,47329.850000000006
C01549,2025-06,26674.23
C01549,2025-08,2829.74
C01549,2025-09,14536.47
C01549,2025-10,3629.4
C01549,2025-11,1567.27
C01549,2025-12,1524.23
C01550,2024-01,2529.36
C01550,2024-02,1533.68
C01550,2024-03,6936.26
C01550,2024-04,12743.99
C01550,2024-05,14721.67
C01550,2024-06,14920.98
C01550,2024-07,1060.36
C01550,2024-08,51609.009999999995
C01550,2024-10,8259.380000000001
C01550,2024-11,10469.369999999999
C01550,2024-12,4168.53
C01550,2025-01,10691.359999999999
C01550,2025-02,43225.94
C01550,2025-03,2333.11
C01550,2025-05,2383.4
C01550,2025-06,14509.36
C01550,2025-07,31158.61
C01550,2025-09,2651.46
C01550,2025-10,2272.25
C01550,2025-11,1243.58
C01551,2024-01,5645.0
C01551,2024-03,66320.12
C01551,2024-04,594.87
C01551,2024-05,26767.55
C01551,2024-06,2947.45
C01551,2024-07,16162.25
C01551,2024-08,28782.73
C01551,2024-10,4024.3500000000004
C01551,2024-11,36150.36
C01551,2024-12,36291.75
C01551,2025-02,16825.83
C01551,2025-03,39794.72
C01551,2025-04,5436.76
C01551,2025-06,122042.14
C01551,2025-07,1359.71
C01551,2025-08,23234.1
C01551,2025-09,30182.43
C01551,2025-10,1858.84
C01551,2025-12,19537.12
C01552,2024-02,8690.36
C01552,2024-03,5842.96
C01552,2024-05,2108.57
C01552,2024-06,24253.129999999997
C01552,2024-07,1949.82
C01552,2024-08,1838.52
C01552,2024-09,709.41
C01552,2024-10,4730.08
C01552,2024-12,291.77
C01552,2025-01,4060.59
C01552,2025-02,2066.0
C01552,2025-03,51862.63
C01552,2025-04,13215.32
C01552,2025-05,8619.67
C01552,2025-07,2879.86
C01552,2025-10,3325.01
C01552,2025-12,17644.57
C01553,2024-01,2710.54
C01553,2024-02,16739.65
C01553,2024-03,2214.6899999999996
C01553,2024-04,16522.0
C01553,2024-05,22432.57
C01553,2024-06,10491.71
C01553,2024-08,36049.84
C01553,2024-09,1696.77
C01553,2024-10,7174.04
C01553,2024-11,40333.71
C01553,2025-01,1398.92
C01553,2025-03,966.54
C01553,2025-04,20950.94
C01553,2025-07,13092.54
C01553,2025-08,19760.11
C01553,2025-09,39779.479999999996
C01553,2025-10,11167.56
C01553,2025-11,643.75
C01553,2025-12,15911.97
C01554,2024-02,4210.12
C01554,2024-03,96756.42
C01554,2024-05,3771.24
C01554,2024-06,49541.65
C01554,2024-07,34701.21
C01554,2024-08,15282.08
C01554,2024-09,7484.3
C01554,2024-11,3700.72
C01554,2025-01,15451.74
C01554,2025-03,16247.32
C01554,2025-04,1951.64
C01554,2025-05,32689.56
C01554,2025-06,7404.44
C01554,2025-08,3090.97
C01554,2025-10,8746.710000000001
C01554,2025-11,311.15
C01554,2025-12,4605.72
C01555,2024-02,7725.45
C01555,2024-03,6167.46
C01555,2024-04,14600.04
C01555,2024-05,4674.389999999999
C01555,2024-06,9281.39
C01555,2024-08,54221.66
C01555,2024-10,54354.25
C01555,2024-11,1144.94
C01555,2024-12,4369.49
C01555,2025-01,21480.41
C01555,2025-03,1218.89
C01555,2025-06,12192.63
C01555,2025-07,698.02
C01555,2025-08,86001.19
C01555,2025-09,7962.0
C01555,2025-11,1807.18
C01556,2024-01,13522.529999999999
C01556,2024-02,28696.51
C01556,2024-03,36924.759999999995
C01556,2024-04,10922.75
C01556,2024-05,11030.960000000001
C01556,2024-06,2515.59
C01556,2024-07,19815.35
C01556,2024-10,37748.590000000004
C01556,2024-11,1362.74
C01556,2025-02,1801.81
C01556,2025-03,18354.32
C01556,2025-05,25321.27
C01556,2025-06,8336.5
C01556,2025-07,12392.050000000001
C01556,2025-10,12233.79
C01556,2025-11,43871.59
C01556,2025-12,17326.0
C01557,2024-01,18203.920000000002
C01557,2024-03,7007.7699999999995
C01557,2024-04,6786.03
C01557,2024-06,39449.78
C01557,2024-08,4517.86
C01557,2024-09,36638.97
C01557,2024-10,3545.76
C01557,2024-11,8058.04
C01557,2024-12,16295.009999999998
C01557,2025-01,57499.21
C01557,2025-03,1805.69
C01557,2025-07,94919.9
C01557,2025-08,22706.17
C01557,2025-09,17987.77
C01557,2025-10,45209.520000000004
C01557,2025-11,3629.46
C01558,2024-03,11160.28
C01558,2024-05,22302.03
C01558,2024-06,581.54
C01558,2024-07,33224.06
C01558,2024-09,18008.11
C01558,2024-10,2485.3
C01558,2024-11,2664.3
C01558,2024-12,3098.5699999999997
C01558,2025-01,2607.74
C01558,2025-02,14528.96
C01558,2025-03,11449.73
C01558,2025-04,16014.78
C01558,2025-05,1953.52
C01558,2025-07,33273.0
C01558,2025-10,932.11
C01558,2025-11,7522.35
C01558,2025-12,547.46
C01559,2024-02,1853.55
C01559,2024-03,5985.18
C01559,2024-04,14503.38
C01559,2024-05,6330.17
C01559,2024-06,1038.98
C01559,2024-07,27800.52
C01559,2024-08,14493.92
C01559,2024-09,407.97
C01559,2024-11,1470.44
C01559,2024-12,9525.17
C01559,2025-02,35841.53
C01559,2025-03,1745.67
C01559,2025-04,962.97
C01559,2025-07,50025.579999999994
C01559,2025-08,21510.62
C01559,2025-09,943.41
C01559,2025-10,4832.63
C01559,2025-11,16537.399999999998
C01560,2024-01,3019.99
C01560,2024-02,38821.33
C01560,2024-03,45336.48
C01560,2024-04,1481.71
C01560,2024-06,4736.24
C01560,2024-07,3726.82
C01560,2024-08,24032.34
C01560,2024-09,5524.21
C01560,2024-10,20031.190000000002
C01560,2024-11,4584.43
C01560,2025-03,5855.48
C01560,2025-04,36641.22
C01560,2025-05,18999.32
C01560,2025-07,7030.62
C01560,2025-08,7058.31
C01560,2025-09,22439.57
C01560,2025-10,11160.26
C01560,2025-11,8833.7
C01560,2025-12,3236.73
C01561,2024-01,20209.79
C01561,2024-04,17602.64
C01561,2024-08,26489.75
C01561,2024-09,42463.17
C01561,2024-10,3819.06
C01561,2024-11,18245.81
C01561,2025-03,2003.34
C01561,2025-04,20364.25
C01561,2025-05,3388.52
C01561,2025-06,1699.51
C01561,2025-07,17804.44
C01561,2025-08,36139.86
C01561,2025-09,8348.41
C01561,2025-10,6598.17
C01562,2024-01,2284.86
C01562,2024-02,70130.84
C01562,2024-04,10276.15
C01562,2024-05,14259.05
C01562,2024-08,50815.04
C01562,2024-09,61024.380000000005
C01562,2025-01,19813.3
C01562,2025-03,384.51
C01562,2025-04,36089.38
C01562,2025-05,2120.66
C01562,2025-06,249.93
C01562,2025-07,3529.95
C01562,2025-09,901.27
C01562,2025-11,4918.42
C01562,2025-12,26985.12
C01563,2024-01,11590.42
C01563,2024-02,27455.19
C01563,2024-03,491.81
C01563,2024-05,39406.7
C01563,2024-06,7206.4400000000005
C01563,2024-07,21203.35
C01563,2024-08,18381.37
C01563,2024-09,35232.24
C01563,2024-10,3239.0600000000004
C01563,2024-12,17172.37
C01563,2025-01,30566.39
C01563,2025-03,1312.16
C01563,2025-04,2414.26
C01563,2025-05,4859.67
C01563,2025-06,28743.75
C01563,2025-07,759.21
C01563,2025-08,5917.16
C01563,2025-09,769.28
C01563,2025-10,1353.25
C01563,2025-12,8780.08
C01564,2024-02,14065.74
C01564,2024-04,5286.81
C01564,2024-05,27228.32
C01564,2024-06,1447.9900000000002
C01564,2024-07,3164.26
C01564,2024-09,34436.37
C01564,2024-12,163.09
C01564,2025-02,1287.83
C01564,2025-03,40270.6
C01564,2025-04,15240.84
C01564,2025-05,7727.03
C01564,2025-06,41302.21
C01564,2025-07,9456.94
C01564,2025-08,862.19
C01564,2025-10,3804.07
C01564,2025-12,1487.07
C01565,2024-01,2652.11
C01565,2024-02,19344.47
C01565,2024-03,1963.65
C01565,2024-07,6083.58
C01565,2024-08,2743.41
C01565,2024-09,3048.87
C01565,2024-11,32770.270000000004
C01565,2024-12,50429.77
C01565,2025-01,64256.9
C01565,2025-02,1968.76
C01565,2025-04,34840.77
C01565,2025-05,3477.1
C01565,2025-06,15472.97
C01565,2025-07,30588.97
C01565,2025-08,2190.14
C01565,2025-09,1297.8
C01565,2025-10,6113.92
C01565,2025-11,3164.3199999999997
C01565,2025-12,37770.38
C01566,2024-01,44333.04
C01566,2024-02,40329.15
C01566,2024-03,26656.89
C01566,2024-05,44838.89
C01566,2024-07,1951.41
C01566,2024-08,5737.46
C01566,2024-09,9339.73
C01566,2024-10,17892.739999999998
C01566,2024-11,19231.05
C01566,2024-12,28415.2
C01566,2025-01,17979.28
C01566,2025-02,21128.21
C01566,2025-03,16212.3
C01566,2025-05,10522.94
C01566,2025-06,1784.57
C01566,2025-07,30597.82
C01566,2025-08,19845.16
C01566,2025-10,19929.18
C01566,2025-11,21727.93
C01566,2025-12,4473.55
C01567,2024-02,24378.22
C01567,2024-05,9518.57
C01567,2024-06,35848.51
C01567,2024-07,14821.5
C01567,2024-08,14491.25
C01567,2024-10,70399.65
C01567,2024-11,386.38
C01567,2024-12,6170.35
C01567,2025-01,1831.03
C01567,2025-02,23171.75
C01567,2025-03,2419.4300000000003
C01567,2025-04,3042.17
C01567,2025-05,38476.43
C01567,2025-07,20466.23
C01567,2025-09,19691.95
C01567,2025-10,1535.18
C01567,2025-11,9972.45
C01567,2025-12,1335.35
C01568,2024-01,7029.46
C01568,2024-02,38883.06
C01568,2024-07,10855.369999999999
C01568,2024-08,10518.81
C01568,2024-10,47050.229999999996
C01568,2024-11,1113.9
C01568,2025-02,3726.86
C01568,2025-03,4359.52
C01568,2025-04,14690.69
C01568,2025-05,51949.47
C01568,2025-06,7260.86
C01568,2025-07,31681.18
C01568,2025-08,15351.48
C01568,2025-09,40313.87
C01568,2025-10,1338.54
C01568,2025-11,9432.03
C01568,2025-12,17725.36
C01569,2024-01,10897.15
C01569,2024-02,12637.35
C01569,2024-03,15636.26
C01569,2024-07,2439.75
C01569,2024-08,13497.039999999999
C01569,2024-09,2804.8
C01569,2024-10,39880.53
C01569,2024-11,32390.57
C01569,2024-12,7337.54
C01569,2025-02,11273.77
C01569,2025-04,4464.09
C01569,2025-05,17642.36
C01569,2025-07,2596.89
C01569,2025-08,55338.65
C01569,2025-09,5793.0
C01569,2025-10,79633.87
C01569,2025-11,14961.45
C01569,2025-12,3974.42
C01570,2024-01,1246.64
C01570,2024-02,23840.260000000002
C01570,2024-03,12232.47
C01570,2024-04,11728.25
C01570,2024-05,81314.97
C01570,2024-06,1451.28
C01570,2024-07,1547.66
C01570,2024-08,9548.63
C01570,2024-09,7831.79
C01570,2024-10,46047.96
C01570,2024-12,39702.26
C01570,2025-02,27851.76
C01570,2025-03,2706.63
C01570,2025-06,2915.95
C01570,2025-08,34695.32
C01570,2025-09,2092.32
C01570,2025-11,2670.61
C01571,2024-02,8454.06
C01571,2024-03,41069.549999999996
C01571,2024-04,36572.43
C01571,2024-05,14568.85
C01571,2024-06,25903.129999999997
C01571,2024-07,967.3
C01571,2024-08,3274.41
C01571,2024-10,30062.11
C01571,2024-11,10807.83
C01571,2024-12,22240.43
C01571,2025-01,1592.6599999999999
C01571,2025-02,3876.73
C01571,2025-03,26837.649999999998
C01571,2025-04,12489.28
C01571,2025-05,11322.57
C01571,2025-06,52833.89
C01571,2025-07,1882.65
C01571,2025-09,4291.04
C01571,2025-10,5096.92
C01571,2025-11,1263.65
C01571,2025-12,63905.09
C01572,2024-01,36665.15
C01572,2024-02,14667.41
C01572,2024-03,12476.07
C01572,2024-05,17485.850000000002
C01572,2024-06,4249.39
C01572,2024-07,38719.54
C01572,2024-08,16074.92
C01572,2024-09,14263.79
C01572,2024-10,8121.65
C01572,2024-11,17551.32
C01572,2024-12,7148.71
C01572,2025-01,5697.219999999999
C01572,2025-02,57438.990000000005
C01572,2025-04,7140.43
C01572,2025-06,30657.46
C01572,2025-07,28156.489999999998
C01572,2025-10,4790.1
C01572,2025-12,2028.92
C01573,2024-01,52821.44
C01573,2024-04,2933.14
C01573,2024-05,20762.26
C01573,2024-07,12403.570000000002
C01573,2024-11,2076.16
C01573,2024-12,62241.259999999995
C01573,2025-01,6321.77
C01573,2025-02,5394.73
C01573,2025-03,44375.75
C01573,2025-04,68789.62
C01573,2025-06,16747.94
C01573,2025-07,10294.189999999999
C01573,2025-08,462.56
C01573,2025-10,950.17
C01573,2025-11,11441.26
C01574,2024-01,40560.990000000005
C01574,2024-02,1773.36
C01574,2024-03,14092.34
C01574,2024-06,27737.87
C01574,2024-07,24351.6
C01574,2024-08,18889.6
C01574,2024-09,15023.64
C01574,2024-11,3613.23
C01574,2025-01,76748.3
C01574,2025-03,70627.42
C01574,2025-05,4284.42
C01574,2025-07,93037.54000000001
C01574,2025-08,1700.64
C01574,2025-09,67568.94
C01574,2025-10,19651.66
C01574,2025-12,12084.5
C01575,2024-02,26293.530000000002
C01575,2024-03,24528.51
C01575,2024-04,19992.68
C01575,2024-05,14647.289999999999
C01575,2024-08,73817.81
C01575,2024-10,6117.22
C01575,2024-11,5817.61
C01575,2024-12,38041.09
C01575,2025-01,67862.16
C01575,2025-02,16818.98
C01575,2025-04,39625.36
C01575,2025-05,12648.289999999999
C01575,2025-07,1457.13
C01575,2025-10,4574.16
C01575,2025-11,14161.3
C01575,2025-12,6954.49
C01576,2024-01,72640.59
C01576,2024-02,520.78
C01576,2024-03,12926.36
C01576,2024-04,42780.75
C01576,2024-06,2043.53
C01576,2024-07,4506.5
C01576,2024-09,1552.23
C01576,2024-11,17297.07
C01576,2024-12,25329.059999999998
C01576,2025-01,11633.91
C01576,2025-02,295.83
C01576,2025-03,2051.21
C01576,2025-04,9868.64
C01576,2025-07,8714.26
C01576,2025-08,2413.7
C01576,2025-09,8105.93
C01577,2024-01,1129.43
C01577,2024-02,18572.8
C01577,2024-04,10912.88
C01577,2024-05,26800.58
C01577,2024-06,1354.34
C01577,2024-07,42478.79
C01577,2024-08,10001.99
C01577,2024-10,8428.67
C01577,2024-11,22145.22
C01577,2024-12,88243.26
C01577,2025-01,5622.42
C01577,2025-02,39267.64
C01577,2025-03,8662.06
C01577,2025-07,1585.79
C01577,2025-08,14219.18
C01577,2025-09,12853.56
C01577,2025-11,9041.4
C01577,2025-12,2046.06
C01578,2024-01,5362.43
C01578,2024-02,2817.91
C01578,2024-03,14393.59
C01578,2024-06,21764.940000000002
C01578,2024-08,23243.64
C01578,2024-09,15416.68
C01578,2024-10,4952.55
C01578,2024-11,1473.34
C01578,2025-01,1384.35
C01578,2025-02,4257.94
C01578,2025-03,9134.42
C01578,2025-04,51537.56
C01578,2025-05,19519.03
C01578,2025-06,6732.780000000001
C01578,2025-07,924.54
C01578,2025-09,2365.77
C01578,2025-11,60490.8
C01578,2025-12,13190.03
C01579,2024-01,5386.91
C01579,2024-02,6581.0
C01579,2024-05,10341.650000000001
C01579,2024-07,563.88
C01579,2024-09,6104.28
C01579,2024-10,764.7
C01579,2024-11,223.75
C01579,2024-12,1257.67
C01579,2025-01,10600.449999999999
C01579,2025-03,998.54
C01579,2025-04,6798.92
C01579,2025-05,2060.76
C01579,2025-07,1368.17
C01579,2025-08,9011.48
C01579,2025-10,15180.38
C01579,2025-11,1615.77
C01579,2025-12,3179.55
C01580,2024-01,1209.18
C01580,2024-02,1161.71
C01580,2024-03,27830.61
C01580,2024-07,2791.27
C01580,2024-08,4917.03
C01580,2024-09,1629.6599999999999
C01580,2024-10,18444.72
C01580,2024-11,16904.95
C01580,2024-12,25879.38
C01580,2025-01,23421.15
C01580,2025-02,2994.94
C01580,2025-03,3446.5
C01580,2025-04,21432.5
C01580,2025-08,32114.06
C01580,2025-09,93407.25
C01580,2025-10,431.99
C01580,2025-11,2899.99
C01581,2024-02,6715.13
C01581,2024-03,19453.77
C01581,2024-04,23922.809999999998
C01581,2024-05,33565.47
C01581,2024-06,15821.16
C01581,2024-07,2375.43
C01581,2024-09,11484.630000000001
C01581,2024-10,8294.9
C01581,2024-11,24933.39
C01581,2024-12,750.78
C01581,2025-01,1192.31
C01581,2025-02,34358.490000000005
C01581,2025-03,5106.370000000001
C01581,2025-04,42999.66
C01581,2025-05,50486.67
C01581,2025-06,2463.58
C01581,2025-07,1973.48
C01581,2025-09,27395.69
C01581,2025-12,19049.12
C01582,2024-03,5212.14
C01582,2024-04,34766.39
C01582,2024-05,2417.65
C01582,2024-06,3741.14
C01582,2024-07,40546.5
C01582,2024-08,4013.95
C01582,2024-09,4311.13
C01582,2024-10,12738.09
C01582,2024-11,20083.07
C01582,2024-12,18691.53
C01582,2025-01,7462.7
C01582,2025-02,2329.68
C01582,2025-03,20843.050000000003
C01582,2025-05,2728.93
C01582,2025-06,20599.28
C01582,2025-08,6551.27
C01582,2025-09,50239.229999999996
C01582,2025-11,1240.89
C01582,2025-12,3737.94
C01583,2024-01,3140.56
C01583,2024-02,15200.740000000002
C01583,2024-06,52212.69
C01583,2024-07,7904.86
C01583,2024-08,14594.67
C01583,2024-09,113770.64000000001
C01583,2024-11,18435.67
C01583,2024-12,20785.649999999998
C01583,2025-01,72909.66
C01583,2025-02,36792.64
C01583,2025-03,2681.7999999999997
C01583,2025-04,1640.13
C01583,2025-05,39055.82
C01583,2025-06,31804.61
C01583,2025-08,8686.6
C01583,2025-09,58605.51
C01583,2025-10,30156.010000000002
C01583,2025-11,14930.99
C01583,2025-12,3734.02
C01584,2024-02,33283.99
C01584,2024-03,11519.66
C01584,2024-04,4247.53
C01584,2024-05,5015.25
C01584,2024-06,4797.1
C01584,2024-07,16604.97
C01584,2024-08,21708.710000000003
C01584,2024-09,22260.45
C01584,2024-10,1615.16
C01584,2024-11,11994.24
C01584,2025-01,5017.74
C01584,2025-02,46414.14
C01584,2025-03,2235.1
C01584,2025-04,614.43
C01584,2025-05,53038.92
C01584,2025-06,43170.83
C01584,2025-07,691.9
C01584,2025-09,986.01
C01584,2025-10,7951.3
C01585,2024-01,17398.03
C01585,2024-03,14954.48
C01585,2024-05,12917.689999999999
C01585,2024-06,357.65
C01585,2024-08,50965.659999999996
C01585,2024-10,27332.39
C01585,2024-12,49324.97
C01585,2025-01,39821.64
C01585,2025-02,2519.59
C01585,2025-03,6429.64
C01585,2025-05,495.18
C01585,2025-06,23018.5
C01585,2025-07,6979.63
C01585,2025-08,1429.84
C01585,2025-09,33948.38
C01585,2025-10,50950.090000000004
C01585,2025-11,41823.79
C01585,2025-12,12125.01
C01586,2024-01,7031.79
C01586,2024-03,15149.130000000001
C01586,2024-04,11771.369999999999
C01586,2024-05,19130.49
C01586,2024-07,12070.58
C01586,2024-08,882.7
C01586,2024-09,2790.94
C01586,2024-10,15343.33
C01586,2024-11,10959.31
C01586,2025-01,7918.08
C01586,2025-02,58634.89
C01586,2025-04,22757.14
C01586,2025-05,15728.55
C01586,2025-06,6721.61
C01586,2025-07,36450.979999999996
C01586,2025-08,29034.41
C01586,2025-09,13925.3
C01586,2025-10,12256.3
C01586,2025-11,41056.73
C01586,2025-12,23937.7
C01587,2024-01,37328.4
C01587,2024-02,409.31
C01587,2024-03,838.24
C01587,2024-04,12082.35
C01587,2024-05,27910.769999999997
C01587,2024-07,67386.8
C01587,2024-08,10262.83
C01587,2024-09,23147.239999999998
C01587,2024-12,7117.6
C01587,2025-01,2144.27
C01587,2025-03,24017.51
C01587,2025-04,19393.9
C01587,2025-05,2749.6499999999996
C01587,2025-07,12849.869999999999
C01587,2025-08,19232.9
C01587,2025-09,12829.42
C01587,2025-11,13602.58
C01587,2025-12,42214.42
C01588,2024-01,1642.59
C01588,2024-02,26259.8
C01588,2024-03,35545.52
C01588,2024-04,6957.31
C01588,2024-05,7282.37
C01588,2024-07,49005.55
C01588,2024-08,13976.9
C01588,2024-09,37112.369999999995
C01588,2024-10,4473.31
C01588,2024-11,2771.54
C01588,2024-12,2911.55
C01588,2025-02,26446.7
C01588,2025-03,888.61
C01588,2025-04,1448.88
C01588,2025-05,16440.379999999997
C01588,2025-06,3332.29
C01588,2025-08,8912.86
C01588,2025-09,3228.7200000000003
C01588,2025-12,4599.25
C01589,2024-01,3447.3999999999996
C01589,2024-02,96234.34
C01589,2024-03,2546.01
C01589,2024-07,24690.3
C01589,2024-08,110521.28
C01589,2024-09,11087.03
C01589,2024-10,58215.57
C01589,2024-12,11314.76
C01589,2025-01,229.08
C01589,2025-02,7976.5
C01589,2025-04,22784.760000000002
C01589,2025-05,52152.39
C01589,2025-06,15196.269999999999
C01589,2025-07,24485.64
C01589,2025-08,6953.48
C01589,2025-09,39300.73
C01589,2025-10,24369.83
C01589,2025-12,49535.200000000004
C01590,2024-03,10359.810000000001
C01590,2024-04,11848.66
C01590,2024-05,20349.18
C01590,2024-06,15706.74
C01590,2024-07,25153.87
C01590,2024-08,2653.54
C01590,2024-11,20388.670000000002
C01590,2024-12,6449.43
C01590,2025-01,25012.22
C01590,2025-02,56259.35
C01590,2025-03,19545.309999999998
C01590,2025-05,28888.81
C01590,2025-07,28416.89
C01590,2025-09,4384.2
C01590,2025-10,13912.42
C01590,2025-11,111240.47
C01591,2024-01,13808.12
C01591,2024-03,13452.89
C01591,2024-04,11754.89
C01591,2024-05,36329.64
C01591,2024-06,4834.04
C01591,2024-07,9365.1
C01591,2024-08,25795.9
C01591,2024-09,48417.83
C01591,2024-10,9245.16
C01591,2024-11,38149.21
C01591,2024-12,2127.23
C01591,2025-02,15297.220000000001
C01591,2025-03,835.6
C01591,2025-04,14445.59
C01591,2025-05,48444.619999999995
C01591,2025-07,32236.08
C01591,2025-08,11660.25
C01591,2025-09,286.59
C01591,2025-10,13707.94
C01591,2025-11,7850.1
C01592,2024-02,2910.03
C01592,2024-03,11533.66
C01592,2024-04,22005.629999999997
C01592,2024-05,11888.5
C01592,2024-06,621.61
C01592,2024-07,21147.54
C01592,2024-08,39114.93
C01592,2024-09,4497.94
C01592,2024-10,45360.13
C01592,2024-11,36481.96000000001
C01592,2024-12,4625.72
C01592,2025-01,5480.0
C01592,2025-02,23534.45
C01592,2025-03,17946.99
C01592,2025-04,34772.72
C01592,2025-05,63903.63
C01592,2025-06,53902.229999999996
C01592,2025-07,38854.979999999996
C01592,2025-08,21387.56
C01592,2025-09,2013.81
C01592,2025-11,13728.02
C01593,2024-02,31808.04
C01593,2024-03,14992.96
C01593,2024-04,3361.36
C01593,2024-06,17867.9
C01593,2024-08,13542.470000000001
C01593,2024-09,12431.55
C01593,2024-10,15608.98
C01593,2024-11,26752.38
C01593,2024-12,5526.67
C01593,2025-01,18758.02
C01593,2025-03,3845.04
C01593,2025-05,15457.39
C01593,2025-06,1306.31
C01593,2025-08,13245.07
C01593,2025-09,17869.23
C01593,2025-10,6202.36
C01593,2025-12,60827.22
C01594,2024-01,2641.97
C01594,2024-04,26532.17
C01594,2024-06,7878.61
C01594,2024-08,10285.1
C01594,2024-09,2517.42
C01594,2024-10,4527.62
C01594,2024-11,48406.38
C01594,2024-12,1421.37
C01594,2025-02,1970.26
C01594,2025-03,2455.18
C01594,2025-04,7239.7
C01594,2025-06,1302.7
C01594,2025-08,4745.4400000000005
C01594,2025-09,11284.05
C01594,2025-10,2158.71
C01594,2025-11,19577.32
C01594,2025-12,19607.85
C01595,2024-01,63608.4
C01595,2024-03,46739.85
C01595,2024-04,8909.22
C01595,2024-05,11249.83
C01595,2024-06,126783.08
C01595,2024-07,29446.4
C01595,2024-08,22628.739999999998
C01595,2024-10,17005.03
C01595,2024-11,21449.4
C01595,2024-12,16803.46
C01595,2025-01,2181.17
C01595,2025-02,1120.65
C01595,2025-03,56892.68
C01595,2025-05,1527.16
C01595,2025-06,182.52
C01595,2025-07,2319.11
C01595,2025-10,463.44
C01595,2025-12,9697.58
C01596,2024-03,8798.279999999999
C01596,2024-04,5553.16
C01596,2024-05,1139.41
C01596,2024-06,7275.96
C01596,2024-08,719.39
C01596,2024-09,605.03
C01596,2024-10,1991.4899999999998
C01596,2024-11,7260.55
C01596,2024-12,22678.8
C01596,2025-01,17785.53
C01596,2025-02,1834.86
C01596,2025-03,7144.6
C01596,2025-04,19789.820000000003
C01596,2025-05,6663.38
C01596,2025-08,10494.42
C01596,2025-09,65601.79000000001
C01596,2025-10,14147.52
C01597,2024-01,1329.03
C01597,2024-02,2965.08
C01597,2024-03,2129.46
C01597,2024-06,40079.37
C01597,2024-08,13025.31
C01597,2024-10,51916.06
C01597,2024-11,19917.699999999997
C01597,2024-12,10834.76
C01597,2025-01,2328.76
C01597,2025-02,10050.82
C01597,2025-03,1720.95
C01597,2025-04,2763.92
C01597,2025-05,38373.13
C01597,2025-07,1349.42
C01597,2025-08,1100.12
C01597,2025-11,229.33
C01597,2025-12,21786.809999999998
C01598,2024-01,12403.01
C01598,2024-02,51591.76
C01598,2024-03,50464.78
C01598,2024-04,13880.0
C01598,2024-05,4495.29
C01598,2024-06,12971.24
C01598,2024-07,19173.6
C01598,2024-08,18037.02
C01598,2024-09,1352.65
C01598,2024-12,1287.08
C01598,2025-01,712.97
C01598,2025-03,69411.27
C01598,2025-04,34937.99
C01598,2025-05,33843.649999999994
C01598,2025-06,4380.38
C01598,2025-08,11371.38
C01598,2025-10,5402.06
C01598,2025-11,8247.62
C01598,2025-12,25765.23
C01599,2024-01,7531.23
C01599,2024-02,6956.64
C01599,2024-03,8262.03
C01599,2024-04,3759.7
C01599,2024-05,8413.23
C01599,2024-06,41733.45
C01599,2024-07,7956.34
C01599,2024-08,3052.34
C01599,2024-09,9604.72
C01599,2024-10,1798.84
C01599,2024-11,12545.53
C01599,2024-12,4655.33
C01599,2025-04,33117.14
C01599,2025-05,25111.84
C01599,2025-07,14367.33
C01599,2025-08,64087.07
C01599,2025-09,16950.690000000002
C01599,2025-10,12351.58
C01599,2025-12,3219.97
C01600,2024-01,14822.81
C01600,2024-02,7954.25
C01600,2024-03,8815.36
C01600,2024-04,23957.800000000003
C01600,2024-05,13590.81
C01600,2024-06,1999.84
C01600,2024-07,2374.6
C01600,2024-08,12405.3
C01600,2024-09,3235.19
C01600,2024-10,15560.400000000001
C01600,2024-11,20661.7
C01600,2024-12,19178.7
C01600,2025-03,4452.32
C01600,2025-05,15184.52
C01600,2025-06,30126.64
C01600,2025-07,4017.8900000000003
C01600,2025-08,1782.19
C01600,2025-09,25270.39
C01600,2025-10,5435.049999999999
C01600,2025-11,81924.18
C01600,2025-12,36042.29
C01601,2024-01,34739.18
C01601,2024-03,2837.16
C01601,2024-04,17579.09
C01601,2024-06,39827.81
C01601,2024-07,14212.859999999999
C01601,2024-08,7550.879999999999
C01601,2024-09,1781.44
C01601,2024-10,14149.47
C01601,2024-12,18983.11
C01601,2025-01,25222.670000000002
C01601,2025-02,26118.54
C01601,2025-03,4822.09
C01601,2025-04,57694.37
C01601,2025-06,1190.19
C01601,2025-07,50576.73
C01601,2025-08,27275.31
C01601,2025-09,1614.3999999999999
C01601,2025-10,631.96
C01601,2025-11,2739.7
C01601,2025-12,14093.650000000001
C01602,2024-01,5245.0
C01602,2024-02,2827.19
C01602,2024-03,2952.09
C01602,2024-04,28832.96
C01602,2024-05,12596.52
C01602,2024-06,59703.21
C01602,2024-09,44149.159999999996
C01602,2024-10,307.91
C01602,2024-11,2915.58
C01602,2024-12,3338.63
C01602,2025-01,2175.38
C01602,2025-03,8040.53
C01602,2025-04,31763.43
C01602,2025-05,1125.62
C01602,2025-06,444.02
C01602,2025-08,32276.29
C01602,2025-09,6369.34
C01602,2025-10,6057.16
C01602,2025-11,25487.18
C01603,2024-01,22799.780000000002
C01603,2024-03,7781.05
C01603,2024-04,27246.76
C01603,2024-05,62799.32000000001
C01603,2024-06,31033.45
C01603,2024-07,5010.57
C01603,2024-08,32338.59
C01603,2024-09,3602.06
C01603,2024-10,42909.88
C01603,2024-11,15029.04
C01603,2024-12,950.66
C01603,2025-01,4979.18
C01603,2025-05,88078.74
C01603,2025-06,676.45
C01603,2025-07,18807.16
C01603,2025-08,10793.68
C01603,2025-09,16011.439999999999
C01603,2025-10,2110.11
C01603,2025-11,1094.71
C01603,2025-12,10706.24
C01604,2024-01,71755.67
C01604,2024-02,10009.08
C01604,2024-03,551.7
C01604,2024-04,39122.88
C01604,2024-05,728.31
C01604,2024-06,39391.009999999995
C01604,2024-07,53468.93
C01604,2024-08,10274.5
C01604,2024-09,6339.35
C01604,2024-10,24779.79
C01604,2024-11,16853.07
C01604,2024-12,20931.34
C01604,2025-01,42646.119999999995
C01604,2025-02,1401.93
C01604,2025-04,969.69
C01604,2025-05,1079.46
C01604,2025-07,19941.920000000002
C01604,2025-10,17866.52
C01604,2025-11,19878.99
C01604,2025-12,74093.70999999999
C01605,2024-01,10168.18
C01605,2024-03,10588.51
C01605,2024-04,397.05
C01605,2024-05,1885.88
C01605,2024-06,44214.869999999995
C01605,2024-07,11318.83
C01605,2024-08,11114.779999999999
C01605,2024-09,1697.26
C01605,2024-10,1602.77
C01605,2024-11,3783.45
C01605,2024-12,9226.59
C01605,2025-01,7338.01
C01605,2025-02,11055.46
C01605,2025-03,42893.21
C01605,2025-04,24003.75
C01605,2025-06,18165.71
C01605,2025-07,15373.78
C01605,2025-08,4241.889999999999
C01605,2025-09,353.1
C01605,2025-10,23378.87
C01605,2025-12,22141.190000000002
C01606,2024-01,9010.58
C01606,2024-02,5395.17
C01606,2024-03,79290.38
C01606,2024-04,2668.28
C01606,2024-05,17885.23
C01606,2024-06,1068.26
C01606,2024-07,5442.459999999999
C01606,2024-08,16194.09
C01606,2024-09,1351.07
C01606,2024-10,1364.11
C01606,2024-11,5947.66
C01606,2025-01,4203.4800000000005
C01606,2025-03,48774.229999999996
C01606,2025-04,7264.81
C01606,2025-05,2489.94
C01606,2025-06,4067.39
C01606,2025-09,31299.549999999996
C01606,2025-10,2973.5
C01606,2025-11,268.9
C01606,2025-12,2387.65
C01607,2024-01,7786.41
C01607,2024-02,21551.58
C01607,2024-03,16161.17
C01607,2024-04,47315.97
C01607,2024-05,51101.41
C01607,2024-06,3982.05
C01607,2024-07,62420.450000000004
C01607,2024-08,12478.26
C01607,2024-11,14142.19
C01607,2024-12,59245.67999999999
C01607,2025-01,2641.66
C01607,2025-02,2309.71
C01607,2025-03,13115.869999999999
C01607,2025-05,4473.110000000001
C01607,2025-06,6505.07
C01607,2025-07,4742.98
C01607,2025-08,15084.29
C01607,2025-09,14549.93
C01607,2025-10,351.19
C01607,2025-12,2228.47
C01608,2024-03,85394.49
C01608,2024-04,1831.46
C01608,2024-06,20439.22
C01608,2024-07,2525.7400000000002
C01608,2024-08,9217.380000000001
C01608,2024-09,11064.67
C01608,2024-10,34732.32
C01608,2024-11,8627.99
C01608,2024-12,37609.84
C01608,2025-01,18014.61
C01608,2025-03,10259.66
C01608,2025-04,3106.64
C01608,2025-05,3003.37
C01608,2025-07,1733.03
C01608,2025-08,1472.82
C01608,2025-09,2579.61
C01608,2025-11,8864.560000000001
C01608,2025-12,1648.0900000000001
C01609,2024-01,10276.71
C01609,2024-03,15359.970000000001
C01609,2024-04,5961.15
C01609,2024-05,4946.57
C01609,2024-08,4183.2
C01609,2024-09,1727.1
C01609,2024-10,10537.47
C01609,2024-11,56875.47
C01609,2024-12,4598.83
C01609,2025-01,15664.91
C01609,2025-02,13653.89
C01609,2025-03,20225.129999999997
C01609,2025-04,18317.34
C01609,2025-05,77621.64
C01609,2025-06,23370.960000000003
C01609,2025-07,1201.62
C01609,2025-08,5964.62
C01609,2025-09,1750.41
C01609,2025-10,48603.62
C01609,2025-11,12998.900000000001
C01610,2024-01,54611.409999999996
C01610,2024-02,3488.31
C01610,2024-04,1920.67
C01610,2024-05,20331.019999999997
C01610,2024-06,719.55
C01610,2024-08,27230.940000000002
C01610,2024-11,1073.79
C01610,2024-12,1437.87
C01610,2025-01,12028.75
C01610,2025-02,30118.78
C01610,2025-03,4947.33
C01610,2025-04,5144.7300000000005
C01610,2025-05,16501.98
C01610,2025-06,3011.4700000000003
C01610,2025-07,54325.92
C01610,2025-08,50112.85
C01610,2025-09,48843.36
C01610,2025-10,2363.55
C01610,2025-12,1978.27
C01611,2024-01,12160.09
C01611,2024-02,84953.06999999999
C01611,2024-03,1971.7
C01611,2024-04,2418.35
C01611,2024-05,18589.9
C01611,2024-06,6473.42
C01611,2024-07,6928.52
C01611,2024-08,5667.870000000001
C01611,2024-09,7725.35
C01611,2024-10,12041.13
C01611,2024-11,2751.34
C01611,2024-12,769.81
C01611,2025-01,2403.4
C01611,2025-02,2715.09
C01611,2025-03,3107.6400000000003
C01611,2025-04,7220.68
C01611,2025-05,26953.54
C01611,2025-06,18734.72
C01611,2025-07,1427.45
C01611,2025-08,1318.01
C01611,2025-09,13327.24
C01611,2025-10,11277.49
C01611,2025-11,7711.66
C01611,2025-12,24427.19
C01612,2024-02,12939.19
C01612,2024-03,4419.21
C01612,2024-04,1903.86
C01612,2024-05,47056.36
C01612,2024-06,37046.89
C01612,2024-07,18412.68
C01612,2024-08,54833.020000000004
C01612,2024-10,2838.7
C01612,2024-11,1518.22
C01612,2024-12,21155.23
C01612,2025-01,36529.979999999996
C01612,2025-02,13653.61
C01612,2025-03,22959.86
C01612,2025-05,18894.14
C01612,2025-06,46775.170000000006
C01612,2025-07,8371.45
C01612,2025-08,7132.3
C01612,2025-09,31913.08
C01613,2024-01,31357.47
C01613,2024-02,2001.25
C01613,2024-03,5145.52
C01613,2024-07,54632.79
C01613,2024-08,19540.760000000002
C01613,2024-12,8778.92
C01613,2025-02,37985.67
C01613,2025-03,18113.3
C01613,2025-04,86439.22
C01613,2025-05,2541.42
C01613,2025-06,54376.909999999996
C01613,2025-07,2935.54
C01613,2025-08,25631.29
C01613,2025-10,19884.9
C01613,2025-11,17452.61
C01613,2025-12,2802.13
C01614,2024-01,18209.27
C01614,2024-02,20661.95
C01614,2024-03,69481.99
C01614,2024-04,19368.62
C01614,2024-05,46047.24
C01614,2024-06,23290.72
C01614,2024-07,34989.6
C01614,2024-08,3535.46
C01614,2024-09,3018.59
C01614,2024-12,59519.91
C01614,2025-03,12324.79
C01614,2025-05,30605.010000000002
C01614,2025-07,3706.8
C01614,2025-08,4338.0199999999995
C01614,2025-10,24055.52
C01614,2025-11,2529.92
C01615,2024-01,2626.76
C01615,2024-03,1016.86
C01615,2024-04,32272.98
C01615,2024-05,1570.26
C01615,2024-06,821.54
C01615,2024-07,750.22
C01615,2024-09,1368.02
C01615,2024-10,1167.82
C01615,2025-01,3939.1400000000003
C01615,2025-02,12263.26
C01615,2025-04,181.08
C01615,2025-05,23381.77
C01615,2025-06,3994.12
C01615,2025-07,1092.93
C01615,2025-09,15678.8
C01615,2025-11,20252.38
C01615,2025-12,15381.35
C01616,2024-01,2215.89
C01616,2024-03,5035.34
C01616,2024-04,16864.75
C01616,2024-05,9004.03
C01616,2024-06,24362.309999999998
C01616,2024-08,9509.43
C01616,2024-09,5721.97
C01616,2024-11,851.73
C01616,2024-12,13359.78
C01616,2025-01,23919.56
C01616,2025-03,13870.76
C01616,2025-04,6180.63
C01616,2025-05,10541.45
C01616,2025-06,26681.219999999998
C01616,2025-07,12942.460000000001
C01616,2025-09,36606.15
C01616,2025-10,15181.93
C01616,2025-11,3060.57
C01616,2025-12,42465.89
C01617,2024-02,8272.14
C01617,2024-03,33772.630000000005
C01617,2024-04,1885.1599999999999
C01617,2024-05,9342.24
C01617,2024-06,7627.54
C01617,2024-07,947.61
C01617,2024-08,36170.45
C01617,2024-09,11537.14
C01617,2024-10,31859.22
C01617,2024-11,27938.239999999998
C01617,2025-01,51430.27
C01617,2025-02,40040.28
C01617,2025-03,19341.36
C01617,2025-04,1735.24
C01617,2025-05,5590.54
C01617,2025-06,1657.05
C01617,2025-08,1681.46
C01617,2025-09,2123.7
C01617,2025-10,1924.06
C01618,2024-02,44005.34
C01618,2024-04,9228.81
C01618,2024-05,7133.389999999999
C01618,2024-07,48304.409999999996
C01618,2024-08,33140.42
C01618,2024-09,2867.14
C01618,2024-10,18038.739999999998
C01618,2025-01,26343.24
C01618,2025-02,12937.02
C01618,2025-03,17705.63
C01618,2025-04,6125.16
C01618,2025-05,9176.99
C01618,2025-06,21814.48
C01618,2025-07,4274.79
C01618,2025-08,2143.99
C01618,2025-09,7462.049999999999
C01618,2025-10,4105.44
C01618,2025-11,2971.75
C01619,2024-01,39986.29
C01619,2024-02,2251.33
C01619,2024-03,8275.4
C01619,2024-04,6237.88
C01619,2024-05,23581.89
C01619,2024-06,1975.42
C01619,2024-07,3675.35
C01619,2024-09,3866.06
C01619,2024-11,41728.35
C01619,2024-12,17880.54
C01619,2025-02,8564.64
C01619,2025-03,4523.72
C01619,2025-04,21113.75
C01619,2025-06,1558.55
C01619,2025-07,16024.0
C01619,2025-08,4117.4
C01619,2025-09,1288.55
C01619,2025-10,52073.020000000004
C01619,2025-11,717.74
C01619,2025-12,3928.57
C01620,2024-01,768.37
C01620,2024-03,15797.12
C01620,2024-05,17772.77
C01620,2024-06,6613.74
C01620,2024-07,1359.38
C01620,2024-08,2300.69
C01620,2024-11,6372.620000000001
C01620,2024-12,8843.5
C01620,2025-01,4096.99
C01620,2025-02,6229.01
C01620,2025-03,64024.13
C01620,2025-05,1582.86
C01620,2025-06,26027.74
C01620,2025-09,47641.81999999999
C01620,2025-10,54690.99
C01620,2025-12,23776.039999999997
C01621,2024-01,1725.8400000000001
C01621,2024-03,14167.59
C01621,2024-05,6415.21
C01621,2024-06,17383.260000000002
C01621,2024-07,31129.28
C01621,2024-08,19257.53
C01621,2024-10,2158.78
C01621,2024-12,2559.72
C01621,2025-02,5921.03
C01621,2025-03,20521.79
C01621,2025-06,13238.650000000001
C01621,2025-07,40602.78
C01621,2025-08,10972.25
C01621,2025-09,16265.81
C01621,2025-10,43409.72
C01621,2025-11,4007.01
C01622,2024-01,18398.09
C01622,2024-02,41420.91
C01622,2024-03,11741.69
C01622,2024-04,6119.62
C01622,2024-06,57771.450000000004
C01622,2024-08,6316.07
C01622,2024-10,24541.739999999998
C01622,2024-11,19631.43
C01622,2024-12,7735.320000000001
C01622,2025-02,15409.32
C01622,2025-03,15104.98
C01622,2025-05,8193.58
C01622,2025-06,14401.060000000001
C01622,2025-08,7355.07
C01622,2025-09,24934.379999999997
C01622,2025-10,1625.22
C01622,2025-11,1611.19
C01622,2025-12,4892.84
C01623,2024-01,2390.47
C01623,2024-02,243.4
C01623,2024-03,4260.58
C01623,2024-04,46514.61
C01623,2024-05,52865.600000000006
C01623,2024-06,28502.33
C01623,2024-08,7383.82
C01623,2024-09,2732.17
C01623,2024-10,5370.17
C01623,2025-01,592.81
C01623,2025-02,1360.58
C01623,2025-03,768.54
C01623,2025-04,17335.51
C01623,2025-05,242.33
C01623,2025-07,5407.91
C01623,2025-09,13111.5
C01623,2025-10,3915.89
C01623,2025-12,32582.69
C01624,2024-01,5333.84
C01624,2024-02,423.55
C01624,2024-03,1291.06
C01624,2024-04,25649.78
C01624,2024-05,471.07
C01624,2024-06,2012.02
C01624,2024-07,5478.3
C01624,2024-08,8551.74
C01624,2024-09,31436.11
C01624,2024-10,28043.91
C01624,2025-01,935.03
C01624,2025-02,6461.39
C01624,2025-03,2366.76
C01624,2025-04,50370.740000000005
C01624,2025-05,13040.880000000001
C01624,2025-06,49824.119999999995
C01624,2025-08,963.1
C01624,2025-09,4617.31
C01624,2025-11,57124.92
C01624,2025-12,57438.11
C01625,2024-01,62302.04
C01625,2024-02,3627.96
C01625,2024-03,64896.39
C01625,2024-05,4792.25
C01625,2024-06,48743.22
C01625,2024-07,8231.89
C01625,2024-09,22436.35
C01625,2024-10,54122.67999999999
C01625,2024-11,9130.77
C01625,2025-01,651.74
C01625,2025-03,5515.030000000001
C01625,2025-04,11455.84
C01625,2025-05,5654.23
C01625,2025-06,11775.56
C01625,2025-08,22734.100000000002
C01625,2025-09,4643.24
C01625,2025-10,25019.58
C01625,2025-11,113010.28
C01626,2024-02,2804.9
C01626,2024-03,17010.95
C01626,2024-04,2298.77
C01626,2024-05,8439.880000000001
C01626,2024-06,7590.57
C01626,2024-07,43529.34
C01626,2024-08,31371.46
C01626,2024-09,33716.45
C01626,2024-10,12563.37
C01626,2024-11,8932.28
C01626,2025-01,38305.2
C01626,2025-02,2885.52
C01626,2025-05,11655.640000000001
C01626,2025-07,1776.54
C01626,2025-09,18620.25
C01626,2025-10,2867.78
C01626,2025-12,37450.9
C01627,2024-01,33877.22
C01627,2024-02,3088.81
C01627,2024-03,3520.23
C01627,2024-04,966.37
C01627,2024-05,6614.44
C01627,2024-07,18347.05
C01627,2024-08,5213.5
C01627,2024-09,58316.55
C01627,2024-10,66355.84
C01627,2024-11,1784.15
C01627,2024-12,78531.71
C01627,2025-01,2559.93
C01627,2025-03,33709.18
C01627,2025-05,75579.20999999999
C01627,2025-07,28900.34
C01627,2025-09,9859.48
C01627,2025-11,2666.85
C01627,2025-12,2921.7
C01628,2024-01,1405.67
C01628,2024-02,17995.37
C01628,2024-03,31013.66
C01628,2024-04,26609.98
C01628,2024-05,12463.92
C01628,2024-06,2740.27
C01628,2024-07,17163.01
C01628,2024-08,348.77
C01628,2024-09,8441.43
C01628,2024-10,1832.78
C01628,2024-11,26818.329999999998
C01628,2024-12,19336.01
C01628,2025-01,13482.74
C01628,2025-03,49037.45
C01628,2025-04,6504.34
C01628,2025-06,73019.17
C01628,2025-08,4437.71
C01628,2025-09,14494.55
C01628,2025-10,20388.690000000002
C01628,2025-12,23252.66
C01629,2024-01,1443.09
C01629,2024-02,719.57
C01629,2024-03,38957.1
C01629,2024-04,14302.73
C01629,2024-05,21742.18
C01629,2024-06,63183.54
C01629,2024-09,15498.970000000001
C01629,2024-10,53834.36
C01629,2024-11,2397.43
C01629,2024-12,23884.36
C01629,2025-03,5845.5
C01629,2025-05,8674.32
C01629,2025-06,2164.92
C01629,2025-07,9888.630000000001
C01629,2025-08,2503.27
C01629,2025-10,41067.55
C01629,2025-12,10442.64
C01630,2024-01,4664.28
C01630,2024-02,35432.94
C01630,2024-04,29716.089999999997
C01630,2024-05,758.39
C01630,2024-07,6087.55
C01630,2024-08,28500.399999999998
C01630,2024-09,16783.28
C01630,2024-10,11641.49
C01630,2024-11,7948.75
C01630,2025-01,26693.04
C01630,2025-02,7105.91
C01630,2025-03,20549.149999999998
C01630,2025-04,44148.369999999995
C01630,2025-05,48990.520000000004
C01630,2025-06,41716.14
C01630,2025-07,87262.23
C01630,2025-08,8810.240000000002
C01630,2025-09,88140.73
C01630,2025-10,2446.83
C01630,2025-11,230.63
C01630,2025-12,2117.43
C01631,2024-02,1165.67
C01631,2024-03,4857.3
C01631,2024-04,7818.99
C01631,2024-05,2478.79
C01631,2024-06,31339.420000000002
C01631,2024-07,2932.31
C01631,2024-08,431.74
C01631,2024-09,42930.43
C01631,2024-10,10338.05
C01631,2024-11,24733.04
C01631,2024-12,58629.689999999995
C01631,2025-01,14695.21
C01631,2025-02,16165.079999999998
C01631,2025-03,3373.91
C01631,2025-05,24390.27
C01631,2025-06,52981.04
C01631,2025-07,17585.79
C01631,2025-08,14140.08
C01631,2025-09,14663.73
C01631,2025-10,25909.48
C01632,2024-01,3244.09
C01632,2024-03,37789.34
C01632,2024-04,3501.84
C01632,2024-05,530.15
C01632,2024-06,1512.94
C01632,2024-07,10588.61
C01632,2024-08,20586.11
C01632,2024-10,9981.45
C01632,2024-11,1395.51
C01632,2024-12,21117.95
C01632,2025-01,3540.1800000000003
C01632,2025-05,24311.81
C01632,2025-06,2920.71
C01632,2025-08,1417.05
C01632,2025-12,761.19
C01633,2024-02,28655.34
C01633,2024-03,36829.37
C01633,2024-05,10559.119999999999
C01633,2024-06,16971.77
C01633,2024-07,1079.42
C01633,2024-08,1643.99
C01633,2024-10,17611.95
C01633,2024-11,10390.85
C01633,2025-01,6244.95
C01633,2025-02,8307.38
C01633,2025-03,2859.35
C01633,2025-05,12801.08
C01633,2025-07,936.6
C01633,2025-08,1037.46
C01633,2025-10,4327.21
C01633,2025-11,6238.4
C01633,2025-12,3707.64
C01634,2024-01,6570.389999999999
C01634,2024-02,13267.27
C01634,2024-03,66528.06999999999
C01634,2024-07,12079.9
C01634,2024-08,7803.87
C01634,2024-09,19548.04
C01634,2024-10,67049.67
C01634,2024-11,3642.32
C01634,2024-12,22568.84
C01634,2025-01,6869.78
C01634,2025-03,47286.91
C01634,2025-05,3910.91
C01634,2025-06,5550.71
C01634,2025-07,10195.45
C01634,2025-09,936.25
C01634,2025-10,2747.42
C01634,2025-11,18177.510000000002
C01634,2025-12,19974.57
C01635,2024-01,11599.3
C01635,2024-02,4038.99
C01635,2024-03,817.8
C01635,2024-04,6211.49
C01635,2024-05,63572.67
C01635,2024-07,42637.509999999995
C01635,2024-08,25251.760000000002
C01635,2024-09,1223.98
C01635,2024-10,21243.64
C01635,2024-11,53577.05
C01635,2025-01,890.18
C01635,2025-02,5009.07
C01635,2025-03,18574.02
C01635,2025-04,2289.51
C01635,2025-05,5951.7
C01635,2025-07,19882.23
C01635,2025-08,62262.89
C01635,2025-10,26652.66
C01635,2025-12,26281.51
C01636,2024-01,15633.82
C01636,2024-02,18653.82
C01636,2024-03,36801.44
C01636,2024-04,16872.94
C01636,2024-05,19083.1
C01636,2024-06,6686.65
C01636,2024-08,13553.08
C01636,2024-09,52357.74
C01636,2024-10,11797.21
C01636,2024-11,210.72
C01636,2024-12,162.58
C01636,2025-01,546.08
C01636,2025-02,16285.900000000001
C01636,2025-04,71341.09
C01636,2025-05,7641.37
C01636,2025-06,3527.09
C01636,2025-07,2193.63
C01636,2025-08,28183.59
C01636,2025-09,80001.78
C01636,2025-10,6153.59
C01636,2025-11,34016.68
C01636,2025-12,1257.82
C01637,2024-01,19329.46
C01637,2024-03,1800.2
C01637,2024-04,31596.649999999998
C01637,2024-05,14557.83
C01637,2024-07,2496.98
C01637,2024-08,10927.91
C01637,2024-09,3374.4
C01637,2024-10,6091.55
C01637,2024-11,4069.45
C01637,2024-12,1897.27
C01637,2025-03,1427.37
C01637,2025-04,17435.51
C01637,2025-05,3857.2799999999997
C01637,2025-06,260.16
C01637,2025-07,882.03
C01637,2025-09,15990.62
C01637,2025-10,204.65
C01637,2025-11,7249.58
C01637,2025-12,4598.93
C01638,2024-02,1639.2
C01638,2024-03,30123.089999999997
C01638,2024-04,36871.229999999996
C01638,2024-05,5968.14
C01638,2024-06,20500.02
C01638,2024-08,9651.67
C01638,2024-09,11901.07
C01638,2024-10,13322.74
C01638,2024-12,41336.9
C01638,2025-01,32861.8
C01638,2025-02,14843.509999999998
C01638,2025-03,23622.65
C01638,2025-04,19810.03
C01638,2025-05,2689.57
C01638,2025-06,3759.39
C01638,2025-07,3378.27
C01638,2025-08,42288.7
C01638,2025-09,649.65
C01638,2025-10,12428.82
C01638,2025-11,9290.12
C01638,2025-12,46266.090000000004
C01639,2024-01,24848.77
C01639,2024-02,2964.77
C01639,2024-03,19444.1
C01639,2024-04,11612.89
C01639,2024-05,4562.33
C01639,2024-06,14706.66
C01639,2024-08,1454.44
C01639,2024-09,17161.14
C01639,2024-10,9731.18
C01639,2024-11,2033.6699999999998
C01639,2024-12,877.07
C01639,2025-03,39451.75
C01639,2025-04,8686.41
C01639,2025-05,25361.72
C01639,2025-07,1449.02
C01639,2025-08,4881.75
C01639,2025-10,17134.66
C01639,2025-11,26317.3
C01639,2025-12,19939.530000000002
C01640,2024-01,7464.97
C01640,2024-02,36737.380000000005
C01640,2024-03,26573.29
C01640,2024-04,5514.68
C01640,2024-05,1084.29
C01640,2024-06,32313.51
C01640,2024-08,19666.81
C01640,2024-09,9765.24
C01640,2024-10,622.7
C01640,2024-11,1619.98
C01640,2024-12,17441.33
C01640,2025-01,4219.28
C01640,2025-02,5412.719999999999
C01640,2025-03,13957.829999999998
C01640,2025-04,47925.58
C01640,2025-05,39685.57
C01640,2025-06,4478.46
C01640,2025-10,3930.5
C01640,2025-12,33087.46
C01641,2024-02,15916.91
C01641,2024-03,2474.8
C01641,2024-05,40352.28
C01641,2024-06,2278.01
C01641,2024-07,4091.18
C01641,2024-08,14694.06
C01641,2024-09,1515.52
C01641,2024-11,4272.02
C01641,2024-12,2229.61
C01641,2025-01,3632.56
C01641,2025-03,31959.390000000003
C01641,2025-05,35599.08
C01641,2025-06,6535.139999999999
C01641,2025-07,39064.58
C01641,2025-08,49679.76
C01641,2025-09,11020.25
C01641,2025-10,5192.14
C01641,2025-11,9182.2
C01642,2024-01,11156.02
C01642,2024-02,21487.41
C01642,2024-03,75290.53
C01642,2024-04,9651.06
C01642,2024-08,45316.770000000004
C01642,2024-11,93932.86
C01642,2024-12,1581.42
C01642,2025-01,1563.8
C01642,2025-02,7361.26
C01642,2025-03,5190.12
C01642,2025-04,17124.89
C01642,2025-05,32379.19
C01642,2025-06,1362.38
C01642,2025-07,51103.29
C01642,2025-08,10158.41
C01642,2025-09,1513.74
C01642,2025-11,11610.27
C01642,2025-12,1893.62
C01643,2024-01,5864.83
C01643,2024-02,24183.93
C01643,2024-03,4545.16
C01643,2024-04,15057.27
C01643,2024-05,21322.6
C01643,2024-07,1979.49
C01643,2024-08,13177.91
C01643,2024-09,622.92
C01643,2024-10,3147.84
C01643,2024-11,7368.7699999999995
C01643,2025-01,18679.190000000002
C01643,2025-02,600.57
C01643,2025-03,20988.09
C01643,2025-05,3074.02
C01643,2025-06,1590.87
C01643,2025-08,42155.94
C01643,2025-09,1172.84
C01643,2025-11,11868.92
C01643,2025-12,2176.99
C01644,2024-01,9547.21
C01644,2024-02,7110.469999999999
C01644,2024-03,9931.25
C01644,2024-04,3477.86
C01644,2024-05,19811.44
C01644,2024-06,1688.21
C01644,2024-07,37718.1
C01644,2024-08,1695.52
C01644,2024-09,17851.03
C01644,2024-10,8377.32
C01644,2024-11,5359.79
C01644,2024-12,39704.01
C01644,2025-01,765.97
C01644,2025-02,5928.44
C01644,2025-03,1599.83
C01644,2025-05,2513.46
C01644,2025-06,71634.45999999999
C01644,2025-07,6816.91
C01644,2025-08,15707.73
C01644,2025-09,36064.46
C01644,2025-11,28373.66
C01645,2024-01,47222.69
C01645,2024-02,10998.4
C01645,2024-04,13608.19
C01645,2024-05,10942.08
C01645,2024-06,11314.2
C01645,2024-07,39339.52
C01645,2024-08,9264.289999999999
C01645,2024-10,899.61
C01645,2024-11,11314.93
C01645,2024-12,2889.8
C01645,2025-01,17216.239999999998
C01645,2025-03,5020.91
C01645,2025-04,32478.42
C01645,2025-05,7495.21
C01645,2025-06,2594.05
C01645,2025-07,9459.37
C01645,2025-08,12528.24
C01645,2025-09,40245.49
C01645,2025-11,1386.96
C01645,2025-12,19014.219999999998
C01646,2024-01,12266.62
C01646,2024-02,2501.85
C01646,2024-03,3555.26
C01646,2024-04,17215.7
C01646,2024-05,6577.19
C01646,2024-06,20694.34
C01646,2024-07,6284.7
C01646,2024-08,1168.76
C01646,2024-09,14382.27
C01646,2024-11,1396.21
C01646,2025-03,17346.7
C01646,2025-04,7962.0199999999995
C01646,2025-05,7855.68
C01646,2025-06,15062.75
C01646,2025-07,4416.64
C01646,2025-08,5209.98
C01646,2025-09,10465.18
C01646,2025-10,2716.07
C01646,2025-11,62019.53
C01646,2025-12,53482.88
C01647,2024-01,2993.0299999999997
C01647,2024-03,5972.01
C01647,2024-06,65019.02
C01647,2024-07,11654.7
C01647,2024-08,18328.26
C01647,2024-09,24427.61
C01647,2024-10,1891.33
C01647,2024-12,12371.37
C01647,2025-01,424.31
C01647,2025-02,32181.68
C01647,2025-03,1801.21
C01647,2025-05,46316.85
C01647,2025-06,1404.44
C01647,2025-07,4660.8
C01647,2025-08,7649.73
C01647,2025-10,32952.020000000004
C01647,2025-11,16802.88
C01648,2024-01,39372.45
C01648,2024-03,4779.469999999999
C01648,2024-04,10354.48
C01648,2024-05,1732.94
C01648,2024-06,47294.16
C01648,2024-08,10113.73
C01648,2024-10,34735.82
C01648,2024-11,18392.34
C01648,2025-01,20587.13
C01648,2025-04,4698.19
C01648,2025-05,3923.83
C01648,2025-06,13090.65
C01648,2025-08,1860.18
C01648,2025-10,4593.3
C01648,2025-12,862.2
C01649,2024-01,26171.15
C01649,2024-02,3271.67
C01649,2024-03,1545.88
C01649,2024-04,534.67
C01649,2024-05,7053.71
C01649,2024-06,36720.62
C01649,2024-07,23680.67
C01649,2024-10,16118.82
C01649,2024-11,2148.97
C01649,2025-01,10277.66
C01649,2025-02,3466.94
C01649,2025-03,956.66
C01649,2025-04,8660.2
C01649,2025-05,9788.64
C01649,2025-07,2522.55
C01649,2025-08,14377.880000000001
C01649,2025-09,14994.19
C01649,2025-12,49156.990000000005
C01650,2024-02,7181.07
C01650,2024-03,1275.71
C01650,2024-04,6081.35
C01650,2024-06,49947.32
C01650,2024-07,18139.1
C01650,2024-08,5428.11
C01650,2024-09,3168.12
C01650,2024-11,914.85
C01650,2024-12,576.24
C01650,2025-01,1381.07
C01650,2025-02,20787.04
C01650,2025-03,53332.1
C01650,2025-04,67433.6
C01650,2025-07,13493.98
C01650,2025-08,1998.12
C01650,2025-09,1927.8700000000001
C01650,2025-10,4060.08
C01650,2025-11,50130.58
C01650,2025-12,28621.92
C01651,2024-01,24368.21
C01651,2024-02,7811.9400000000005
C01651,2024-03,1357.72
C01651,2024-06,47716.18
C01651,2024-08,5616.990000000001
C01651,2024-09,205.77
C01651,2024-10,2518.56
C01651,2024-11,69101.31999999999
C01651,2024-12,3355.13
C01651,2025-01,50041.240000000005
C01651,2025-02,15608.47
C01651,2025-04,3853.92
C01651,2025-05,18540.28
C01651,2025-07,603.1
C01651,2025-09,16990.63
C01651,2025-10,19911.480000000003
C01651,2025-11,25901.600000000002
C01651,2025-12,3678.1400000000003
C01652,2024-01,484.5
C01652,2024-03,25692.77
C01652,2024-04,5419.1900000000005
C01652,2024-07,14396.88
C01652,2024-10,3189.63
C01652,2024-11,30727.899999999998
C01652,2024-12,67183.2
C01652,2025-01,13568.13
C01652,2025-02,14619.62
C01652,2025-03,4653.14
C01652,2025-04,18949.489999999998
C01652,2025-07,974.35
C01652,2025-08,24096.52
C01652,2025-09,6036.59
C01652,2025-10,8843.09
C01652,2025-11,14311.08
C01652,2025-12,15188.150000000001
C01653,2024-01,56182.14
C01653,2024-02,2226.18
C01653,2024-03,2660.27
C01653,2024-07,665.16
C01653,2024-08,47859.76000000001
C01653,2024-09,12219.07
C01653,2024-11,2402.61
C01653,2024-12,49477.67
C01653,2025-01,6438.08
C01653,2025-02,46166.79
C01653,2025-03,21219.53
C01653,2025-04,9490.27
C01653,2025-05,7944.1900000000005
C01653,2025-06,71465.26
C01653,2025-07,45314.61
C01653,2025-09,13895.08
C01653,2025-10,207.91
C01653,2025-12,5758.139999999999
C01654,2024-01,12245.77
C01654,2024-02,27441.53
C01654,2024-03,34449.94
C01654,2024-04,40911.77
C01654,2024-05,33663.43
C01654,2024-06,5497.37
C01654,2024-07,2825.78
C01654,2024-08,35845.71
C01654,2024-09,20629.78
C01654,2024-10,31543.33
C01654,2024-11,12931.54
C01654,2024-12,22453.57
C01654,2025-01,1125.22
C01654,2025-02,11021.58
C01654,2025-04,16380.78
C01654,2025-06,2522.25
C01654,2025-07,2006.56
C01654,2025-08,12286.64
C01654,2025-11,56210.659999999996
C01654,2025-12,21932.96
C01655,2024-01,3800.18
C01655,2024-02,13275.56
C01655,2024-03,13132.7
C01655,2024-04,1416.01
C01655,2024-05,19764.129999999997
C01655,2024-07,28741.39
C01655,2024-08,5157.719999999999
C01655,2024-09,2533.83
C01655,2024-11,2417.42
C01655,2024-12,8739.85
C01655,2025-01,1678.24
C01655,2025-02,49816.53
C01655,2025-04,15489.87
C01655,2025-05,2174.92
C01655,2025-06,47698.130000000005
C01655,2025-07,4005.6
C01655,2025-08,90864.9
C01655,2025-10,2238.35
C01655,2025-11,24713.98
C01655,2025-12,24762.41
C01656,2024-01,16658.39
C01656,2024-02,12221.1
C01656,2024-03,1420.09
C01656,2024-04,29753.77
C01656,2024-05,25182.87
C01656,2024-06,14941.74
C01656,2024-07,10503.970000000001
C01656,2024-08,38244.65
C01656,2024-09,6283.37
C01656,2024-10,2057.16
C01656,2024-12,4810.4
C01656,2025-01,7872.7699999999995
C01656,2025-02,4681.61
C01656,2025-03,4385.65
C01656,2025-04,3398.37
C01656,2025-05,8058.42
C01656,2025-06,24344.2
C01656,2025-07,35199.14
C01656,2025-08,9756.91
C01656,2025-12,28269.38
C01657,2024-01,14300.630000000001
C01657,2024-03,56618.42
C01657,2024-04,62768.18
C01657,2024-05,6334.54
C01657,2024-06,12007.09
C01657,2024-07,11984.14
C01657,2024-08,1723.92
C01657,2024-09,749.85
C01657,2024-10,29662.97
C01657,2024-11,33381.83
C01657,2024-12,17973.329999999998
C01657,2025-01,17942.89
C01657,2025-02,51982.3
C01657,2025-03,10244.05
C01657,2025-05,27901.14
C01657,2025-06,1015.69
C01657,2025-07,44713.67
C01657,2025-08,9467.69
C01657,2025-09,19309.239999999998
C01657,2025-10,2033.22
C01657,2025-11,27202.73
C01657,2025-12,4638.08
C01658,2024-01,16817.79
C01658,2024-03,16678.649999999998
C01658,2024-04,15204.740000000002
C01658,2024-05,3854.41
C01658,2024-07,48335.67
C01658,2024-08,20034.35
C01658,2024-09,3976.92
C01658,2024-11,19161.1
C01658,2024-12,25092.27
C01658,2025-01,30883.36
C01658,2025-02,11875.49
C01658,2025-03,7122.11
C01658,2025-04,12873.949999999999
C01658,2025-05,1268.75
C01658,2025-06,35268.38
C01658,2025-08,25696.46
C01658,2025-09,18960.41
C01658,2025-10,2592.62
C01659,2024-02,5053.09
C01659,2024-03,6564.18
C01659,2024-04,4722.04
C01659,2024-05,194.09
C01659,2024-06,4185.81
C01659,2024-08,16966.52
C01659,2024-09,4049.49
C01659,2024-10,14091.2
C01659,2024-11,37548.76
C01659,2024-12,1330.68
C01659,2025-01,7134.62
C01659,2025-02,1324.6
C01659,2025-05,6575.92
C01659,2025-06,1633.6
C01659,2025-08,36286.25
C01659,2025-09,51373.96
C01659,2025-10,3081.86
C01659,2025-11,17571.69
C01659,2025-12,19682.38
C01660,2024-01,54191.76
C01660,2024-02,24288.43
C01660,2024-03,3660.34
C01660,2024-04,9158.029999999999
C01660,2024-05,718.34
C01660,2024-06,11271.22
C01660,2024-07,11894.119999999999
C01660,2024-08,9103.34
C01660,2024-09,16160.75
C01660,2024-10,7943.67
C01660,2024-11,4050.16
C01660,2024-12,47694.2
C01660,2025-01,53622.39
C01660,2025-02,1938.24
C01660,2025-03,3654.5299999999997
C01660,2025-05,46409.329999999994
C01660,2025-06,3088.26
C01660,2025-07,5930.77
C01660,2025-08,2303.62
C01660,2025-09,15863.34
C01660,2025-10,1425.08
C01660,2025-11,3848.35
C01660,2025-12,15062.2
C01661,2024-01,7456.11
C01661,2024-02,13799.52
C01661,2024-03,10236.22
C01661,2024-04,12418.07
C01661,2024-06,15157.16
C01661,2024-07,3961.83
C01661,2024-08,57697.9
C01661,2024-09,34624.47
C01661,2024-10,1369.04
C01661,2024-11,1593.54
C01661,2024-12,56627.07
C01661,2025-04,12703.310000000001
C01661,2025-05,28087.62
C01661,2025-06,2378.49
C01661,2025-09,89445.26000000001
C01661,2025-10,38008.1
C01661,2025-12,54687.729999999996
C01662,2024-01,2554.8
C01662,2024-02,13311.76
C01662,2024-03,5919.8
C01662,2024-04,835.06
C01662,2024-05,8082.31
C01662,2024-06,32888.13
C01662,2024-07,19376.96
C01662,2024-08,13437.62
C01662,2024-09,9024.949999999999
C01662,2024-10,11731.09
C01662,2024-12,1501.13
C01662,2025-01,11130.32
C01662,2025-02,7634.5
C01662,2025-05,17500.65
C01662,2025-06,5298.59
C01662,2025-07,2108.15
C01662,2025-08,2279.54
C01662,2025-09,24431.1
C01662,2025-10,13801.37
C01662,2025-11,9214.65
C01662,2025-12,7700.96
C01663,2024-01,6716.07
C01663,2024-03,57909.1
C01663,2024-04,13718.34
C01663,2024-05,1239.84
C01663,2024-07,28918.379999999997
C01663,2024-09,6599.66
C01663,2024-10,8925.18
C01663,2024-11,2725.33
C01663,2025-02,676.16
C01663,2025-03,645.89
C01663,2025-04,26547.47
C01663,2025-05,23903.36
C01663,2025-06,1047.3
C01663,2025-07,3204.25
C01663,2025-08,1420.37
C01663,2025-09,18062.29
C01663,2025-10,17821.08
C01663,2025-11,2368.8
C01664,2024-01,20985.95
C01664,2024-02,829.93
C01664,2024-06,1633.05
C01664,2024-08,39342.51
C01664,2024-10,7388.32
C01664,2024-11,14719.44
C01664,2024-12,2767.93
C01664,2025-01,513.26
C01664,2025-02,6188.21
C01664,2025-03,62258.479999999996
C01664,2025-05,101059.1
C01664,2025-07,333.32
C01664,2025-08,954.85
C01664,2025-12,2460.23
C01665,2024-01,48384.899999999994
C01665,2024-02,1398.62
C01665,2024-04,12844.109999999999
C01665,2024-05,8562.41
C01665,2024-07,9930.28
C01665,2024-08,2366.26
C01665,2024-09,37964.020000000004
C01665,2024-10,16341.75
C01665,2024-11,470.96
C01665,2024-12,4833.67
C01665,2025-01,562.08
C01665,2025-02,22705.5
C01665,2025-03,8122.41
C01665,2025-04,2500.59
C01665,2025-05,2237.02
C01665,2025-07,6601.78
C01665,2025-09,521.16
C01665,2025-10,10398.54
C01665,2025-11,34405.55
C01666,2024-01,56835.11
C01666,2024-02,763.58
C01666,2024-03,3004.28
C01666,2024-04,9811.720000000001
C01666,2024-05,1217.21
C01666,2024-06,5159.14
C01666,2024-08,568.16
C01666,2024-10,3241.8599999999997
C01666,2024-11,30312.329999999998
C01666,2024-12,999.87
C01666,2025-01,5954.85
C01666,2025-02,17832.33
C01666,2025-03,7964.32
C01666,2025-04,2310.05
C01666,2025-05,716.07
C01666,2025-06,16227.179999999998
C01666,2025-07,11068.63
C01666,2025-10,7524.01
C01666,2025-11,10599.869999999999
C01666,2025-12,34931.87
C01667,2024-01,25294.35
C01667,2024-03,8723.4
C01667,2024-04,39044.43
C01667,2024-05,8609.86
C01667,2024-06,25808.36
C01667,2024-07,37819.01
C01667,2024-08,26529.519999999997
C01667,2024-09,8488.89
C01667,2024-11,1855.39
C01667,2024-12,34820.22
C01667,2025-02,61070.33
C01667,2025-03,42621.979999999996
C01667,2025-04,2623.12
C01667,2025-05,48045.53
C01667,2025-07,55702.8
C01667,2025-08,39544.87
C01667,2025-09,45988.89
C01667,2025-10,23513.88
C01667,2025-11,27129.51
C01667,2025-12,25637.64
C01668,2024-01,49089.05
C01668,2024-03,2637.99
C01668,2024-04,1613.28
C01668,2024-05,1107.95
C01668,2024-06,15849.22
C01668,2024-08,6083.05
C01668,2024-09,10706.98
C01668,2024-11,46721.15
C01668,2024-12,17441.7
C01668,2025-03,62862.85
C01668,2025-04,1035.14
C01668,2025-06,20675.49
C01668,2025-07,7725.95
C01668,2025-08,2092.25
C01668,2025-10,29400.710000000003
C01668,2025-11,3602.51
C01668,2025-12,3085.6
C01669,2024-01,24752.27
C01669,2024-02,13088.35
C01669,2024-04,19119.5
C01669,2024-05,3354.6000000000004
C01669,2024-07,33316.01
C01669,2024-08,11331.36
C01669,2025-01,2270.05
C01669,2025-02,38668.47
C01669,2025-03,18645.95
C01669,2025-04,31528.120000000003
C01669,2025-05,8200.46
C01669,2025-06,555.02
C01669,2025-07,59863.71
C01669,2025-08,58391.61
C01669,2025-09,39165.94
C01669,2025-10,4169.28
C01669,2025-11,10541.94
C01669,2025-12,4687.67
C01670,2024-01,6580.1900000000005
C01670,2024-02,48099.32
C01670,2024-03,2602.0
C01670,2024-04,18540.68
C01670,2024-06,14929.87
C01670,2024-08,36457.93
C01670,2024-09,722.84
C01670,2024-11,6438.03
C01670,2025-01,4823.61
C01670,2025-03,3022.95
C01670,2025-04,1047.18
C01670,2025-05,42343.14
C01670,2025-06,2426.05
C01670,2025-07,19607.09
C01670,2025-08,8834.51
C01670,2025-10,12256.119999999999
C01670,2025-11,6777.67
C01670,2025-12,23330.99
C01671,2024-01,1553.37
C01671,2024-02,25763.11
C01671,2024-03,7049.24
C01671,2024-05,31502.27
C01671,2024-07,28877.11
C01671,2024-08,3939.41
C01671,2024-09,19728.2
C01671,2024-10,11756.52
C01671,2024-12,318.0
C01671,2025-01,1701.6399999999999
C01671,2025-04,6925.55
C01671,2025-05,29295.27
C01671,2025-06,13882.22
C01671,2025-07,24190.48
C01671,2025-08,3051.29
C01671,2025-09,49488.47
C01671,2025-10,19568.23
C01671,2025-11,30314.09
C01671,2025-12,954.91
C01672,2024-01,4147.43
C01672,2024-02,10292.01
C01672,2024-03,8041.75
C01672,2024-04,34078.66
C01672,2024-05,53796.869999999995
C01672,2024-06,9126.13
C01672,2024-07,7126.69
C01672,2024-08,4788.5
C01672,2024-09,61509.03999999999
C01672,2024-10,68671.18000000001
C01672,2024-11,973.55
C01672,2024-12,470.25
C01672,2025-02,18068.69
C01672,2025-03,1827.8
C01672,2025-04,5172.17
C01672,2025-05,488.0
C01672,2025-06,30948.53
C01672,2025-07,20927.489999999998
C01672,2025-08,39398.71000000001
C01672,2025-09,2412.97
C01672,2025-10,2554.18
C01673,2024-01,7466.57
C01673,2024-02,39826.49
C01673,2024-03,14297.97
C01673,2024-05,39558.55
C01673,2024-06,44832.729999999996
C01673,2024-07,67216.84
C01673,2024-09,37881.350000000006
C01673,2024-10,3169.6800000000003
C01673,2024-11,5563.18
C01673,2024-12,2264.23
C01673,2025-01,5640.64
C01673,2025-03,1990.21
C01673,2025-06,14297.189999999999
C01673,2025-09,9733.12
C01673,2025-10,130165.35
C01673,2025-11,8871.67
C01673,2025-12,26883.59
C01674,2024-01,1317.23
C01674,2024-03,4241.4
C01674,2024-04,12074.97
C01674,2024-07,18806.63
C01674,2024-09,5196.68
C01674,2024-12,9968.19
C01674,2025-01,24521.289999999997
C01674,2025-02,35716.98
C01674,2025-03,9124.6
C01674,2025-04,70689.6
C01674,2025-05,30576.58
C01674,2025-07,389.74
C01674,2025-08,47072.53
C01674,2025-09,13088.82
C01674,2025-10,1833.65
C01674,2025-12,2936.25
C01675,2024-01,10949.41
C01675,2024-02,14752.04
C01675,2024-03,48543.96
C01675,2024-04,4040.45
C01675,2024-06,23866.62
C01675,2024-07,18306.95
C01675,2024-08,3215.56
C01675,2024-09,35274.61
C01675,2024-12,40935.96
C01675,2025-01,6690.97
C01675,2025-03,9620.789999999999
C01675,2025-04,21098.09
C01675,2025-05,32947.57
C01675,2025-06,1169.98
C01675,2025-07,1677.99
C01675,2025-09,11199.52
C01675,2025-11,55889.48
C01675,2025-12,1565.99
C01676,2024-01,3025.24
C01676,2024-02,11748.67
C01676,2024-03,12932.89
C01676,2024-04,6790.370000000001
C01676,2024-08,1379.21
C01676,2024-09,8898.68
C01676,2024-10,79668.86000000002
C01676,2024-11,10146.31
C01676,2024-12,3680.63
C01676,2025-01,1614.31
C01676,2025-02,9015.93
C01676,2025-04,33118.54
C01676,2025-05,509.46
C01676,2025-06,24119.89
C01676,2025-07,10779.71
C01676,2025-08,2161.13
C01676,2025-11,3196.52
C01676,2025-12,15429.72
C01677,2024-03,12157.92
C01677,2024-04,2761.76
C01677,2024-05,528.68
C01677,2024-07,57484.45
C01677,2024-08,14905.27
C01677,2024-09,16027.46
C01677,2024-10,19832.52
C01677,2024-12,38822.84
C01677,2025-01,35960.42
C01677,2025-03,17915.26
C01677,2025-04,2567.2999999999997
C01677,2025-06,5878.29
C01677,2025-07,10739.93
C01677,2025-08,1348.71
C01677,2025-10,667.13
C01677,2025-11,1763.17
C01677,2025-12,16910.51
C01678,2024-01,31468.72
C01678,2024-02,31605.5
C01678,2024-03,33267.100000000006
C01678,2024-04,34932.33
C01678,2024-05,8650.88
C01678,2024-06,5811.57
C01678,2024-07,1381.01
C01678,2024-08,21182.0
C01678,2024-09,1944.53
C01678,2024-10,16632.84
C01678,2024-11,5540.17
C01678,2024-12,34983.4
C01678,2025-01,24276.78
C01678,2025-02,5076.6
C01678,2025-04,1824.22
C01678,2025-05,3965.23
C01678,2025-07,30858.37
C01678,2025-08,2980.9700000000003
C01678,2025-09,40549.39
C01678,2025-10,12812.65
C01678,2025-11,2076.17
C01678,2025-12,53034.39
C01679,2024-02,3692.76
C01679,2024-03,3503.8900000000003
C01679,2024-04,971.28
C01679,2024-05,3040.1
C01679,2024-06,34525.78
C01679,2024-08,1761.05
C01679,2024-09,41925.09
C01679,2024-10,4605.83
C01679,2024-12,971.24
C01679,2025-02,20945.440000000002
C01679,2025-03,1285.39
C01679,2025-04,24125.61
C01679,2025-07,2073.41
C01679,2025-08,46678.47
C01679,2025-11,1285.07
C01679,2025-12,791.22
C01680,2024-03,19770.95
C01680,2024-04,49943.11
C01680,2024-05,12023.17
C01680,2024-06,4718.16
C01680,2024-07,65170.78999999999
C01680,2024-10,51687.590000000004
C01680,2024-11,3049.85
C01680,2024-12,33535.26
C01680,2025-01,2192.07
C01680,2025-02,25690.88
C01680,2025-03,22766.96
C01680,2025-04,9259.16
C01680,2025-05,4695.26
C01680,2025-06,2098.36
C01680,2025-07,435.07
C01680,2025-08,20722.08
C01680,2025-09,878.81
C01680,2025-10,44031.68
C01680,2025-11,28185.949999999997
C01680,2025-12,9777.82
C01681,2024-03,3119.2999999999997
C01681,2024-05,27610.51
C01681,2024-06,25705.66
C01681,2024-07,8408.36
C01681,2024-08,21497.59
C01681,2024-10,51226.47
C01681,2024-11,82296.23
C01681,2025-01,29567.02
C01681,2025-02,31748.170000000002
C01681,2025-04,2994.86
C01681,2025-05,5680.49
C01681,2025-06,994.54
C01681,2025-07,5935.64
C01681,2025-08,19632.010000000002
C01681,2025-09,18398.93
C01681,2025-10,23351.48
C01681,2025-11,2478.81
C01681,2025-12,575.39
C01682,2024-01,20747.760000000002
C01682,2024-03,11333.369999999999
C01682,2024-04,13573.119999999999
C01682,2024-05,25594.03
C01682,2024-07,30927.74
C01682,2024-08,39391.89
C01682,2024-09,19368.25
C01682,2024-10,2521.71
C01682,2024-11,19656.82
C01682,2024-12,1091.63
C01682,2025-01,6279.84
C01682,2025-02,964.8
C01682,2025-03,14947.990000000002
C01682,2025-04,4799.86
C01682,2025-05,34982.89
C01682,2025-06,1023.71
C01682,2025-07,5278.0599999999995
C01682,2025-08,85323.2
C01682,2025-09,3054.84
C01682,2025-10,18456.120000000003
C01682,2025-11,1913.33
C01682,2025-12,11751.84
C01683,2024-02,54885.08
C01683,2024-03,46078.78
C01683,2024-05,13913.38
C01683,2024-06,5409.44
C01683,2024-07,9019.69
C01683,2024-08,28208.16
C01683,2024-09,3362.27
C01683,2024-10,28009.65
C01683,2024-11,63349.369999999995
C01683,2025-01,3197.42
C01683,2025-02,2446.25
C01683,2025-03,3608.32
C01683,2025-04,5450.09
C01683,2025-05,19593.0
C01683,2025-06,9067.58
C01683,2025-07,46743.11
C01683,2025-09,5774.7
C01683,2025-12,5956.81
C01684,2024-02,567.22
C01684,2024-03,38760.53
C01684,2024-04,72819.51999999999
C01684,2024-05,1540.37
C01684,2024-06,19344.37
C01684,2024-08,2729.91
C01684,2024-09,3950.9100000000003
C01684,2024-10,3042.65
C01684,2024-12,9771.09
C01684,2025-01,16783.25
C01684,2025-02,12874.17
C01684,2025-03,47611.54
C01684,2025-05,47746.55
C01684,2025-06,4089.93
C01684,2025-07,12434.61
C01684,2025-08,4271.25
C01684,2025-10,10982.51
C01684,2025-11,9663.83
C01684,2025-12,37204.05
C01685,2024-01,1091.64
C01685,2024-02,40061.92
C01685,2024-03,4081.46
C01685,2024-04,24186.469999999998
C01685,2024-05,208.71
C01685,2024-06,28756.74
C01685,2024-07,2421.25
C01685,2024-09,9977.93
C01685,2024-11,60846.32
C01685,2025-01,75521.39
C01685,2025-02,12286.83
C01685,2025-03,6183.06
C01685,2025-04,20911.86
C01685,2025-05,5385.96
C01685,2025-06,11917.73
C01685,2025-07,6513.54
C01685,2025-09,2719.15
C01685,2025-10,32216.63
C01686,2024-01,53472.14
C01686,2024-03,3355.71
C01686,2024-04,12692.23
C01686,2024-06,17463.4
C01686,2024-07,13891.5
C01686,2024-08,54947.88
C01686,2024-09,11448.19
C01686,2024-10,62513.5
C01686,2024-11,32038.05
C01686,2024-12,9358.82
C01686,2025-01,2115.09
C01686,2025-02,14759.91
C01686,2025-03,28857.86
C01686,2025-04,17201.84
C01686,2025-05,49487.1
C01686,2025-06,7233.83
C01686,2025-07,823.81
C01686,2025-08,5776.93
C01686,2025-09,8968.130000000001
C01686,2025-10,1360.37
C01686,2025-11,1765.45
C01686,2025-12,68700.07
C01687,2024-01,1088.86
C01687,2024-03,12370.890000000001
C01687,2024-04,5775.93
C01687,2024-06,909.6
C01687,2025-01,1812.58
C01687,2025-02,2173.77
C01687,2025-03,2211.78
C01687,2025-05,16628.72
C01687,2025-06,38529.63
C01687,2025-07,6413.379999999999
C01687,2025-08,10999.88
C01687,2025-10,6951.61
C01687,2025-11,7439.22
C01687,2025-12,4817.82
C01688,2024-01,2043.62
C01688,2024-02,28128.53
C01688,2024-03,17866.02
C01688,2024-04,29015.51
C01688,2024-05,4276.63
C01688,2024-09,14331.72
C01688,2024-10,9404.6
C01688,2024-11,5642.8
C01688,2024-12,8432.93
C01688,2025-02,16350.02
C01688,2025-03,41845.11
C01688,2025-04,2488.8
C01688,2025-05,15985.03
C01688,2025-06,5883.78
C01688,2025-07,3524.62
C01688,2025-08,662.37
C01688,2025-10,836.4
C01688,2025-11,8136.43
C01689,2024-01,9315.01
C01689,2024-02,28268.489999999998
C01689,2024-03,6746.1
C01689,2024-05,921.68
C01689,2024-06,88337.19
C01689,2024-07,1426.52
C01689,2024-08,57339.43
C01689,2024-09,48234.48
C01689,2024-10,19110.940000000002
C01689,2024-12,10585.0
C01689,2025-02,43289.979999999996
C01689,2025-04,5694.9
C01689,2025-05,32644.500000000004
C01689,2025-06,7826.64
C01689,2025-07,1375.41
C01689,2025-08,74146.24
C01689,2025-09,2766.3199999999997
C01689,2025-11,3668.4799999999996
C01690,2024-02,22386.39
C01690,2024-04,12082.84
C01690,2024-06,31566.68
C01690,2024-07,4919.64
C01690,2024-08,4068.4
C01690,2024-09,209.99
C01690,2024-10,5080.79
C01690,2024-11,13012.68
C01690,2024-12,19568.14
C01690,2025-01,27501.91
C01690,2025-02,1396.2
C01690,2025-04,12945.689999999999
C01690,2025-05,7572.3099999999995
C01690,2025-06,56966.87
C01690,2025-07,3308.77
C01690,2025-08,916.11
C01690,2025-09,6876.21
C01690,2025-10,7696.59
C01690,2025-11,10796.89
C01690,2025-12,15029.439999999999
C01691,2024-01,67586.22
C01691,2024-02,16516.13
C01691,2024-03,42463.9
C01691,2024-05,5166.77
C01691,2024-06,15255.29
C01691,2024-07,15950.28
C01691,2024-08,18115.65
C01691,2024-09,45379.62
C01691,2024-11,3319.96
C01691,2024-12,9454.539999999999
C01691,2025-01,3414.7299999999996
C01691,2025-02,783.02
C01691,2025-03,29545.13
C01691,2025-04,25774.42
C01691,2025-05,1424.77
C01691,2025-06,6104.46
C01691,2025-07,44675.020000000004
C01691,2025-08,4573.74
C01691,2025-09,46265.92
C01691,2025-11,921.78
C01691,2025-12,8811.7
C01692,2024-02,10304.45
C01692,2024-03,30311.48
C01692,2024-04,45149.34
C01692,2024-05,53527.73
C01692,2024-06,6575.68
C01692,2024-07,10764.880000000001
C01692,2024-10,29967.6
C01692,2024-11,3757.01
C01692,2025-03,12628.17
C01692,2025-04,4822.030000000001
C01692,2025-06,28446.12
C01692,2025-07,14261.99
C01692,2025-09,5668.3
C01692,2025-10,72477.02
C01692,2025-11,823.98
C01692,2025-12,55267.98
C01693,2024-01,24576.539999999997
C01693,2024-02,13359.93
C01693,2024-03,27720.07
C01693,2024-04,1679.33
C01693,2024-05,14747.22
C01693,2024-06,27660.88
C01693,2024-07,14354.82
C01693,2024-08,3712.23
C01693,2024-10,13600.779999999999
C01693,2024-11,3131.03
C01693,2024-12,63239.82
C01693,2025-01,8320.63
C01693,2025-03,2427.68
C01693,2025-04,884.73
C01693,2025-05,24573.85
C01693,2025-06,6637.61
C01693,2025-07,6069.83
C01693,2025-08,10958.36
C01693,2025-09,59854.420000000006
C01693,2025-10,14696.529999999999
C01693,2025-11,15133.89
C01693,2025-12,13568.39
C01694,2024-01,3014.96
C01694,2024-02,7309.72
C01694,2024-04,8092.83
C01694,2024-05,8293.21
C01694,2024-06,4403.3
C01694,2024-07,26694.57
C01694,2024-08,4219.24
C01694,2024-09,18269.91
C01694,2024-11,1216.51
C01694,2024-12,26049.43
C01694,2025-01,14144.63
C01694,2025-02,10861.68
C01694,2025-03,27179.08
C01694,2025-04,4965.79
C01694,2025-05,2517.21
C01694,2025-06,4957.58
C01694,2025-07,9783.16
C01694,2025-08,10302.16
C01694,2025-09,4493.38
C01694,2025-10,14277.65
C01694,2025-11,16726.829999999998
C01694,2025-12,4169.13
C01695,2024-01,11429.02
C01695,2024-02,1244.74
C01695,2024-03,1510.59
C01695,2024-04,52166.69
C01695,2024-05,15026.59
C01695,2024-06,58939.1
C01695,2024-07,4511.6
C01695,2024-08,16862.74
C01695,2024-09,18426.28
C01695,2024-10,71608.54000000001
C01695,2024-11,8401.6
C01695,2024-12,35886.93
C01695,2025-02,1766.04
C01695,2025-03,35616.5
C01695,2025-04,10928.949999999999
C01695,2025-05,956.87
C01695,2025-06,12401.02
C01695,2025-07,11768.58
C01695,2025-08,11634.849999999999
C01695,2025-09,7375.44
C01695,2025-10,17890.2
C01695,2025-12,61609.49
C01696,2024-01,3986.0699999999997
C01696,2024-02,2177.9
C01696,2024-05,28759.38
C01696,2024-07,29587.51
C01696,2024-08,526.69
C01696,2024-09,4419.63
C01696,2024-10,1101.62
C01696,2024-11,7377.47
C01696,2024-12,32496.64
C01696,2025-01,2279.38
C01696,2025-04,4897.38
C01696,2025-06,2532.52
C01696,2025-07,958.82
C01696,2025-08,938.35
C01696,2025-09,34715.16
C01696,2025-10,15081.4
C01696,2025-11,18740.489999999998
C01697,2024-01,4793.719999999999
C01697,2024-02,2430.26
C01697,2024-03,17625.37
C01697,2024-04,12442.57
C01697,2024-07,4902.48
C01697,2024-09,1466.58
C01697,2024-10,1352.31
C01697,2024-11,8894.24
C01697,2024-12,5905.76
C01697,2025-01,12514.01
C01697,2025-02,1253.36
C01697,2025-03,38734.96000000001
C01697,2025-04,10411.67
C01697,2025-05,1312.59
C01697,2025-07,18628.23
C01697,2025-08,27814.85
C01697,2025-09,63497.5
C01697,2025-10,10188.16
C01697,2025-11,7532.29
C01697,2025-12,31591.52
C01698,2024-01,11944.76
C01698,2024-02,20816.35
C01698,2024-03,17908.42
C01698,2024-08,22944.51
C01698,2024-09,95240.56
C01698,2024-10,5508.87
C01698,2024-11,10729.97
C01698,2024-12,72343.22
C01698,2025-01,525.38
C01698,2025-03,13396.060000000001
C01698,2025-05,45478.24999999999
C01698,2025-06,63627.32
C01698,2025-07,34124.33
C01698,2025-08,14037.21
C01698,2025-09,7038.9
C01698,2025-10,23569.45
C01698,2025-11,43099.5
C01698,2025-12,42652.57
C01699,2024-01,6151.34
C01699,2024-02,8397.01
C01699,2024-04,26730.730000000003
C01699,2024-05,60304.62
C01699,2024-06,2567.43
C01699,2024-07,1213.41
C01699,2024-08,19387.44
C01699,2024-09,20465.53
C01699,2024-11,10811.26
C01699,2025-01,18959.68
C01699,2025-02,35342.73
C01699,2025-03,3408.96
C01699,2025-04,1853.13
C01699,2025-06,4656.46
C01699,2025-07,16437.27
C01699,2025-08,27770.34
C01699,2025-09,15972.65
C01699,2025-12,1436.62
C01700,2024-01,3384.4199999999996
C01700,2024-02,7278.17
C01700,2024-04,20837.36
C01700,2024-05,4321.75
C01700,2024-06,5192.23
C01700,2024-07,72535.06
C01700,2024-08,5396.58
C01700,2024-09,17277.93
C01700,2024-10,24327.280000000002
C01700,2024-12,3400.22
C01700,2025-01,877.38
C01700,2025-02,23780.269999999997
C01700,2025-05,4906.41
C01700,2025-07,981.96
C01700,2025-09,24115.22
C01700,2025-10,4035.5
C01700,2025-11,9008.63
C01700,2025-12,7481.13
C01701,2024-01,15643.699999999999
C01701,2024-02,2208.81
C01701,2024-03,5971.13
C01701,2024-04,5896.6900000000005
C01701,2024-05,18826.489999999998
C01701,2024-06,40478.01
C01701,2024-07,38384.52
C01701,2024-08,14523.99
C01701,2024-09,21781.690000000002
C01701,2024-10,17593.65
C01701,2025-01,2059.92
C01701,2025-02,1367.7
C01701,2025-03,56782.46
C01701,2025-04,30368.96
C01701,2025-05,8239.55
C01701,2025-06,658.82
C01701,2025-07,10670.12
C01701,2025-08,1792.61
C01701,2025-09,39532.41
C01701,2025-10,55198.67
C01701,2025-12,18351.16
C01702,2024-01,8722.35
C01702,2024-02,4364.969999999999
C01702,2024-03,4593.66
C01702,2024-04,3318.91
C01702,2024-07,6108.82
C01702,2024-08,3378.64
C01702,2024-11,12966.45
C01702,2024-12,13824.75
C01702,2025-02,11055.0
C01702,2025-03,13238.47
C01702,2025-04,44262.77
C01702,2025-05,13968.169999999998
C01702,2025-06,8728.7
C01702,2025-07,5055.84
C01702,2025-08,34716.590000000004
C01702,2025-09,19094.2
C01702,2025-10,49031.29
C01702,2025-11,1394.02
C01702,2025-12,562.17
C01703,2024-01,16572.74
C01703,2024-03,2281.59
C01703,2024-04,2643.94
C01703,2024-05,9997.74
C01703,2024-08,7180.49
C01703,2024-09,2658.64
C01703,2024-10,1061.3
C01703,2024-12,1249.17
C01703,2025-04,30279.92
C01703,2025-05,736.82
C01703,2025-06,33262.41
C01703,2025-07,901.56
C01703,2025-08,86870.48000000001
C01703,2025-09,60666.51
C01703,2025-10,1671.32
C01704,2024-01,34290.28
C01704,2024-02,29968.88
C01704,2024-05,49531.520000000004
C01704,2024-06,3509.78
C01704,2024-07,76139.48
C01704,2024-08,47125.869999999995
C01704,2024-09,7537.8
C01704,2024-10,12205.400000000001
C01704,2024-11,20997.93
C01704,2024-12,1739.3
C01704,2025-02,15319.470000000001
C01704,2025-03,3599.84
C01704,2025-04,2786.5
C01704,2025-05,4440.43
C01704,2025-06,1372.17
C01704,2025-07,4646.15
C01704,2025-08,6181.469999999999
C01704,2025-09,2137.8199999999997
C01704,2025-10,19978.879999999997
C01704,2025-11,6757.96
C01704,2025-12,2060.09
C01705,2024-01,6339.0
C01705,2024-02,3461.99
C01705,2024-03,2076.39
C01705,2024-04,1599.27
C01705,2024-05,10665.68
C01705,2024-06,10097.66
C01705,2024-07,11809.33
C01705,2024-08,40964.43
C01705,2024-09,2708.55
C01705,2024-10,13926.42
C01705,2024-11,19020.55
C01705,2024-12,20455.079999999998
C01705,2025-01,2910.54
C01705,2025-02,441.67
C01705,2025-03,12964.31
C01705,2025-04,2597.64
C01705,2025-05,36795.28
C01705,2025-06,23272.410000000003
C01705,2025-08,21575.29
C01705,2025-09,16274.8
C01705,2025-10,1656.94
C01705,2025-12,5869.6900000000005
C01706,2024-01,54792.78
C01706,2024-03,3036.94
C01706,2024-04,22654.08
C01706,2024-05,18455.88
C01706,2024-06,39151.03
C01706,2024-07,78590.39
C01706,2024-08,28732.9
C01706,2024-09,27184.61
C01706,2024-12,9839.609999999999
C01706,2025-01,12988.97
C01706,2025-02,7099.139999999999
C01706,2025-03,8759.3
C01706,2025-04,28584.08
C01706,2025-05,1957.62
C01706,2025-06,14554.76
C01706,2025-07,3947.2799999999997
C01706,2025-09,6179.17
C01706,2025-11,8013.21
C01706,2025-12,6981.17
C01707,2024-01,9067.65
C01707,2024-02,46777.04
C01707,2024-03,13201.82
C01707,2024-04,1222.85
C01707,2024-05,1392.39
C01707,2024-07,4927.57
C01707,2024-09,10403.26
C01707,2024-10,18988.84
C01707,2024-11,13056.72
C01707,2024-12,10562.08
C01707,2025-01,38766.06
C01707,2025-02,36634.66
C01707,2025-03,56087.2
C01707,2025-04,7239.83
C01707,2025-05,1264.19
C01707,2025-06,10547.87
C01707,2025-07,5023.1
C01707,2025-08,209.65
C01707,2025-09,38098.48
C01707,2025-10,7038.52
C01707,2025-11,37781.770000000004
C01708,2024-02,1612.96
C01708,2024-05,13180.24
C01708,2024-06,16383.310000000001
C01708,2024-07,2539.52
C01708,2024-09,35744.0
C01708,2024-10,10002.89
C01708,2024-11,2458.95
C01708,2024-12,13832.76
C01708,2025-01,632.12
C01708,2025-02,18821.98
C01708,2025-03,1584.77
C01708,2025-04,6019.9
C01708,2025-05,1089.93
C01708,2025-06,2769.88
C01708,2025-07,578.52
C01708,2025-09,3192.08
C01708,2025-10,18538.97
C01708,2025-12,526.77
C01709,2024-01,38034.07
C01709,2024-02,1861.0300000000002
C01709,2024-03,11371.6
C01709,2024-04,6221.59
C01709,2024-05,2754.85
C01709,2024-06,17392.67
C01709,2024-08,55926.659999999996
C01709,2024-09,66984.95999999999
C01709,2024-10,1824.94
C01709,2024-11,344.95
C01709,2024-12,2851.37
C01709,2025-01,30653.07
C01709,2025-04,879.79
C01709,2025-06,13711.28
C01709,2025-07,38380.22
C01709,2025-08,293.03
C01709,2025-10,719.34
C01709,2025-11,5647.05
C01709,2025-12,1096.26
C01710,2024-01,2719.39
C01710,2024-02,2285.79
C01710,2024-03,35006.56
C01710,2024-04,62420.13
C01710,2024-05,37449.25
C01710,2024-06,20553.16
C01710,2024-07,2626.26
C01710,2024-08,5437.46
C01710,2024-09,213.04
C01710,2024-10,54229.76
C01710,2024-11,8979.36
C01710,2025-01,11405.32
C01710,2025-02,6920.0199999999995
C01710,2025-03,5290.31
C01710,2025-04,11532.31
C01710,2025-05,2599.25
C01710,2025-08,9834.87
C01710,2025-09,1053.04
C01710,2025-10,28843.780000000002
C01710,2025-12,22390.67
C01711,2024-02,7371.62
C01711,2024-03,5584.75
C01711,2024-04,17754.36
C01711,2024-05,8261.029999999999
C01711,2024-07,26748.29
C01711,2024-08,29343.47
C01711,2024-10,1738.31
C01711,2024-11,1993.85
C01711,2024-12,4503.5599999999995
C01711,2025-02,51782.18
C01711,2025-03,2850.56
C01711,2025-04,14840.0
C01711,2025-06,13732.56
C01711,2025-07,13372.11
C01711,2025-08,2984.73
C01711,2025-09,29820.45
C01711,2025-10,15525.36
C01711,2025-11,18790.260000000002
C01711,2025-12,17478.8
C01712,2024-01,17599.68
C01712,2024-02,2873.1
C01712,2024-03,2694.67
C01712,2024-04,8911.14
C01712,2024-05,12150.06
C01712,2024-06,42713.369999999995
C01712,2024-07,21592.34
C01712,2024-08,1358.37
C01712,2024-09,14520.289999999999
C01712,2024-10,4065.55
C01712,2024-11,46367.97
C01712,2025-01,13752.98
C01712,2025-02,21991.09
C01712,2025-03,9168.42
C01712,2025-04,1290.46
C01712,2025-05,12571.54
C01712,2025-06,69443.64
C01712,2025-08,17566.04
C01712,2025-10,22281.86
C01712,2025-12,5225.78
C01713,2024-01,27320.579999999998
C01713,2024-03,12621.43
C01713,2024-05,1382.33
C01713,2024-06,38346.35
C01713,2024-10,7140.01
C01713,2024-11,1263.82
C01713,2024-12,81506.94
C01713,2025-01,18974.629999999997
C01713,2025-03,2415.1
C01713,2025-05,4254.68
C01713,2025-06,7359.22
C01713,2025-08,113897.83
C01713,2025-09,18510.190000000002
C01713,2025-10,11930.05
C01713,2025-11,2584.52
C01713,2025-12,8301.09
C01714,2024-01,2903.44
C01714,2024-02,10542.24
C01714,2024-03,37065.28
C01714,2024-04,29130.300000000003
C01714,2024-06,367.85
C01714,2024-07,25821.88
C01714,2024-08,1614.03
C01714,2024-09,75911.25
C01714,2024-10,9823.18
C01714,2024-11,45806.729999999996
C01714,2024-12,1452.42
C01714,2025-01,2089.74
C01714,2025-02,4836.58
C01714,2025-04,30356.23
C01714,2025-05,1962.62
C01714,2025-07,6657.95
C01714,2025-08,3323.89
C01714,2025-09,2559.48
C01714,2025-10,2740.46
C01714,2025-11,39341.25
C01715,2024-01,11791.7
C01715,2024-02,44095.67
C01715,2024-03,18839.23
C01715,2024-04,19329.36
C01715,2024-05,19664.79
C01715,2024-06,28099.34
C01715,2024-07,18135.66
C01715,2024-08,280.5
C01715,2024-09,11306.93
C01715,2024-10,12021.53
C01715,2024-11,1871.19
C01715,2024-12,12659.8
C01715,2025-01,3212.2200000000003
C01715,2025-02,3154.47
C01715,2025-05,56964.630000000005
C01715,2025-06,10029.71
C01715,2025-08,66942.52
C01715,2025-09,12126.51
C01715,2025-10,14057.43
C01715,2025-11,21149.39
C01715,2025-12,4245.5
C01716,2024-01,10029.66
C01716,2024-03,16022.26
C01716,2024-04,730.47
C01716,2024-05,4444.49
C01716,2024-07,36755.86
C01716,2024-09,12670.890000000001
C01716,2024-10,29536.02
C01716,2025-01,2726.41
C01716,2025-03,7605.56
C01716,2025-05,1280.38
C01716,2025-06,53626.77
C01716,2025-07,38788.76
C01716,2025-08,1349.81
C01716,2025-09,1363.42
C01716,2025-10,2055.96
C01716,2025-11,8413.84
C01717,2024-01,2966.1400000000003
C01717,2024-02,5384.62
C01717,2024-03,33019.88
C01717,2024-04,18651.93
C01717,2024-05,5338.210000000001
C01717,2024-06,11803.939999999999
C01717,2024-07,7019.07
C01717,2024-08,23580.11
C01717,2024-09,48126.97
C01717,2024-12,16604.4
C01717,2025-01,17082.96
C01717,2025-02,2868.68
C01717,2025-04,12953.37
C01717,2025-06,18036.62
C01717,2025-08,2411.75
C01717,2025-09,2257.5099999999998
C01717,2025-10,2824.16
C01717,2025-11,16653.11
C01717,2025-12,13541.300000000001
C01718,2024-01,46166.85
C01718,2024-02,67987.45
C01718,2024-03,2410.32
C01718,2024-05,1995.81
C01718,2024-06,28035.8
C01718,2024-09,57691.87
C01718,2025-01,2478.34
C01718,2025-03,15012.9
C01718,2025-04,17488.1
C01718,2025-06,15354.57
C01718,2025-07,8478.5
C01718,2025-08,403.51
C01718,2025-09,8528.310000000001
C01718,2025-10,57041.240000000005
C01718,2025-11,3812.34
C01719,2024-02,2423.41
C01719,2024-03,11183.81
C01719,2024-04,59242.25
C01719,2024-05,5488.42
C01719,2024-06,3879.76
C01719,2024-08,4835.58
C01719,2024-09,10943.98
C01719,2024-11,16281.4
C01719,2024-12,12698.429999999998
C01719,2025-01,16425.88
C01719,2025-02,29563.66
C01719,2025-04,25321.16
C01719,2025-05,2893.74
C01719,2025-06,33244.26
C01719,2025-07,3477.39
C01719,2025-08,7729.9400000000005
C01719,2025-09,21718.84
C01719,2025-10,25396.440000000002
C01719,2025-11,950.17
C01720,2024-02,3927.47
C01720,2024-03,28107.78
C01720,2024-04,18981.57
C01720,2024-05,4113.93
C01720,2024-06,3015.53
C01720,2024-07,42825.9
C01720,2024-08,39436.090000000004
C01720,2024-09,20167.920000000002
C01720,2024-10,13378.880000000001
C01720,2024-11,34373.35
C01720,2024-12,3135.83
C01720,2025-02,12930.49
C01720,2025-03,13404.220000000001
C01720,2025-04,2370.21
C01720,2025-05,1849.14
C01720,2025-06,25561.260000000002
C01720,2025-07,29970.58
C01720,2025-08,57049.14
C01720,2025-09,17763.27
C01720,2025-10,8785.1
C01720,2025-11,11821.75
C01720,2025-12,88388.0
C01721,2024-02,972.95
C01721,2024-04,395.56
C01721,2024-07,31773.769999999997
C01721,2024-08,5352.67
C01721,2024-09,5793.47
C01721,2024-10,2842.54
C01721,2024-11,9784.64
C01721,2024-12,4646.86
C01721,2025-01,6780.15
C01721,2025-02,7044.74
C01721,2025-03,22371.38
C01721,2025-04,40124.079999999994
C01721,2025-05,5846.16
C01721,2025-06,1491.76
C01721,2025-07,6653.83
C01721,2025-10,21180.0
C01721,2025-11,18288.260000000002
C01721,2025-12,13600.07
C01722,2024-02,23178.32
C01722,2024-03,36841.14
C01722,2024-04,2483.36
C01722,2024-05,618.22
C01722,2024-06,1818.89
C01722,2024-09,28832.68
C01722,2024-10,5074.91
C01722,2024-11,1037.17
C01722,2024-12,22368.640000000003
C01722,2025-01,61692.93000000001
C01722,2025-03,39466.32
C01722,2025-05,4198.77
C01722,2025-06,5697.82
C01722,2025-08,345.9
C01722,2025-09,10825.93
C01722,2025-11,30064.75
C01722,2025-12,16639.25
C01723,2024-01,24794.879999999997
C01723,2024-02,15140.470000000001
C01723,2024-03,10979.66
C01723,2024-04,1787.36
C01723,2024-05,2410.25
C01723,2024-06,3901.51
C01723,2024-08,4685.25
C01723,2024-09,1849.6
C01723,2024-10,43367.57
C01723,2024-11,81084.11
C01723,2024-12,66030.93
C01723,2025-01,29028.26
C01723,2025-02,2427.59
C01723,2025-04,1059.82
C01723,2025-05,865.68
C01723,2025-06,1412.14
C01723,2025-07,19905.04
C01723,2025-08,1601.86
C01723,2025-09,37916.79
C01723,2025-12,12710.53
C01724,2024-01,36470.23
C01724,2024-02,18757.34
C01724,2024-03,28541.629999999997
C01724,2024-04,18337.04
C01724,2024-05,1778.93
C01724,2024-06,8762.61
C01724,2024-07,10028.43
C01724,2024-08,73425.2
C01724,2024-10,714.1
C01724,2024-11,7584.94
C01724,2024-12,83489.62
C01724,2025-01,5173.16
C01724,2025-03,2893.25
C01724,2025-04,1112.77
C01724,2025-05,2328.49
C01724,2025-06,8114.34
C01724,2025-08,5150.74
C01724,2025-09,12294.55
C01724,2025-10,345.04
C01724,2025-11,5643.27
C01725,2024-01,4552.03
C01725,2024-02,31542.08
C01725,2024-03,2557.8
C01725,2024-04,11262.650000000001
C01725,2024-05,73233.66
C01725,2024-06,2610.56
C01725,2024-07,2874.34
C01725,2024-08,8322.57
C01725,2024-09,37382.380000000005
C01725,2024-11,10012.78
C01725,2024-12,50913.810000000005
C01725,2025-02,3846.28
C01725,2025-03,5952.43
C01725,2025-04,7436.23
C01725,2025-06,101816.26000000001
C01725,2025-07,13251.12
C01725,2025-08,17908.62
C01725,2025-12,1962.19
C01726,2024-01,15496.83
C01726,2024-02,16486.41
C01726,2024-03,33215.86
C01726,2024-04,484.24
C01726,2024-06,7674.530000000001
C01726,2024-07,12134.19
C01726,2024-08,17064.239999999998
C01726,2024-09,3944.84
C01726,2024-10,19930.52
C01726,2024-11,21586.11
C01726,2025-01,19812.5
C01726,2025-03,14561.6
C01726,2025-05,18463.61
C01726,2025-06,1526.14
C01726,2025-08,12246.189999999999
C01726,2025-10,15259.71
C01726,2025-12,27657.1
C01727,2024-01,8192.17
C01727,2024-02,3970.83
C01727,2024-04,2457.02
C01727,2024-05,7260.65
C01727,2024-06,23282.42
C01727,2024-07,9664.32
C01727,2024-08,38248.6
C01727,2024-09,22683.179999999997
C01727,2024-10,5847.71
C01727,2024-11,121698.76999999999
C01727,2025-02,34831.34
C01727,2025-03,43812.89
C01727,2025-06,19375.4
C01727,2025-07,8790.79
C01727,2025-08,4878.53
C01727,2025-09,15159.65
C01727,2025-10,2962.27
C01727,2025-11,1339.3
C01727,2025-12,3575.0099999999998
C01728,2024-01,5623.16
C01728,2024-02,58535.35
C01728,2024-03,61690.01
C01728,2024-04,4072.66
C01728,2024-05,15895.05
C01728,2024-06,20436.78
C01728,2024-07,3650.09
C01728,2024-08,394.32
C01728,2024-09,6399.43
C01728,2024-11,868.19
C01728,2024-12,18771.68
C01728,2025-01,29144.33
C01728,2025-03,12240.779999999999
C01728,2025-04,9930.48
C01728,2025-05,16798.989999999998
C01728,2025-06,52437.21
C01728,2025-09,20252.64
C01728,2025-12,75777.91
C01729,2024-01,4325.93
C01729,2024-02,24676.47
C01729,2024-04,16072.93
C01729,2024-05,4630.74
C01729,2024-08,54928.689999999995
C01729,2024-09,2957.24
C01729,2024-10,8472.29
C01729,2024-11,823.17
C01729,2024-12,20617.58
C01729,2025-01,34724.869999999995
C01729,2025-03,18529.85
C01729,2025-08,11905.3
C01729,2025-09,46901.45
C01729,2025-11,48809.59
C01729,2025-12,11866.6
C01730,2024-01,1469.57
C01730,2024-03,42414.07
C01730,2024-05,6300.469999999999
C01730,2024-06,10476.31
C01730,2024-07,11232.95
C01730,2024-09,20619.59
C01730,2024-10,31509.100000000002
C01730,2024-11,6927.8
C01730,2024-12,10885.32
C01730,2025-01,8463.17
C01730,2025-02,58143.170000000006
C01730,2025-03,13512.06
C01730,2025-06,14546.75
C01730,2025-07,15517.71
C01730,2025-08,18915.2
C01730,2025-09,22558.96
C01730,2025-12,2632.73
C01731,2024-01,21800.120000000003
C01731,2024-02,2385.43
C01731,2024-03,3980.5
C01731,2024-05,41732.26
C01731,2024-07,131281.61
C01731,2024-09,2163.35
C01731,2024-10,2327.1
C01731,2024-11,30630.51
C01731,2024-12,3040.17
C01731,2025-02,14086.99
C01731,2025-03,1828.65
C01731,2025-04,321.07
C01731,2025-05,1958.13
C01731,2025-06,37687.52
C01731,2025-07,2231.45
C01731,2025-08,1483.11
C01731,2025-09,6868.49
C01731,2025-10,2888.26
C01731,2025-11,31541.82
C01731,2025-12,713.79
C01732,2024-02,40482.79
C01732,2024-03,21149.44
C01732,2024-05,13190.64
C01732,2024-06,3458.79
C01732,2024-07,495.79
C01732,2024-08,6180.36
C01732,2024-10,10079.89
C01732,2024-11,985.25
C01732,2025-02,2247.22
C01732,2025-04,4744.26
C01732,2025-05,44860.2
C01732,2025-06,60160.47
C01732,2025-07,3668.73
C01732,2025-08,19764.260000000002
C01732,2025-09,37322.91
C01732,2025-10,16550.46
C01732,2025-12,2982.1
C01733,2024-01,2695.6800000000003
C01733,2024-02,10454.119999999999
C01733,2024-03,1525.69
C01733,2024-04,3727.04
C01733,2024-06,12337.35
C01733,2024-07,24292.26
C01733,2024-08,455.88
C01733,2024-09,3254.98
C01733,2024-10,17517.31
C01733,2024-11,26172.07
C01733,2024-12,37439.32
C01733,2025-01,4125.86
C01733,2025-02,24324.15
C01733,2025-03,19268.35
C01733,2025-04,35003.71
C01733,2025-05,5062.49
C01733,2025-07,32486.55
C01733,2025-08,13057.25
C01733,2025-10,14918.44
C01733,2025-12,85505.98
C01734,2024-01,46632.32
C01734,2024-02,979.64
C01734,2024-03,12641.5
C01734,2024-05,29736.03
C01734,2024-06,10889.39
C01734,2024-07,37459.009999999995
C01734,2024-08,40096.02
C01734,2024-10,1642.21
C01734,2024-11,1001.91
C01734,2024-12,6395.599999999999
C01734,2025-01,1025.16
C01734,2025-02,1681.52
C01734,2025-04,2637.88
C01734,2025-05,31959.13
C01734,2025-06,12990.26
C01734,2025-07,1710.08
C01734,2025-08,9489.72
C01734,2025-10,7837.71
C01735,2024-01,3582.81
C01735,2024-02,8429.98
C01735,2024-03,27244.850000000002
C01735,2024-04,1094.54
C01735,2024-05,2273.52
C01735,2024-06,7387.29
C01735,2024-07,113244.29000000001
C01735,2024-08,58905.19
C01735,2024-09,5478.83
C01735,2024-10,1553.95
C01735,2024-11,1988.37
C01735,2025-01,1139.14
C01735,2025-03,1953.54
C01735,2025-04,2681.95
C01735,2025-05,27497.339999999997
C01735,2025-07,2918.48
C01735,2025-08,21102.31
C01735,2025-09,2005.68
C01735,2025-10,23841.780000000002
C01735,2025-11,6833.7
C01735,2025-12,31128.12
C01736,2024-01,390.08
C01736,2024-03,560.5
C01736,2024-04,1484.73
C01736,2024-05,17087.71
C01736,2024-06,14869.4
C01736,2024-07,14917.890000000001
C01736,2024-09,7571.99
C01736,2024-10,4785.11
C01736,2024-12,25012.91
C01736,2025-01,21750.88
C01736,2025-03,31729.52
C01736,2025-04,60023.82
C01736,2025-05,39718.98
C01736,2025-06,1182.12
C01736,2025-07,1895.37
C01736,2025-08,19074.42
C01736,2025-10,12651.619999999999
C01736,2025-11,18548.03
C01737,2024-02,33593.61
C01737,2024-03,12935.91
C01737,2024-04,4926.54
C01737,2024-06,3002.7700000000004
C01737,2024-07,3984.15
C01737,2024-08,43279.4
C01737,2024-10,8149.370000000001
C01737,2024-12,9480.52
C01737,2025-01,51105.36
C01737,2025-02,4989.11
C01737,2025-03,35543.25
C01737,2025-04,23576.77
C01737,2025-06,37087.729999999996
C01737,2025-07,36136.88
C01737,2025-09,11844.24
C01737,2025-10,23838.66
C01737,2025-11,309.24
C01737,2025-12,28132.32
C01738,2024-01,979.68
C01738,2024-02,6419.35
C01738,2024-03,11509.1
C01738,2024-04,35378.83
C01738,2024-05,20217.4
C01738,2024-06,1148.68
C01738,2024-07,40644.04
C01738,2024-09,45794.46
C01738,2024-11,2148.85
C01738,2025-03,14058.67
C01738,2025-05,26518.170000000002
C01738,2025-06,16200.939999999999
C01738,2025-07,3989.73
C01738,2025-08,75582.44
C01738,2025-09,71836.5
C01738,2025-10,4903.98
C01738,2025-11,70414.78
C01738,2025-12,9703.95
C01739,2024-01,5510.5
C01739,2024-02,2077.21
C01739,2024-03,1995.16
C01739,2024-04,5444.83
C01739,2024-05,7461.57
C01739,2024-06,1662.37
C01739,2024-07,2955.21
C01739,2024-08,2375.81
C01739,2024-09,1914.34
C01739,2024-11,40163.5
C01739,2024-12,25310.14
C01739,2025-01,4014.06
C01739,2025-02,2982.6
C01739,2025-04,24449.34
C01739,2025-05,11163.63
C01739,2025-08,28317.7
C01739,2025-09,3014.98
C01739,2025-10,10175.83
C01739,2025-11,2186.92
C01740,2024-01,8320.22
C01740,2024-02,2125.74
C01740,2024-03,28141.489999999998
C01740,2024-04,3997.74
C01740,2024-05,68390.3
C01740,2024-07,7678.33
C01740,2024-09,12324.81
C01740,2024-10,2325.34
C01740,2024-11,4775.18
C01740,2024-12,698.65
C01740,2025-01,41832.67
C01740,2025-02,8638.289999999999
C01740,2025-03,5516.37
C01740,2025-04,1528.63
C01740,2025-05,6043.5599999999995
C01740,2025-08,3356.86
C01740,2025-09,692.96
C01740,2025-11,1199.31
C01740,2025-12,5489.26
C01741,2024-01,5716.32
C01741,2024-02,21780.76
C01741,2024-03,4186.48
C01741,2024-04,7153.17
C01741,2024-05,1326.34
C01741,2024-06,15844.76
C01741,2024-07,7709.51
C01741,2024-08,42445.19
C01741,2024-09,2758.89
C01741,2024-10,2458.66
C01741,2024-11,3740.14
C01741,2024-12,8559.74
C01741,2025-01,66437.18000000001
C01741,2025-02,55266.71
C01741,2025-03,20806.77
C01741,2025-04,10605.46
C01741,2025-05,2826.79
C01741,2025-06,1678.58
C01741,2025-07,8184.4400000000005
C01741,2025-08,14247.76
C01741,2025-09,33404.49
C01741,2025-10,17029.63
C01741,2025-11,2479.84
C01741,2025-12,78249.89
C01742,2024-01,2184.3
C01742,2024-02,53063.96
C01742,2024-03,8319.89
C01742,2024-07,4080.79
C01742,2024-08,28515.949999999997
C01742,2024-09,20364.37
C01742,2024-10,349.79
C01742,2024-11,3559.71
C01742,2024-12,1248.02
C01742,2025-01,14750.68
C01742,2025-03,14742.3
C01742,2025-05,2669.69
C01742,2025-06,57557.34
C01742,2025-07,59817.22
C01742,2025-08,1799.02
C01742,2025-09,2025.67
C01742,2025-11,20388.83
C01742,2025-12,8927.32
C01743,2024-02,3436.17
C01743,2024-03,4666.92
C01743,2024-04,29733.91
C01743,2024-05,12256.98
C01743,2024-08,541.43
C01743,2024-09,5688.92
C01743,2024-12,82654.25
C01743,2025-03,31411.17
C01743,2025-04,9966.8
C01743,2025-05,2348.96
C01743,2025-07,16523.72
C01743,2025-08,55846.42999999999
C01743,2025-09,3606.8
C01743,2025-11,18254.08
C01743,2025-12,1445.79
C01744,2024-03,18710.6
C01744,2024-04,2804.75
C01744,2024-05,50942.36
C01744,2024-07,7461.73
C01744,2024-08,19818.06
C01744,2024-09,2725.32
C01744,2024-10,15093.160000000002
C01744,2024-11,4862.41
C01744,2024-12,14441.79
C01744,2025-02,5755.8
C01744,2025-04,4356.49
C01744,2025-05,15581.130000000001
C01744,2025-06,3928.82
C01744,2025-08,2724.88
C01744,2025-09,37841.96
C01744,2025-10,8804.47
C01744,2025-12,18342.140000000003
C01745,2024-01,643.81
C01745,2024-02,7600.0199999999995
C01745,2024-03,17817.82
C01745,2024-04,17299.55
C01745,2024-07,3157.08
C01745,2024-08,18308.65
C01745,2024-09,19619.329999999998
C01745,2024-11,52151.4
C01745,2024-12,28539.48
C01745,2025-01,3833.37
C01745,2025-02,42610.44
C01745,2025-03,25038.83
C01745,2025-06,2907.63
C01745,2025-07,7552.58
C01745,2025-08,3063.01
C01745,2025-11,37682.75
C01745,2025-12,14126.08
C01746,2024-01,20694.46
C01746,2024-02,5685.22
C01746,2024-04,21836.07
C01746,2024-05,55281.549999999996
C01746,2024-06,38034.29
C01746,2024-07,13041.900000000001
C01746,2024-08,19373.03
C01746,2024-09,2228.52
C01746,2024-10,8049.08
C01746,2024-11,7701.08
C01746,2024-12,6702.05
C01746,2025-01,1879.96
C01746,2025-02,11906.279999999999
C01746,2025-03,37137.27
C01746,2025-05,9414.5
C01746,2025-06,12632.300000000001
C01746,2025-07,1895.42
C01746,2025-08,15162.43
C01746,2025-10,1343.67
C01746,2025-11,3131.31
C01746,2025-12,1056.82
C01747,2024-01,37249.19
C01747,2024-02,14439.15
C01747,2024-03,3483.16
C01747,2024-06,8503.04
C01747,2024-07,1733.28
C01747,2024-09,8918.01
C01747,2024-10,5953.38
C01747,2024-12,15842.31
C01747,2025-01,9991.87
C01747,2025-02,1214.55
C01747,2025-03,22252.58
C01747,2025-04,37575.73
C01747,2025-05,54232.59
C01747,2025-06,44202.6
C01747,2025-07,23608.559999999998
C01747,2025-08,28870.870000000003
C01747,2025-09,1152.55
C01747,2025-10,44645.25
C01747,2025-11,11958.54
C01747,2025-12,18989.85
C01748,2024-02,9227.85
C01748,2024-03,620.89
C01748,2024-04,16125.62
C01748,2024-05,26273.59
C01748,2024-06,45561.49
C01748,2024-08,70015.95999999999
C01748,2024-09,4002.1099999999997
C01748,2024-10,17291.350000000002
C01748,2024-11,10272.68
C01748,2024-12,32604.49
C01748,2025-02,6680.99
C01748,2025-03,54464.46
C01748,2025-04,10616.11
C01748,2025-05,23424.68
C01748,2025-06,33348.07
C01748,2025-07,40431.78
C01748,2025-08,25456.5
C01748,2025-09,2576.52
C01748,2025-10,11435.35
C01748,2025-11,387.33
C01749,2024-01,5994.91
C01749,2024-02,45974.08
C01749,2024-04,3666.89
C01749,2024-05,7330.4800000000005
C01749,2024-06,31224.86
C01749,2024-07,79523.26
C01749,2024-08,3793.5699999999997
C01749,2024-12,4744.48
C01749,2025-01,31079.44
C01749,2025-02,20948.03
C01749,2025-03,7137.35
C01749,2025-04,6767.45
C01749,2025-05,2972.77
C01749,2025-06,18902.08
C01749,2025-07,37816.47
C01749,2025-08,8011.62
C01749,2025-09,6075.379999999999
C01749,2025-10,24599.120000000003
C01749,2025-11,20135.71
C01750,2024-01,20651.3
C01750,2024-02,46539.15
C01750,2024-04,53946.11
C01750,2024-05,1692.59
C01750,2024-07,6689.95
C01750,2024-08,19214.93
C01750,2024-09,7183.74
C01750,2024-10,5499.0
C01750,2024-11,1160.67
C01750,2024-12,8155.9
C01750,2025-01,2761.8
C01750,2025-02,9611.99
C01750,2025-03,47811.829999999994
C01750,2025-04,15272.7
C01750,2025-05,3831.08
C01750,2025-07,22714.69
C01750,2025-08,3295.09
C01750,2025-09,28647.98
C01750,2025-10,1790.42
C01750,2025-11,43762.83
C01750,2025-12,9872.56
C01751,2024-01,46664.7
C01751,2024-02,11398.26
C01751,2024-03,14079.52
C01751,2024-05,36664.19
C01751,2024-06,5071.6900000000005
C01751,2024-07,5346.25
C01751,2024-08,13906.380000000001
C01751,2024-09,2071.78
C01751,2024-10,6075.1
C01751,2025-01,39391.15
C01751,2025-02,12812.04
C01751,2025-04,6624.02
C01751,2025-06,18667.43
C01751,2025-07,10177.919999999998
C01751,2025-08,1621.85
C01751,2025-09,18561.83
C01751,2025-10,8036.55
C01751,2025-11,16638.46
C01751,2025-12,35158.22
C01752,2024-01,508.79
C01752,2024-02,90956.16
C01752,2024-03,78802.94
C01752,2024-04,55826.03
C01752,2024-05,2420.07
C01752,2024-06,13120.15
C01752,2024-07,3822.5800000000004
C01752,2024-08,16895.61
C01752,2024-09,1252.94
C01752,2024-11,2661.49
C01752,2024-12,39759.69
C01752,2025-01,859.25
C01752,2025-03,8729.46
C01752,2025-04,5609.85
C01752,2025-08,3428.65
C01752,2025-09,63675.94
C01752,2025-10,816.74
C01752,2025-11,10895.16
C01752,2025-12,38047.64
C01753,2024-01,12528.449999999999
C01753,2024-05,15285.4
C01753,2024-07,3614.8900000000003
C01753,2024-08,68605.43
C01753,2024-09,7474.94
C01753,2024-11,9366.78
C01753,2024-12,23799.63
C01753,2025-03,3577.11
C01753,2025-04,32373.08
C01753,2025-05,5740.53
C01753,2025-06,8410.789999999999
C01753,2025-07,5886.37
C01753,2025-08,9124.99
C01753,2025-09,1742.8
C01753,2025-10,12728.0
C01753,2025-11,2680.31
C01753,2025-12,14093.3
C01754,2024-02,44214.11
C01754,2024-05,33553.51
C01754,2024-06,46015.19
C01754,2024-07,2678.24
C01754,2024-10,1173.97
C01754,2024-11,18855.21
C01754,2024-12,3849.03
C01754,2025-01,5217.59
C01754,2025-02,1516.27
C01754,2025-03,9163.14
C01754,2025-05,4329.35
C01754,2025-06,8858.52
C01754,2025-07,1143.7
C01754,2025-08,51869.03
C01754,2025-09,7890.34
C01754,2025-11,48118.54
C01754,2025-12,18785.55
C01755,2024-01,14082.28
C01755,2024-02,12348.84
C01755,2024-04,1506.54
C01755,2024-06,4897.36
C01755,2024-07,500.41
C01755,2024-08,2999.58
C01755,2024-09,12553.779999999999
C01755,2024-12,26202.0
C01755,2025-01,2430.56
C01755,2025-02,19455.7
C01755,2025-03,547.6
C01755,2025-05,585.76
C01755,2025-06,17757.96
C01755,2025-07,54074.75
C01755,2025-08,31500.82
C01755,2025-09,18080.36
C01755,2025-10,16052.009999999998
C01755,2025-11,813.71
C01755,2025-12,33959.729999999996
C01756,2024-01,37404.42
C01756,2024-02,14122.42
C01756,2024-03,34122.39
C01756,2024-04,18429.620000000003
C01756,2024-05,9411.96
C01756,2024-08,1685.4
C01756,2024-09,2173.44
C01756,2024-10,19412.44
C01756,2024-11,689.18
C01756,2024-12,76195.9
C01756,2025-01,1838.33
C01756,2025-02,7265.43
C01756,2025-03,31391.24
C01756,2025-04,27935.21
C01756,2025-05,4695.0599999999995
C01756,2025-06,1420.14
C01756,2025-07,1311.49
C01756,2025-08,59450.36
C01756,2025-10,18683.45
C01756,2025-11,2063.87
C01756,2025-12,2486.19
C01757,2024-04,10342.33
C01757,2024-05,7997.89
C01757,2024-07,38503.38
C01757,2024-08,3752.06
C01757,2024-09,4335.2
C01757,2024-10,55331.61
C01757,2024-11,3679.1
C01757,2024-12,16765.03
C01757,2025-02,5029.08
C01757,2025-03,3084.16
C01757,2025-05,22629.14
C01757,2025-06,6943.64
C01757,2025-07,24434.699999999997
C01757,2025-08,9978.300000000001
C01757,2025-09,32683.45
C01757,2025-11,17678.67
C01758,2024-01,46959.62
C01758,2024-02,621.88
C01758,2024-04,3529.32
C01758,2024-06,7314.07
C01758,2024-07,9941.16
C01758,2024-09,13159.76
C01758,2024-10,1509.04
C01758,2024-12,2479.73
C01758,2025-01,14832.77
C01758,2025-02,2070.72
C01758,2025-03,42492.39
C01758,2025-04,24833.77
C01758,2025-07,12488.699999999999
C01758,2025-08,7860.51
C01758,2025-09,3105.09
C01758,2025-10,6413.96
C01758,2025-11,19452.46
C01758,2025-12,11058.15
C01759,2024-01,1194.27
C01759,2024-02,9307.07
C01759,2024-03,21165.61
C01759,2024-04,29005.300000000003
C01759,2024-05,2961.27
C01759,2024-06,2322.67
C01759,2024-10,33951.13
C01759,2024-12,551.73
C01759,2025-02,4999.96
C01759,2025-04,932.84
C01759,2025-05,50860.55
C01759,2025-06,740.97
C01759,2025-07,16442.649999999998
C01759,2025-09,6696.96
C01759,2025-10,58212.07
C01759,2025-11,1164.73
C01759,2025-12,9468.43
C01760,2024-01,18480.5
C01760,2024-02,15061.99
C01760,2024-03,38241.729999999996
C01760,2024-04,33846.39
C01760,2024-06,78908.23999999999
C01760,2024-07,12218.27
C01760,2024-08,16886.32
C01760,2024-09,2364.88
C01760,2024-12,36288.36
C01760,2025-01,545.77
C01760,2025-02,8210.71
C01760,2025-03,28034.78
C01760,2025-04,12739.9
C01760,2025-05,2115.45
C01760,2025-06,7791.620000000001
C01760,2025-07,1333.37
C01760,2025-11,15359.35
C01760,2025-12,26171.59
C01761,2024-01,52748.93
C01761,2024-02,8586.49
C01761,2024-03,15173.78
C01761,2024-04,56742.15
C01761,2024-07,25341.949999999997
C01761,2024-08,3645.21
C01761,2024-10,85238.65
C01761,2024-11,6438.34
C01761,2024-12,34219.82
C01761,2025-01,5137.5
C01761,2025-02,3348.38
C01761,2025-03,12355.03
C01761,2025-04,9129.13
C01761,2025-05,17553.71
C01761,2025-06,39244.19
C01761,2025-07,22996.74
C01761,2025-08,78966.95999999999
C01761,2025-10,2824.44
C01761,2025-12,4723.969999999999
C01762,2024-01,25846.98
C01762,2024-02,48712.990000000005
C01762,2024-04,1395.22
C01762,2024-05,4763.88
C01762,2024-06,1224.33
C01762,2024-07,13266.27
C01762,2024-08,4417.7300000000005
C01762,2024-10,5040.41
C01762,2024-11,1773.76
C01762,2024-12,24700.29
C01762,2025-02,5322.28
C01762,2025-05,36902.97
C01762,2025-06,3056.39
C01762,2025-07,72895.90000000001
C01762,2025-08,16386.760000000002
C01762,2025-10,9818.43
C01762,2025-11,70556.56
C01762,2025-12,32877.85
C01763,2024-01,2279.93
C01763,2024-02,1485.5800000000002
C01763,2024-03,7398.21
C01763,2024-04,23623.89
C01763,2024-05,1319.13
C01763,2024-09,15985.66
C01763,2024-10,6366.39
C01763,2024-11,1352.57
C01763,2024-12,12305.58
C01763,2025-01,40352.71
C01763,2025-03,7220.12
C01763,2025-04,16224.21
C01763,2025-06,2496.97
C01763,2025-07,32594.06
C01763,2025-08,5815.38
C01763,2025-10,15812.740000000002
C01763,2025-11,1242.45
C01763,2025-12,5566.86
C01764,2024-03,29170.050000000003
C01764,2024-04,369.66
C01764,2024-05,1734.15
C01764,2024-09,995.04
C01764,2024-10,14579.26
C01764,2024-11,3249.49
C01764,2025-01,6853.9800000000005
C01764,2025-02,7832.0199999999995
C01764,2025-05,37158.770000000004
C01764,2025-07,38861.16
C01764,2025-08,14237.22
C01764,2025-09,32286.42
C01764,2025-10,2042.47
C01764,2025-12,1701.68
C01765,2024-01,27448.039999999997
C01765,2024-04,30246.82
C01765,2024-05,81726.95999999999
C01765,2024-06,10665.78
C01765,2024-07,14352.060000000001
C01765,2024-08,55639.9
C01765,2024-09,2747.48
C01765,2024-11,19377.81
C01765,2025-01,8893.99
C01765,2025-02,268.55
C01765,2025-03,36645.9
C01765,2025-04,2796.9
C01765,2025-05,2818.77
C01765,2025-06,9896.8
C01765,2025-08,1406.9
C01765,2025-09,5677.61
C01765,2025-10,2556.4700000000003
C01765,2025-12,172.56
C01766,2024-01,65179.03999999999
C01766,2024-03,204.02
C01766,2024-04,16637.76
C01766,2024-05,2882.5200000000004
C01766,2024-06,70807.18
C01766,2024-07,153.77
C01766,2024-08,13430.1
C01766,2024-09,3785.03
C01766,2024-12,9553.96
C01766,2025-02,1551.4
C01766,2025-03,21121.42
C01766,2025-04,4706.26
C01766,2025-05,10178.98
C01766,2025-08,2819.31
C01766,2025-10,3149.23
C01766,2025-12,4689.09
C01767,2024-01,19486.62
C01767,2024-02,4883.33
C01767,2024-04,43128.6
C01767,2024-05,3563.15
C01767,2024-06,877.3
C01767,2024-09,58759.18
C01767,2024-10,20642.309999999998
C01767,2024-11,21423.519999999997
C01767,2024-12,718.07
C01767,2025-01,61753.83
C01767,2025-02,28449.19
C01767,2025-03,16014.75
C01767,2025-04,3953.4399999999996
C01767,2025-05,4250.91
C01767,2025-07,21350.59
C01767,2025-08,5597.55
C01767,2025-09,1720.83
C01767,2025-10,15963.18
C01767,2025-11,10479.76
C01767,2025-12,3943.5499999999997
C01768,2024-01,27859.85
C01768,2024-02,14757.58
C01768,2024-03,21294.92
C01768,2024-04,2122.94
C01768,2024-06,2731.94
C01768,2024-07,51809.950000000004
C01768,2024-08,3746.78
C01768,2024-10,62631.06
C01768,2024-11,24725.949999999997
C01768,2024-12,3475.43
C01768,2025-01,45138.33
C01768,2025-02,2487.13
C01768,2025-03,1529.75
C01768,2025-04,6157.889999999999
C01768,2025-05,724.66
C01768,2025-06,5583.92
C01768,2025-07,2174.9
C01768,2025-08,30738.73
C01768,2025-09,20285.77
C01768,2025-12,22813.36
C01769,2024-01,59209.0
C01769,2024-02,2709.95
C01769,2024-03,5892.860000000001
C01769,2024-04,61033.41
C01769,2024-05,14393.04
C01769,2024-06,17717.34
C01769,2024-09,41585.32
C01769,2024-10,809.4
C01769,2024-12,1586.58
C01769,2025-01,244.78
C01769,2025-02,38721.26
C01769,2025-03,14212.5
C01769,2025-04,46041.89
C01769,2025-05,26791.32
C01769,2025-07,2732.91
C01769,2025-08,16323.58
C01769,2025-10,41212.58
C01769,2025-11,6172.540000000001
C01769,2025-12,25303.07
C01770,2024-02,3156.62
C01770,2024-03,41229.55
C01770,2024-04,22733.54
C01770,2024-05,11850.37
C01770,2024-07,2725.43
C01770,2024-08,13565.64
C01770,2024-09,11163.81
C01770,2024-10,40699.15
C01770,2024-11,1051.54
C01770,2024-12,1964.01
C01770,2025-01,51637.18
C01770,2025-04,55827.79
C01770,2025-06,1406.34
C01770,2025-07,2598.46
C01770,2025-09,6593.68
C01770,2025-10,90298.98
C01770,2025-11,39346.13
C01770,2025-12,16426.52
C01771,2024-01,22320.65
C01771,2024-03,10754.31
C01771,2024-04,5735.21
C01771,2024-05,13510.32
C01771,2024-06,10387.8
C01771,2024-07,53223.59
C01771,2024-08,762.9
C01771,2024-09,26383.92
C01771,2024-10,4070.87
C01771,2024-11,23537.670000000002
C01771,2025-01,11706.15
C01771,2025-03,14314.35
C01771,2025-04,2772.27
C01771,2025-05,1913.22
C01771,2025-06,932.68
C01771,2025-08,8945.66
C01771,2025-09,32735.23
C01771,2025-10,27453.78
C01771,2025-11,13400.830000000002
C01772,2024-01,3943.58
C01772,2024-02,10221.77
C01772,2024-04,14923.48
C01772,2024-05,1177.22
C01772,2024-06,561.1
C01772,2024-07,1182.85
C01772,2024-08,2262.8
C01772,2024-10,1365.77
C01772,2024-11,2895.4700000000003
C01772,2024-12,10247.16
C01772,2025-02,2541.29
C01772,2025-03,851.1
C01772,2025-04,7473.76
C01772,2025-05,6465.05
C01772,2025-06,36460.16
C01772,2025-07,45188.5
C01772,2025-08,2773.34
C01772,2025-09,857.2
C01772,2025-11,95989.56
C01772,2025-12,41372.12
C01773,2024-02,13825.08
C01773,2024-03,27583.269999999997
C01773,2024-04,1044.49
C01773,2024-05,28010.86
C01773,2024-07,40141.49
C01773,2024-08,1400.33
C01773,2024-10,3294.9799999999996
C01773,2024-12,9695.73
C01773,2025-01,1003.09
C01773,2025-02,3250.86
C01773,2025-04,215.12
C01773,2025-05,5201.85
C01773,2025-06,6099.72
C01773,2025-07,10894.4
C01773,2025-08,11961.32
C01773,2025-09,5191.3
C01773,2025-10,12160.94
C01773,2025-11,58443.11
C01773,2025-12,13523.560000000001
C01774,2024-01,782.08
C01774,2024-02,7343.8
C01774,2024-05,13961.71
C01774,2024-06,52037.78
C01774,2024-07,7904.33
C01774,2024-08,2105.4
C01774,2024-09,10893.3
C01774,2024-10,20798.79
C01774,2024-12,2434.76
C01774,2025-02,6955.68
C01774,2025-03,2238.41
C01774,2025-04,5854.08
C01774,2025-05,9234.94
C01774,2025-06,17150.61
C01774,2025-07,4901.860000000001
C01774,2025-08,76361.72
C01774,2025-09,18400.93
C01774,2025-10,30363.69
C01774,2025-11,10114.97
C01775,2024-01,18468.39
C01775,2024-02,38692.38
C01775,2024-03,32404.9
C01775,2024-04,2166.21
C01775,2024-06,12865.11
C01775,2024-07,34942.25
C01775,2024-08,21076.14
C01775,2024-10,3023.62
C01775,2024-11,2216.32
C01775,2024-12,1941.7
C01775,2025-01,21019.03
C01775,2025-02,23587.86
C01775,2025-03,28556.23
C01775,2025-05,14038.18
C01775,2025-07,10601.7
C01775,2025-08,6432.89
C01775,2025-10,14198.79
C01775,2025-11,63049.840000000004
C01776,2024-01,13799.37
C01776,2024-03,27569.29
C01776,2024-04,2144.98
C01776,2024-06,54925.759999999995
C01776,2024-07,53632.8
C01776,2024-08,3015.75
C01776,2024-09,2621.77
C01776,2024-12,1442.95
C01776,2025-01,34122.41
C01776,2025-02,2952.99
C01776,2025-03,19923.24
C01776,2025-05,20502.469999999998
C01776,2025-06,26833.29
C01776,2025-07,7412.9
C01776,2025-08,2801.0899999999997
C01776,2025-09,25303.35
C01776,2025-10,9689.03
C01776,2025-11,3852.05
C01776,2025-12,47545.490000000005
C01777,2024-01,16309.81
C01777,2024-02,16992.85
C01777,2024-03,2127.16
C01777,2024-04,12222.5
C01777,2024-05,50152.939999999995
C01777,2024-08,3635.55
C01777,2024-09,3681.79
C01777,2024-10,4355.61
C01777,2024-11,3022.35
C01777,2024-12,3337.24
C01777,2025-01,1842.4299999999998
C01777,2025-03,19032.69
C01777,2025-04,7530.8099999999995
C01777,2025-06,26171.83
C01777,2025-07,16494.62
C01777,2025-09,17268.79
C01777,2025-10,26528.39
C01777,2025-11,100063.19
C01777,2025-12,37996.65
C01778,2024-01,21708.75
C01778,2024-02,5378.68
C01778,2024-04,22361.94
C01778,2024-05,19470.51
C01778,2024-07,32192.11
C01778,2024-08,4862.57
C01778,2024-09,3583.1899999999996
C01778,2024-10,757.53
C01778,2024-11,15444.02
C01778,2024-12,17112.16
C01778,2025-01,3623.55
C01778,2025-02,6301.46
C01778,2025-03,6500.32
C01778,2025-04,19810.84
C01778,2025-06,14841.08
C01778,2025-07,1894.96
C01778,2025-08,24414.64
C01778,2025-09,7040.1
C01778,2025-10,10960.54
C01778,2025-11,5485.45
C01778,2025-12,47519.869999999995
C01779,2024-01,35434.1
C01779,2024-02,34928.78
C01779,2024-03,4018.64
C01779,2024-04,4766.03
C01779,2024-05,3082.62
C01779,2024-07,33612.42
C01779,2024-09,18983.829999999998
C01779,2024-10,27633.6
C01779,2024-11,9280.220000000001
C01779,2025-01,6776.030000000001
C01779,2025-02,28023.190000000002
C01779,2025-03,40631.96
C01779,2025-04,15231.18
C01779,2025-05,16070.55
C01779,2025-06,4420.81
C01779,2025-07,4752.63
C01779,2025-08,8574.65
C01779,2025-09,16758.51
C01779,2025-10,771.38
C01779,2025-11,719.0
C01779,2025-12,13992.87
C01780,2024-01,2279.19
C01780,2024-03,1602.63
C01780,2024-05,13430.91
C01780,2024-06,1954.35
C01780,2024-07,1683.73
C01780,2024-08,489.97
C01780,2024-10,29775.59
C01780,2024-11,51759.76
C01780,2025-01,22728.22
C01780,2025-03,14737.72
C01780,2025-04,809.58
C01780,2025-05,23590.760000000002
C01780,2025-06,3623.25
C01780,2025-08,633.5
C01780,2025-09,1638.92
C01780,2025-10,9627.82
C01780,2025-11,7914.65
C01781,2024-01,28440.13
C01781,2024-05,22688.11
C01781,2024-06,6630.27
C01781,2024-07,10267.310000000001
C01781,2024-09,12828.869999999999
C01781,2024-11,13493.31
C01781,2024-12,7707.570000000001
C01781,2025-01,4117.76
C01781,2025-02,10389.74
C01781,2025-03,30144.4
C01781,2025-05,661.13
C01781,2025-06,30949.339999999997
C01781,2025-07,31150.26
C01781,2025-08,15748.58
C01781,2025-09,19444.73
C01781,2025-10,2260.07
C01781,2025-11,35688.7
C01781,2025-12,23806.27
C01782,2024-03,2585.2
C01782,2024-04,19717.08
C01782,2024-05,27654.94
C01782,2024-06,1603.01
C01782,2024-07,27173.739999999998
C01782,2024-08,27209.37
C01782,2024-09,6350.84
C01782,2024-12,14624.68
C01782,2025-01,8104.99
C01782,2025-02,40782.630000000005
C01782,2025-03,2245.89
C01782,2025-06,1997.09
C01782,2025-07,20257.97
C01782,2025-08,36546.39
C01782,2025-09,9225.46
C01782,2025-11,23003.26
C01782,2025-12,3035.6400000000003
C01783,2024-01,33736.55
C01783,2024-02,11171.17
C01783,2024-04,9205.1
C01783,2024-05,22254.28
C01783,2024-07,18674.239999999998
C01783,2024-08,8856.61
C01783,2024-09,407.89
C01783,2024-11,9256.97
C01783,2024-12,43911.53
C01783,2025-01,13564.18
C01783,2025-02,14355.699999999999
C01783,2025-03,19871.95
C01783,2025-04,111633.84
C01783,2025-06,3228.96
C01783,2025-07,20757.05
C01783,2025-08,18530.07
C01783,2025-12,56204.3
C01784,2024-01,16085.199999999999
C01784,2024-02,695.42
C01784,2024-03,17687.53
C01784,2024-04,8075.77
C01784,2024-05,1447.92
C01784,2024-06,9070.49
C01784,2024-08,14897.539999999999
C01784,2024-10,938.75
C01784,2024-11,11280.86
C01784,2024-12,2401.85
C01784,2025-01,31324.72
C01784,2025-02,20554.19
C01784,2025-05,25809.16
C01784,2025-06,4493.86
C01784,2025-07,13128.56
C01784,2025-09,1476.13
C01784,2025-10,71035.02
C01784,2025-11,2170.79
C01784,2025-12,5679.29
C01785,2024-01,3001.3
C01785,2024-03,104900.21
C01785,2024-04,2684.3199999999997
C01785,2024-05,61375.54
C01785,2024-07,2794.29
C01785,2024-10,5386.13
C01785,2024-11,3481.73
C01785,2024-12,42410.76
C01785,2025-01,30048.25
C01785,2025-02,1206.58
C01785,2025-03,12392.779999999999
C01785,2025-04,2290.97
C01785,2025-06,20122.17
C01785,2025-07,32865.259999999995
C01785,2025-08,6522.15
C01785,2025-09,3497.31
C01785,2025-10,18245.0
C01785,2025-11,1726.43
C01786,2024-02,12536.39
C01786,2024-03,9084.21
C01786,2024-04,3537.76
C01786,2024-06,766.62
C01786,2024-08,345.28
C01786,2024-09,6288.2
C01786,2024-10,11445.050000000001
C01786,2024-11,46380.97
C01786,2025-02,5959.17
C01786,2025-03,14323.84
C01786,2025-07,11798.2
C01786,2025-08,7554.13
C01786,2025-10,32134.899999999994
C01786,2025-11,1661.56
C01786,2025-12,2854.09
C01787,2024-01,668.46
C01787,2024-02,55148.76
C01787,2024-03,12183.07
C01787,2024-04,30427.18
C01787,2024-05,1489.87
C01787,2024-06,6098.28
C01787,2024-07,2359.03
C01787,2024-10,19092.45
C01787,2024-11,2895.69
C01787,2024-12,17869.35
C01787,2025-03,3557.35
C01787,2025-04,3779.48
C01787,2025-05,16579.260000000002
C01787,2025-06,40941.8
C01787,2025-08,11448.91
C01787,2025-09,1705.71
C01787,2025-10,20695.9
C01787,2025-11,41794.84
C01787,2025-12,17453.48
C01788,2024-01,52815.159999999996
C01788,2024-03,11105.84
C01788,2024-04,5268.8
C01788,2024-06,3906.71
C01788,2024-07,11721.13
C01788,2024-08,1404.77
C01788,2024-09,3397.99
C01788,2024-10,2519.67
C01788,2024-11,53288.48
C01788,2024-12,51906.42999999999
C01788,2025-01,10659.18
C01788,2025-02,46300.03
C01788,2025-04,6318.51
C01788,2025-05,19235.86
C01788,2025-06,18879.55
C01788,2025-09,13557.28
C01788,2025-11,13187.83
C01788,2025-12,15514.46
C01789,2024-01,11753.58
C01789,2024-02,6894.780000000001
C01789,2024-03,6093.98
C01789,2024-04,45683.88999999999
C01789,2024-06,20954.43
C01789,2024-07,14785.51
C01789,2024-09,1834.91
C01789,2024-10,3691.83
C01789,2024-11,2273.99
C01789,2024-12,43371.74
C01789,2025-01,2589.74
C01789,2025-02,29440.21
C01789,2025-03,14500.22
C01789,2025-04,16221.1
C01789,2025-05,33207.41
C01789,2025-06,4589.139999999999
C01789,2025-07,35204.36
C01789,2025-09,12473.38
C01789,2025-10,10078.970000000001
C01789,2025-11,15002.67
C01789,2025-12,17422.58
C01790,2024-01,8087.32
C01790,2024-03,31729.37
C01790,2024-04,27849.63
C01790,2024-05,3800.97
C01790,2024-06,93649.89
C01790,2024-07,2878.47
C01790,2024-08,12647.54
C01790,2024-09,2142.28
C01790,2024-10,2087.5
C01790,2024-11,16595.56
C01790,2024-12,7806.0599999999995
C01790,2025-01,6960.7
C01790,2025-03,40184.95
C01790,2025-04,20409.0
C01790,2025-05,14670.23
C01790,2025-06,88045.51999999999
C01790,2025-07,75962.07
C01790,2025-08,4970.05
C01790,2025-09,1999.56
C01790,2025-10,5928.32
C01790,2025-11,533.41
C01791,2024-01,33127.4
C01791,2024-02,6285.78
C01791,2024-03,15375.130000000001
C01791,2024-04,3870.19
C01791,2024-05,1204.55
C01791,2024-06,1599.91
C01791,2024-07,37103.310000000005
C01791,2024-09,32661.85
C01791,2024-10,10943.210000000001
C01791,2024-11,13462.04
C01791,2024-12,7538.57
C01791,2025-01,1460.88
C01791,2025-02,3244.66
C01791,2025-03,32789.020000000004
C01791,2025-04,64518.27
C01791,2025-05,14308.86
C01791,2025-06,15758.59
C01791,2025-08,7662.089999999999
C01791,2025-09,722.17
C01791,2025-10,3734.9700000000003
C01791,2025-11,992.65
C01791,2025-12,43472.2
C01792,2024-02,18432.329999999998
C01792,2024-03,40950.229999999996
C01792,2024-04,36405.62
C01792,2024-05,7300.6900000000005
C01792,2024-06,42086.74
C01792,2024-07,1395.37
C01792,2024-08,2034.99
C01792,2024-09,25537.51
C01792,2024-10,20496.73
C01792,2024-11,57418.74
C01792,2024-12,6838.0
C01792,2025-01,16132.599999999999
C01792,2025-02,4568.11
C01792,2025-03,19771.29
C01792,2025-04,6040.31
C01792,2025-05,4134.91
C01792,2025-06,9504.73
C01792,2025-07,5546.64
C01792,2025-08,26638.829999999998
C01792,2025-09,8381.3
C01792,2025-10,21227.69
C01792,2025-11,58619.119999999995
C01792,2025-12,25009.05
C01793,2024-01,3679.3900000000003
C01793,2024-02,2524.15
C01793,2024-03,6656.030000000001
C01793,2024-04,18011.92
C01793,2024-05,9256.84
C01793,2024-07,8212.91
C01793,2024-08,4100.63
C01793,2024-09,22579.25
C01793,2024-10,9570.130000000001
C01793,2024-11,28596.71
C01793,2024-12,1149.0
C01793,2025-02,79910.18
C01793,2025-03,12742.75
C01793,2025-05,64885.68
C01793,2025-06,11816.189999999999
C01793,2025-07,11565.77
C01793,2025-08,2629.52
C01793,2025-09,16097.34
C01793,2025-10,13650.46
C01793,2025-11,2484.8
C01793,2025-12,36069.630000000005
C01794,2024-03,26789.129999999997
C01794,2024-05,12159.439999999999
C01794,2024-07,33816.7
C01794,2024-08,38420.66
C01794,2024-09,6214.01
C01794,2024-10,3462.09
C01794,2024-11,33884.86
C01794,2025-01,36513.89
C01794,2025-02,2263.61
C01794,2025-03,24242.95
C01794,2025-04,826.45
C01794,2025-05,23390.56
C01794,2025-07,3673.61
C01794,2025-08,2690.96
C01794,2025-10,9220.96
C01794,2025-11,9365.59
C01794,2025-12,18591.52
C01795,2024-01,15287.3
C01795,2024-03,369.54
C01795,2024-05,19205.160000000003
C01795,2024-06,10123.44
C01795,2024-07,29215.85
C01795,2024-09,39948.67
C01795,2024-12,8880.41
C01795,2025-02,5968.07
C01795,2025-03,773.25
C01795,2025-04,33188.72
C01795,2025-05,8549.68
C01795,2025-07,11255.86
C01795,2025-08,6557.32
C01795,2025-09,471.58
C01795,2025-11,30890.57
C01795,2025-12,1049.43
C01796,2024-01,4562.16
C01796,2024-02,1002.7
C01796,2024-04,2385.52
C01796,2024-05,37741.549999999996
C01796,2024-08,2830.9500000000003
C01796,2024-09,6604.33
C01796,2024-10,2267.9300000000003
C01796,2024-11,13978.64
C01796,2024-12,4518.95
C01796,2025-01,31421.09
C01796,2025-02,24279.31
C01796,2025-03,476.5
C01796,2025-04,70782.13
C01796,2025-05,30134.51
C01796,2025-06,30321.22
C01796,2025-08,62034.81
C01796,2025-09,29530.21
C01796,2025-11,4804.17
C01796,2025-12,11562.769999999999
C01797,2024-01,3070.82
C01797,2024-02,2653.53
C01797,2024-03,491.29
C01797,2024-05,46086.4
C01797,2024-06,1664.84
C01797,2024-07,9383.36
C01797,2024-10,64207.38
C01797,2024-11,3727.79
C01797,2024-12,5487.49
C01797,2025-01,57627.05
C01797,2025-03,5696.19
C01797,2025-04,8538.31
C01797,2025-06,57942.99
C01797,2025-08,30727.26
C01797,2025-09,11123.32
C01797,2025-10,33456.15
C01797,2025-11,19432.56
C01797,2025-12,45243.21000000001
C01798,2024-01,2246.71
C01798,2024-02,53714.91
C01798,2024-03,14376.27
C01798,2024-04,5658.35
C01798,2024-05,27699.02
C01798,2024-07,18974.510000000002
C01798,2024-08,346.38
C01798,2024-09,14270.4
C01798,2024-11,5213.46
C01798,2024-12,68506.28
C01798,2025-01,3466.68
C01798,2025-02,2815.19
C01798,2025-03,23737.059999999998
C01798,2025-04,5455.57
C01798,2025-05,1577.98
C01798,2025-06,41688.46
C01798,2025-07,1045.97
C01798,2025-08,17738.96
C01798,2025-09,20812.22
C01798,2025-12,545.71
C01799,2024-01,822.5
C01799,2024-02,19247.0
C01799,2024-03,2546.59
C01799,2024-04,8920.92
C01799,2024-05,610.54
C01799,2024-07,12179.28
C01799,2024-08,6212.38
C01799,2024-10,29902.3
C01799,2024-12,3208.81
C01799,2025-01,554.32
C01799,2025-02,39097.64
C01799,2025-03,16032.130000000001
C01799,2025-05,18991.49
C01799,2025-06,1343.2
C01799,2025-08,53314.149999999994
C01799,2025-09,9503.31
C01799,2025-11,6155.09
C01800,2024-03,25325.390000000003
C01800,2024-05,1429.94
C01800,2024-06,16555.04
C01800,2024-08,3412.72
C01800,2024-09,30135.89
C01800,2024-10,7091.69
C01800,2024-11,17387.11
C01800,2025-01,17810.97
C01800,2025-02,416.93
C01800,2025-04,34841.07
C01800,2025-05,33309.01
C01800,2025-06,3773.4300000000003
C01800,2025-07,20375.17
C01800,2025-08,2375.19
C01800,2025-09,1503.88
C01800,2025-10,23421.0
C01800,2025-11,65665.73
C01800,2025-12,26851.14
C01801,2024-02,10711.61
C01801,2024-04,4234.81
C01801,2024-05,22865.06
C01801,2024-07,40408.090000000004
C01801,2024-08,10428.15
C01801,2024-10,5669.23
C01801,2024-11,7616.09
C01801,2024-12,8677.4
C01801,2025-01,6098.35
C01801,2025-03,38689.369999999995
C01801,2025-04,1674.27
C01801,2025-06,1845.17
C01801,2025-09,4881.2300000000005
C01801,2025-10,3847.57
C01801,2025-11,31169.260000000002
C01801,2025-12,8180.21
C01802,2024-02,7751.32
C01802,2024-03,33101.5
C01802,2024-04,4662.77
C01802,2024-05,12204.369999999999
C01802,2024-07,67664.84
C01802,2024-08,26346.42
C01802,2024-09,16056.13
C01802,2024-10,5137.8
C01802,2024-11,39367.32
C01802,2024-12,2933.7599999999998
C01802,2025-02,11552.83
C01802,2025-03,2840.11
C01802,2025-05,3633.2200000000003
C01802,2025-06,28171.89
C01802,2025-09,237.41
C01802,2025-10,548.32
C01802,2025-11,3649.33
C01802,2025-12,6878.77
C01803,2024-01,8484.26
C01803,2024-02,471.86
C01803,2024-04,32650.33
C01803,2024-05,1389.7
C01803,2024-07,48722.869999999995
C01803,2024-08,2774.94
C01803,2024-09,802.9
C01803,2024-10,15312.61
C01803,2024-11,17721.39
C01803,2024-12,20062.07
C01803,2025-01,2322.95
C01803,2025-02,336.59
C01803,2025-03,4793.76
C01803,2025-04,6615.39
C01803,2025-05,2191.54
C01803,2025-06,59406.72
C01803,2025-07,14895.12
C01803,2025-08,29422.79
C01803,2025-09,27067.879999999997
C01803,2025-10,58700.6
C01803,2025-12,2858.39
C01804,2024-01,3477.67
C01804,2024-03,14241.79
C01804,2024-04,7343.93
C01804,2024-05,9728.98
C01804,2024-06,20474.72
C01804,2024-07,71163.58
C01804,2024-08,31061.660000000003
C01804,2024-09,3134.2400000000002
C01804,2024-11,33685.37
C01804,2024-12,46673.81
C01804,2025-01,18514.02
C01804,2025-04,3578.5299999999997
C01804,2025-05,4074.73
C01804,2025-06,21523.49
C01804,2025-08,30945.809999999998
C01804,2025-09,67874.79999999999
C01804,2025-10,1373.15
C01804,2025-11,43255.27
C01804,2025-12,8736.18
C01805,2024-01,18564.05
C01805,2024-02,721.05
C01805,2024-04,30051.82
C01805,2024-05,29798.11
C01805,2024-06,3265.13
C01805,2024-09,1501.08
C01805,2024-10,31713.8
C01805,2025-01,52932.39000000001
C01805,2025-03,6947.53
C01805,2025-04,20532.289999999997
C01805,2025-05,10386.66
C01805,2025-06,32153.359999999997
C01805,2025-07,24508.739999999998
C01805,2025-08,2151.03
C01805,2025-09,7731.91
C01805,2025-10,3708.2299999999996
C01805,2025-11,4663.41
C01805,2025-12,10251.529999999999
C01806,2024-03,2547.32
C01806,2024-04,29849.77
C01806,2024-05,5273.87
C01806,2024-06,829.08
C01806,2024-07,11634.78
C01806,2024-08,9570.05
C01806,2024-09,19118.88
C01806,2024-10,14737.5
C01806,2024-11,8239.2
C01806,2024-12,8885.92
C01806,2025-01,62432.16
C01806,2025-04,6249.47
C01806,2025-05,2536.91
C01806,2025-07,13974.43
C01806,2025-09,410.58
C01806,2025-10,2935.28
C01806,2025-11,1687.31
C01806,2025-12,58299.92
C01807,2024-01,4731.07
C01807,2024-02,1179.39
C01807,2024-03,37151.91
C01807,2024-04,1601.25
C01807,2024-05,10814.28
C01807,2024-07,33081.490000000005
C01807,2024-09,1753.9
C01807,2024-10,446.96
C01807,2024-12,58104.850000000006
C01807,2025-01,2178.15
C01807,2025-03,2413.3
C01807,2025-04,3462.94
C01807,2025-05,22651.410000000003
C01807,2025-06,11636.24
C01807,2025-07,22804.14
C01807,2025-08,8172.68
C01807,2025-09,30803.31
C01807,2025-10,2940.9
C01807,2025-11,3313.6
C01807,2025-12,15494.009999999998
C01808,2024-02,2498.81
C01808,2024-05,3273.44
C01808,2024-07,8557.32
C01808,2024-08,12343.77
C01808,2024-09,5106.889999999999
C01808,2024-10,7691.31
C01808,2024-11,57134.66
C01808,2024-12,41280.56
C01808,2025-02,8816.18
C01808,2025-03,271.89
C01808,2025-05,7500.29
C01808,2025-06,49905.31999999999
C01808,2025-08,15529.05
C01808,2025-09,1920.78
C01808,2025-10,1185.73
C01808,2025-11,230.78
C01808,2025-12,1615.01
C01809,2024-01,1584.46
C01809,2024-02,31578.04
C01809,2024-04,26658.18
C01809,2024-05,10619.55
C01809,2024-06,568.28
C01809,2024-08,12373.82
C01809,2024-09,39568.54
C01809,2024-10,38926.09
C01809,2024-11,1173.17
C01809,2024-12,6278.77
C01809,2025-01,30689.15
C01809,2025-02,2736.59
C01809,2025-04,8532.79
C01809,2025-05,16308.04
C01809,2025-07,52052.19
C01809,2025-08,16958.48
C01809,2025-09,1236.78
C01809,2025-10,58150.61
C01809,2025-11,68274.56
C01809,2025-12,7006.45
C01810,2024-01,1051.07
C01810,2024-03,60085.42
C01810,2024-05,20047.97
C01810,2024-07,10924.289999999999
C01810,2024-08,11504.38
C01810,2024-09,66896.39
C01810,2024-11,19782.07
C01810,2024-12,5940.95
C01810,2025-01,8983.77
C01810,2025-03,19947.64
C01810,2025-05,18176.91
C01810,2025-06,19367.21
C01810,2025-07,33732.01
C01810,2025-09,23155.0
C01810,2025-12,16751.48
C01811,2024-01,8996.18
C01811,2024-03,13810.54
C01811,2024-04,5520.85
C01811,2024-06,61962.100000000006
C01811,2024-07,6441.11
C01811,2024-08,10449.37
C01811,2024-09,3263.25
C01811,2025-01,1716.46
C01811,2025-02,2748.16
C01811,2025-03,1723.38
C01811,2025-04,542.75
C01811,2025-06,6696.0
C01811,2025-07,14703.810000000001
C01811,2025-08,18664.32
C01811,2025-09,228.26
C01811,2025-10,5501.13
C01811,2025-11,8887.15
C01811,2025-12,12558.35
C01812,2024-01,931.0
C01812,2024-03,4175.99
C01812,2024-04,26782.120000000003
C01812,2024-05,7429.43
C01812,2024-06,30316.07
C01812,2024-07,6691.13
C01812,2024-08,4254.17
C01812,2024-09,6007.12
C01812,2024-10,19429.6
C01812,2024-11,19022.660000000003
C01812,2024-12,17054.0
C01812,2025-02,11364.66
C01812,2025-03,15248.349999999999
C01812,2025-04,7819.93
C01812,2025-06,873.27
C01812,2025-07,9053.52
C01812,2025-08,21114.019999999997
C01812,2025-09,7894.3
C01812,2025-10,1293.92
C01812,2025-11,36442.08
C01812,2025-12,9850.37
C01813,2024-01,3504.77
C01813,2024-02,59566.29
C01813,2024-03,6008.610000000001
C01813,2024-05,2940.79
C01813,2024-06,47011.99
C01813,2024-07,20279.55
C01813,2024-08,697.19
C01813,2024-09,2021.62
C01813,2024-10,2487.0
C01813,2024-11,17060.66
C01813,2025-02,11968.630000000001
C01813,2025-04,2357.92
C01813,2025-06,10630.16
C01813,2025-07,6998.36
C01813,2025-08,12964.310000000001
C01813,2025-09,1517.32
C01813,2025-10,15547.330000000002
C01813,2025-11,3818.5499999999997
C01813,2025-12,5326.99
C01814,2024-01,45903.65
C01814,2024-02,1170.78
C01814,2024-03,19884.0
C01814,2024-04,1191.95
C01814,2024-05,44957.18
C01814,2024-06,1130.66
C01814,2024-07,63259.64
C01814,2024-08,47947.8
C01814,2024-10,22892.8
C01814,2025-01,16282.93
C01814,2025-02,665.76
C01814,2025-03,975.76
C01814,2025-05,2825.08
C01814,2025-06,3597.44
C01814,2025-08,20245.43
C01814,2025-09,1271.69
C01814,2025-10,9579.68
C01814,2025-11,28051.24
C01815,2024-01,19804.86
C01815,2024-02,6522.74
C01815,2024-03,5362.39
C01815,2024-04,11573.95
C01815,2024-06,16305.15
C01815,2024-09,11062.75
C01815,2024-10,2035.23
C01815,2024-11,290.5
C01815,2025-01,16926.36
C01815,2025-02,616.45
C01815,2025-03,55162.17999999999
C01815,2025-04,3939.49
C01815,2025-05,7024.83
C01815,2025-06,4468.14
C01815,2025-10,8457.01
C01815,2025-11,31705.21
C01816,2024-02,30808.57
C01816,2024-03,61458.3
C01816,2024-05,40220.329999999994
C01816,2024-06,20207.94
C01816,2024-07,39039.69
C01816,2024-11,7088.110000000001
C01816,2025-01,14628.21
C01816,2025-02,73597.18000000001
C01816,2025-03,2812.42
C01816,2025-04,35495.55
C01816,2025-08,26112.95
C01816,2025-09,15339.6
C01816,2025-11,4435.56
C01817,2024-01,11891.19
C01817,2024-02,34100.25
C01817,2024-03,53084.06
C01817,2024-04,46001.18
C01817,2024-05,16934.34
C01817,2024-07,25390.55
C01817,2024-08,18114.649999999998
C01817,2025-04,17673.84
C01817,2025-05,2136.65
C01817,2025-06,17824.38
C01817,2025-07,9279.220000000001
C01817,2025-08,4921.88
C01817,2025-09,10830.0
C01817,2025-10,882.98
C01817,2025-11,53747.28
C01817,2025-12,2342.76
C01818,2024-03,17035.99
C01818,2024-04,3286.41
C01818,2024-05,28813.100000000002
C01818,2024-07,5280.44
C01818,2024-09,13070.06
C01818,2024-10,21164.64
C01818,2024-11,14216.13
C01818,2024-12,14001.81
C01818,2025-02,41531.83
C01818,2025-03,4944.59
C01818,2025-04,3026.41
C01818,2025-05,805.46
C01818,2025-07,1747.57
C01818,2025-09,11695.13
C01818,2025-10,14499.230000000001
C01818,2025-11,32327.4
C01818,2025-12,12023.87
C01819,2024-01,2404.4700000000003
C01819,2024-03,12389.66
C01819,2024-04,24467.449999999997
C01819,2024-06,17668.29
C01819,2024-07,8924.85
C01819,2024-08,3134.4100000000003
C01819,2024-10,3924.9799999999996
C01819,2024-11,4935.3099999999995
C01819,2025-02,212.41
C01819,2025-03,10082.04
C01819,2025-04,19452.739999999998
C01819,2025-05,10513.47
C01819,2025-06,602.18
C01819,2025-07,1043.4
C01819,2025-08,3414.54
C01819,2025-09,2896.5
C01819,2025-10,29836.46
C01819,2025-11,9160.619999999999
C01819,2025-12,3882.72
C01820,2024-02,1891.66
C01820,2024-03,17984.1
C01820,2024-04,33228.45
C01820,2024-05,27480.57
C01820,2024-06,7405.66
C01820,2024-08,3510.36
C01820,2024-09,81535.35
C01820,2024-10,13646.320000000002
C01820,2024-11,14116.7
C01820,2024-12,4720.73
C01820,2025-01,9336.39
C01820,2025-02,37842.69
C01820,2025-03,16518.56
C01820,2025-04,11722.64
C01820,2025-06,11744.52
C01820,2025-09,8110.72
C01820,2025-10,11737.04
C01820,2025-11,21159.86
C01820,2025-12,6318.43
C01821,2024-01,777.12
C01821,2024-02,20812.84
C01821,2024-03,48567.85
C01821,2024-04,3934.36
C01821,2024-05,1452.6799999999998
C01821,2024-06,7961.51
C01821,2024-07,786.88
C01821,2024-08,3173.5
C01821,2024-10,5673.15
C01821,2024-11,830.89
C01821,2024-12,5980.34
C01821,2025-01,5353.46
C01821,2025-02,2735.09
C01821,2025-03,17077.48
C01821,2025-04,2496.23
C01821,2025-07,1867.25
C01821,2025-08,14281.130000000001
C01821,2025-09,33051.67
C01821,2025-10,5783.4
C01821,2025-11,357.23
C01822,2024-02,17039.4
C01822,2024-03,52251.06
C01822,2024-04,13430.37
C01822,2024-05,60529.53999999999
C01822,2024-06,2208.14
C01822,2024-07,1563.19
C01822,2024-08,7127.03
C01822,2024-10,9536.29
C01822,2024-11,18702.76
C01822,2024-12,57111.62
C01822,2025-01,42983.87
C01822,2025-02,19859.34
C01822,2025-03,9989.46
C01822,2025-04,6119.26
C01822,2025-05,10173.61
C01822,2025-06,5537.52
C01822,2025-07,8845.1
C01822,2025-08,77324.31
C01822,2025-09,2324.84
C01822,2025-12,1769.72
C01823,2024-01,42070.48
C01823,2024-02,6892.69
C01823,2024-05,5964.17
C01823,2024-07,5290.42
C01823,2024-08,12820.55
C01823,2024-09,85928.24
C01823,2024-11,3071.72
C01823,2024-12,4392.41
C01823,2025-01,1331.38
C01823,2025-02,4205.26
C01823,2025-03,331.91
C01823,2025-04,2318.27
C01823,2025-07,23295.47
C01823,2025-08,66569.18000000001
C01823,2025-09,3617.62
C01823,2025-11,3696.97
C01824,2024-01,2871.79
C01824,2024-02,14342.73
C01824,2024-03,35844.64
C01824,2024-04,31184.61
C01824,2024-05,42047.97
C01824,2024-08,14032.26
C01824,2024-09,17706.63
C01824,2024-10,78713.48
C01824,2024-11,20782.550000000003
C01824,2025-01,3216.46
C01824,2025-03,17051.82
C01824,2025-04,1505.11
C01824,2025-05,2933.49
C01824,2025-08,37339.99
C01824,2025-10,29892.64
C01824,2025-11,3606.36
C01824,2025-12,17186.54
C01825,2024-01,5771.83
C01825,2024-02,3767.39
C01825,2024-03,6919.77
C01825,2024-05,71732.03
C01825,2024-07,51427.270000000004
C01825,2024-09,52566.36
C01825,2024-10,3741.45
C01825,2024-12,31824.36
C01825,2025-01,243.15
C01825,2025-03,8195.52
C01825,2025-05,2546.57
C01825,2025-06,2442.05
C01825,2025-07,30588.0
C01825,2025-09,34613.990000000005
C01825,2025-10,6672.56
C01825,2025-11,15184.26
C01825,2025-12,2424.94
C01826,2024-01,5688.1
C01826,2024-02,2448.83
C01826,2024-03,2061.52
C01826,2024-04,21080.19
C01826,2024-05,616.92
C01826,2024-06,74116.88
C01826,2024-07,23251.58
C01826,2024-08,2182.48
C01826,2024-09,35415.94
C01826,2024-10,10101.27
C01826,2024-11,744.73
C01826,2024-12,22497.08
C01826,2025-01,9259.36
C01826,2025-02,15860.47
C01826,2025-03,14226.39
C01826,2025-04,28005.54
C01826,2025-05,3898.2700000000004
C01826,2025-06,2648.95
C01826,2025-08,108728.08
C01826,2025-10,21938.09
C01826,2025-11,3259.04
C01827,2024-02,40453.54
C01827,2024-03,722.84
C01827,2024-04,20641.38
C01827,2024-07,20862.449999999997
C01827,2024-08,28845.71
C01827,2024-09,20734.239999999998
C01827,2024-10,72296.53
C01827,2024-11,2372.28
C01827,2024-12,47402.07
C01827,2025-01,29504.290000000005
C01827,2025-03,3114.96
C01827,2025-04,24249.260000000002
C01827,2025-05,53739.78
C01827,2025-06,26435.05
C01827,2025-07,2336.87
C01827,2025-08,40261.21
C01827,2025-09,22080.23
C01827,2025-10,1306.51
C01827,2025-12,25204.36
C01828,2024-01,10078.25
C01828,2024-02,13949.83
C01828,2024-03,48107.75
C01828,2024-04,21399.59
C01828,2024-05,17460.52
C01828,2024-07,11472.619999999999
C01828,2024-09,3192.92
C01828,2024-12,27734.08
C01828,2025-03,2680.68
C01828,2025-04,11112.63
C01828,2025-05,566.62
C01828,2025-06,18657.81
C01828,2025-08,11469.29
C01828,2025-09,13096.86
C01828,2025-10,4856.31
C01828,2025-11,58199.52
C01828,2025-12,10494.35
C01829,2024-03,28763.4
C01829,2024-04,2662.8900000000003
C01829,2024-05,12240.45
C01829,2024-06,10562.93
C01829,2024-07,5751.39
C01829,2024-08,2236.73
C01829,2024-09,2233.5099999999998
C01829,2024-10,2478.59
C01829,2024-11,8302.32
C01829,2025-01,28895.93
C01829,2025-03,67355.76
C01829,2025-05,14161.0
C01829,2025-06,19755.870000000003
C01829,2025-07,2702.83
C01829,2025-09,11018.720000000001
C01829,2025-10,10506.2
C01829,2025-11,19520.41
C01829,2025-12,10729.8
C01830,2024-02,17943.21
C01830,2024-03,31072.87
C01830,2024-04,15863.189999999999
C01830,2024-05,924.77
C01830,2024-07,69849.59
C01830,2024-08,11872.24
C01830,2024-09,10320.07
C01830,2024-11,18503.76
C01830,2025-01,26948.28
C01830,2025-02,37561.310000000005
C01830,2025-03,43077.17
C01830,2025-05,17015.8
C01830,2025-06,3466.4399999999996
C01830,2025-07,2247.44
C01830,2025-08,72205.58
C01830,2025-10,58205.46
C01830,2025-11,53312.01
C01830,2025-12,1338.2
C01831,2024-01,10431.04
C01831,2024-02,6311.41
C01831,2024-03,12251.169999999998
C01831,2024-04,15786.93
C01831,2024-05,11021.66
C01831,2024-08,13152.48
C01831,2024-09,37605.24
C01831,2024-10,6028.65
C01831,2024-11,28219.45
C01831,2024-12,2279.8
C01831,2025-01,37552.6
C01831,2025-02,20764.06
C01831,2025-03,626.68
C01831,2025-06,537.08
C01831,2025-07,11311.47
C01831,2025-08,9127.41
C01831,2025-09,48053.29
C01831,2025-10,45758.47
C01831,2025-11,620.27
C01831,2025-12,240.23
C01832,2024-01,45691.09
C01832,2024-02,29256.31
C01832,2024-03,614.22
C01832,2024-04,8579.75
C01832,2024-05,8688.02
C01832,2024-06,3897.6
C01832,2024-07,6359.57
C01832,2024-08,31178.2
C01832,2024-09,11660.8
C01832,2024-11,30804.86
C01832,2024-12,8332.87
C01832,2025-02,11510.48
C01832,2025-03,19415.21
C01832,2025-04,4594.929999999999
C01832,2025-05,32480.94
C01832,2025-06,54957.7
C01832,2025-07,60185.59
C01832,2025-08,5639.85
C01832,2025-09,4056.32
C01832,2025-10,2249.1
C01832,2025-11,23631.899999999998
C01832,2025-12,39044.41
C01833,2024-02,4907.0599999999995
C01833,2024-04,30135.41
C01833,2024-05,47946.0
C01833,2024-06,640.12
C01833,2024-07,4568.82
C01833,2024-08,99090.55
C01833,2024-09,13550.11
C01833,2024-10,1039.03
C01833,2024-12,21407.87
C01833,2025-01,2698.78
C01833,2025-03,1190.96
C01833,2025-04,26428.62
C01833,2025-05,32665.429999999997
C01833,2025-06,4201.72
C01833,2025-07,533.87
C01833,2025-08,6563.01
C01833,2025-09,10528.53
C01833,2025-10,6034.09
C01833,2025-12,2429.84
C01834,2024-01,13237.66
C01834,2024-02,14543.13
C01834,2024-03,38393.369999999995
C01834,2024-04,48219.86
C01834,2024-05,1369.46
C01834,2024-06,2838.23
C01834,2024-07,4839.85
C01834,2024-08,13836.71
C01834,2024-10,36092.1
C01834,2024-11,56298.22
C01834,2025-01,9960.33
C01834,2025-02,2947.05
C01834,2025-03,15539.54
C01834,2025-04,2169.05
C01834,2025-05,14692.03
C01834,2025-06,38884.95999999999
C01834,2025-07,3165.72
C01834,2025-08,11630.35
C01834,2025-09,11338.02
C01834,2025-10,50661.939999999995
C01834,2025-11,7250.7699999999995
C01834,2025-12,10602.28
C01835,2024-01,953.81
C01835,2024-02,2592.92
C01835,2024-03,3525.2799999999997
C01835,2024-04,5853.17
C01835,2024-06,35965.5
C01835,2024-08,2457.85
C01835,2024-09,35224.53
C01835,2024-10,19172.52
C01835,2024-11,11816.73
C01835,2025-02,3051.1
C01835,2025-05,39084.8
C01835,2025-07,1733.06
C01835,2025-08,15718.509999999998
C01835,2025-09,14671.97
C01835,2025-10,27474.010000000002
C01835,2025-11,15000.1
C01835,2025-12,2993.43
C01836,2024-01,52381.08
C01836,2024-02,14505.36
C01836,2024-04,5926.8
C01836,2024-05,1683.52
C01836,2024-07,58991.100000000006
C01836,2024-08,6000.82
C01836,2024-10,1410.09
C01836,2025-01,9870.220000000001
C01836,2025-02,21734.53
C01836,2025-05,52257.01
C01836,2025-06,6738.35
C01836,2025-07,9016.52
C01836,2025-08,1742.17
C01836,2025-09,42117.2
C01836,2025-11,15858.67
C01837,2024-01,6352.93
C01837,2024-02,25786.25
C01837,2024-03,342.12
C01837,2024-04,1140.13
C01837,2024-05,2039.34
C01837,2024-07,21571.600000000002
C01837,2024-09,1004.93
C01837,2024-10,2889.48
C01837,2024-11,11295.279999999999
C01837,2025-01,14371.55
C01837,2025-03,17465.09
C01837,2025-05,42285.46
C01837,2025-07,1847.9
C01837,2025-08,18799.94
C01837,2025-10,805.06
C01837,2025-11,3090.71
C01837,2025-12,5952.72
C01838,2024-01,17569.43
C01838,2024-02,56744.56
C01838,2024-04,3525.82
C01838,2024-06,11902.93
C01838,2024-07,20181.02
C01838,2024-08,3979.49
C01838,2024-09,169.78
C01838,2024-10,47382.44
C01838,2024-11,641.56
C01838,2024-12,3625.6400000000003
C01838,2025-02,9841.71
C01838,2025-03,12655.529999999999
C01838,2025-04,482.42
C01838,2025-05,3856.13
C01838,2025-07,23685.89
C01838,2025-08,9367.96
C01838,2025-09,2528.3199999999997
C01838,2025-12,5119.67
C01839,2024-01,8655.6
C01839,2024-02,2776.53
C01839,2024-03,20614.32
C01839,2024-04,45453.97
C01839,2024-06,14008.349999999999
C01839,2024-08,19341.97
C01839,2024-09,52157.76
C01839,2024-10,1733.56
C01839,2024-11,2724.5
C01839,2024-12,17414.86
C01839,2025-01,5634.67
C01839,2025-02,637.54
C01839,2025-03,27567.36
C01839,2025-04,33321.57
C01839,2025-05,17169.98
C01839,2025-06,52843.05
C01839,2025-07,24982.800000000003
C01839,2025-08,19464.74
C01839,2025-09,1158.6
C01839,2025-12,76420.34
C01840,2024-01,3852.93
C01840,2024-03,26546.35
C01840,2024-06,15330.07
C01840,2024-07,13746.55
C01840,2024-08,2261.59
C01840,2024-09,11058.44
C01840,2024-11,3431.29
C01840,2024-12,17586.34
C01840,2025-02,37396.57
C01840,2025-03,2775.08
C01840,2025-04,26411.64
C01840,2025-05,2607.12
C01840,2025-06,2353.5
C01840,2025-07,59319.16
C01840,2025-08,712.47
C01840,2025-09,2696.41
C01840,2025-10,12957.87
C01840,2025-11,69478.12
C01841,2024-01,1314.15
C01841,2024-02,5334.21
C01841,2024-05,5951.48
C01841,2024-06,5535.51
C01841,2024-07,247.44
C01841,2024-09,73037.55
C01841,2024-10,17572.940000000002
C01841,2024-11,3555.38
C01841,2025-01,4230.950000000001
C01841,2025-02,2363.3999999999996
C01841,2025-03,36688.18
C01841,2025-06,2730.78
C01841,2025-08,11264.06
C01841,2025-10,44084.43
C01841,2025-12,20093.059999999998
C01842,2024-01,13158.18
C01842,2024-03,68593.43
C01842,2024-04,26050.309999999998
C01842,2024-07,3732.8
C01842,2024-09,7180.2300000000005
C01842,2024-10,9101.29
C01842,2024-12,3450.9
C01842,2025-02,1552.53
C01842,2025-03,51317.34
C01842,2025-04,12994.83
C01842,2025-05,7227.07
C01842,2025-08,2960.35
C01842,2025-09,5200.15
C01842,2025-10,13253.48
C01842,2025-11,6045.76
C01842,2025-12,10606.86
C01843,2024-01,48250.36
C01843,2024-02,13812.17
C01843,2024-03,10068.54
C01843,2024-04,15034.24
C01843,2024-05,6802.36
C01843,2024-07,19377.18
C01843,2024-08,8372.88
C01843,2024-09,28871.36
C01843,2024-11,35713.89
C01843,2024-12,9178.33
C01843,2025-01,27004.420000000002
C01843,2025-03,908.49
C01843,2025-04,1238.81
C01843,2025-05,16640.11
C01843,2025-06,5922.92
C01843,2025-07,11429.24
C01843,2025-08,22073.92
C01843,2025-09,1955.06
C01843,2025-10,8618.68
C01843,2025-11,15593.04
C01843,2025-12,705.87
C01844,2024-01,48368.17
C01844,2024-04,5899.58
C01844,2024-06,20168.44
C01844,2024-07,32601.13
C01844,2024-10,53776.49
C01844,2024-11,3962.02
C01844,2024-12,13657.34
C01844,2025-01,48617.44
C01844,2025-02,4229.01
C01844,2025-03,26749.53
C01844,2025-05,41008.98
C01844,2025-06,7080.18
C01844,2025-07,59898.18
C01844,2025-08,22158.21
C01844,2025-12,54843.67
C01845,2024-03,2886.34
C01845,2024-05,65650.72
C01845,2024-06,4140.39
C01845,2024-07,60021.3
C01845,2024-08,62686.16
C01845,2024-09,24686.42
C01845,2024-10,638.04
C01845,2024-11,19170.17
C01845,2024-12,592.31
C01845,2025-01,9837.18
C01845,2025-02,8119.28
C01845,2025-03,25026.85
C01845,2025-04,1331.21
C01845,2025-05,21123.92
C01845,2025-06,18378.68
C01845,2025-07,7895.7
C01845,2025-10,10753.029999999999
C01845,2025-11,18456.55
C01845,2025-12,58435.350000000006
C01846,2024-01,2490.47
C01846,2024-02,20761.93
C01846,2024-03,11072.96
C01846,2024-04,2709.5699999999997
C01846,2024-05,11821.55
C01846,2024-09,917.79
C01846,2024-10,23061.42
C01846,2024-12,12231.57
C01846,2025-01,55937.68
C01846,2025-02,2346.96
C01846,2025-03,11934.73
C01846,2025-04,25647.920000000002
C01846,2025-05,1494.2
C01846,2025-06,2253.64
C01846,2025-07,41853.99
C01846,2025-08,32409.739999999998
C01846,2025-10,33950.560000000005
C01846,2025-11,4226.860000000001
C01846,2025-12,1023.38
C01847,2024-01,763.82
C01847,2024-02,15789.46
C01847,2024-03,10788.460000000001
C01847,2024-04,12659.87
C01847,2024-05,5834.8099999999995
C01847,2024-06,3359.17
C01847,2024-07,11256.39
C01847,2024-08,13640.9
C01847,2024-09,19537.19
C01847,2024-10,2302.87
C01847,2024-11,6152.91
C01847,2024-12,4991.38
C01847,2025-01,1700.66
C01847,2025-02,378.08
C01847,2025-03,9167.82
C01847,2025-06,90432.91
C01847,2025-07,20576.309999999998
C01847,2025-08,14797.55
C01847,2025-09,1611.69
C01847,2025-10,54488.52
C01847,2025-12,3586.26
C01848,2024-02,2194.9
C01848,2024-05,20679.71
C01848,2024-07,772.48
C01848,2024-08,15838.029999999999
C01848,2024-10,5491.85
C01848,2024-11,8588.61
C01848,2025-03,1763.46
C01848,2025-04,96151.94
C01848,2025-05,47995.04
C01848,2025-06,1604.12
C01848,2025-07,3351.3
C01848,2025-08,63707.53
C01848,2025-09,22957.73
C01848,2025-10,13074.5
C01848,2025-11,15719.51
C01849,2024-02,853.78
C01849,2024-04,2595.63
C01849,2024-05,758.01
C01849,2024-06,15842.77
C01849,2024-07,1174.11
C01849,2024-08,15723.779999999999
C01849,2024-09,28850.21
C01849,2024-10,370.52
C01849,2025-03,51167.68
C01849,2025-04,6975.4400000000005
C01849,2025-05,2715.13
C01849,2025-06,4820.57
C01849,2025-08,50849.74
C01849,2025-10,20022.1
C01849,2025-11,17412.41
C01849,2025-12,40685.08
C01850,2024-01,27499.75
C01850,2024-02,50481.94
C01850,2024-03,16063.45
C01850,2024-04,24357.55
C01850,2024-05,12919.31
C01850,2024-06,19102.63
C01850,2024-07,2206.88
C01850,2024-08,30807.489999999998
C01850,2024-09,21631.14
C01850,2024-10,5962.37
C01850,2024-11,1673.48
C01850,2024-12,8768.68
C01850,2025-03,4372.87
C01850,2025-04,14417.07
C01850,2025-05,10548.64
C01850,2025-06,53986.74
C01850,2025-07,52681.65
C01850,2025-08,3947.42
C01850,2025-09,50138.68
C01850,2025-10,12129.43
C01850,2025-11,50647.44
C01850,2025-12,7590.16
C01851,2024-01,72075.92000000001
C01851,2024-02,11672.52
C01851,2024-03,9329.78
C01851,2024-04,16280.35
C01851,2024-06,18105.47
C01851,2024-07,22954.78
C01851,2024-08,34712.990000000005
C01851,2024-10,20106.91
C01851,2024-11,9842.689999999999
C01851,2024-12,11697.929999999998
C01851,2025-01,3793.27
C01851,2025-03,5264.94
C01851,2025-05,7020.58
C01851,2025-06,1203.09
C01851,2025-07,27299.079999999998
C01851,2025-08,66607.07
C01851,2025-09,40500.55
C01851,2025-10,52313.07
C01851,2025-11,18244.86
C01852,2024-01,30384.230000000003
C01852,2024-02,337.61
C01852,2024-03,2793.34
C01852,2024-04,7066.67
C01852,2024-05,16402.39
C01852,2024-07,51582.25
C01852,2024-09,50807.83
C01852,2024-10,13654.01
C01852,2024-11,920.44
C01852,2024-12,40106.55
C01852,2025-02,5280.389999999999
C01852,2025-03,22070.08
C01852,2025-04,43790.770000000004
C01852,2025-05,58980.95
C01852,2025-07,10511.56
C01852,2025-08,33057.79
C01852,2025-09,12120.46
C01852,2025-11,3418.9300000000003
C01852,2025-12,1013.3
C01853,2024-01,2323.08
C01853,2024-02,983.46
C01853,2024-03,2481.3799999999997
C01853,2024-05,10697.76
C01853,2024-06,3963.8900000000003
C01853,2024-08,20346.45
C01853,2024-09,3400.52
C01853,2024-10,7563.790000000001
C01853,2024-11,24430.440000000002
C01853,2024-12,63790.8
C01853,2025-01,13377.14
C01853,2025-02,7002.76
C01853,2025-04,47814.92
C01853,2025-05,23585.629999999997
C01853,2025-06,3061.64
C01853,2025-07,48168.99
C01853,2025-09,52627.25
C01853,2025-11,11167.1
C01853,2025-12,47419.799999999996
C01854,2024-01,7437.969999999999
C01854,2024-02,1444.67
C01854,2024-03,1694.23
C01854,2024-04,7174.66
C01854,2024-05,1820.51
C01854,2024-06,1108.67
C01854,2024-09,1603.6
C01854,2024-10,57904.41
C01854,2024-12,14143.29
C01854,2025-01,14347.12
C01854,2025-02,36604.82
C01854,2025-03,49477.37
C01854,2025-05,42323.32
C01854,2025-06,19846.29
C01854,2025-07,9327.45
C01854,2025-08,21308.579999999998
C01854,2025-11,24655.82
C01855,2024-01,1843.42
C01855,2024-04,3786.81
C01855,2024-05,3346.9100000000003
C01855,2024-06,2674.16
C01855,2024-07,49927.83
C01855,2024-08,9751.07
C01855,2024-09,8493.26
C01855,2024-12,3460.48
C01855,2025-01,35145.06
C01855,2025-02,31412.16
C01855,2025-03,3972.13
C01855,2025-04,3224.84
C01855,2025-05,11884.52
C01855,2025-08,5516.59
C01855,2025-09,940.86
C01855,2025-12,37507.5
C01856,2024-01,11894.210000000001
C01856,2024-02,24207.05
C01856,2024-04,35018.42
C01856,2024-05,3263.24
C01856,2024-06,1022.55
C01856,2024-07,109737.61
C01856,2024-08,45840.61
C01856,2024-09,781.21
C01856,2024-11,28290.84
C01856,2024-12,613.74
C01856,2025-02,2540.51
C01856,2025-03,26027.5
C01856,2025-04,15165.53
C01856,2025-05,64499.560000000005
C01856,2025-06,12495.41
C01856,2025-08,1997.77
C01856,2025-09,345.46
C01856,2025-10,16986.41
C01856,2025-12,5351.41
C01857,2024-01,36614.18
C01857,2024-02,1430.55
C01857,2024-03,301.05
C01857,2024-05,1436.08
C01857,2024-06,12432.56
C01857,2024-07,66125.75
C01857,2024-08,37953.67
C01857,2024-09,1086.42
C01857,2024-10,1652.15
C01857,2024-11,50452.97
C01857,2024-12,1983.08
C01857,2025-01,30174.85
C01857,2025-04,41268.880000000005
C01857,2025-05,2905.7
C01857,2025-06,11423.83
C01857,2025-07,8650.349999999999
C01857,2025-08,6898.64
C01857,2025-10,14571.5
C01857,2025-11,15518.08
C01857,2025-12,4740.75
C01858,2024-01,16725.95
C01858,2024-02,32987.95
C01858,2024-03,5734.66
C01858,2024-04,670.37
C01858,2024-06,5133.33
C01858,2024-07,19656.239999999998
C01858,2024-08,3208.09
C01858,2024-09,14047.84
C01858,2024-10,1309.33
C01858,2024-11,2034.0
C01858,2024-12,2230.78
C01858,2025-01,3330.93
C01858,2025-02,4125.2
C01858,2025-03,2741.44
C01858,2025-04,3784.05
C01858,2025-05,1633.64
C01858,2025-06,1603.52
C01858,2025-07,1878.45
C01858,2025-08,5283.17
C01858,2025-09,26002.27
C01858,2025-10,14552.91
C01858,2025-11,12316.57
C01858,2025-12,22356.22
C01859,2024-01,3456.38
C01859,2024-02,27042.37
C01859,2024-03,17264.2
C01859,2024-04,5370.59
C01859,2024-05,3078.83
C01859,2024-06,32719.65
C01859,2024-08,22210.98
C01859,2024-09,16949.01
C01859,2024-12,13703.39
C01859,2025-02,82245.82
C01859,2025-03,8465.28
C01859,2025-04,8093.25
C01859,2025-05,39907.9
C01859,2025-06,2742.03
C01859,2025-07,2813.29
C01859,2025-08,5479.67
C01859,2025-11,1807.2599999999998
C01859,2025-12,7592.17
C01860,2024-01,18527.73
C01860,2024-03,3286.67
C01860,2024-04,39740.31
C01860,2024-05,1237.53
C01860,2024-07,17577.760000000002
C01860,2024-08,35874.32
C01860,2024-09,6113.5
C01860,2024-11,3707.91
C01860,2024-12,5855.5
C01860,2025-01,2555.87
C01860,2025-02,12744.74
C01860,2025-03,7260.35
C01860,2025-06,17540.66
C01860,2025-07,1677.87
C01860,2025-08,4070.75
C01860,2025-11,34247.62
C01860,2025-12,17922.27
C01861,2024-02,2393.42
C01861,2024-04,1837.31
C01861,2024-05,2091.2
C01861,2024-06,32034.87
C01861,2024-07,53704.23
C01861,2024-08,19116.89
C01861,2024-09,12111.8
C01861,2024-10,41215.22
C01861,2024-11,18044.74
C01861,2024-12,868.22
C01861,2025-01,19441.4
C01861,2025-03,18070.16
C01861,2025-04,10825.28
C01861,2025-05,1993.48
C01861,2025-06,2912.45
C01861,2025-10,11717.720000000001
C01861,2025-11,1235.47
C01862,2024-01,3887.38
C01862,2024-02,917.31
C01862,2024-04,20163.06
C01862,2024-05,32723.54
C01862,2024-06,12082.71
C01862,2024-07,51920.8
C01862,2024-08,57175.72
C01862,2024-09,1308.51
C01862,2024-10,27201.88
C01862,2024-11,4950.49
C01862,2025-01,37182.29
C01862,2025-02,37741.4
C01862,2025-04,22233.41
C01862,2025-05,326.8
C01862,2025-06,1278.78
C01862,2025-08,30345.85
C01862,2025-10,615.93
C01862,2025-12,3152.06
C01863,2024-01,52901.89
C01863,2024-02,1491.58
C01863,2024-03,13660.54
C01863,2024-04,11243.48
C01863,2024-06,2321.45
C01863,2024-11,2648.07
C01863,2024-12,91386.83
C01863,2025-01,3679.08
C01863,2025-02,32838.88
C01863,2025-03,23320.11
C01863,2025-04,2139.13
C01863,2025-05,43238.38
C01863,2025-08,27124.789999999997
C01863,2025-09,18189.58
C01863,2025-11,7155.78
C01863,2025-12,32903.94
C01864,2024-03,5555.6
C01864,2024-04,6286.8099999999995
C01864,2024-05,12128.32
C01864,2024-06,5061.9400000000005
C01864,2024-09,1805.08
C01864,2024-10,27192.760000000002
C01864,2024-11,15301.08
C01864,2024-12,2189.9
C01864,2025-01,3464.24
C01864,2025-02,2244.04
C01864,2025-03,26069.21
C01864,2025-04,13862.56
C01864,2025-07,9317.68
C01864,2025-08,4685.03
C01864,2025-10,2385.75
C01864,2025-11,67273.2
C01864,2025-12,2419.3599999999997
C01865,2024-02,2137.41
C01865,2024-04,111704.08
C01865,2024-06,33925.94
C01865,2024-07,1553.56
C01865,2024-08,39582.84
C01865,2024-09,32046.47
C01865,2024-10,278.98
C01865,2024-12,10319.98
C01865,2025-01,12181.68
C01865,2025-02,13265.85
C01865,2025-03,30469.55
C01865,2025-05,15809.06
C01865,2025-06,423.93
C01865,2025-07,6853.12
C01865,2025-08,9694.93
C01865,2025-09,3921.33
C01865,2025-10,6566.21
C01865,2025-11,2821.16
C01865,2025-12,31826.12
C01866,2024-01,47797.12
C01866,2024-02,14773.470000000001
C01866,2024-03,2721.34
C01866,2024-04,50868.09
C01866,2024-05,18648.870000000003
C01866,2024-06,5577.24
C01866,2024-07,23793.550000000003
C01866,2024-09,55299.409999999996
C01866,2024-11,21907.57
C01866,2024-12,12568.81
C01866,2025-01,3371.6
C01866,2025-03,38633.39
C01866,2025-04,23081.47
C01866,2025-05,7794.68
C01866,2025-06,39490.61
C01866,2025-07,18675.370000000003
C01866,2025-08,24500.19
C01866,2025-09,10355.24
C01866,2025-11,29354.68
C01866,2025-12,19154.15
C01867,2024-01,552.44
C01867,2024-02,2705.67
C01867,2024-04,24478.45
C01867,2024-05,23442.27
C01867,2024-07,1572.08
C01867,2024-08,16750.45
C01867,2024-10,1350.63
C01867,2024-11,568.66
C01867,2025-01,10508.119999999999
C01867,2025-02,5756.03
C01867,2025-03,34499.08
C01867,2025-04,3433.05
C01867,2025-05,2323.05
C01867,2025-06,16012.71
C01867,2025-07,2362.48
C01867,2025-09,11082.69
C01867,2025-10,23315.95
C01867,2025-11,24475.07
C01867,2025-12,4263.93
C01868,2024-01,4611.6
C01868,2024-02,1461.51
C01868,2024-05,16857.09
C01868,2024-06,531.56
C01868,2024-07,13569.16
C01868,2024-08,2972.91
C01868,2024-09,2734.33
C01868,2024-10,36971.31
C01868,2024-11,13161.77
C01868,2024-12,59950.47
C01868,2025-01,3432.62
C01868,2025-02,10086.449999999999
C01868,2025-03,9972.619999999999
C01868,2025-04,15117.689999999999
C01868,2025-05,1746.37
C01868,2025-06,7146.09
C01868,2025-07,25366.910000000003
C01868,2025-08,22016.39
C01868,2025-10,16321.18
C01868,2025-12,22474.2
C01869,2024-01,12817.01
C01869,2024-02,10960.34
C01869,2024-03,62597.99
C01869,2024-04,59579.32
C01869,2024-05,2732.21
C01869,2024-06,18075.53
C01869,2024-07,14576.009999999998
C01869,2024-09,22757.51
C01869,2024-10,60468.95
C01869,2024-11,42969.64
C01869,2024-12,11761.41
C01869,2025-01,6459.35
C01869,2025-02,62526.93
C01869,2025-03,1649.8
C01869,2025-04,7515.360000000001
C01869,2025-05,16508.46
C01869,2025-06,3553.9
C01869,2025-08,21310.309999999998
C01869,2025-09,14848.45
C01869,2025-10,16511.73
C01869,2025-12,14540.57
C01870,2024-01,23907.73
C01870,2024-02,990.4
C01870,2024-03,2251.09
C01870,2024-04,44979.17
C01870,2024-05,18091.329999999998
C01870,2024-07,1289.81
C01870,2024-10,3676.4900000000002
C01870,2024-11,26964.730000000003
C01870,2024-12,10420.01
C01870,2025-03,16482.09
C01870,2025-05,3156.29
C01870,2025-07,1663.31
C01870,2025-08,8175.43
C01870,2025-09,880.42
C01870,2025-10,15019.23
C01870,2025-11,755.99
C01870,2025-12,34903.08
C01871,2024-02,15576.869999999999
C01871,2024-03,7417.25
C01871,2024-04,1909.01
C01871,2024-05,523.65
C01871,2024-06,7908.07
C01871,2024-09,43021.88
C01871,2024-10,54277.52
C01871,2024-11,48184.92
C01871,2024-12,2637.83
C01871,2025-01,46233.22
C01871,2025-02,531.32
C01871,2025-03,29974.19
C01871,2025-04,2214.36
C01871,2025-06,1219.17
C01871,2025-07,10707.77
C01871,2025-09,12623.17
C01871,2025-10,43202.03
C01871,2025-11,17749.59
C01871,2025-12,40867.62
C01872,2024-01,14980.36
C01872,2024-02,28889.23
C01872,2024-03,2228.73
C01872,2024-04,2685.88
C01872,2024-06,7821.88
C01872,2024-07,7496.34
C01872,2024-08,7047.16
C01872,2024-09,50512.21
C01872,2024-10,14686.91
C01872,2024-11,2434.21
C01872,2025-01,3666.9400000000005
C01872,2025-02,18080.36
C01872,2025-03,27276.980000000003
C01872,2025-05,1182.81
C01872,2025-06,2062.87
C01872,2025-07,899.47
C01872,2025-08,4162.32
C01872,2025-09,1971.33
C01872,2025-10,39496.840000000004
C01872,2025-11,7895.15
C01872,2025-12,11509.43
C01873,2024-01,5465.28
C01873,2024-02,22150.760000000002
C01873,2024-03,659.39
C01873,2024-04,917.21
C01873,2024-05,21166.289999999997
C01873,2024-06,1301.77
C01873,2024-07,4187.51
C01873,2024-08,66323.09
C01873,2024-09,915.88
C01873,2024-10,15735.810000000001
C01873,2024-11,8298.47
C01873,2024-12,6915.2
C01873,2025-01,12764.71
C01873,2025-02,5260.15
C01873,2025-03,44383.58
C01873,2025-04,20654.64
C01873,2025-05,520.2
C01873,2025-07,4089.99
C01873,2025-08,65134.47
C01873,2025-10,1019.51
C01873,2025-11,754.52
C01873,2025-12,185763.78
C01874,2024-02,11670.49
C01874,2024-03,7461.86
C01874,2024-04,3984.4300000000003
C01874,2024-05,89843.82
C01874,2024-06,26360.77
C01874,2024-07,19175.94
C01874,2024-08,17479.260000000002
C01874,2024-09,21405.449999999997
C01874,2024-12,9326.56
C01874,2025-01,12724.83
C01874,2025-02,1967.4
C01874,2025-03,2774.79
C01874,2025-04,2719.25
C01874,2025-06,12953.22
C01874,2025-07,1794.17
C01874,2025-09,6474.87
C01874,2025-12,2931.14
C01875,2024-01,10182.95
C01875,2024-02,8211.43
C01875,2024-03,1279.96
C01875,2024-04,6709.540000000001
C01875,2024-05,25228.69
C01875,2024-06,3238.12
C01875,2024-07,28376.02
C01875,2024-08,1305.32
C01875,2024-09,5164.19
C01875,2024-10,7448.04
C01875,2024-11,24553.61
C01875,2024-12,877.52
C01875,2025-01,15426.54
C01875,2025-03,26618.11
C01875,2025-04,17822.05
C01875,2025-05,28804.44
C01875,2025-06,7142.27
C01875,2025-07,19582.71
C01875,2025-10,55831.94
C01875,2025-12,1188.99
C01876,2024-01,35752.9
C01876,2024-02,6416.51
C01876,2024-03,17069.010000000002
C01876,2024-04,34585.89
C01876,2024-05,15701.94
C01876,2024-06,10871.06
C01876,2024-07,606.43
C01876,2024-08,2996.03
C01876,2024-10,43197.869999999995
C01876,2024-12,14629.59
C01876,2025-01,11837.48
C01876,2025-02,7005.98
C01876,2025-03,1130.86
C01876,2025-05,12624.34
C01876,2025-06,4345.22
C01876,2025-07,42460.24
C01876,2025-08,2405.05
C01876,2025-09,20098.89
C01876,2025-10,40476.81
C01876,2025-11,69556.33
C01876,2025-12,1364.52
C01877,2024-01,4328.71
C01877,2024-03,36548.87
C01877,2024-05,5560.93
C01877,2024-06,49298.350000000006
C01877,2024-07,2705.79
C01877,2024-09,5662.48
C01877,2024-10,3703.56
C01877,2024-12,532.2
C01877,2025-01,9615.960000000001
C01877,2025-02,21206.43
C01877,2025-03,22311.84
C01877,2025-04,85873.89
C01877,2025-05,5014.3
C01877,2025-06,12793.2
C01877,2025-07,6716.629999999999
C01877,2025-08,29022.079999999998
C01877,2025-09,3712.49
C01877,2025-10,11696.22
C01877,2025-11,1483.35
C01877,2025-12,500.55
C01878,2024-01,7686.639999999999
C01878,2024-02,23174.1
C01878,2024-03,30060.02
C01878,2024-04,19199.519999999997
C01878,2024-05,29677.42
C01878,2024-06,3913.96
C01878,2024-07,4124.16
C01878,2024-08,11916.93
C01878,2024-10,1048.73
C01878,2024-11,7539.72
C01878,2024-12,946.48
C01878,2025-01,37609.85
C01878,2025-04,1694.3899999999999
C01878,2025-06,22264.690000000002
C01878,2025-08,4107.63
C01878,2025-09,722.38
C01878,2025-10,4939.49
C01878,2025-11,16326.6
C01878,2025-12,13010.05
C01879,2024-01,913.43
C01879,2024-02,1081.96
C01879,2024-03,4972.57
C01879,2024-04,7422.48
C01879,2024-05,33081.61
C01879,2024-06,4593.3
C01879,2024-10,37867.73
C01879,2024-12,13660.94
C01879,2025-01,14435.82
C01879,2025-02,67477.74
C01879,2025-03,37062.12
C01879,2025-04,9445.45
C01879,2025-06,2006.52
C01879,2025-07,34909.34
C01879,2025-08,2342.57
C01879,2025-09,1438.71
C01879,2025-10,5773.31
C01879,2025-11,6523.03
C01879,2025-12,4476.08
C01880,2024-03,2410.92
C01880,2024-04,6395.72
C01880,2024-05,2207.63
C01880,2024-06,20330.08
C01880,2024-07,9193.949999999999
C01880,2024-08,58550.38
C01880,2024-10,1367.18
C01880,2024-11,1243.2
C01880,2025-01,1304.56
C01880,2025-02,937.62
C01880,2025-03,1622.12
C01880,2025-04,1775.64
C01880,2025-05,15455.64
C01880,2025-06,23637.72
C01880,2025-07,8927.35
C01880,2025-08,47562.28
C01880,2025-09,203.93
C01880,2025-10,6356.14
C01880,2025-11,717.71
C01880,2025-12,21725.55
C01881,2024-01,14848.95
C01881,2024-02,81741.77
C01881,2024-05,14166.64
C01881,2024-06,33107.57
C01881,2024-07,16839.65
C01881,2024-08,16376.96
C01881,2024-09,573.99
C01881,2024-10,19710.260000000002
C01881,2024-11,2532.0
C01881,2024-12,18363.56
C01881,2025-01,4151.08
C01881,2025-04,23455.65
C01881,2025-05,1434.7
C01881,2025-06,22240.769999999997
C01881,2025-08,50855.490000000005
C01881,2025-10,5860.97
C01881,2025-12,13019.44
C01882,2024-01,2211.16
C01882,2024-02,6746.65
C01882,2024-03,64157.39
C01882,2024-04,59081.57
C01882,2024-08,11143.74
C01882,2024-09,1374.91
C01882,2024-12,24487.36
C01882,2025-01,36854.63
C01882,2025-02,66091.97
C01882,2025-03,2510.79
C01882,2025-05,83232.76000000001
C01882,2025-06,31612.68
C01882,2025-07,3964.57
C01882,2025-08,5073.82
C01882,2025-09,11936.58
C01882,2025-10,26536.39
C01882,2025-11,9667.26
C01883,2024-03,11231.71
C01883,2024-04,1545.28
C01883,2024-05,6238.67
C01883,2024-07,61835.53
C01883,2024-08,7312.67
C01883,2024-10,2156.21
C01883,2024-11,15474.830000000002
C01883,2024-12,4373.55
C01883,2025-01,22970.29
C01883,2025-05,61304.85999999999
C01883,2025-06,7094.9
C01883,2025-07,54136.82000000001
C01883,2025-08,255.31
C01883,2025-09,36297.579999999994
C01883,2025-11,4158.93
C01883,2025-12,9795.84
C01884,2024-01,12229.2
C01884,2024-03,29534.36
C01884,2024-06,710.78
C01884,2024-07,3344.58
C01884,2024-08,42846.52
C01884,2024-09,27422.47
C01884,2024-10,42415.56
C01884,2024-11,67188.53
C01884,2024-12,7853.33
C01884,2025-01,1012.8
C01884,2025-03,6138.97
C01884,2025-04,2763.26
C01884,2025-05,12913.2
C01884,2025-06,35887.130000000005
C01884,2025-07,3615.94
C01884,2025-08,12384.05
C01884,2025-09,14568.28
C01884,2025-11,12544.79
C01884,2025-12,3105.8900000000003
C01885,2024-01,2328.71
C01885,2024-02,2323.99
C01885,2024-03,19662.83
C01885,2024-04,39175.509999999995
C01885,2024-05,7504.52
C01885,2024-06,11547.59
C01885,2024-07,17143.89
C01885,2024-08,21802.26
C01885,2024-09,4572.2
C01885,2024-10,14042.31
C01885,2024-11,4401.42
C01885,2025-01,64422.399999999994
C01885,2025-02,88639.45000000001
C01885,2025-04,7087.15
C01885,2025-05,50532.09
C01885,2025-06,1948.23
C01885,2025-08,27212.78
C01885,2025-10,19895.63
C01885,2025-11,19470.28
C01885,2025-12,2369.3
C01886,2024-01,32993.01
C01886,2024-02,11812.09
C01886,2024-03,56200.78
C01886,2024-04,2212.46
C01886,2024-05,4692.11
C01886,2024-07,38736.9
C01886,2024-08,1686.5
C01886,2024-09,17717.57
C01886,2024-10,55195.05
C01886,2024-11,3636.38
C01886,2024-12,13823.93
C01886,2025-01,2031.61
C01886,2025-02,5492.13
C01886,2025-03,1615.43
C01886,2025-04,63315.12
C01886,2025-05,2705.02
C01886,2025-06,28848.37
C01886,2025-07,19766.58
C01886,2025-08,33834.85
C01886,2025-09,16422.17
C01886,2025-12,18780.63
C01887,2024-01,6108.969999999999
C01887,2024-02,20307.25
C01887,2024-03,20635.05
C01887,2024-04,10019.55
C01887,2024-06,14339.33
C01887,2024-07,27147.09
C01887,2024-08,7092.17
C01887,2024-10,19779.8
C01887,2024-11,3166.52
C01887,2024-12,16644.67
C01887,2025-02,24720.08
C01887,2025-03,10937.48
C01887,2025-06,243.08
C01887,2025-08,61409.439999999995
C01887,2025-09,3027.16
C01887,2025-11,10464.04
C01887,2025-12,4148.5199999999995
C01888,2024-01,5139.05
C01888,2024-02,1902.83
C01888,2024-03,9038.01
C01888,2024-04,54536.76
C01888,2024-05,3604.32
C01888,2024-06,40040.29
C01888,2024-08,5548.03
C01888,2024-09,14201.1
C01888,2024-10,16466.3
C01888,2024-11,4068.27
C01888,2024-12,15207.63
C01888,2025-02,6090.22
C01888,2025-03,4936.78
C01888,2025-04,14550.59
C01888,2025-05,2049.13
C01888,2025-07,15020.99
C01888,2025-08,22441.269999999997
C01888,2025-09,2978.82
C01888,2025-12,17000.46
C01889,2024-01,15537.81
C01889,2024-02,10064.07
C01889,2024-03,3275.13
C01889,2024-04,39935.07
C01889,2024-07,12519.19
C01889,2024-08,17027.0
C01889,2024-10,7989.66
C01889,2024-12,2307.7
C01889,2025-01,17107.46
C01889,2025-03,1335.57
C01889,2025-04,24113.47
C01889,2025-05,5771.73
C01889,2025-06,164.72
C01889,2025-07,17699.85
C01889,2025-08,2799.49
C01889,2025-09,10950.289999999999
C01889,2025-11,1341.32
C01889,2025-12,10057.25
C01890,2024-01,1876.98
C01890,2024-02,48842.76
C01890,2024-03,19638.71
C01890,2024-04,2315.68
C01890,2024-05,4379.87
C01890,2024-07,22689.52
C01890,2024-08,45202.28
C01890,2024-10,74049.91
C01890,2024-11,19376.14
C01890,2024-12,40551.26
C01890,2025-02,12557.52
C01890,2025-03,41377.280000000006
C01890,2025-04,17623.260000000002
C01890,2025-06,14645.96
C01890,2025-07,2556.13
C01890,2025-11,67324.63
C01890,2025-12,3884.3100000000004
C01891,2024-02,3971.41
C01891,2024-03,46355.89
C01891,2024-04,2849.27
C01891,2024-05,53008.82
C01891,2024-06,1115.06
C01891,2024-08,21554.95
C01891,2024-10,45862.29
C01891,2024-11,3187.11
C01891,2025-01,11597.8
C01891,2025-03,17736.120000000003
C01891,2025-04,11699.08
C01891,2025-05,9533.29
C01891,2025-06,3469.13
C01891,2025-07,14312.66
C01891,2025-09,2803.52
C01891,2025-10,11580.619999999999
C01891,2025-11,1740.65
C01892,2024-01,9779.05
C01892,2024-04,994.86
C01892,2024-05,28732.33
C01892,2024-06,10108.11
C01892,2024-07,8889.93
C01892,2024-08,32260.52
C01892,2024-10,1787.21
C01892,2024-11,20418.75
C01892,2024-12,3401.2799999999997
C01892,2025-01,21339.379999999997
C01892,2025-02,767.1600000000001
C01892,2025-03,4920.56
C01892,2025-04,1916.11
C01892,2025-06,36383.31
C01892,2025-08,33196.48
C01892,2025-09,22248.72
C01892,2025-10,18386.94
C01892,2025-11,4631.23
C01893,2024-03,8836.51
C01893,2024-04,1485.29
C01893,2024-05,33658.8
C01893,2024-06,42612.0
C01893,2024-07,22829.870000000003
C01893,2024-08,7052.09
C01893,2024-09,10483.84
C01893,2024-10,7321.34
C01893,2024-11,1671.4
C01893,2024-12,2080.58
C01893,2025-02,17207.489999999998
C01893,2025-03,24740.510000000002
C01893,2025-04,8046.59
C01893,2025-05,30881.35
C01893,2025-06,32563.909999999996
C01893,2025-07,8415.85
C01893,2025-08,11257.02
C01893,2025-11,17363.88
C01893,2025-12,16432.83
C01894,2024-01,21103.739999999998
C01894,2024-03,12186.69
C01894,2024-05,50333.15
C01894,2024-06,64842.75
C01894,2024-08,2758.56
C01894,2024-09,3776.67
C01894,2024-10,17946.23
C01894,2024-12,9523.98
C01894,2025-01,7626.65
C01894,2025-02,1981.9
C01894,2025-03,48510.090000000004
C01894,2025-04,39968.03
C01894,2025-05,714.09
C01894,2025-06,9306.67
C01894,2025-07,38911.64
C01894,2025-08,19239.73
C01894,2025-10,1207.4
C01894,2025-11,13447.869999999999
C01894,2025-12,1415.0
C01895,2024-01,9560.27
C01895,2024-02,21571.99
C01895,2024-03,3306.56
C01895,2024-04,15327.41
C01895,2024-06,1625.06
C01895,2024-07,16530.98
C01895,2024-08,1271.58
C01895,2024-09,11632.449999999999
C01895,2024-10,1895.06
C01895,2024-11,9471.02
C01895,2024-12,19897.7
C01895,2025-03,10410.509999999998
C01895,2025-04,15912.46
C01895,2025-07,15805.35
C01895,2025-08,52991.53
C01895,2025-09,17142.44
C01895,2025-10,826.01
C01895,2025-11,2440.83
C01895,2025-12,76774.56
C01896,2024-01,16378.300000000001
C01896,2024-02,12612.51
C01896,2024-03,2949.23
C01896,2024-05,22771.18
C01896,2024-07,8086.92
C01896,2024-08,17912.65
C01896,2024-10,2163.21
C01896,2024-11,6192.81
C01896,2025-04,1123.19
C01896,2025-05,55912.82
C01896,2025-06,1679.52
C01896,2025-07,2330.04
C01896,2025-08,10848.79
C01896,2025-09,18347.9
C01896,2025-10,12131.6
C01896,2025-11,29541.97
C01896,2025-12,2038.97
C01897,2024-01,13417.43
C01897,2024-02,5676.73
C01897,2024-04,9122.85
C01897,2024-05,75868.56999999999
C01897,2024-06,2687.5
C01897,2024-07,2835.51
C01897,2024-09,60581.91
C01897,2024-10,38039.05
C01897,2024-11,19318.14
C01897,2024-12,14463.96
C01897,2025-02,39920.94
C01897,2025-03,52942.909999999996
C01897,2025-04,6740.91
C01897,2025-05,2052.64
C01897,2025-06,61215.04
C01897,2025-07,18198.39
C01897,2025-08,75441.67
C01897,2025-09,1945.46
C01897,2025-10,38422.88
C01897,2025-11,3505.79
C01898,2024-01,1153.95
C01898,2024-02,5681.400000000001
C01898,2024-03,17669.75
C01898,2024-04,18635.39
C01898,2024-05,1278.07
C01898,2024-06,3543.73
C01898,2024-07,2136.27
C01898,2024-08,4558.21
C01898,2024-09,58666.31
C01898,2024-10,35635.170000000006
C01898,2024-11,1820.29
C01898,2024-12,48877.55
C01898,2025-02,56574.52999999999
C01898,2025-03,13391.21
C01898,2025-04,1179.66
C01898,2025-05,1554.09
C01898,2025-06,19231.22
C01898,2025-07,3431.74
C01898,2025-08,69289.56
C01898,2025-09,644.94
C01898,2025-11,10490.02
C01898,2025-12,23307.48
C01899,2024-01,1909.57
C01899,2024-02,20212.5
C01899,2024-04,59821.69
C01899,2024-07,12557.849999999999
C01899,2024-08,14569.08
C01899,2024-10,48369.38
C01899,2024-11,27449.26
C01899,2024-12,905.59
C01899,2025-01,10220.5
C01899,2025-02,4869.28
C01899,2025-03,10329.88
C01899,2025-04,35459.29
C01899,2025-06,21705.550000000003
C01899,2025-08,10422.76
C01899,2025-09,17131.08
C01899,2025-10,2913.71
C01899,2025-11,1101.49
C01900,2024-01,5949.46
C01900,2024-02,6268.94
C01900,2024-03,1375.89
C01900,2024-04,1254.74
C01900,2024-05,2924.1400000000003
C01900,2024-06,77538.47
C01900,2024-07,15668.210000000001
C01900,2024-08,51808.69
C01900,2024-09,43016.23
C01900,2024-10,24093.17
C01900,2024-11,9477.75
C01900,2025-01,1964.93
C01900,2025-02,409.58
C01900,2025-03,15198.65
C01900,2025-04,8374.89
C01900,2025-05,62619.58
C01900,2025-07,23162.010000000002
C01900,2025-08,5897.87
C01900,2025-09,14099.279999999999
C01900,2025-10,1518.09
C01900,2025-11,3104.1
C01900,2025-12,1647.76
C01901,2024-01,1684.99
C01901,2024-02,19511.489999999998
C01901,2024-04,30877.59
C01901,2024-06,113146.39
C01901,2024-07,7530.89
C01901,2024-08,1743.11
C01901,2024-09,7500.41
C01901,2024-11,1315.64
C01901,2024-12,11107.97
C01901,2025-01,4339.9
C01901,2025-02,2024.74
C01901,2025-03,53918.659999999996
C01901,2025-04,26353.989999999998
C01901,2025-05,46138.03
C01901,2025-07,107118.76000000001
C01901,2025-08,9982.4
C01901,2025-10,1408.09
C01901,2025-11,29840.98
C01901,2025-12,22279.340000000004
C01902,2024-02,19884.31
C01902,2024-05,748.13
C01902,2024-07,11942.17
C01902,2024-08,422.45
C01902,2024-10,27520.46
C01902,2024-11,3758.44
C01902,2024-12,37318.310000000005
C01902,2025-03,38539.44
C01902,2025-04,66295.86
C01902,2025-05,24674.3
C01902,2025-06,6722.83
C01902,2025-07,14308.71
C01902,2025-08,7332.45
C01902,2025-09,20333.95
C01902,2025-11,5982.45
C01902,2025-12,343.59
C01903,2024-01,2013.24
C01903,2024-02,20560.510000000002
C01903,2024-03,4873.71
C01903,2024-05,12566.42
C01903,2024-06,3634.09
C01903,2024-09,24940.69
C01903,2024-10,38521.39
C01903,2024-11,24771.62
C01903,2024-12,304.38
C01903,2025-01,19429.05
C01903,2025-03,25149.489999999998
C01903,2025-04,20985.98
C01903,2025-05,51961.89
C01903,2025-06,1053.36
C01903,2025-07,44813.009999999995
C01903,2025-09,239.98
C01903,2025-10,22549.61
C01903,2025-12,52412.05
C01904,2024-01,400.63
C01904,2024-02,16051.61
C01904,2024-03,10895.039999999999
C01904,2024-05,45705.36
C01904,2024-06,49202.6
C01904,2024-08,14511.59
C01904,2024-09,18214.87
C01904,2024-10,61173.45
C01904,2024-11,3057.16
C01904,2024-12,2558.4700000000003
C01904,2025-02,7856.32
C01904,2025-03,4406.1900000000005
C01904,2025-07,8312.66
C01904,2025-08,5474.04
C01904,2025-09,9450.09
C01904,2025-10,21867.78
C01904,2025-11,13729.869999999999
C01905,2024-02,4777.01
C01905,2024-03,3942.07
C01905,2024-04,3679.48
C01905,2024-06,40419.14
C01905,2024-07,4948.91
C01905,2024-08,1382.71
C01905,2024-09,1484.03
C01905,2024-10,10867.59
C01905,2024-12,36750.329999999994
C01905,2025-02,47830.54
C01905,2025-03,40041.01
C01905,2025-04,9084.79
C01905,2025-05,6415.58
C01905,2025-06,14837.75
C01905,2025-07,13150.37
C01905,2025-08,22983.03
C01905,2025-09,5940.99
C01905,2025-10,2919.16
C01905,2025-11,10679.61
C01906,2024-01,29996.53
C01906,2024-02,44683.770000000004
C01906,2024-03,9678.48
C01906,2024-05,20567.8
C01906,2024-06,19111.13
C01906,2024-07,13596.43
C01906,2024-09,5457.58
C01906,2024-11,28035.07
C01906,2024-12,17361.75
C01906,2025-02,5407.22
C01906,2025-03,6478.34
C01906,2025-04,68214.18
C01906,2025-05,3800.75
C01906,2025-06,1159.93
C01906,2025-07,32368.63
C01906,2025-08,6914.29
C01906,2025-09,31261.11
C01906,2025-10,2551.37
C01906,2025-12,4111.95
C01907,2024-02,49861.15
C01907,2024-03,873.91
C01907,2024-04,8625.44
C01907,2024-06,894.52
C01907,2024-07,1296.55
C01907,2024-08,30686.72
C01907,2024-09,215.43
C01907,2024-10,21826.309999999998
C01907,2024-11,809.42
C01907,2024-12,80366.38
C01907,2025-01,39046.6
C01907,2025-03,21295.91
C01907,2025-04,21051.74
C01907,2025-05,7865.65
C01907,2025-07,1932.1
C01907,2025-08,37574.200000000004
C01907,2025-09,4524.0599999999995
C01907,2025-10,20758.82
C01907,2025-11,23052.260000000002
C01907,2025-12,2832.34
C01908,2024-02,12574.46
C01908,2024-06,29189.86
C01908,2024-07,3602.21
C01908,2024-08,3079.11
C01908,2024-10,3829.09
C01908,2024-11,2557.79
C01908,2024-12,17212.44
C01908,2025-01,26876.440000000002
C01908,2025-03,27432.210000000003
C01908,2025-05,510.96
C01908,2025-06,21273.65
C01908,2025-07,2096.17
C01908,2025-08,2860.28
C01908,2025-09,68320.89
C01908,2025-10,15165.3
C01908,2025-11,1977.94
C01908,2025-12,3242.83
C01909,2024-02,23719.440000000002
C01909,2024-05,19471.88
C01909,2024-06,3845.27
C01909,2024-07,5894.07
C01909,2024-08,70500.82
C01909,2024-10,2766.28
C01909,2024-12,13665.81
C01909,2025-01,10479.67
C01909,2025-02,23265.149999999998
C01909,2025-03,2626.86
C01909,2025-04,1738.12
C01909,2025-05,4766.51
C01909,2025-06,3209.65
C01909,2025-07,76340.43000000001
C01909,2025-08,22370.32
C01909,2025-09,7358.960000000001
C01909,2025-10,2368.14
C01909,2025-11,399.16
C01909,2025-12,3861.5
C01910,2024-03,373.48
C01910,2024-04,12258.02
C01910,2024-05,8261.48
C01910,2024-06,10074.52
C01910,2024-07,13048.03
C01910,2024-08,4317.41
C01910,2024-09,9291.04
C01910,2024-10,13163.38
C01910,2024-11,27306.9
C01910,2024-12,40601.77
C01910,2025-01,2279.32
C01910,2025-02,108767.58
C01910,2025-03,885.48
C01910,2025-04,4837.05
C01910,2025-05,779.68
C01910,2025-06,1480.52
C01910,2025-07,58060.66
C01910,2025-09,54304.759999999995
C01910,2025-10,48431.69
C01910,2025-12,53202.05
C01911,2024-01,2901.18
C01911,2024-02,97279.91
C01911,2024-04,2356.67
C01911,2024-05,10112.26
C01911,2024-07,3858.29
C01911,2024-08,22385.379999999997
C01911,2024-09,70687.43000000001
C01911,2024-10,15230.349999999999
C01911,2024-11,14774.59
C01911,2024-12,1775.29
C01911,2025-02,17109.67
C01911,2025-03,3061.89
C01911,2025-05,2178.58
C01911,2025-06,77883.42
C01911,2025-07,1615.38
C01911,2025-09,23672.9
C01911,2025-10,5750.01
C01911,2025-11,40279.61
C01911,2025-12,1087.78
C01912,2024-01,3498.17
C01912,2024-02,16966.239999999998
C01912,2024-03,12168.27
C01912,2024-04,29533.39
C01912,2024-07,17876.129999999997
C01912,2024-08,1782.9
C01912,2024-10,49274.55
C01912,2024-11,3712.78
C01912,2024-12,193.91
C01912,2025-01,1500.7
C01912,2025-02,17898.870000000003
C01912,2025-03,8400.64
C01912,2025-04,44354.25
C01912,2025-05,2942.0299999999997
C01912,2025-06,41832.44
C01912,2025-07,3280.86
C01912,2025-08,7384.789999999999
C01912,2025-09,1227.34
C01912,2025-11,60245.55
C01912,2025-12,10582.490000000002
C01913,2024-01,26172.27
C01913,2024-03,14654.44
C01913,2024-05,9520.3
C01913,2024-06,2267.21
C01913,2024-07,7541.17
C01913,2024-08,3701.39
C01913,2024-10,3410.98
C01913,2024-11,21126.420000000002
C01913,2025-01,3472.57
C01913,2025-04,3388.2700000000004
C01913,2025-05,6911.360000000001
C01913,2025-06,6177.48
C01913,2025-07,13141.36
C01913,2025-10,42463.78
C01914,2024-02,16974.05
C01914,2024-03,1379.7
C01914,2024-04,5125.09
C01914,2024-05,8910.619999999999
C01914,2024-06,2489.88
C01914,2024-07,8549.32
C01914,2024-11,41685.89
C01914,2024-12,2211.06
C01914,2025-01,55347.52
C01914,2025-02,36347.67
C01914,2025-03,2157.7200000000003
C01914,2025-04,6603.21
C01914,2025-06,16536.9
C01914,2025-07,18624.41
C01914,2025-09,40030.03
C01914,2025-10,3915.41
C01914,2025-11,28781.61
C01915,2024-01,15276.08
C01915,2024-02,39892.01
C01915,2024-03,15028.01
C01915,2024-04,7786.120000000001
C01915,2024-05,18472.41
C01915,2024-06,9737.52
C01915,2024-07,5473.46
C01915,2024-08,356.51
C01915,2024-09,19205.73
C01915,2024-12,25747.08
C01915,2025-01,3414.57
C01915,2025-02,12427.490000000002
C01915,2025-03,22257.7
C01915,2025-05,2095.88
C01915,2025-06,2841.2200000000003
C01915,2025-08,1166.09
C01915,2025-09,4229.23
C01915,2025-10,12272.56
C01915,2025-11,55519.840000000004
C01915,2025-12,9788.130000000001
C01916,2024-01,3275.77
C01916,2024-02,53375.4
C01916,2024-04,2600.95
C01916,2024-05,3316.89
C01916,2024-06,47934.98
C01916,2024-07,2555.17
C01916,2024-08,2442.12
C01916,2024-09,48834.020000000004
C01916,2024-10,14772.27
C01916,2024-12,2488.34
C01916,2025-01,526.85
C01916,2025-03,15897.54
C01916,2025-06,5239.5
C01916,2025-07,43215.07
C01916,2025-08,40823.37
C01916,2025-09,5191.26
C01916,2025-10,56985.59
C01916,2025-11,6215.0199999999995
C01916,2025-12,1689.02
C01917,2024-01,2889.83
C01917,2024-02,1899.8
C01917,2024-03,45491.07
C01917,2024-06,7269.110000000001
C01917,2024-07,59535.03
C01917,2024-09,8201.11
C01917,2024-10,1670.19
C01917,2024-12,24421.23
C01917,2025-01,26797.61
C01917,2025-04,14397.21
C01917,2025-05,1109.98
C01917,2025-06,27285.010000000002
C01917,2025-07,2215.54
C01917,2025-09,17663.33
C01917,2025-10,17850.15
C01917,2025-11,7338.929999999999
C01917,2025-12,65066.59
C01918,2024-01,48434.12
C01918,2024-02,3339.8900000000003
C01918,2024-03,705.05
C01918,2024-04,14437.19
C01918,2024-06,7100.43
C01918,2024-07,5476.45
C01918,2024-08,28662.62
C01918,2024-10,1471.03
C01918,2024-11,17399.88
C01918,2024-12,9998.82
C01918,2025-02,3670.47
C01918,2025-03,559.73
C01918,2025-06,13383.61
C01918,2025-07,28763.93
C01918,2025-10,2371.81
C01918,2025-11,1675.98
C01918,2025-12,6219.61
C01919,2024-02,38584.28
C01919,2024-04,14215.1
C01919,2024-07,2404.29
C01919,2024-08,10400.5
C01919,2024-11,42084.2
C01919,2025-01,29542.92
C01919,2025-02,12060.66
C01919,2025-03,578.49
C01919,2025-04,7021.86
C01919,2025-05,56974.61
C01919,2025-06,7754.49
C01919,2025-07,2108.2
C01919,2025-08,926.8
C01919,2025-09,13918.35
C01919,2025-10,2672.62
C01919,2025-11,16062.19
C01919,2025-12,942.44
C01920,2024-01,11945.27
C01920,2024-02,2432.8
C01920,2024-03,52010.29
C01920,2024-05,12629.74
C01920,2024-06,1685.35
C01920,2024-07,16435.11
C01920,2024-08,18962.94
C01920,2024-09,54632.84
C01920,2024-10,38129.19
C01920,2024-11,69737.19
C01920,2024-12,17102.89
C01920,2025-01,4585.6
C01920,2025-04,20809.05
C01920,2025-05,43040.66
C01920,2025-06,37526.45
C01920,2025-07,2256.98
C01920,2025-08,12009.03
C01920,2025-09,5436.25
C01920,2025-11,7980.11
C01920,2025-12,8776.02
C01921,2024-01,7857.57
C01921,2024-03,5514.82
C01921,2024-04,48395.479999999996
C01921,2024-05,815.28
C01921,2024-06,9855.11
C01921,2024-07,6528.84
C01921,2024-09,22076.61
C01921,2024-10,45481.33
C01921,2024-11,1718.24
C01921,2024-12,17153.48
C01921,2025-01,2019.29
C01921,2025-04,37994.07
C01921,2025-05,28063.56
C01921,2025-06,1354.58
C01921,2025-07,2289.31
C01921,2025-09,1219.98
C01921,2025-10,29232.730000000003
C01921,2025-11,37203.39
C01921,2025-12,35584.28
C01922,2024-01,5405.42
C01922,2024-03,18556.94
C01922,2024-05,12620.47
C01922,2024-06,29852.4
C01922,2024-07,33226.21
C01922,2024-08,19806.29
C01922,2024-09,17516.26
C01922,2024-10,3183.29
C01922,2024-11,28722.11
C01922,2025-01,18783.39
C01922,2025-02,38507.33
C01922,2025-03,2732.55
C01922,2025-05,10081.47
C01922,2025-06,17177.31
C01922,2025-08,41519.53
C01922,2025-09,2717.19
C01922,2025-10,14444.44
C01922,2025-12,17883.93
C01923,2024-01,36293.96
C01923,2024-02,89191.98000000001
C01923,2024-03,9670.26
C01923,2024-04,7102.93
C01923,2024-06,6356.76
C01923,2024-07,15026.21
C01923,2024-08,9065.84
C01923,2024-09,14406.050000000001
C01923,2024-10,2955.23
C01923,2024-11,27066.91
C01923,2024-12,2498.0
C01923,2025-01,28026.58
C01923,2025-02,5586.71
C01923,2025-03,10281.56
C01923,2025-05,2469.06
C01923,2025-06,1618.42
C01923,2025-07,50180.619999999995
C01923,2025-09,54631.26
C01923,2025-10,35871.46
C01923,2025-11,9017.68
C01923,2025-12,11144.11
C01924,2024-01,2501.13
C01924,2024-03,4989.08
C01924,2024-04,6650.679999999999
C01924,2024-05,4652.56
C01924,2024-06,5018.87
C01924,2024-08,1949.37
C01924,2024-11,34440.72
C01924,2024-12,34617.04
C01924,2025-01,2367.25
C01924,2025-02,25208.230000000003
C01924,2025-03,25761.96
C01924,2025-04,3721.35
C01924,2025-05,29349.28
C01924,2025-06,14112.86
C01924,2025-07,1258.88
C01924,2025-08,1615.23
C01924,2025-09,2485.53
C01924,2025-10,8095.54
C01924,2025-11,7586.0
C01925,2024-01,6536.3
C01925,2024-03,101989.91
C01925,2024-05,13128.03
C01925,2024-06,9298.42
C01925,2024-08,1557.73
C01925,2024-09,4196.34
C01925,2024-11,7732.69
C01925,2024-12,10423.800000000001
C01925,2025-01,9831.44
C01925,2025-03,11459.35
C01925,2025-04,64422.26
C01925,2025-05,14181.52
C01925,2025-06,45822.829999999994
C01925,2025-07,1552.99
C01925,2025-08,20573.58
C01925,2025-09,22304.34
C01925,2025-10,26795.54
C01925,2025-11,26684.67
C01925,2025-12,2988.76
C01926,2024-02,59101.46
C01926,2024-03,16574.36
C01926,2024-04,2572.98
C01926,2024-06,2457.74
C01926,2024-07,32743.909999999996
C01926,2024-08,1484.93
C01926,2024-09,7078.38
C01926,2024-10,5424.68
C01926,2024-11,2810.76
C01926,2024-12,14231.82
C01926,2025-01,3267.64
C01926,2025-02,47799.65
C01926,2025-03,239.07
C01926,2025-04,6614.95
C01926,2025-05,16367.72
C01926,2025-06,22488.6
C01926,2025-08,1789.48
C01926,2025-09,2293.84
C01926,2025-10,21465.41
C01926,2025-11,15989.53
C01926,2025-12,215.36
C01927,2024-01,648.62
C01927,2024-02,6857.72
C01927,2024-03,898.1
C01927,2024-04,3770.66
C01927,2024-05,16370.23
C01927,2024-06,13861.71
C01927,2024-07,6294.6900000000005
C01927,2024-09,5500.19
C01927,2024-10,21308.62
C01927,2024-11,3155.68
C01927,2024-12,10067.52
C01927,2025-01,4292.22
C01927,2025-03,2407.76
C01927,2025-04,15610.279999999999
C01927,2025-05,27952.71
C01927,2025-07,11921.56
C01927,2025-08,20939.989999999998
C01927,2025-09,8552.35
C01927,2025-10,48159.55
C01927,2025-11,19213.79
C01927,2025-12,18164.670000000002
C01928,2024-01,25769.100000000002
C01928,2024-02,27064.12
C01928,2024-03,18359.46
C01928,2024-04,2987.44
C01928,2024-05,39831.71
C01928,2024-06,3566.55
C01928,2024-07,38421.16
C01928,2024-08,2271.55
C01928,2024-09,7909.23
C01928,2024-10,8481.62
C01928,2024-11,1102.7
C01928,2024-12,21005.370000000003
C01928,2025-01,3492.48
C01928,2025-02,9429.38
C01928,2025-03,1317.73
C01928,2025-04,9700.89
C01928,2025-05,2331.38
C01928,2025-06,7674.2
C01928,2025-07,6950.36
C01928,2025-08,1856.7399999999998
C01928,2025-09,9080.19
C01928,2025-10,111297.72000000002
C01928,2025-11,53296.81
C01928,2025-12,38457.57
C01929,2024-03,5124.0599999999995
C01929,2024-04,2129.89
C01929,2024-05,1959.95
C01929,2024-06,1762.83
C01929,2024-07,3361.84
C01929,2024-08,6676.26
C01929,2024-09,6836.8
C01929,2024-10,1332.19
C01929,2024-11,30466.18
C01929,2024-12,1332.92
C01929,2025-03,11926.29
C01929,2025-04,9882.79
C01929,2025-05,1994.38
C01929,2025-06,10929.09
C01929,2025-08,3497.2799999999997
C01929,2025-10,21349.16
C01929,2025-11,5020.15
C01930,2024-01,29585.52
C01930,2024-03,1491.95
C01930,2024-05,7318.67
C01930,2024-06,24177.18
C01930,2024-09,16670.09
C01930,2024-10,8482.27
C01930,2024-11,2851.81
C01930,2024-12,3461.09
C01930,2025-02,64626.19
C01930,2025-04,38853.12
C01930,2025-05,6651.620000000001
C01930,2025-06,14186.099999999999
C01930,2025-08,43410.630000000005
C01930,2025-09,12319.78
C01930,2025-10,16220.33
C01930,2025-11,16844.059999999998
C01930,2025-12,21954.649999999998
C01931,2024-02,610.9
C01931,2024-03,20243.46
C01931,2024-04,1522.27
C01931,2024-05,19612.190000000002
C01931,2024-06,13088.64
C01931,2024-09,33291.08
C01931,2024-10,3997.96
C01931,2024-11,6558.08
C01931,2024-12,13943.140000000001
C01931,2025-01,5645.11
C01931,2025-03,2670.86
C01931,2025-05,5393.58
C01931,2025-07,14505.08
C01931,2025-08,3897.84
C01931,2025-10,7289.46
C01931,2025-11,322.52
C01931,2025-12,4588.42
C01932,2024-01,858.73
C01932,2024-02,7238.59
C01932,2024-04,1529.41
C01932,2024-05,20602.26
C01932,2024-06,27090.12
C01932,2024-07,13485.65
C01932,2024-08,864.17
C01932,2024-09,60248.060000000005
C01932,2024-10,5605.09
C01932,2024-11,28355.61
C01932,2024-12,27282.780000000002
C01932,2025-04,4349.59
C01932,2025-07,28380.11
C01932,2025-08,371.56
C01932,2025-09,16170.240000000002
C01932,2025-10,6986.24
C01932,2025-11,7765.51
C01932,2025-12,457.96
C01933,2024-01,3606.15
C01933,2024-02,2411.67
C01933,2024-03,2969.9
C01933,2024-04,1931.24
C01933,2024-05,47794.810000000005
C01933,2024-06,2009.46
C01933,2024-07,7353.18
C01933,2024-09,1295.74
C01933,2024-10,805.8
C01933,2024-11,6363.25
C01933,2025-01,1650.7
C01933,2025-02,13290.08
C01933,2025-04,23887.85
C01933,2025-05,19449.980000000003
C01933,2025-06,625.06
C01933,2025-07,28171.72
C01933,2025-08,16319.67
C01933,2025-10,31723.77
C01933,2025-11,13719.72
C01933,2025-12,6748.65
C01934,2024-02,38531.55
C01934,2024-03,3685.85
C01934,2024-04,1160.22
C01934,2024-05,2813.77
C01934,2024-06,771.34
C01934,2024-07,27244.619999999995
C01934,2024-08,10136.759999999998
C01934,2024-10,3024.41
C01934,2024-11,18570.05
C01934,2024-12,24537.88
C01934,2025-01,5393.61
C01934,2025-02,1553.25
C01934,2025-06,16056.76
C01934,2025-07,12432.779999999999
C01934,2025-08,1754.65
C01934,2025-09,12990.27
C01934,2025-10,2640.83
C01934,2025-11,57087.14
C01934,2025-12,12271.03
C01935,2024-01,26652.45
C01935,2024-02,51075.77
C01935,2024-03,5938.8
C01935,2024-04,19664.72
C01935,2024-05,17797.71
C01935,2024-10,16108.5
C01935,2024-11,28608.94
C01935,2024-12,25414.940000000002
C01935,2025-01,2179.84
C01935,2025-03,17581.510000000002
C01935,2025-04,37279.89
C01935,2025-05,53827.11
C01935,2025-06,4639.42
C01935,2025-07,6517.849999999999
C01935,2025-09,62630.65
C01935,2025-10,723.12
C01935,2025-11,12883.57
C01935,2025-12,7615.34
C01936,2024-01,28930.25
C01936,2024-03,485.11
C01936,2024-04,7837.92
C01936,2024-05,11278.27
C01936,2024-06,2206.2
C01936,2024-07,44722.729999999996
C01936,2024-08,2991.54
C01936,2024-10,11640.14
C01936,2024-11,45869.61
C01936,2024-12,20213.46
C01936,2025-01,2320.13
C01936,2025-02,18759.23
C01936,2025-03,13946.03
C01936,2025-04,10763.460000000001
C01936,2025-06,1879.79
C01936,2025-08,52999.61
C01936,2025-10,14246.43
C01936,2025-11,14249.61
C01936,2025-12,5453.54
C01937,2024-01,4596.21
C01937,2024-05,60761.84
C01937,2024-07,23631.940000000002
C01937,2024-08,5047.2
C01937,2024-09,15261.21
C01937,2024-10,4014.63
C01937,2024-12,27680.989999999998
C01937,2025-02,29700.18
C01937,2025-03,27010.23
C01937,2025-04,26032.94
C01937,2025-05,18843.45
C01937,2025-06,44494.76
C01937,2025-09,18373.89
C01937,2025-10,14988.53
C01938,2024-01,47362.33
C01938,2024-02,8336.09
C01938,2024-03,16105.449999999999
C01938,2024-05,21453.0
C01938,2024-07,40355.32
C01938,2024-08,3088.85
C01938,2024-09,9487.01
C01938,2024-10,23457.08
C01938,2024-12,41150.42
C01938,2025-01,5710.969999999999
C01938,2025-03,4072.83
C01938,2025-04,1635.77
C01938,2025-05,14495.14
C01938,2025-06,31592.61
C01938,2025-07,2931.1
C01938,2025-08,2824.51
C01938,2025-09,14444.35
C01938,2025-10,734.79
C01938,2025-11,19631.32
C01939,2024-01,39728.18
C01939,2024-02,6422.38
C01939,2024-03,22547.12
C01939,2024-05,68016.65
C01939,2024-07,1617.33
C01939,2024-08,24821.14
C01939,2024-10,55037.56
C01939,2024-11,702.8
C01939,2024-12,47115.58
C01939,2025-02,7136.0599999999995
C01939,2025-03,1517.79
C01939,2025-05,9003.86
C01939,2025-07,15450.46
C01939,2025-08,37276.15
C01939,2025-09,31528.76
C01939,2025-10,3674.13
C01939,2025-11,26761.72
C01939,2025-12,6179.22
C01940,2024-02,13136.7
C01940,2024-03,2367.7
C01940,2024-05,5554.27
C01940,2024-07,1625.22
C01940,2024-08,36810.61
C01940,2024-09,9401.939999999999
C01940,2024-10,10245.91
C01940,2024-11,1042.37
C01940,2025-01,8383.6
C01940,2025-02,19830.37
C01940,2025-03,18115.58
C01940,2025-04,1200.46
C01940,2025-05,18887.82
C01940,2025-06,792.42
C01940,2025-07,2243.01
C01940,2025-08,6981.14
C01940,2025-10,7502.58
C01940,2025-11,8486.35
C01940,2025-12,8209.21
C01941,2024-01,9906.42
C01941,2024-02,27083.63
C01941,2024-04,2305.55
C01941,2024-05,1534.19
C01941,2024-06,27076.57
C01941,2024-07,78887.85
C01941,2024-08,7436.02
C01941,2024-11,22739.87
C01941,2024-12,1734.94
C01941,2025-01,4049.81
C01941,2025-02,2294.15
C01941,2025-04,15853.31
C01941,2025-05,17282.45
C01941,2025-06,2986.13
C01941,2025-07,7892.95
C01941,2025-08,3550.06
C01941,2025-10,229.25
C01941,2025-11,3192.46
C01941,2025-12,32686.229999999996
C01942,2024-01,16199.4
C01942,2024-02,2283.73
C01942,2024-03,508.54
C01942,2024-04,8246.27
C01942,2024-05,13729.54
C01942,2024-06,1932.25
C01942,2024-07,33890.41
C01942,2024-08,847.92
C01942,2024-09,19582.98
C01942,2024-10,626.09
C01942,2024-11,440.71
C01942,2024-12,92473.96
C01942,2025-02,54946.58
C01942,2025-03,21153.19
C01942,2025-04,23211.600000000002
C01942,2025-07,28924.31
C01942,2025-08,7630.5
C01942,2025-10,11745.44
C01942,2025-11,24336.72
C01942,2025-12,56569.71
C01943,2024-01,36954.97
C01943,2024-02,29478.489999999998
C01943,2024-03,17116.690000000002
C01943,2024-04,7875.66
C01943,2024-05,59489.89
C01943,2024-07,17994.989999999998
C01943,2024-09,6830.21
C01943,2024-12,5464.38
C01943,2025-02,28158.04
C01943,2025-04,61112.52
C01943,2025-05,14783.42
C01943,2025-06,71441.88
C01943,2025-07,21660.84
C01943,2025-08,4536.47
C01943,2025-09,3292.2799999999997
C01943,2025-10,13818.14
C01943,2025-12,1195.73
C01944,2024-01,60419.240000000005
C01944,2024-03,2157.19
C01944,2024-04,9655.1
C01944,2024-05,1280.3400000000001
C01944,2024-06,1389.33
C01944,2024-09,8905.11
C01944,2024-10,4181.639999999999
C01944,2024-11,1963.63
C01944,2024-12,24940.25
C01944,2025-02,7502.03
C01944,2025-04,9719.26
C01944,2025-05,7645.54
C01944,2025-06,1531.88
C01944,2025-07,5662.25
C01944,2025-08,46584.22
C01944,2025-09,17779.78
C01944,2025-10,4887.61
C01944,2025-11,2143.92
C01945,2024-01,3620.95
C01945,2024-02,3812.55
C01945,2024-03,52018.96
C01945,2024-04,738.78
C01945,2024-05,45705.25
C01945,2024-06,7132.58
C01945,2024-07,36773.83
C01945,2024-08,50342.36
C01945,2024-10,2022.84
C01945,2024-11,6585.7300000000005
C01945,2024-12,53695.73
C01945,2025-02,32146.23
C01945,2025-03,21028.35
C01945,2025-04,4678.98
C01945,2025-05,5311.74
C01945,2025-06,4933.27
C01945,2025-08,66974.17
C01945,2025-09,4622.8099999999995
C01945,2025-11,1023.65
C01945,2025-12,237.37
C01946,2024-01,9735.22
C01946,2024-02,1886.62
C01946,2024-03,8980.53
C01946,2024-04,22266.25
C01946,2024-05,2680.87
C01946,2024-07,2805.34
C01946,2024-08,5154.21
C01946,2024-09,3363.9
C01946,2024-10,469.26
C01946,2024-12,85074.20999999999
C01946,2025-02,4261.95
C01946,2025-04,12191.36
C01946,2025-05,11222.17
C01946,2025-06,11226.24
C01946,2025-07,3737.4700000000003
C01946,2025-08,17112.22
C01946,2025-10,1368.64
C01946,2025-11,1947.61
C01946,2025-12,17431.34
C01947,2024-02,803.58
C01947,2024-03,12715.779999999999
C01947,2024-04,6494.54
C01947,2024-06,7396.65
C01947,2024-09,10497.7
C01947,2024-10,6681.2699999999995
C01947,2024-11,27848.89
C01947,2024-12,32107.46
C01947,2025-01,13741.81
C01947,2025-02,4893.55
C01947,2025-03,33951.46
C01947,2025-04,37746.15
C01947,2025-05,1120.06
C01947,2025-06,57166.42
C01947,2025-07,16649.34
C01947,2025-08,726.33
C01947,2025-11,27481.0
C01947,2025-12,2108.87
C01948,2024-01,22044.3
C01948,2024-02,30301.46
C01948,2024-03,3236.9700000000003
C01948,2024-04,25303.46
C01948,2024-05,3181.4300000000003
C01948,2024-08,41947.149999999994
C01948,2024-10,2377.77
C01948,2024-11,31833.260000000002
C01948,2024-12,4953.209999999999
C01948,2025-04,1521.02
C01948,2025-05,21729.23
C01948,2025-06,2131.56
C01948,2025-07,6786.89
C01948,2025-08,23142.93
C01948,2025-09,8145.639999999999
C01948,2025-10,23690.98
C01948,2025-12,41546.1
C01949,2024-01,43796.67
C01949,2024-02,1673.35
C01949,2024-03,24006.9
C01949,2024-04,21752.25
C01949,2024-06,2969.94
C01949,2024-09,2394.02
C01949,2024-11,6500.27
C01949,2024-12,23290.59
C01949,2025-01,65902.28
C01949,2025-02,878.91
C01949,2025-03,50908.79
C01949,2025-04,3059.07
C01949,2025-05,3589.18
C01949,2025-06,6208.11
C01949,2025-07,1335.19
C01949,2025-09,18381.13
C01949,2025-10,7245.92
C01949,2025-11,33931.5
C01949,2025-12,1216.74
C01950,2024-01,47467.09
C01950,2024-02,1246.02
C01950,2024-03,17659.58
C01950,2024-04,12136.17
C01950,2024-06,2383.17
C01950,2024-07,2636.75
C01950,2024-08,19724.8
C01950,2024-09,39016.65
C01950,2024-10,52982.659999999996
C01950,2024-11,4167.49
C01950,2024-12,2832.71
C01950,2025-01,36524.14
C01950,2025-02,3508.48
C01950,2025-03,19904.59
C01950,2025-04,29375.73
C01950,2025-05,10161.9
C01950,2025-07,14545.05
C01950,2025-10,2936.81
C01950,2025-11,44718.09
C01950,2025-12,14925.66
C01951,2024-01,3718.78
C01951,2024-02,5065.92
C01951,2024-05,7551.67
C01951,2024-06,52541.939999999995
C01951,2024-07,2150.55
C01951,2024-09,516.49
C01951,2024-10,33085.79
C01951,2024-11,2389.74
C01951,2024-12,26199.6
C01951,2025-01,11085.3
C01951,2025-02,56181.31
C01951,2025-04,15030.32
C01951,2025-05,83953.95999999999
C01951,2025-06,5815.88
C01951,2025-07,63791.149999999994
C01951,2025-08,3365.9900000000002
C01951,2025-09,4043.77
C01951,2025-11,60347.51
C01951,2025-12,23823.79
C01952,2024-01,4901.79
C01952,2024-02,2714.1099999999997
C01952,2024-03,10383.2
C01952,2024-04,3060.95
C01952,2024-05,2194.87
C01952,2024-06,26984.95
C01952,2024-08,1005.65
C01952,2024-09,7609.96
C01952,2024-10,4975.05
C01952,2024-11,11835.92
C01952,2024-12,834.1
C01952,2025-01,16767.53
C01952,2025-02,51235.64
C01952,2025-03,7228.97
C01952,2025-07,41251.6
C01952,2025-10,9365.26
C01952,2025-11,19223.45
C01953,2024-01,17507.850000000002
C01953,2024-04,3902.15
C01953,2024-06,30298.36
C01953,2024-07,29597.85
C01953,2024-08,26501.48
C01953,2024-09,28574.79
C01953,2024-10,38646.79
C01953,2024-11,10050.27
C01953,2024-12,17852.99
C01953,2025-01,7843.9800000000005
C01953,2025-02,4257.75
C01953,2025-03,25401.86
C01953,2025-05,2182.46
C01953,2025-06,19805.09
C01953,2025-07,40181.36
C01953,2025-09,13071.1
C01953,2025-10,8862.91
C01953,2025-12,1465.32
C01954,2024-01,25268.82
C01954,2024-03,26996.48
C01954,2024-04,48730.17
C01954,2024-05,14578.980000000001
C01954,2024-06,4357.05
C01954,2024-07,1750.4
C01954,2024-08,19621.91
C01954,2024-09,17619.56
C01954,2024-10,5901.06
C01954,2024-11,2024.95
C01954,2024-12,2703.11
C01954,2025-02,5058.7
C01954,2025-03,1772.37
C01954,2025-04,3483.6000000000004
C01954,2025-05,1287.75
C01954,2025-06,4358.71
C01954,2025-07,15451.990000000002
C01954,2025-08,24378.38
C01954,2025-09,41517.54
C01954,2025-10,19375.21
C01954,2025-11,15994.67
C01954,2025-12,14255.52
C01955,2024-01,3853.5600000000004
C01955,2024-02,15685.94
C01955,2024-04,3096.71
C01955,2024-05,63728.409999999996
C01955,2024-06,2626.42
C01955,2024-07,913.67
C01955,2024-08,29412.82
C01955,2024-09,1816.66
C01955,2024-11,9957.55
C01955,2025-03,10262.88
C01955,2025-04,3188.16
C01955,2025-05,14809.67
C01955,2025-07,36564.73
C01955,2025-08,10499.73
C01955,2025-09,3758.56
C01955,2025-10,25652.800000000003
C01955,2025-11,4292.37
C01955,2025-12,574.19
C01956,2024-01,10089.51
C01956,2024-02,26693.04
C01956,2024-03,23174.87
C01956,2024-04,2156.92
C01956,2024-05,3309.7799999999997
C01956,2024-06,1175.81
C01956,2024-08,1649.42
C01956,2024-09,1173.76
C01956,2024-10,14012.47
C01956,2024-11,20046.449999999997
C01956,2024-12,33043.06
C01956,2025-01,18992.19
C01956,2025-03,6543.26
C01956,2025-04,40660.23
C01956,2025-05,4564.4
C01956,2025-06,1531.08
C01956,2025-07,7683.78
C01956,2025-08,2739.82
C01956,2025-10,1251.54
C01956,2025-12,9952.119999999999
C01957,2024-01,12860.420000000002
C01957,2024-03,38518.619999999995
C01957,2024-04,19233.34
C01957,2024-05,302.47
C01957,2024-07,7775.67
C01957,2024-08,8100.32
C01957,2024-09,14560.94
C01957,2024-11,17543.8
C01957,2024-12,18061.09
C01957,2025-01,1929.54
C01957,2025-02,27503.84
C01957,2025-05,23239.93
C01957,2025-06,2442.35
C01957,2025-07,4619.71
C01957,2025-08,13521.27
C01957,2025-09,4285.91
C01957,2025-11,39747.73
C01957,2025-12,29254.37
C01958,2024-03,20460.84
C01958,2024-04,35470.950000000004
C01958,2024-05,14505.9
C01958,2024-06,32078.41
C01958,2024-07,34541.75
C01958,2024-08,10046.32
C01958,2024-09,3061.18
C01958,2025-01,1171.14
C01958,2025-02,506.37
C01958,2025-03,55704.85
C01958,2025-04,8848.12
C01958,2025-05,2359.65
C01958,2025-06,42445.48
C01958,2025-10,844.7
C01958,2025-11,1010.13
C01958,2025-12,28325.33
C01959,2024-01,2808.61
C01959,2024-02,24951.19
C01959,2024-04,4880.29
C01959,2024-05,1719.05
C01959,2024-06,4637.51
C01959,2024-07,1899.37
C01959,2024-09,25996.5
C01959,2024-10,7240.83
C01959,2024-11,2914.17
C01959,2024-12,13308.91
C01959,2025-02,1164.11
C01959,2025-04,11589.75
C01959,2025-05,11671.99
C01959,2025-06,2437.53
C01959,2025-07,7342.74
C01959,2025-08,6120.87
C01959,2025-09,17700.11
C01959,2025-11,11558.990000000002
C01959,2025-12,2628.37
C01960,2024-01,2555.95
C01960,2024-03,2544.99
C01960,2024-04,21948.37
C01960,2024-06,2561.18
C01960,2024-07,25117.77
C01960,2024-08,13956.45
C01960,2024-10,17914.21
C01960,2024-11,109000.59
C01960,2024-12,4403.83
C01960,2025-01,64401.89
C01960,2025-02,71296.8
C01960,2025-03,20181.7
C01960,2025-04,20918.47
C01960,2025-07,2463.85
C01960,2025-09,9809.08
C01960,2025-10,32255.51
C01960,2025-11,3119.05
C01960,2025-12,7341.24
C01961,2024-01,35017.490000000005
C01961,2024-02,59309.86
C01961,2024-03,29194.42
C01961,2024-04,712.69
C01961,2024-05,1042.0
C01961,2024-06,3167.9
C01961,2024-09,16368.830000000002
C01961,2024-10,13038.51
C01961,2024-11,19436.46
C01961,2024-12,29125.72
C01961,2025-02,9887.78
C01961,2025-03,1196.94
C01961,2025-05,62333.42
C01961,2025-06,5565.41
C01961,2025-07,2379.2000000000003
C01961,2025-08,1440.07
C01961,2025-09,3265.95
C01961,2025-10,3450.45
C01961,2025-12,9667.2
C01962,2024-01,22187.609999999997
C01962,2024-02,847.8
C01962,2024-03,34673.19
C01962,2024-04,11860.080000000002
C01962,2024-05,30413.03
C01962,2024-06,583.39
C01962,2024-07,2117.24
C01962,2024-08,1536.15
C01962,2024-09,1455.25
C01962,2024-10,3220.97
C01962,2024-11,4764.3099999999995
C01962,2024-12,2977.35
C01962,2025-01,7847.1
C01962,2025-02,4566.84
C01962,2025-04,6657.34
C01962,2025-06,6232.05
C01962,2025-07,16708.69
C01962,2025-08,26121.329999999998
C01962,2025-11,4910.21
C01962,2025-12,161.9
C01963,2024-02,3971.0
C01963,2024-04,34998.79
C01963,2024-05,942.18
C01963,2024-09,23391.72
C01963,2024-11,28974.54
C01963,2024-12,662.59
C01963,2025-01,12784.2
C01963,2025-02,21515.54
C01963,2025-03,52253.61
C01963,2025-04,22999.25
C01963,2025-08,50609.7
C01963,2025-11,29649.199999999997
C01963,2025-12,36683.92
C01964,2024-01,59023.67
C01964,2024-03,7710.15
C01964,2024-05,9465.6
C01964,2024-07,13921.900000000001
C01964,2024-08,12462.26
C01964,2024-09,27163.06
C01964,2024-10,1613.08
C01964,2024-12,27870.87
C01964,2025-01,32843.35
C01964,2025-03,16456.170000000002
C01964,2025-04,43508.69
C01964,2025-05,927.14
C01964,2025-07,11228.15
C01964,2025-08,2491.34
C01964,2025-09,2517.81
C01964,2025-10,3930.72
C01964,2025-12,19637.48
C01965,2024-01,520.22
C01965,2024-02,908.04
C01965,2024-03,17021.8
C01965,2024-04,7622.67
C01965,2024-05,1515.08
C01965,2024-06,21289.95
C01965,2024-07,19957.55
C01965,2024-08,41447.259999999995
C01965,2024-10,48908.11
C01965,2024-12,2598.38
C01965,2025-01,3394.37
C01965,2025-02,5517.49
C01965,2025-03,49560.82
C01965,2025-04,4455.389999999999
C01965,2025-05,3638.9800000000005
C01965,2025-06,28529.280000000002
C01965,2025-07,50584.41
C01965,2025-08,66954.56999999999
C01965,2025-09,46992.06
C01965,2025-10,2945.17
C01965,2025-12,1785.28
C01966,2024-02,7150.91
C01966,2024-03,12850.22
C01966,2024-04,5327.5
C01966,2024-06,29060.2
C01966,2024-08,6277.97
C01966,2024-10,7057.16
C01966,2024-11,6780.65
C01966,2024-12,9907.03
C01966,2025-01,21962.71
C01966,2025-02,36776.520000000004
C01966,2025-03,64217.65
C01966,2025-04,26056.79
C01966,2025-06,648.46
C01966,2025-07,89488.89
C01966,2025-08,5387.46
C01966,2025-10,10468.92
C01966,2025-12,17601.38
C01967,2024-01,12005.43
C01967,2024-02,20607.71
C01967,2024-03,23007.48
C01967,2024-04,49743.08
C01967,2024-05,8584.55
C01967,2024-06,634.31
C01967,2024-07,51161.77
C01967,2024-08,21372.23
C01967,2024-10,33768.86
C01967,2024-11,8910.94
C01967,2024-12,703.92
C01967,2025-01,897.41
C01967,2025-02,2747.2
C01967,2025-05,935.36
C01967,2025-06,2214.54
C01967,2025-07,4061.33
C01967,2025-09,6147.110000000001
C01967,2025-10,9557.59
C01967,2025-11,20171.07
C01967,2025-12,19986.38
C01968,2024-01,9992.6
C01968,2024-02,1657.31
C01968,2024-03,2288.59
C01968,2024-04,37408.94
C01968,2024-05,34747.73
C01968,2024-07,3201.73
C01968,2024-08,22363.94
C01968,2024-09,14013.93
C01968,2024-10,8830.52
C01968,2025-02,1401.42
C01968,2025-03,48171.770000000004
C01968,2025-04,58380.049999999996
C01968,2025-05,65385.65
C01968,2025-06,1702.69
C01968,2025-08,2153.77
C01968,2025-09,3972.0599999999995
C01968,2025-10,2767.32
C01969,2024-01,27669.4
C01969,2024-02,3339.05
C01969,2024-03,59754.66
C01969,2024-04,9574.02
C01969,2024-05,989.38
C01969,2024-06,16928.59
C01969,2024-07,921.82
C01969,2024-08,13725.44
C01969,2024-11,13808.73
C01969,2024-12,1807.49
C01969,2025-01,11821.32
C01969,2025-02,2230.93
C01969,2025-03,30093.84
C01969,2025-05,19150.76
C01969,2025-08,1218.2
C01969,2025-09,704.67
C01969,2025-10,6237.950000000001
C01969,2025-11,25203.74
C01970,2024-01,9363.960000000001
C01970,2024-02,47287.7
C01970,2024-03,14629.359999999999
C01970,2024-04,6529.49
C01970,2024-05,7822.4800000000005
C01970,2024-06,2742.85
C01970,2024-07,8566.41
C01970,2024-08,6084.08
C01970,2024-09,4035.31
C01970,2024-10,22090.41
C01970,2024-11,11418.94
C01970,2025-01,6031.6900000000005
C01970,2025-02,9701.89
C01970,2025-03,20112.53
C01970,2025-04,2701.2
C01970,2025-05,4336.56
C01970,2025-06,39643.33
C01970,2025-07,2578.94
C01970,2025-09,50526.11
C01970,2025-10,35759.64
C01970,2025-11,30936.629999999997
C01970,2025-12,12061.49
C01971,2024-02,14511.21
C01971,2024-03,3326.05
C01971,2024-04,15581.63
C01971,2024-05,6791.47
C01971,2024-06,12632.85
C01971,2024-09,7469.42
C01971,2024-11,1901.48
C01971,2025-01,61370.21000000001
C01971,2025-03,33441.77
C01971,2025-04,2348.54
C01971,2025-05,8028.31
C01971,2025-06,8621.0
C01971,2025-09,21471.839999999997
C01971,2025-10,10091.2
C01971,2025-11,30890.82
C01971,2025-12,19039.78
C01972,2024-01,48035.35
C01972,2024-02,2363.81
C01972,2024-03,6926.22
C01972,2024-04,24233.280000000002
C01972,2024-05,27350.91
C01972,2024-06,8499.69
C01972,2024-07,15588.900000000001
C01972,2024-09,28812.22
C01972,2024-10,1431.83
C01972,2024-11,2902.69
C01972,2024-12,8344.98
C01972,2025-01,435.56
C01972,2025-03,1018.1
C01972,2025-04,31534.01
C01972,2025-05,7373.5
C01972,2025-06,33732.03
C01972,2025-08,16515.78
C01972,2025-09,48782.9
C01972,2025-10,8744.26
C01972,2025-11,5571.240000000001
C01973,2024-01,42192.45
C01973,2024-02,536.34
C01973,2024-03,48035.33
C01973,2024-04,15403.96
C01973,2024-05,1624.87
C01973,2024-07,42831.42
C01973,2024-08,18817.37
C01973,2024-10,16600.51
C01973,2024-11,67158.36
C01973,2024-12,4758.18
C01973,2025-01,1251.7
C01973,2025-03,28990.11
C01973,2025-04,23507.35
C01973,2025-05,3959.6899999999996
C01973,2025-06,57011.18
C01973,2025-07,19323.440000000002
C01973,2025-08,19147.02
C01973,2025-09,13751.46
C01973,2025-10,3250.08
C01974,2024-01,4808.17
C01974,2024-02,49906.020000000004
C01974,2024-03,30446.76
C01974,2024-04,517.25
C01974,2024-05,55737.51
C01974,2024-06,47475.880000000005
C01974,2024-09,3809.75
C01974,2024-10,264.96
C01974,2024-12,5363.22
C01974,2025-02,8262.75
C01974,2025-03,2314.06
C01974,2025-05,16509.61
C01974,2025-08,2774.42
C01974,2025-09,14719.71
C01974,2025-10,3537.39
C01974,2025-11,14635.480000000001
C01974,2025-12,28314.59
C01975,2024-02,12728.44
C01975,2024-03,4819.68
C01975,2024-04,1361.41
C01975,2024-05,2131.62
C01975,2024-06,6935.3
C01975,2024-07,5698.4
C01975,2024-08,34215.37
C01975,2024-09,21013.96
C01975,2024-11,61241.399999999994
C01975,2024-12,24239.98
C01975,2025-01,9073.84
C01975,2025-02,58121.53
C01975,2025-05,4023.5
C01975,2025-08,3282.14
C01975,2025-09,937.44
C01975,2025-11,34749.61
C01975,2025-12,32304.15
C01976,2024-01,32823.78
C01976,2024-02,368.4
C01976,2024-03,9751.42
C01976,2024-04,636.17
C01976,2024-05,4474.21
C01976,2024-06,7629.66
C01976,2024-07,15643.99
C01976,2024-08,4274.58
C01976,2024-09,19250.92
C01976,2024-10,1679.25
C01976,2024-11,53375.479999999996
C01976,2025-01,34675.020000000004
C01976,2025-02,2326.78
C01976,2025-04,3677.46
C01976,2025-05,46187.73
C01976,2025-09,38572.32
C01976,2025-10,44764.97
C01976,2025-11,2180.06
C01976,2025-12,3873.45
C01977,2024-01,10700.7
C01977,2024-02,3955.08
C01977,2024-03,1151.77
C01977,2024-04,2019.93
C01977,2024-05,1899.37
C01977,2024-07,2377.56
C01977,2024-08,8176.81
C01977,2024-09,16065.380000000001
C01977,2024-10,21212.66
C01977,2024-11,57490.71
C01977,2024-12,797.97
C01977,2025-01,23175.42
C01977,2025-03,2474.35
C01977,2025-05,173.96
C01977,2025-06,32110.05
C01977,2025-07,1134.49
C01977,2025-08,1893.34
C01977,2025-09,12820.3
C01977,2025-10,18748.3
C01977,2025-11,1226.49
C01978,2024-01,34981.97
C01978,2024-02,5681.75
C01978,2024-05,5351.49
C01978,2024-06,8594.01
C01978,2024-07,3912.4399999999996
C01978,2024-08,566.73
C01978,2024-09,6257.72
C01978,2024-11,6872.55
C01978,2024-12,2740.49
C01978,2025-01,11023.57
C01978,2025-03,2394.97
C01978,2025-04,37641.62
C01978,2025-05,7753.7
C01978,2025-06,25452.739999999998
C01978,2025-07,1083.86
C01978,2025-08,25874.63
C01978,2025-09,13154.35
C01978,2025-10,58616.32
C01978,2025-11,23020.25
C01978,2025-12,12794.62
C01979,2024-01,7484.12
C01979,2024-02,28142.85
C01979,2024-03,54115.700000000004
C01979,2024-05,16499.02
C01979,2024-06,11363.56
C01979,2024-07,20352.83
C01979,2024-08,58629.270000000004
C01979,2024-09,54277.939999999995
C01979,2024-10,1778.24
C01979,2024-11,1461.72
C01979,2024-12,60106.18
C01979,2025-01,26628.36
C01979,2025-02,23187.1
C01979,2025-04,1516.81
C01979,2025-06,46590.509999999995
C01979,2025-09,3737.26
C01979,2025-10,5460.25
C01979,2025-12,2999.49
C01980,2024-01,7599.34
C01980,2024-02,22185.059999999998
C01980,2024-04,12040.630000000001
C01980,2024-05,2172.1800000000003
C01980,2024-06,66427.47
C01980,2024-07,23124.95
C01980,2024-08,15769.74
C01980,2024-10,10446.9
C01980,2024-11,4278.77
C01980,2024-12,2460.87
C01980,2025-01,4667.6
C01980,2025-02,315.94
C01980,2025-03,20768.87
C01980,2025-04,1708.95
C01980,2025-05,21887.03
C01980,2025-07,9217.92
C01980,2025-08,8699.439999999999
C01980,2025-09,17491.1
C01980,2025-10,1904.2099999999998
C01980,2025-12,30039.829999999998
C01981,2024-01,4392.98
C01981,2024-02,3535.27
C01981,2024-03,19733.8
C01981,2024-04,8508.69
C01981,2024-05,1499.31
C01981,2024-08,5198.99
C01981,2024-09,1883.76
C01981,2024-10,34081.71
C01981,2024-12,6130.64
C01981,2025-01,13952.18
C01981,2025-02,1428.55
C01981,2025-03,2608.02
C01981,2025-04,9505.359999999999
C01981,2025-05,18305.190000000002
C01981,2025-08,4201.57
C01981,2025-09,18418.13
C01981,2025-10,6473.48
C01981,2025-11,1128.41
C01982,2024-02,59966.37
C01982,2024-03,955.34
C01982,2024-04,59044.01
C01982,2024-05,21282.17
C01982,2024-06,13276.220000000001
C01982,2024-07,2336.53
C01982,2024-08,593.21
C01982,2024-09,41489.57
C01982,2024-10,7161.21
C01982,2024-11,2864.47
C01982,2024-12,7630.13
C01982,2025-01,2915.24
C01982,2025-02,1906.5
C01982,2025-03,27317.94
C01982,2025-04,64883.89
C01982,2025-05,12935.45
C01982,2025-06,55940.15
C01982,2025-07,29187.760000000002
C01982,2025-08,18202.65
C01982,2025-09,8109.280000000001
C01982,2025-10,25802.35
C01982,2025-11,19119.09
C01983,2024-01,34461.03
C01983,2024-03,1705.67
C01983,2024-04,18499.68
C01983,2024-05,7709.36
C01983,2024-06,1857.35
C01983,2024-07,11939.26
C01983,2024-09,19173.08
C01983,2024-10,1366.92
C01983,2024-12,2176.55
C01983,2025-01,72351.05
C01983,2025-02,56812.549999999996
C01983,2025-06,66290.68
C01983,2025-07,1772.56
C01983,2025-08,11881.630000000001
C01983,2025-10,35516.99
C01983,2025-11,1975.59
C01983,2025-12,74462.6
C01984,2024-01,20061.88
C01984,2024-02,42717.26
C01984,2024-03,55427.05
C01984,2024-04,20462.3
C01984,2024-06,17634.739999999998
C01984,2024-07,34809.82
C01984,2024-08,58174.270000000004
C01984,2024-09,41869.619999999995
C01984,2024-10,1155.33
C01984,2024-11,1834.27
C01984,2024-12,2697.31
C01984,2025-01,12071.95
C01984,2025-05,4299.51
C01984,2025-06,4557.97
C01984,2025-07,2455.12
C01984,2025-08,34333.29
C01984,2025-09,48969.61
C01984,2025-10,32627.800000000003
C01984,2025-12,43868.060000000005
C01985,2024-01,1255.89
C01985,2024-03,20528.48
C01985,2024-04,34768.52
C01985,2024-06,1132.44
C01985,2024-07,14357.15
C01985,2024-09,44405.84
C01985,2024-10,2005.12
C01985,2024-11,15052.59
C01985,2024-12,2022.3
C01985,2025-01,22323.78
C01985,2025-02,36808.17
C01985,2025-03,10142.15
C01985,2025-04,39245.08
C01985,2025-05,6377.009999999999
C01985,2025-06,877.14
C01985,2025-07,2021.25
C01985,2025-08,26446.98
C01985,2025-10,3193.27
C01985,2025-11,16366.3
C01985,2025-12,9388.27
C01986,2024-01,8119.54
C01986,2024-02,62948.18
C01986,2024-03,628.0
C01986,2024-05,6120.56
C01986,2024-06,14701.33
C01986,2024-07,26458.52
C01986,2024-08,16002.13
C01986,2024-10,17665.149999999998
C01986,2024-11,11079.68
C01986,2025-01,25355.510000000002
C01986,2025-02,15895.33
C01986,2025-03,30819.0
C01986,2025-04,7126.030000000001
C01986,2025-05,2415.63
C01986,2025-06,34401.21
C01986,2025-08,20940.039999999997
C01986,2025-10,33281.87
C01986,2025-11,877.3
C01986,2025-12,3540.0699999999997
C01987,2024-03,1978.01
C01987,2024-06,44744.229999999996
C01987,2024-07,3137.6
C01987,2024-08,18268.239999999998
C01987,2024-09,1503.78
C01987,2024-10,11037.38
C01987,2024-11,2087.0
C01987,2024-12,57612.78
C01987,2025-02,3763.5
C01987,2025-04,4062.3999999999996
C01987,2025-05,1369.34
C01987,2025-06,11437.29
C01987,2025-08,36970.74
C01987,2025-09,22331.339999999997
C01987,2025-10,15552.01
C01987,2025-11,8445.61
C01988,2024-01,4161.15
C01988,2024-02,20822.54
C01988,2024-03,10035.06
C01988,2024-04,68507.08
C01988,2024-05,7999.32
C01988,2024-06,15440.72
C01988,2024-07,1458.2
C01988,2024-08,1990.14
C01988,2024-09,8524.42
C01988,2024-10,28117.13
C01988,2024-11,10441.42
C01988,2025-01,1072.1599999999999
C01988,2025-02,13632.53
C01988,2025-03,2433.88
C01988,2025-04,17406.93
C01988,2025-05,30618.64
C01988,2025-06,2631.98
C01988,2025-07,31676.350000000002
C01988,2025-10,19480.92
C01989,2024-01,19123.47
C01989,2024-02,44350.57
C01989,2024-03,5987.88
C01989,2024-04,23345.379999999997
C01989,2024-05,4760.68
C01989,2024-06,8232.86
C01989,2024-08,44757.05
C01989,2024-09,60212.69
C01989,2024-10,29076.92
C01989,2024-11,61900.329999999994
C01989,2024-12,25818.66
C01989,2025-01,2927.66
C01989,2025-02,30697.65
C01989,2025-03,870.5
C01989,2025-04,39346.51
C01989,2025-05,4878.33
C01989,2025-06,14377.130000000001
C01989,2025-07,2924.06
C01989,2025-08,2260.38
C01989,2025-09,7191.18
C01989,2025-10,6588.5
C01989,2025-12,41407.17
C01990,2024-02,1976.3
C01990,2024-03,24407.149999999998
C01990,2024-04,2339.51
C01990,2024-05,2792.18
C01990,2024-06,67385.4
C01990,2024-07,1905.05
C01990,2024-09,45259.67
C01990,2024-10,950.98
C01990,2024-11,10613.42
C01990,2024-12,13518.88
C01990,2025-03,35720.64
C01990,2025-04,16784.78
C01990,2025-05,3463.6400000000003
C01990,2025-06,2017.31
C01990,2025-07,7551.74
C01990,2025-08,6468.57
C01990,2025-09,812.51
C01990,2025-10,12757.060000000001
C01990,2025-11,4983.35
C01990,2025-12,7400.82
C01991,2024-01,33310.86
C01991,2024-03,3309.6899999999996
C01991,2024-04,16892.18
C01991,2024-05,9225.449999999999
C01991,2024-07,4021.7799999999997
C01991,2024-08,14985.52
C01991,2024-09,1748.11
C01991,2024-10,25259.32
C01991,2024-11,25856.77
C01991,2024-12,21789.739999999998
C01991,2025-01,2122.0
C01991,2025-02,623.72
C01991,2025-03,12940.58
C01991,2025-04,8280.18
C01991,2025-05,968.7
C01991,2025-06,5756.37
C01991,2025-07,28182.350000000002
C01991,2025-09,5179.25
C01991,2025-11,5041.08
C01992,2024-01,40894.61
C01992,2024-03,16646.35
C01992,2024-04,801.64
C01992,2024-06,18608.04
C01992,2024-07,29757.64
C01992,2024-08,836.18
C01992,2024-09,20906.53
C01992,2024-11,179.75
C01992,2024-12,38770.259999999995
C01992,2025-01,3161.88
C01992,2025-02,2661.53
C01992,2025-03,5570.92
C01992,2025-04,10076.79
C01992,2025-05,13658.78
C01992,2025-06,71446.87
C01992,2025-07,36266.74
C01992,2025-08,24444.530000000002
C01992,2025-09,5402.23
C01992,2025-10,1595.96
C01992,2025-11,25099.55
C01992,2025-12,39569.15
C01993,2024-01,2228.85
C01993,2024-02,1549.75
C01993,2024-05,1985.1399999999999
C01993,2024-06,24242.34
C01993,2024-07,930.03
C01993,2024-11,24614.120000000003
C01993,2024-12,31311.329999999998
C01993,2025-01,1435.95
C01993,2025-02,30298.5
C01993,2025-03,50727.19
C01993,2025-05,19858.190000000002
C01993,2025-06,3287.27
C01993,2025-07,13706.5
C01993,2025-08,12059.98
C01993,2025-09,6896.1
C01993,2025-10,2505.35
C01994,2024-01,1683.91
C01994,2024-02,32260.29
C01994,2024-03,7202.49
C01994,2024-04,7221.98
C01994,2024-07,1140.66
C01994,2024-08,1952.04
C01994,2024-09,12838.08
C01994,2024-10,614.54
C01994,2024-11,2943.1
C01994,2024-12,6988.719999999999
C01994,2025-01,11432.14
C01994,2025-02,1255.02
C01994,2025-03,30255.760000000002
C01994,2025-04,48833.23
C01994,2025-05,24845.62
C01994,2025-08,50588.060000000005
C01994,2025-09,1823.5
C01994,2025-10,34618.25
C01994,2025-11,12998.7
C01994,2025-12,13400.16
C01995,2024-01,967.22
C01995,2024-02,785.81
C01995,2024-03,3283.14
C01995,2024-04,7330.12
C01995,2024-05,5674.52
C01995,2024-06,6852.349999999999
C01995,2024-07,5120.219999999999
C01995,2024-08,13739.390000000001
C01995,2024-09,49984.11
C01995,2024-10,605.07
C01995,2024-11,2752.8
C01995,2024-12,23536.070000000003
C01995,2025-01,14992.7
C01995,2025-03,3166.58
C01995,2025-04,3043.29
C01995,2025-05,1019.51
C01995,2025-06,109895.06999999999
C01995,2025-07,3760.5
C01995,2025-08,53028.28
C01995,2025-11,77196.73
C01995,2025-12,25399.550000000003
C01996,2024-03,74781.6
C01996,2024-04,1456.84
C01996,2024-06,9114.77
C01996,2024-07,3312.23
C01996,2024-08,16620.71
C01996,2024-09,4708.55
C01996,2024-10,10754.4
C01996,2024-11,6038.42
C01996,2024-12,6653.52
C01996,2025-01,5417.02
C01996,2025-03,25551.14
C01996,2025-04,8988.95
C01996,2025-05,2470.3
C01996,2025-07,6337.700000000001
C01996,2025-08,854.74
C01996,2025-09,20693.34
C01996,2025-10,11058.86
C01996,2025-11,11097.51
C01996,2025-12,13347.61
C01997,2024-01,3400.53
C01997,2024-02,13860.8
C01997,2024-03,15553.61
C01997,2024-04,5691.52
C01997,2024-06,10259.060000000001
C01997,2024-07,51836.799999999996
C01997,2024-08,19702.05
C01997,2024-10,14101.48
C01997,2024-11,10392.09
C01997,2024-12,1335.04
C01997,2025-01,1770.04
C01997,2025-03,10775.71
C01997,2025-04,15977.5
C01997,2025-05,14766.46
C01997,2025-08,14079.439999999999
C01997,2025-09,34182.62
C01997,2025-10,2438.8
C01997,2025-11,7841.76
C01998,2024-02,13955.83
C01998,2024-03,10734.61
C01998,2024-05,1225.45
C01998,2024-06,45350.05
C01998,2024-07,5871.12
C01998,2024-09,12658.64
C01998,2024-10,12235.86
C01998,2024-11,20117.42
C01998,2024-12,1486.8
C01998,2025-01,18933.11
C01998,2025-03,1595.79
C01998,2025-05,894.18
C01998,2025-06,479.91
C01998,2025-08,1644.49
C01998,2025-09,17133.15
C01998,2025-10,33617.009999999995
C01998,2025-11,58439.84
C01998,2025-12,18704.03
C01999,2024-01,52335.86
C01999,2024-02,5218.52
C01999,2024-03,8926.84
C01999,2024-05,13179.55
C01999,2024-06,12476.62
C01999,2024-07,1362.3
C01999,2024-09,12360.58
C01999,2024-10,35802.219999999994
C01999,2024-11,6032.29
C01999,2024-12,6234.9
C01999,2025-01,9707.12
C01999,2025-02,853.03
C01999,2025-03,19084.91
C01999,2025-04,19047.97
C01999,2025-05,8711.289999999999
C01999,2025-06,6932.03
C01999,2025-07,19150.379999999997
C01999,2025-08,22401.17
C01999,2025-09,1035.44
C01999,2025-10,18264.07
C01999,2025-11,9343.84
C02000,2024-01,666.66
C02000,2024-03,7375.84
C02000,2024-05,5858.35
C02000,2024-07,1248.55
C02000,2024-08,6502.98
C02000,2024-09,3835.66
C02000,2024-11,1433.21
C02000,2024-12,22081.13
C02000,2025-01,980.34
C02000,2025-02,3230.07
C02000,2025-03,17918.41
C02000,2025-04,22406.08
C02000,2025-05,6587.89
C02000,2025-06,6608.84
C02000,2025-07,2292.68
C02000,2025-08,53568.06
C02000,2025-09,5024.34
C02000,2025-10,5558.85
C02000,2025-11,8169.79
C02000,2025-12,37424.840000000004
