customer_id,merchant_category,amount
C00001,Bills & Utilities,19214.52
C00001,Dining,5168.9400000000005
C00001,Electronics,85727.49
C00001,Entertainment,5340.85
C00001,Fashion,46224.07
C00001,Fuel,17527.6
C00001,Groceries,3332.16
C00001,Healthcare,56287.33
C00001,Online Shopping,24703.010000000002
C00001,Travel,37303.68
C00002,Bills & Utilities,10166.7
C00002,Dining,4284.79
C00002,Electronics,120829.87
C00002,Entertainment,7543.360000000001
C00002,Fashion,49002.649999999994
C00002,Fuel,2166.45
C00002,Groceries,3007.95
C00002,Healthcare,24512.89
C00002,Online Shopping,40227.700000000004
C00002,Travel,40316.84
C00003,Bills & Utilities,18137.21
C00003,Dining,8869.65
C00003,Electronics,12863.61
C00003,Entertainment,3925.5299999999997
C00003,Fashion,33167.09
C00003,Fuel,7199.22
C00003,Groceries,6580.14
C00003,Healthcare,60813.67
C00003,Online Shopping,12942.050000000001
C00003,Travel,53449.21
C00004,Bills & Utilities,12184.52
C00004,Dining,7490.65
C00004,Electronics,94286.63
C00004,Entertainment,12376.51
C00004,Fashion,11671.35
C00004,Fuel,2119.22
C00004,Groceries,6352.7699999999995
C00004,Healthcare,18918.629999999997
C00004,Online Shopping,38265.08
C00004,Travel,121956.59
C00005,Bills & Utilities,27608.93
C00005,Dining,6519.79
C00005,Electronics,241096.16
C00005,Entertainment,8435.52
C00005,Fashion,5364.23
C00005,Fuel,12587.91
C00005,Groceries,3637.6400000000003
C00005,Healthcare,85804.05
C00005,Online Shopping,42261.86
C00005,Travel,77411.98999999999
C00006,Bills & Utilities,20156.82
C00006,Dining,1453.53
C00006,Electronics,80405.32999999999
C00006,Entertainment,8245.32
C00006,Fashion,21467.55
C00006,Fuel,9349.1
C00006,Groceries,6966.570000000001
C00006,Healthcare,22731.690000000002
C00006,Online Shopping,21328.629999999997
C00006,Travel,91023.35
C00007,Bills & Utilities,8647.85
C00007,Dining,9185.93
C00007,Electronics,47793.53
C00007,Entertainment,17914.6
C00007,Fashion,40290.47
C00007,Fuel,13813.22
C00007,Groceries,9103.7
C00007,Healthcare,28325.37
C00007,Online Shopping,7421.83
C00007,Travel,82724.51000000001
C00008,Bills & Utilities,6081.89
C00008,Dining,2754.5499999999997
C00008,Electronics,90304.23
C00008,Entertainment,5626.110000000001
C00008,Fashion,6874.45
C00008,Fuel,6171.43
C00008,Groceries,2629.5
C00008,Healthcare,27736.61
C00008,Online Shopping,7230.17
C00008,Travel,136370.6
C00009,Bills & Utilities,6007.38
C00009,Dining,2623.32
C00009,Electronics,82915.49
C00009,Entertainment,2810.24
C00009,Fashion,27929.66
C00009,Fuel,4652.01
C00009,Groceries,1871.49
C00009,Healthcare,26266.350000000002
C00009,Online Shopping,41439.66
C00009,Travel,85703.61
C00010,Bills & Utilities,19487.22
C00010,Dining,5059.9400000000005
C00010,Electronics,31581.52
C00010,Entertainment,11359.2
C00010,Fashion,57020.78
C00010,Fuel,6360.84
C00010,Groceries,3595.56
C00010,Healthcare,16672.56
C00010,Online Shopping,12197.81
C00010,Travel,22717.25
C00011,Bills & Utilities,8852.4
C00011,Dining,5275.18
C00011,Electronics,114831.47
C00011,Entertainment,7978.62
C00011,Fashion,20934.030000000002
C00011,Fuel,14448.71
C00011,Groceries,2250.0299999999997
C00011,Healthcare,31910.89
C00011,Online Shopping,50832.12
C00011,Travel,81209.59
C00012,Bills & Utilities,9351.29
C00012,Dining,9528.74
C00012,Electronics,111848.68
C00012,Entertainment,3039.21
C00012,Fashion,25843.620000000003
C00012,Fuel,9515.5
C00012,Groceries,2966.56
C00012,Healthcare,29465.59
C00012,Online Shopping,38413.86
C00012,Travel,44831.1
C00013,Bills & Utilities,1508.73
C00013,Dining,1091.34
C00013,Electronics,208321.62
C00013,Entertainment,2334.9
C00013,Fashion,24255.190000000002
C00013,Fuel,6262.87
C00013,Healthcare,29923.350000000002
C00013,Online Shopping,53494.78
C00013,Travel,112155.3
C00014,Dining,2163.24
C00014,Electronics,141237.49
C00014,Entertainment,12173.01
C00014,Fashion,19472.94
C00014,Fuel,13843.74
C00014,Groceries,8677.17
C00014,Healthcare,55485.34
C00014,Online Shopping,30738.42
C00014,Travel,101426.06
C00015,Bills & Utilities,16078.449999999999
C00015,Dining,3621.7999999999997
C00015,Electronics,24829.34
C00015,Entertainment,11320.39
C00015,Fashion,29062.89
C00015,Fuel,11670.21
C00015,Groceries,1097.98
C00015,Healthcare,19431.47
C00015,Online Shopping,6874.32
C00015,Travel,53415.81
C00016,Bills & Utilities,12768.33
C00016,Dining,3485.82
C00016,Electronics,247489.47
C00016,Entertainment,6490.07
C00016,Fashion,15442.59
C00016,Fuel,6805.04
C00016,Groceries,5448.99
C00016,Healthcare,40438.64
C00016,Online Shopping,38522.97
C00016,Travel,51874.54
C00017,Bills & Utilities,30169.67
C00017,Dining,4646.16
C00017,Electronics,66025.75
C00017,Entertainment,6648.67
C00017,Fashion,10427.74
C00017,Fuel,3126.15
C00017,Groceries,6559.66
C00017,Healthcare,43789.229999999996
C00017,Online Shopping,49636.0
C00017,Travel,49522.020000000004
C00018,Bills & Utilities,10922.93
C00018,Dining,4346.4
C00018,Electronics,105999.92
C00018,Entertainment,7084.5
C00018,Fuel,2621.99
C00018,Groceries,9422.99
C00018,Healthcare,23868.329999999998
C00018,Online Shopping,29873.54
C00018,Travel,122962.34
C00019,Bills & Utilities,12640.789999999999
C00019,Dining,3351.73
C00019,Electronics,151603.68
C00019,Entertainment,4052.52
C00019,Fashion,22557.35
C00019,Fuel,9466.470000000001
C00019,Groceries,1929.74
C00019,Healthcare,23174.82
C00019,Online Shopping,63814.07
C00019,Travel,97374.06
C00020,Bills & Utilities,10273.99
C00020,Dining,5322.610000000001
C00020,Electronics,149566.26
C00020,Entertainment,8212.94
C00020,Fashion,11772.079999999998
C00020,Groceries,660.27
C00020,Healthcare,2013.48
C00020,Online Shopping,12402.67
C00020,Travel,30447.39
C00021,Bills & Utilities,4978.53
C00021,Dining,4714.15
C00021,Electronics,140624.09
C00021,Entertainment,8772.03
C00021,Fashion,36991.21
C00021,Fuel,5047.46
C00021,Groceries,8223.74
C00021,Healthcare,20674.84
C00021,Travel,49191.23
C00022,Bills & Utilities,14071.82
C00022,Dining,5858.75
C00022,Electronics,146568.14
C00022,Entertainment,3095.73
C00022,Fashion,46775.88
C00022,Fuel,3935.73
C00022,Groceries,8318.66
C00022,Healthcare,52245.95
C00022,Online Shopping,27936.4
C00022,Travel,57429.51
C00023,Bills & Utilities,3643.35
C00023,Dining,3287.9300000000003
C00023,Electronics,168377.0
C00023,Entertainment,8153.9400000000005
C00023,Fuel,7650.139999999999
C00023,Groceries,5598.35
C00023,Healthcare,55349.09
C00023,Online Shopping,52160.36
C00023,Travel,76105.02
C00024,Bills & Utilities,24846.75
C00024,Dining,6027.55
C00024,Electronics,193797.32
C00024,Entertainment,2549.86
C00024,Fashion,11258.52
C00024,Fuel,2882.7400000000002
C00024,Groceries,8568.45
C00024,Healthcare,24064.08
C00024,Online Shopping,32274.989999999998
C00024,Travel,54980.25
C00025,Bills & Utilities,11633.130000000001
C00025,Dining,5841.27
C00025,Electronics,63316.509999999995
C00025,Entertainment,10700.55
C00025,Fashion,13699.53
C00025,Fuel,19012.35
C00025,Groceries,10069.23
C00025,Healthcare,40198.56
C00025,Online Shopping,60589.07000000001
C00025,Travel,16543.44
C00026,Bills & Utilities,25484.120000000003
C00026,Dining,3479.48
C00026,Electronics,119664.64
C00026,Entertainment,8751.17
C00026,Fashion,16797.03
C00026,Fuel,7722.9400000000005
C00026,Groceries,4749.099999999999
C00026,Healthcare,66985.09
C00026,Travel,56536.36
C00027,Bills & Utilities,5508.35
C00027,Dining,4436.76
C00027,Electronics,58065.0
C00027,Entertainment,10669.07
C00027,Fashion,30402.52
C00027,Fuel,16679.27
C00027,Groceries,1900.46
C00027,Healthcare,16323.79
C00027,Online Shopping,46612.59
C00027,Travel,35805.85
C00028,Bills & Utilities,18257.079999999998
C00028,Dining,781.16
C00028,Electronics,53447.28
C00028,Entertainment,7410.09
C00028,Fashion,17363.96
C00028,Fuel,3823.16
C00028,Groceries,8434.34
C00028,Healthcare,26944.3
C00028,Online Shopping,50662.72
C00028,Travel,137129.11
C00029,Bills & Utilities,9692.74
C00029,Dining,4126.72
C00029,Electronics,130527.6
C00029,Entertainment,11039.789999999999
C00029,Fashion,23254.6
C00029,Fuel,9473.34
C00029,Groceries,4421.28
C00029,Healthcare,51629.53
C00029,Online Shopping,57005.49
C00029,Travel,44463.28
C00030,Bills & Utilities,6137.5199999999995
C00030,Dining,5412.1
C00030,Electronics,158615.26
C00030,Entertainment,332.26
C00030,Fashion,25128.98
C00030,Fuel,15493.14
C00030,Groceries,3984.08
C00030,Healthcare,23899.52
C00030,Online Shopping,32757.530000000002
C00030,Travel,43469.42
C00031,Dining,3667.02
C00031,Electronics,99337.4
C00031,Entertainment,4327.68
C00031,Fashion,21536.96
C00031,Groceries,2105.54
C00031,Healthcare,40688.71
C00031,Online Shopping,57003.47
C00031,Travel,87082.6
C00032,Bills & Utilities,12160.119999999999
C00032,Dining,4631.18
C00032,Electronics,63786.770000000004
C00032,Entertainment,8001.6900000000005
C00032,Fashion,48587.71
C00032,Fuel,11295.630000000001
C00032,Groceries,3054.16
C00032,Healthcare,48401.3
C00032,Online Shopping,14303.73
C00032,Travel,39867.83
C00033,Bills & Utilities,12237.08
C00033,Dining,2495.61
C00033,Electronics,35765.56
C00033,Fashion,33395.37
C00033,Fuel,3804.52
C00033,Groceries,2838.06
C00033,Healthcare,14951.5
C00033,Online Shopping,17178.27
C00033,Travel,70114.63
C00034,Bills & Utilities,6854.8
C00034,Dining,4779.83
C00034,Electronics,167132.01
C00034,Entertainment,5175.27
C00034,Fashion,26609.719999999998
C00034,Fuel,14562.77
C00034,Healthcare,21078.54
C00034,Online Shopping,87710.19
C00034,Travel,65999.87
C00035,Bills & Utilities,11631.16
C00035,Dining,5801.29
C00035,Electronics,179637.86
C00035,Entertainment,2989.91
C00035,Fashion,25353.43
C00035,Fuel,11875.67
C00035,Groceries,11621.25
C00035,Healthcare,67272.83
C00035,Online Shopping,39095.11
C00035,Travel,14910.15
C00036,Bills & Utilities,14701.05
C00036,Dining,3727.33
C00036,Electronics,142325.46
C00036,Entertainment,5027.13
C00036,Fashion,15649.33
C00036,Fuel,11372.52
C00036,Groceries,8236.9
C00036,Healthcare,46444.380000000005
C00036,Online Shopping,57913.89
C00036,Travel,151178.08000000002
C00037,Bills & Utilities,29075.129999999997
C00037,Dining,1750.3
C00037,Electronics,169830.45
C00037,Entertainment,6512.76
C00037,Fashion,15090.800000000001
C00037,Fuel,7708.639999999999
C00037,Groceries,4881.58
C00037,Healthcare,36718.04
C00037,Online Shopping,32283.379999999997
C00037,Travel,39056.68
C00038,Bills & Utilities,20145.21
C00038,Dining,1333.32
C00038,Electronics,85693.4
C00038,Entertainment,6815.25
C00038,Fashion,29517.260000000002
C00038,Fuel,2207.29
C00038,Groceries,1176.89
C00038,Healthcare,29298.55
C00038,Online Shopping,30205.65
C00038,Travel,98928.0
C00039,Bills & Utilities,16425.48
C00039,Dining,10336.130000000001
C00039,Electronics,44165.16
C00039,Entertainment,1417.45
C00039,Fashion,20001.379999999997
C00039,Fuel,6539.38
C00039,Groceries,7440.9400000000005
C00039,Healthcare,21862.120000000003
C00039,Online Shopping,29506.0
C00039,Travel,91523.16
C00040,Bills & Utilities,1728.7
C00040,Dining,5559.48
C00040,Electronics,105129.72
C00040,Entertainment,6802.0
C00040,Fashion,42392.97
C00040,Fuel,3719.18
C00040,Groceries,16980.32
C00040,Healthcare,24619.5
C00040,Online Shopping,28291.019999999997
C00040,Travel,93487.20999999999
C00041,Bills & Utilities,10876.05
C00041,Dining,3601.51
C00041,Electronics,121985.19
C00041,Entertainment,8905.01
C00041,Fashion,23054.53
C00041,Fuel,8656.310000000001
C00041,Groceries,6513.639999999999
C00041,Healthcare,58350.350000000006
C00041,Online Shopping,39602.700000000004
C00041,Travel,113719.29000000001
C00042,Bills & Utilities,7562.08
C00042,Dining,2114.84
C00042,Electronics,151611.11
C00042,Entertainment,4274.08
C00042,Fashion,24157.03
C00042,Fuel,6432.96
C00042,Groceries,6400.64
C00042,Healthcare,41144.14
C00042,Online Shopping,6495.45
C00042,Travel,41045.25
C00043,Bills & Utilities,34655.25
C00043,Dining,4754.37
C00043,Electronics,119293.06
C00043,Entertainment,1770.84
C00043,Fashion,22424.96
C00043,Fuel,7486.28
C00043,Groceries,4582.94
C00043,Healthcare,52828.8
C00043,Online Shopping,19947.510000000002
C00043,Travel,4984.05
C00044,Bills & Utilities,27289.059999999998
C00044,Dining,5288.950000000001
C00044,Electronics,17676.64
C00044,Entertainment,1466.43
C00044,Fashion,44234.99
C00044,Fuel,11562.67
C00044,Groceries,7928.620000000001
C00044,Healthcare,18538.54
C00044,Online Shopping,13651.06
C00044,Travel,35173.07
C00045,Bills & Utilities,13768.060000000001
C00045,Dining,6925.46
C00045,Electronics,25469.34
C00045,Entertainment,2575.34
C00045,Fashion,11777.28
C00045,Fuel,11176.21
C00045,Groceries,7661.92
C00045,Healthcare,30881.79
C00045,Online Shopping,19243.76
C00045,Travel,136612.87
C00046,Bills & Utilities,22623.7
C00046,Dining,3228.7400000000002
C00046,Electronics,70647.34
C00046,Entertainment,3938.2700000000004
C00046,Fashion,49321.130000000005
C00046,Fuel,13721.619999999999
C00046,Groceries,5038.23
C00046,Healthcare,49768.75
C00046,Online Shopping,19125.9
C00046,Travel,42486.740000000005
C00047,Bills & Utilities,5515.43
C00047,Dining,4985.83
C00047,Electronics,190173.48
C00047,Entertainment,1868.83
C00047,Fashion,53998.58
C00047,Fuel,2735.54
C00047,Groceries,10873.91
C00047,Healthcare,69786.75
C00047,Online Shopping,50508.03999999999
C00047,Travel,5863.02
C00048,Bills & Utilities,30344.96
C00048,Dining,1579.93
C00048,Electronics,40188.32
C00048,Entertainment,2734.53
C00048,Fashion,21521.14
C00048,Fuel,6291.6900000000005
C00048,Groceries,5555.21
C00048,Healthcare,11875.84
C00048,Online Shopping,61220.74
C00048,Travel,137120.13
C00049,Bills & Utilities,6189.37
C00049,Dining,8700.92
C00049,Electronics,190605.93
C00049,Entertainment,16780.29
C00049,Fashion,41046.77
C00049,Fuel,7327.130000000001
C00049,Groceries,3563.4
C00049,Healthcare,37438.86
C00049,Online Shopping,9311.66
C00049,Travel,17448.89
C00050,Bills & Utilities,23398.93
C00050,Dining,3633.8999999999996
C00050,Electronics,68426.48999999999
C00050,Entertainment,6476.25
C00050,Fashion,26455.170000000002
C00050,Fuel,6702.07
C00050,Groceries,2944.74
C00050,Healthcare,46034.47
C00050,Online Shopping,36279.97
C00050,Travel,98073.14
C00051,Bills & Utilities,12352.82
C00051,Dining,4043.25
C00051,Electronics,25255.26
C00051,Entertainment,2598.5299999999997
C00051,Fashion,42251.56
C00051,Fuel,11008.49
C00051,Groceries,4394.13
C00051,Healthcare,9683.849999999999
C00051,Online Shopping,20656.17
C00051,Travel,110776.41
C00052,Bills & Utilities,6646.76
C00052,Dining,6450.6
C00052,Electronics,103789.28
C00052,Entertainment,6285.25
C00052,Fashion,28506.5
C00052,Fuel,10914.95
C00052,Groceries,11047.27
C00052,Healthcare,41605.89
C00052,Online Shopping,31780.839999999997
C00052,Travel,49272.619999999995
C00053,Bills & Utilities,19532.3
C00053,Dining,4307.0599999999995
C00053,Electronics,45079.04
C00053,Entertainment,12667.96
C00053,Fashion,38261.89
C00053,Fuel,13702.43
C00053,Groceries,4324.2
C00053,Healthcare,40915.35
C00053,Online Shopping,82718.47
C00053,Travel,29476.04
C00054,Bills & Utilities,20544.82
C00054,Dining,3903.63
C00054,Electronics,85963.47
C00054,Entertainment,3923.15
C00054,Fashion,32982.89
C00054,Fuel,16053.75
C00054,Groceries,5398.46
C00054,Healthcare,54599.11
C00054,Online Shopping,31688.31
C00054,Travel,138372.22
C00055,Bills & Utilities,20506.37
C00055,Dining,3874.06
C00055,Electronics,87662.06
C00055,Entertainment,5092.75
C00055,Fuel,7054.9
C00055,Groceries,4738.610000000001
C00055,Healthcare,22807.45
C00055,Online Shopping,39414.03
C00055,Travel,76435.58
C00056,Bills & Utilities,15900.05
C00056,Dining,9157.68
C00056,Electronics,98735.84000000001
C00056,Entertainment,6291.299999999999
C00056,Fashion,12718.269999999999
C00056,Fuel,16333.3
C00056,Groceries,6133.139999999999
C00056,Healthcare,17371.059999999998
C00056,Online Shopping,31777.489999999998
C00056,Travel,114241.38
C00057,Bills & Utilities,14862.9
C00057,Dining,4953.360000000001
C00057,Electronics,176105.88
C00057,Entertainment,5707.05
C00057,Fuel,6041.860000000001
C00057,Groceries,8539.17
C00057,Healthcare,59443.64
C00057,Online Shopping,14182.36
C00057,Travel,50936.34
C00058,Bills & Utilities,16778.77
C00058,Dining,2089.39
C00058,Electronics,58953.64
C00058,Entertainment,3558.4900000000002
C00058,Fashion,8182.48
C00058,Fuel,11766.560000000001
C00058,Groceries,9574.09
C00058,Healthcare,47477.55
C00058,Online Shopping,32414.42
C00058,Travel,48654.34
C00059,Dining,4696.889999999999
C00059,Electronics,209952.53
C00059,Entertainment,5684.18
C00059,Fashion,56311.21000000001
C00059,Fuel,15528.39
C00059,Healthcare,3305.36
C00059,Online Shopping,21678.84
C00059,Travel,104224.73000000001
C00060,Bills & Utilities,5499.22
C00060,Dining,3324.34
C00060,Electronics,114657.19
C00060,Entertainment,1971.8
C00060,Fashion,41264.2
C00060,Fuel,6199.78
C00060,Groceries,2470.51
C00060,Healthcare,38507.310000000005
C00060,Online Shopping,24001.03
C00060,Travel,46143.89
C00061,Bills & Utilities,27303.309999999998
C00061,Dining,5278.84
C00061,Electronics,122771.87
C00061,Entertainment,7029.58
C00061,Fashion,4058.35
C00061,Fuel,1056.88
C00061,Groceries,1096.12
C00061,Online Shopping,41569.73
C00061,Travel,131340.13999999998
C00062,Bills & Utilities,21318.82
C00062,Dining,1594.67
C00062,Electronics,70417.15
C00062,Entertainment,3349.45
C00062,Fashion,41183.64
C00062,Fuel,4381.8099999999995
C00062,Healthcare,15608.179999999998
C00062,Online Shopping,17219.29
C00062,Travel,170307.49
C00063,Bills & Utilities,4918.97
C00063,Dining,4518.29
C00063,Electronics,79089.94
C00063,Entertainment,3514.1099999999997
C00063,Fashion,29460.33
C00063,Fuel,6849.8099999999995
C00063,Groceries,7229.92
C00063,Healthcare,53499.92
C00063,Online Shopping,12875.4
C00063,Travel,37510.01
C00064,Bills & Utilities,7992.91
C00064,Dining,5386.19
C00064,Electronics,61265.38
C00064,Entertainment,1246.22
C00064,Fashion,32898.95
C00064,Fuel,5092.02
C00064,Groceries,12892.31
C00064,Healthcare,37045.53
C00064,Online Shopping,22843.05
C00064,Travel,94543.54000000001
C00065,Bills & Utilities,5533.13
C00065,Dining,1135.14
C00065,Electronics,205806.53
C00065,Entertainment,3604.8
C00065,Fashion,33316.17
C00065,Fuel,5151.389999999999
C00065,Groceries,5389.24
C00065,Healthcare,10283.26
C00065,Online Shopping,72177.36
C00065,Travel,93919.72
C00066,Bills & Utilities,9325.99
C00066,Dining,6787.5599999999995
C00066,Electronics,5794.13
C00066,Entertainment,1198.97
C00066,Fashion,30905.81
C00066,Fuel,10395.75
C00066,Groceries,2804.48
C00066,Healthcare,1218.64
C00066,Online Shopping,35212.94
C00066,Travel,120647.84
C00067,Bills & Utilities,33890.770000000004
C00067,Dining,3768.24
C00067,Electronics,158787.97
C00067,Entertainment,900.56
C00067,Fashion,7815.04
C00067,Fuel,3841.33
C00067,Groceries,842.45
C00067,Healthcare,24885.440000000002
C00067,Online Shopping,34539.67
C00067,Travel,28590.07
C00068,Bills & Utilities,16068.9
C00068,Dining,3076.12
C00068,Electronics,173762.93
C00068,Entertainment,298.18
C00068,Fashion,17088.45
C00068,Fuel,9343.24
C00068,Groceries,5476.57
C00068,Healthcare,9326.9
C00068,Online Shopping,41502.78
C00068,Travel,106681.07
C00069,Bills & Utilities,11968.970000000001
C00069,Dining,402.27
C00069,Electronics,128186.10999999999
C00069,Entertainment,3980.44
C00069,Fashion,4115.349999999999
C00069,Fuel,22335.739999999998
C00069,Groceries,1582.62
C00069,Healthcare,39548.5
C00069,Online Shopping,50553.92
C00069,Travel,21019.46
C00070,Bills & Utilities,7189.93
C00070,Dining,1322.0700000000002
C00070,Entertainment,6364.61
C00070,Fashion,43935.26
C00070,Fuel,3326.49
C00070,Groceries,5843.73
C00070,Healthcare,37090.26
C00070,Online Shopping,56946.350000000006
C00070,Travel,7550.44
C00071,Bills & Utilities,16379.11
C00071,Dining,4991.74
C00071,Electronics,108430.31
C00071,Entertainment,5657.33
C00071,Fashion,31627.49
C00071,Fuel,4204.37
C00071,Groceries,1531.81
C00071,Healthcare,55925.24
C00071,Online Shopping,43370.41
C00071,Travel,66830.28
C00072,Bills & Utilities,11695.289999999999
C00072,Dining,2666.63
C00072,Electronics,30464.260000000002
C00072,Entertainment,739.73
C00072,Fuel,2182.81
C00072,Groceries,564.16
C00072,Healthcare,36302.92
C00072,Online Shopping,36522.9
C00072,Travel,27793.699999999997
C00073,Bills & Utilities,19242.6
C00073,Dining,5303.55
C00073,Electronics,100152.12
C00073,Entertainment,5687.58
C00073,Fashion,14757.880000000001
C00073,Fuel,2843.2599999999998
C00073,Groceries,4763.360000000001
C00073,Healthcare,10158.51
C00073,Online Shopping,23038.870000000003
C00073,Travel,36721.47
C00074,Bills & Utilities,14689.16
C00074,Dining,5484.1900000000005
C00074,Electronics,258009.84
C00074,Entertainment,8566.68
C00074,Fashion,41275.0
C00074,Fuel,3459.54
C00074,Groceries,3667.46
C00074,Healthcare,52295.46
C00074,Online Shopping,346.79
C00074,Travel,63007.58
C00075,Bills & Utilities,20297.59
C00075,Dining,1592.72
C00075,Electronics,50846.13
C00075,Entertainment,6383.75
C00075,Fashion,20462.690000000002
C00075,Fuel,10577.36
C00075,Groceries,5161.52
C00075,Healthcare,86200.45999999999
C00075,Online Shopping,29565.6
C00075,Travel,58315.149999999994
C00076,Bills & Utilities,9760.23
C00076,Dining,2388.25
C00076,Electronics,93115.67
C00076,Entertainment,7052.450000000001
C00076,Fashion,8738.73
C00076,Fuel,5507.48
C00076,Groceries,5414.57
C00076,Healthcare,22645.02
C00076,Online Shopping,10273.17
C00076,Travel,67713.69
C00077,Bills & Utilities,5827.94
C00077,Dining,2157.1
C00077,Electronics,159133.06
C00077,Entertainment,13445.56
C00077,Fashion,18975.989999999998
C00077,Fuel,7162.5599999999995
C00077,Groceries,3247.7400000000002
C00077,Healthcare,25935.95
C00077,Online Shopping,40388.4
C00077,Travel,9272.06
C00078,Dining,5638.63
C00078,Electronics,30349.25
C00078,Entertainment,9098.01
C00078,Fuel,4615.93
C00078,Groceries,11037.79
C00078,Healthcare,52462.09
C00078,Online Shopping,51286.56
C00078,Travel,52915.240000000005
C00079,Bills & Utilities,26401.38
C00079,Dining,8814.76
C00079,Electronics,103204.15
C00079,Entertainment,3422.49
C00079,Fashion,9641.87
C00079,Fuel,3854.4
C00079,Groceries,3711.73
C00079,Healthcare,11562.68
C00079,Online Shopping,24779.9
C00079,Travel,68154.20999999999
C00080,Dining,3412.04
C00080,Electronics,101898.6
C00080,Entertainment,3586.13
C00080,Fashion,28442.32
C00080,Fuel,8756.07
C00080,Groceries,6408.17
C00080,Healthcare,28303.710000000003
C00080,Online Shopping,80265.61
C00080,Travel,6118.6
C00081,Bills & Utilities,7888.75
C00081,Dining,5070.93
C00081,Electronics,119903.54000000001
C00081,Entertainment,5372.8099999999995
C00081,Fashion,21708.28
C00081,Fuel,9594.28
C00081,Groceries,5684.16
C00081,Healthcare,35378.2
C00081,Online Shopping,30073.97
C00081,Travel,56956.29
C00082,Bills & Utilities,11072.84
C00082,Dining,3792.41
C00082,Electronics,184347.58000000002
C00082,Entertainment,3836.75
C00082,Fashion,25697.79
C00082,Fuel,6477.52
C00082,Groceries,12375.119999999999
C00082,Healthcare,52311.22
C00082,Online Shopping,68930.03
C00082,Travel,98098.24
C00083,Bills & Utilities,11256.8
C00083,Dining,7195.59
C00083,Electronics,59570.73
C00083,Entertainment,3739.3399999999997
C00083,Fashion,46862.1
C00083,Fuel,6041.41
C00083,Groceries,4489.96
C00083,Healthcare,46163.03
C00083,Online Shopping,43723.33
C00083,Travel,64145.71000000001
C00084,Bills & Utilities,10487.91
C00084,Dining,8102.55
C00084,Electronics,237034.1
C00084,Entertainment,6310.96
C00084,Fashion,56608.990000000005
C00084,Fuel,9367.04
C00084,Groceries,1711.52
C00084,Healthcare,51511.05
C00084,Online Shopping,32659.18
C00084,Travel,61009.22
C00085,Bills & Utilities,5549.51
C00085,Dining,2851.79
C00085,Entertainment,6799.78
C00085,Fashion,100503.31
C00085,Fuel,11218.51
C00085,Healthcare,94826.52
C00085,Travel,55440.55
C00086,Bills & Utilities,8266.91
C00086,Dining,2740.45
C00086,Electronics,206439.36
C00086,Entertainment,5554.36
C00086,Fashion,11436.39
C00086,Fuel,6670.33
C00086,Groceries,4388.5599999999995
C00086,Healthcare,43717.31
C00086,Travel,40844.04
C00087,Bills & Utilities,6053.610000000001
C00087,Dining,4008.81
C00087,Electronics,80573.52
C00087,Entertainment,9815.73
C00087,Fashion,42134.55
C00087,Fuel,10235.75
C00087,Groceries,11968.08
C00087,Healthcare,36293.049999999996
C00087,Online Shopping,25583.63
C00087,Travel,96271.47
C00088,Bills & Utilities,9908.2
C00088,Dining,7296.9400000000005
C00088,Electronics,85053.18
C00088,Entertainment,7150.5
C00088,Fashion,27242.55
C00088,Fuel,14235.36
C00088,Groceries,7051.46
C00088,Healthcare,37590.08
C00088,Online Shopping,12500.27
C00088,Travel,28390.559999999998
C00089,Bills & Utilities,30262.83
C00089,Dining,7180.83
C00089,Electronics,222631.78
C00089,Entertainment,4411.62
C00089,Fashion,28126.98
C00089,Fuel,4699.03
C00089,Groceries,15693.58
C00089,Healthcare,52173.21
C00089,Online Shopping,44317.39
C00089,Travel,67606.32
C00090,Bills & Utilities,20401.9
C00090,Dining,8249.69
C00090,Electronics,129166.04000000001
C00090,Entertainment,4167.75
C00090,Fashion,28469.99
C00090,Fuel,10296.56
C00090,Groceries,9554.9
C00090,Healthcare,5769.48
C00090,Online Shopping,16229.86
C00090,Travel,50346.74
C00091,Bills & Utilities,6307.6
C00091,Dining,4570.27
C00091,Electronics,248526.7
C00091,Entertainment,3626.8900000000003
C00091,Fashion,21490.239999999998
C00091,Fuel,3458.45
C00091,Groceries,5308.85
C00091,Healthcare,43243.78
C00091,Online Shopping,25969.620000000003
C00091,Travel,120127.53
C00092,Bills & Utilities,26193.350000000002
C00092,Dining,3625.41
C00092,Electronics,117549.92
C00092,Entertainment,3490.16
C00092,Fashion,27904.73
C00092,Fuel,4352.29
C00092,Groceries,3860.24
C00092,Healthcare,7064.66
C00092,Online Shopping,11109.63
C00092,Travel,47765.75
C00093,Bills & Utilities,29051.59
C00093,Dining,6014.6900000000005
C00093,Electronics,104700.51999999999
C00093,Entertainment,4587.57
C00093,Fashion,37736.68
C00093,Fuel,2286.1
C00093,Groceries,2348.5
C00093,Healthcare,4245.44
C00093,Online Shopping,22241.739999999998
C00093,Travel,32833.149999999994
C00094,Bills & Utilities,8906.1
C00094,Dining,8396.64
C00094,Electronics,28345.1
C00094,Entertainment,1072.67
C00094,Fashion,43316.56
C00094,Fuel,11064.15
C00094,Groceries,7245.23
C00094,Healthcare,23319.059999999998
C00094,Online Shopping,44738.33
C00094,Travel,128253.8
C00095,Bills & Utilities,12810.16
C00095,Dining,5689.32
C00095,Electronics,163558.66
C00095,Entertainment,4203.54
C00095,Fashion,16123.49
C00095,Fuel,5515.21
C00095,Healthcare,19254.93
C00095,Online Shopping,40511.67
C00095,Travel,126739.56999999999
C00096,Bills & Utilities,12761.7
C00096,Dining,6782.75
C00096,Electronics,101822.92
C00096,Entertainment,3999.86
C00096,Fashion,24709.03
C00096,Fuel,10389.3
C00096,Groceries,8817.09
C00096,Healthcare,49891.380000000005
C00096,Travel,204452.87
C00097,Bills & Utilities,5467.92
C00097,Dining,4516.37
C00097,Electronics,139754.16999999998
C00097,Entertainment,3623.7599999999998
C00097,Fashion,42050.29
C00097,Fuel,13032.44
C00097,Groceries,18747.03
C00097,Healthcare,22473.13
C00097,Online Shopping,48676.43
C00097,Travel,52584.09
C00098,Bills & Utilities,10246.789999999999
C00098,Dining,3729.34
C00098,Electronics,124356.46
C00098,Entertainment,3672.06
C00098,Fashion,32461.3
C00098,Fuel,4432.55
C00098,Groceries,6328.69
C00098,Healthcare,43875.85
C00098,Online Shopping,20703.09
C00098,Travel,99364.04000000001
C00099,Bills & Utilities,13151.01
C00099,Dining,6075.62
C00099,Electronics,116443.05
C00099,Entertainment,16612.32
C00099,Fashion,34549.39
C00099,Fuel,2019.57
C00099,Groceries,6279.26
C00099,Healthcare,30849.04
C00099,Online Shopping,45950.55
C00099,Travel,72511.48000000001
C00100,Bills & Utilities,12621.14
C00100,Dining,5627.48
C00100,Electronics,109901.7
C00100,Entertainment,4915.7
C00100,Fuel,10389.76
C00100,Groceries,4758.04
C00100,Healthcare,7022.73
C00100,Online Shopping,35377.369999999995
C00100,Travel,55584.31
C00101,Bills & Utilities,35341.479999999996
C00101,Dining,5161.47
C00101,Electronics,95666.24
C00101,Entertainment,4072.8900000000003
C00101,Fashion,14094.94
C00101,Fuel,6419.72
C00101,Groceries,9242.54
C00101,Healthcare,34320.45
C00101,Online Shopping,65468.99
C00101,Travel,2301.48
C00102,Bills & Utilities,8228.99
C00102,Dining,5855.830000000001
C00102,Electronics,128091.04000000001
C00102,Entertainment,3013.5299999999997
C00102,Fashion,25818.82
C00102,Fuel,7544.3099999999995
C00102,Groceries,7427.05
C00102,Healthcare,24567.61
C00102,Online Shopping,84049.32
C00102,Travel,103678.1
C00103,Bills & Utilities,10476.75
C00103,Dining,3567.11
C00103,Electronics,193896.07
C00103,Entertainment,9680.630000000001
C00103,Fashion,14330.52
C00103,Fuel,1171.49
C00103,Groceries,5526.870000000001
C00103,Healthcare,27548.37
C00103,Online Shopping,15683.6
C00103,Travel,76987.58
C00104,Bills & Utilities,11748.93
C00104,Dining,2050.19
C00104,Electronics,200448.1
C00104,Entertainment,6307.17
C00104,Fashion,45264.19
C00104,Fuel,4243.8099999999995
C00104,Groceries,8398.13
C00104,Healthcare,39707.29
C00104,Online Shopping,20182.370000000003
C00104,Travel,25839.77
C00105,Bills & Utilities,33329.05
C00105,Dining,4629.96
C00105,Electronics,170905.9
C00105,Entertainment,14555.880000000001
C00105,Fashion,13733.84
C00105,Fuel,8604.26
C00105,Groceries,10552.699999999999
C00105,Healthcare,30848.53
C00105,Online Shopping,14553.07
C00105,Travel,51303.31
C00106,Bills & Utilities,9484.92
C00106,Dining,4252.6900000000005
C00106,Entertainment,8589.07
C00106,Fashion,29001.230000000003
C00106,Fuel,3378.85
C00106,Groceries,5517.5599999999995
C00106,Healthcare,11617.04
C00106,Online Shopping,54529.76
C00106,Travel,87842.42
C00107,Bills & Utilities,12038.85
C00107,Dining,4559.39
C00107,Electronics,186839.72
C00107,Entertainment,3149.8900000000003
C00107,Fashion,29586.760000000002
C00107,Fuel,3393.1800000000003
C00107,Groceries,9135.72
C00107,Healthcare,29662.199999999997
C00107,Online Shopping,18000.010000000002
C00107,Travel,87173.54
C00108,Bills & Utilities,11240.97
C00108,Dining,3121.33
C00108,Electronics,135918.34
C00108,Entertainment,1501.46
C00108,Fashion,19329.66
C00108,Fuel,1224.66
C00108,Groceries,4265.0599999999995
C00108,Healthcare,70471.63
C00108,Online Shopping,29592.97
C00108,Travel,67516.08
C00109,Bills & Utilities,14183.16
C00109,Dining,3470.96
C00109,Electronics,51341.060000000005
C00109,Entertainment,6761.59
C00109,Fashion,14240.42
C00109,Fuel,3366.25
C00109,Groceries,254.48
C00109,Healthcare,42846.71
C00109,Online Shopping,36224.72
C00109,Travel,47869.399999999994
C00110,Bills & Utilities,23010.26
C00110,Dining,1718.15
C00110,Electronics,17208.56
C00110,Entertainment,11905.09
C00110,Fashion,22950.59
C00110,Fuel,11018.17
C00110,Groceries,2537.16
C00110,Healthcare,20072.03
C00110,Online Shopping,30175.269999999997
C00110,Travel,2188.82
C00111,Bills & Utilities,19577.55
C00111,Dining,5644.0599999999995
C00111,Electronics,40536.13
C00111,Entertainment,6908.73
C00111,Fuel,6091.139999999999
C00111,Groceries,11762.04
C00111,Healthcare,25438.32
C00111,Online Shopping,37390.81
C00111,Travel,45050.29
C00112,Bills & Utilities,17554.82
C00112,Dining,5305.62
C00112,Electronics,153498.88999999998
C00112,Entertainment,3426.15
C00112,Fashion,30328.04
C00112,Fuel,3577.5
C00112,Groceries,16076.59
C00112,Healthcare,59536.060000000005
C00112,Online Shopping,16129.470000000001
C00112,Travel,39223.08
C00113,Bills & Utilities,8356.51
C00113,Dining,527.5699999999999
C00113,Electronics,223167.77
C00113,Entertainment,9055.64
C00113,Fashion,53782.09
C00113,Fuel,6996.7
C00113,Groceries,2612.0
C00113,Healthcare,112440.29000000001
C00113,Travel,34245.78
C00114,Bills & Utilities,12844.94
C00114,Dining,5212.9400000000005
C00114,Electronics,63353.08
C00114,Entertainment,2383.8900000000003
C00114,Fashion,14157.59
C00114,Fuel,4449.28
C00114,Groceries,11935.69
C00114,Healthcare,57760.65
C00114,Online Shopping,65557.07
C00114,Travel,84275.79000000001
C00115,Bills & Utilities,4635.89
C00115,Dining,4204.83
C00115,Electronics,113751.82
C00115,Entertainment,6209.28
C00115,Fashion,41898.4
C00115,Fuel,2790.35
C00115,Groceries,11307.05
C00115,Healthcare,89151.31
C00115,Online Shopping,33413.44
C00115,Travel,97908.36
C00116,Bills & Utilities,7653.44
C00116,Dining,6467.400000000001
C00116,Electronics,104146.55
C00116,Entertainment,10199.93
C00116,Fashion,19422.06
C00116,Fuel,4642.1900000000005
C00116,Groceries,2244.6099999999997
C00116,Healthcare,12330.39
C00116,Online Shopping,36264.54
C00116,Travel,105354.34
C00117,Bills & Utilities,9881.36
C00117,Dining,5658.34
C00117,Electronics,15168.48
C00117,Entertainment,6030.78
C00117,Fashion,59687.2
C00117,Fuel,6093.7
C00117,Groceries,8122.1900000000005
C00117,Healthcare,15444.3
C00117,Online Shopping,25796.83
C00117,Travel,67091.67
C00118,Bills & Utilities,10574.6
C00118,Electronics,74171.76000000001
C00118,Entertainment,2416.3900000000003
C00118,Fashion,42857.869999999995
C00118,Fuel,6533.95
C00118,Groceries,5119.32
C00118,Healthcare,23953.370000000003
C00118,Online Shopping,40161.26
C00118,Travel,99942.19
C00119,Bills & Utilities,3774.4
C00119,Dining,6900.110000000001
C00119,Electronics,105958.55
C00119,Entertainment,7321.24
C00119,Fashion,14818.5
C00119,Fuel,4734.34
C00119,Groceries,1161.66
C00119,Healthcare,38785.22
C00119,Online Shopping,87819.06
C00119,Travel,108252.45000000001
C00120,Bills & Utilities,13462.61
C00120,Dining,4593.6
C00120,Electronics,147120.09
C00120,Entertainment,1267.56
C00120,Fashion,23421.489999999998
C00120,Fuel,7580.71
C00120,Groceries,4587.26
C00120,Healthcare,57999.66
C00120,Online Shopping,2266.23
C00120,Travel,65109.92
C00121,Bills & Utilities,21807.059999999998
C00121,Electronics,126619.36
C00121,Entertainment,579.59
C00121,Fashion,47082.11
C00121,Fuel,8311.92
C00121,Groceries,4632.62
C00121,Healthcare,30707.11
C00121,Online Shopping,59719.25
C00121,Travel,66873.65
C00122,Bills & Utilities,5743.12
C00122,Dining,4297.360000000001
C00122,Electronics,115106.61
C00122,Entertainment,4324.87
C00122,Fashion,17650.870000000003
C00122,Fuel,9169.3
C00122,Groceries,8261.82
C00122,Healthcare,28917.23
C00122,Online Shopping,24428.9
C00122,Travel,108554.82
C00123,Dining,6490.139999999999
C00123,Electronics,114375.92000000001
C00123,Entertainment,1953.5900000000001
C00123,Fashion,30814.09
C00123,Fuel,6629.23
C00123,Groceries,1170.79
C00123,Healthcare,8359.5
C00123,Online Shopping,27582.02
C00123,Travel,119128.34
C00124,Bills & Utilities,15057.27
C00124,Dining,3096.23
C00124,Electronics,157670.46
C00124,Entertainment,9231.1
C00124,Fashion,37622.97
C00124,Fuel,14031.7
C00124,Groceries,2303.23
C00124,Healthcare,19868.91
C00124,Online Shopping,33136.73
C00124,Travel,120584.56
C00125,Bills & Utilities,19768.98
C00125,Dining,3488.1500000000005
C00125,Electronics,115889.05
C00125,Entertainment,913.45
C00125,Fashion,40242.85
C00125,Fuel,16337.71
C00125,Groceries,5712.95
C00125,Healthcare,22409.510000000002
C00125,Online Shopping,112635.34
C00125,Travel,47297.25
C00126,Bills & Utilities,18214.22
C00126,Dining,10298.39
C00126,Electronics,361482.62
C00126,Entertainment,6570.18
C00126,Fashion,19521.78
C00126,Fuel,6829.97
C00126,Groceries,3052.32
C00126,Healthcare,48933.22
C00126,Online Shopping,76348.89
C00126,Travel,77075.51000000001
C00127,Bills & Utilities,23145.050000000003
C00127,Dining,3330.85
C00127,Entertainment,4117.17
C00127,Fashion,39631.39
C00127,Fuel,6422.95
C00127,Groceries,4563.42
C00127,Healthcare,25842.339999999997
C00127,Online Shopping,48688.48
C00127,Travel,20541.13
C00128,Bills & Utilities,11669.91
C00128,Dining,10683.74
C00128,Electronics,175718.39
C00128,Entertainment,10633.380000000001
C00128,Fashion,14342.21
C00128,Fuel,6993.22
C00128,Groceries,12388.55
C00128,Healthcare,56055.07
C00128,Online Shopping,62013.31
C00128,Travel,56215.509999999995
C00129,Bills & Utilities,6002.63
C00129,Dining,2073.89
C00129,Electronics,99734.78
C00129,Entertainment,10899.689999999999
C00129,Fashion,32981.159999999996
C00129,Fuel,6963.51
C00129,Groceries,10116.9
C00129,Healthcare,57692.95
C00129,Online Shopping,71057.93
C00129,Travel,127815.4
C00130,Bills & Utilities,19278.09
C00130,Dining,5333.32
C00130,Electronics,185149.6
C00130,Entertainment,2131.04
C00130,Fashion,26808.3
C00130,Fuel,13675.130000000001
C00130,Groceries,14130.2
C00130,Healthcare,5674.11
C00130,Online Shopping,31722.7
C00131,Bills & Utilities,19433.56
C00131,Dining,2340.34
C00131,Electronics,137113.15000000002
C00131,Entertainment,5832.92
C00131,Fashion,30781.13
C00131,Fuel,17289.9
C00131,Groceries,2926.24
C00131,Healthcare,22573.46
C00131,Online Shopping,34286.61
C00131,Travel,100876.02
C00132,Bills & Utilities,3259.46
C00132,Dining,2693.54
C00132,Electronics,29645.83
C00132,Entertainment,7352.47
C00132,Fashion,25037.2
C00132,Fuel,7647.26
C00132,Groceries,7143.610000000001
C00132,Healthcare,32048.36
C00132,Online Shopping,43808.22
C00132,Travel,149002.35
C00133,Bills & Utilities,21038.329999999998
C00133,Dining,5137.83
C00133,Electronics,166283.88
C00133,Fashion,27064.77
C00133,Fuel,7132.86
C00133,Groceries,11475.279999999999
C00133,Healthcare,5049.83
C00133,Online Shopping,39895.240000000005
C00133,Travel,2740.06
C00134,Bills & Utilities,18880.27
C00134,Dining,5125.06
C00134,Electronics,125528.4
C00134,Entertainment,7294.32
C00134,Fashion,20662.37
C00134,Fuel,7754.92
C00134,Groceries,5979.84
C00134,Healthcare,2501.3500000000004
C00134,Online Shopping,61409.36
C00134,Travel,49192.21
C00135,Bills & Utilities,8817.35
C00135,Dining,5157.97
C00135,Electronics,54862.55
C00135,Entertainment,5780.07
C00135,Fashion,22820.35
C00135,Fuel,4214.15
C00135,Groceries,499.81
C00135,Healthcare,34716.49
C00135,Online Shopping,27286.690000000002
C00135,Travel,153785.1
C00136,Bills & Utilities,557.91
C00136,Dining,4361.41
C00136,Electronics,91380.3
C00136,Entertainment,5206.67
C00136,Fashion,32496.659999999996
C00136,Fuel,8791.630000000001
C00136,Groceries,10323.42
C00136,Healthcare,51411.74
C00136,Online Shopping,15743.73
C00136,Travel,34760.11
C00137,Bills & Utilities,16262.1
C00137,Dining,6958.95
C00137,Electronics,132550.11
C00137,Entertainment,9150.99
C00137,Fashion,26478.96
C00137,Fuel,14831.03
C00137,Groceries,6580.12
C00137,Healthcare,44848.32
C00137,Online Shopping,34447.2
C00137,Travel,99345.4
C00138,Bills & Utilities,27442.93
C00138,Dining,6264.32
C00138,Electronics,59557.64
C00138,Entertainment,9531.61
C00138,Fashion,17461.12
C00138,Fuel,3979.7
C00138,Groceries,10501.07
C00138,Healthcare,22633.33
C00138,Online Shopping,61593.24
C00138,Travel,42899.66
C00139,Bills & Utilities,12009.08
C00139,Dining,7096.66
C00139,Electronics,55349.69
C00139,Entertainment,1185.6399999999999
C00139,Fashion,17858.13
C00139,Fuel,6734.0599999999995
C00139,Groceries,9117.21
C00139,Healthcare,47236.3
C00139,Online Shopping,23475.23
C00139,Travel,67693.87
C00140,Bills & Utilities,14427.71
C00140,Dining,9546.22
C00140,Electronics,134968.83000000002
C00140,Entertainment,4005.96
C00140,Fashion,30396.96
C00140,Fuel,9758.86
C00140,Groceries,4330.21
C00140,Healthcare,63350.55
C00140,Online Shopping,42339.54
C00140,Travel,95566.78
C00141,Bills & Utilities,6136.83
C00141,Dining,1575.3799999999997
C00141,Electronics,114956.88
C00141,Entertainment,11342.42
C00141,Fashion,75881.54
C00141,Fuel,12341.99
C00141,Groceries,1754.63
C00141,Healthcare,24736.739999999998
C00141,Online Shopping,16253.03
C00141,Travel,28653.66
C00142,Bills & Utilities,21564.05
C00142,Dining,3229.1400000000003
C00142,Electronics,45385.869999999995
C00142,Entertainment,8748.68
C00142,Fashion,51998.56
C00142,Fuel,16361.21
C00142,Groceries,10047.02
C00142,Healthcare,53042.1
C00142,Online Shopping,19414.22
C00142,Travel,18601.09
C00143,Bills & Utilities,18999.4
C00143,Electronics,193460.82
C00143,Entertainment,3545.7799999999997
C00143,Fashion,17173.41
C00143,Fuel,5216.360000000001
C00143,Groceries,5592.39
C00143,Healthcare,56632.79
C00143,Online Shopping,32924.47
C00143,Travel,96769.48
C00144,Bills & Utilities,19752.14
C00144,Dining,472.26
C00144,Entertainment,632.9
C00144,Fashion,12462.18
C00144,Fuel,10562.220000000001
C00144,Groceries,5267.3099999999995
C00144,Healthcare,10397.44
C00144,Online Shopping,4712.59
C00144,Travel,105717.1
C00145,Bills & Utilities,19260.35
C00145,Dining,2163.79
C00145,Electronics,73547.01
C00145,Entertainment,218.55
C00145,Fuel,11893.630000000001
C00145,Groceries,4210.49
C00145,Healthcare,29966.23
C00145,Online Shopping,29456.600000000002
C00145,Travel,30285.53
C00146,Bills & Utilities,33219.29
C00146,Dining,7503.17
C00146,Electronics,34603.159999999996
C00146,Entertainment,2648.72
C00146,Fashion,16439.98
C00146,Fuel,9048.51
C00146,Groceries,3684.3
C00146,Healthcare,27368.68
C00146,Online Shopping,52268.65
C00146,Travel,48104.719999999994
C00147,Bills & Utilities,16892.75
C00147,Dining,4775.91
C00147,Electronics,119446.63
C00147,Entertainment,9368.96
C00147,Fashion,26878.88
C00147,Fuel,1221.53
C00147,Groceries,10372.6
C00147,Healthcare,54844.380000000005
C00147,Online Shopping,35028.380000000005
C00147,Travel,90502.18
C00148,Bills & Utilities,10454.220000000001
C00148,Dining,3499.69
C00148,Electronics,87188.82
C00148,Entertainment,2239.08
C00148,Fashion,9942.13
C00148,Fuel,10647.1
C00148,Groceries,11704.66
C00148,Healthcare,68656.64
C00148,Online Shopping,57367.2
C00148,Travel,23863.23
C00149,Bills & Utilities,14419.720000000001
C00149,Dining,3975.2200000000003
C00149,Electronics,152095.53
C00149,Fashion,51829.72
C00149,Fuel,7313.5
C00149,Groceries,5657.24
C00149,Healthcare,33414.76
C00149,Online Shopping,24548.43
C00149,Travel,80197.20999999999
C00150,Bills & Utilities,19890.809999999998
C00150,Dining,7155.99
C00150,Electronics,81808.12
C00150,Entertainment,6207.839999999999
C00150,Fashion,3814.17
C00150,Fuel,8120.5
C00150,Groceries,5731.27
C00150,Healthcare,65005.479999999996
C00150,Online Shopping,24750.52
C00150,Travel,61634.11
C00151,Bills & Utilities,39167.65
C00151,Dining,2366.5
C00151,Electronics,76078.14
C00151,Entertainment,5299.85
C00151,Fashion,49830.89
C00151,Fuel,6371.59
C00151,Groceries,4446.21
C00151,Healthcare,15261.48
C00151,Online Shopping,44600.21
C00151,Travel,102001.46
C00152,Bills & Utilities,10556.8
C00152,Dining,4713.2
C00152,Electronics,126786.22
C00152,Entertainment,8714.9
C00152,Fashion,40879.95
C00152,Fuel,4041.85
C00152,Groceries,2028.67
C00152,Healthcare,11427.39
C00152,Online Shopping,49294.22
C00152,Travel,74880.66
C00153,Bills & Utilities,14640.09
C00153,Dining,5372.889999999999
C00153,Electronics,139630.68
C00153,Entertainment,10001.970000000001
C00153,Fashion,9224.51
C00153,Fuel,5553.93
C00153,Groceries,5676.23
C00153,Online Shopping,54115.130000000005
C00153,Travel,43070.54
C00154,Bills & Utilities,15691.539999999999
C00154,Dining,5901.73
C00154,Electronics,82016.12999999999
C00154,Entertainment,4060.54
C00154,Fashion,58753.11
C00154,Fuel,4708.6900000000005
C00154,Groceries,7280.5
C00154,Healthcare,13967.9
C00154,Online Shopping,34930.56
C00154,Travel,120470.35999999999
C00155,Bills & Utilities,2010.66
C00155,Dining,6221.66
C00155,Electronics,54280.509999999995
C00155,Entertainment,3433.66
C00155,Fashion,9819.1
C00155,Fuel,17124.78
C00155,Healthcare,49042.020000000004
C00155,Online Shopping,9859.470000000001
C00155,Travel,18757.3
C00156,Bills & Utilities,20014.07
C00156,Dining,4727.16
C00156,Entertainment,8353.36
C00156,Fashion,26807.3
C00156,Fuel,13562.01
C00156,Groceries,7869.51
C00156,Healthcare,15040.029999999999
C00156,Online Shopping,67322.35
C00156,Travel,48403.9
C00157,Bills & Utilities,17624.25
C00157,Dining,3274.7
C00157,Electronics,46774.94
C00157,Entertainment,2910.13
C00157,Fashion,18694.29
C00157,Groceries,11144.39
C00157,Healthcare,22672.66
C00157,Online Shopping,31393.800000000003
C00157,Travel,89189.18
C00158,Bills & Utilities,5716.969999999999
C00158,Dining,4892.67
C00158,Electronics,95906.37
C00158,Entertainment,1051.63
C00158,Fashion,30811.36
C00158,Fuel,7062.97
C00158,Groceries,3802.96
C00158,Healthcare,11651.81
C00158,Online Shopping,57093.29
C00158,Travel,32458.59
C00159,Bills & Utilities,23504.22
C00159,Dining,6979.200000000001
C00159,Electronics,66872.38
C00159,Entertainment,7257.0
C00159,Fashion,23646.5
C00159,Fuel,17316.87
C00159,Groceries,7865.11
C00159,Healthcare,6072.9
C00159,Online Shopping,49101.64
C00159,Travel,72347.9
C00160,Bills & Utilities,23014.61
C00160,Dining,5633.639999999999
C00160,Electronics,130891.89
C00160,Entertainment,11708.81
C00160,Fashion,3824.12
C00160,Fuel,5890.2699999999995
C00160,Groceries,2255.71
C00160,Healthcare,41051.0
C00160,Online Shopping,68335.72
C00160,Travel,115697.78
C00161,Bills & Utilities,36708.48
C00161,Dining,1377.79
C00161,Electronics,44983.73
C00161,Entertainment,8342.24
C00161,Fashion,78374.18
C00161,Fuel,2593.73
C00161,Groceries,7815.75
C00161,Healthcare,9516.59
C00161,Online Shopping,45018.83
C00161,Travel,90688.56999999999
C00162,Bills & Utilities,28125.53
C00162,Dining,2228.05
C00162,Electronics,57618.92
C00162,Entertainment,5266.469999999999
C00162,Fashion,18931.989999999998
C00162,Fuel,9908.68
C00162,Groceries,8263.28
C00162,Healthcare,60006.75
C00162,Online Shopping,25145.579999999998
C00162,Travel,38723.41
C00163,Bills & Utilities,28124.37
C00163,Dining,3151.7699999999995
C00163,Electronics,81395.75
C00163,Entertainment,9032.85
C00163,Fashion,15013.61
C00163,Fuel,3770.06
C00163,Groceries,10677.619999999999
C00163,Healthcare,21730.92
C00163,Online Shopping,36201.38
C00163,Travel,51771.11
C00164,Bills & Utilities,9048.09
C00164,Dining,3040.0
C00164,Electronics,178285.34
C00164,Entertainment,7562.7699999999995
C00164,Fashion,22398.91
C00164,Fuel,10964.05
C00164,Groceries,10863.960000000001
C00164,Healthcare,68523.27
C00164,Online Shopping,107077.87
C00164,Travel,96982.67000000001
C00165,Bills & Utilities,6252.67
C00165,Dining,3032.62
C00165,Electronics,84139.44
C00165,Entertainment,1312.06
C00165,Fashion,19403.66
C00165,Fuel,3877.8500000000004
C00165,Groceries,8353.9
C00165,Healthcare,16878.46
C00165,Online Shopping,43401.8
C00165,Travel,51403.61
C00166,Bills & Utilities,7676.2
C00166,Dining,6899.13
C00166,Electronics,120788.8
C00166,Entertainment,8056.43
C00166,Fashion,26876.53
C00166,Fuel,14846.45
C00166,Groceries,5132.3099999999995
C00166,Healthcare,35601.85
C00166,Online Shopping,7186.67
C00166,Travel,45503.82
C00167,Bills & Utilities,7678.4
C00167,Dining,6392.27
C00167,Electronics,204584.28999999998
C00167,Entertainment,12696.27
C00167,Fashion,22850.170000000002
C00167,Fuel,8477.29
C00167,Groceries,3457.3100000000004
C00167,Healthcare,30649.66
C00167,Online Shopping,5700.41
C00167,Travel,102498.59
C00168,Bills & Utilities,54319.42
C00168,Dining,6615.49
C00168,Electronics,64036.43
C00168,Entertainment,7225.12
C00168,Fashion,15799.73
C00168,Fuel,3397.5499999999997
C00168,Groceries,7902.17
C00168,Healthcare,50316.04
C00168,Online Shopping,63523.91
C00168,Travel,32049.1
C00169,Bills & Utilities,23094.85
C00169,Dining,5137.86
C00169,Electronics,16001.76
C00169,Entertainment,4299.5
C00169,Fashion,3290.62
C00169,Fuel,1076.53
C00169,Healthcare,27062.24
C00169,Online Shopping,59034.32000000001
C00169,Travel,46635.47
C00170,Bills & Utilities,17133.82
C00170,Dining,2943.97
C00170,Electronics,90425.31
C00170,Entertainment,4019.56
C00170,Fashion,52461.05
C00170,Fuel,7471.49
C00170,Healthcare,10554.31
C00170,Online Shopping,93843.19
C00170,Travel,153011.43
C00171,Bills & Utilities,15309.89
C00171,Dining,9048.86
C00171,Electronics,103944.47
C00171,Entertainment,6261.71
C00171,Fashion,44099.76
C00171,Fuel,5576.25
C00171,Groceries,1713.81
C00171,Healthcare,1027.85
C00171,Online Shopping,40605.520000000004
C00171,Travel,165576.74
C00172,Bills & Utilities,17701.08
C00172,Dining,3763.16
C00172,Electronics,100905.18
C00172,Entertainment,3784.05
C00172,Fashion,4183.79
C00172,Fuel,579.79
C00172,Groceries,6852.92
C00172,Healthcare,60371.09
C00172,Online Shopping,35404.94
C00172,Travel,49813.3
C00173,Bills & Utilities,21222.84
C00173,Dining,2133.55
C00173,Electronics,1796.84
C00173,Entertainment,907.5899999999999
C00173,Fashion,61725.009999999995
C00173,Fuel,22393.82
C00173,Groceries,5984.87
C00173,Healthcare,74072.87
C00173,Travel,53177.94
C00174,Bills & Utilities,8832.01
C00174,Dining,1557.27
C00174,Electronics,164106.39
C00174,Entertainment,6527.2
C00174,Fashion,47641.94
C00174,Fuel,8975.62
C00174,Groceries,1300.43
C00174,Healthcare,34126.84
C00174,Online Shopping,50613.899999999994
C00175,Bills & Utilities,21811.11
C00175,Dining,1837.26
C00175,Electronics,138988.95
C00175,Entertainment,2269.98
C00175,Fashion,41428.17
C00175,Fuel,10316.44
C00175,Groceries,2307.75
C00175,Healthcare,20186.51
C00175,Online Shopping,24874.36
C00175,Travel,70452.45999999999
C00176,Bills & Utilities,16638.48
C00176,Dining,4151.08
C00176,Entertainment,3216.9700000000003
C00176,Fashion,19227.62
C00176,Fuel,2566.8
C00176,Groceries,3776.09
C00176,Healthcare,6257.35
C00176,Online Shopping,15741.22
C00176,Travel,15035.98
C00177,Bills & Utilities,10596.28
C00177,Dining,6590.73
C00177,Electronics,81530.01
C00177,Fashion,39040.28
C00177,Fuel,5849.02
C00177,Groceries,2612.99
C00177,Healthcare,33927.03
C00177,Online Shopping,43589.44
C00177,Travel,36593.09
C00178,Bills & Utilities,12225.630000000001
C00178,Dining,2120.31
C00178,Electronics,135660.99
C00178,Entertainment,5669.93
C00178,Fashion,15688.22
C00178,Fuel,13799.51
C00178,Groceries,7843.04
C00178,Healthcare,61989.07
C00178,Online Shopping,25071.83
C00178,Travel,133089.36
C00179,Bills & Utilities,5321.490000000001
C00179,Dining,4002.18
C00179,Electronics,9236.97
C00179,Entertainment,9931.72
C00179,Fuel,7672.82
C00179,Groceries,2652.49
C00179,Healthcare,46303.020000000004
C00179,Online Shopping,62790.19
C00179,Travel,77204.14
C00180,Bills & Utilities,10037.09
C00180,Dining,3781.3100000000004
C00180,Electronics,220130.41
C00180,Entertainment,4701.83
C00180,Fashion,27735.38
C00180,Fuel,9695.71
C00180,Groceries,260.19
C00180,Healthcare,27396.73
C00180,Online Shopping,33347.39
C00180,Travel,218208.66999999998
C00181,Bills & Utilities,8431.89
C00181,Dining,4890.72
C00181,Electronics,55410.12
C00181,Entertainment,6304.24
C00181,Fashion,16953.21
C00181,Fuel,5522.56
C00181,Groceries,7782.21
C00181,Healthcare,9134.01
C00181,Online Shopping,22896.22
C00181,Travel,56469.75
C00182,Bills & Utilities,7678.0
C00182,Dining,2209.71
C00182,Electronics,136729.44
C00182,Entertainment,7818.259999999999
C00182,Fashion,17108.25
C00182,Fuel,6131.62
C00182,Groceries,13754.900000000001
C00182,Healthcare,41335.97
C00182,Online Shopping,62173.479999999996
C00183,Bills & Utilities,4323.17
C00183,Dining,8864.58
C00183,Electronics,95752.09
C00183,Entertainment,16681.739999999998
C00183,Fashion,40721.42
C00183,Fuel,6904.5599999999995
C00183,Groceries,2063.43
C00183,Healthcare,76106.04000000001
C00183,Online Shopping,9518.57
C00183,Travel,102376.44
C00184,Bills & Utilities,17512.54
C00184,Dining,2838.09
C00184,Electronics,90319.93000000001
C00184,Entertainment,7407.23
C00184,Fashion,14889.51
C00184,Fuel,523.36
C00184,Healthcare,23433.72
C00184,Online Shopping,10787.48
C00184,Travel,153318.84
C00185,Bills & Utilities,9972.68
C00185,Dining,1494.82
C00185,Electronics,85768.09
C00185,Entertainment,4278.8099999999995
C00185,Fashion,75478.81
C00185,Fuel,12295.34
C00185,Groceries,6033.37
C00185,Healthcare,32282.2
C00185,Online Shopping,60783.46
C00185,Travel,95248.06
C00186,Bills & Utilities,12407.34
C00186,Dining,657.99
C00186,Electronics,171969.71
C00186,Entertainment,4772.47
C00186,Fashion,18300.16
C00186,Fuel,10936.49
C00186,Groceries,7202.44
C00186,Healthcare,44014.79
C00186,Online Shopping,22019.600000000002
C00186,Travel,114069.01000000001
C00187,Bills & Utilities,5737.860000000001
C00187,Electronics,26961.57
C00187,Entertainment,5757.0
C00187,Fashion,37352.36
C00187,Fuel,9065.130000000001
C00187,Groceries,7601.55
C00187,Healthcare,79772.29000000001
C00187,Online Shopping,20766.04
C00187,Travel,98634.29000000001
C00188,Bills & Utilities,9190.59
C00188,Dining,6301.93
C00188,Electronics,187796.38
C00188,Entertainment,6221.34
C00188,Fashion,35891.25
C00188,Fuel,8014.299999999999
C00188,Groceries,11627.54
C00188,Healthcare,19200.64
C00188,Online Shopping,19980.39
C00188,Travel,97683.57999999999
C00189,Bills & Utilities,7902.33
C00189,Dining,5459.85
C00189,Electronics,115420.23
C00189,Entertainment,4679.12
C00189,Fashion,18661.989999999998
C00189,Fuel,11110.74
C00189,Groceries,10197.13
C00189,Healthcare,59721.69
C00189,Online Shopping,25338.18
C00189,Travel,43774.38
C00190,Bills & Utilities,10399.63
C00190,Dining,7885.02
C00190,Electronics,37929.64
C00190,Entertainment,6280.62
C00190,Fashion,49706.5
C00190,Fuel,13054.92
C00190,Groceries,8066.1900000000005
C00190,Healthcare,13671.759999999998
C00190,Online Shopping,68092.42
C00190,Travel,87816.29000000001
C00191,Bills & Utilities,2687.89
C00191,Dining,7146.85
C00191,Electronics,96634.42
C00191,Entertainment,1996.47
C00191,Fashion,79974.45
C00191,Fuel,18315.17
C00191,Groceries,2170.0
C00191,Healthcare,16697.99
C00191,Online Shopping,1334.18
C00191,Travel,97320.37
C00192,Bills & Utilities,13606.490000000002
C00192,Dining,6333.4
C00192,Electronics,209632.86
C00192,Entertainment,4596.51
C00192,Fashion,41865.42
C00192,Fuel,8139.51
C00192,Groceries,8809.18
C00192,Healthcare,65135.53
C00192,Online Shopping,39314.72
C00192,Travel,36090.81
C00193,Bills & Utilities,3960.1299999999997
C00193,Dining,5378.24
C00193,Electronics,55734.09
C00193,Entertainment,4494.0
C00193,Fashion,2357.4
C00193,Fuel,6288.110000000001
C00193,Groceries,7525.37
C00193,Healthcare,59391.17
C00193,Online Shopping,18010.18
C00193,Travel,28986.95
C00194,Bills & Utilities,12433.65
C00194,Dining,2163.95
C00194,Electronics,172511.79
C00194,Entertainment,2223.66
C00194,Fashion,14630.83
C00194,Fuel,3744.6499999999996
C00194,Groceries,3473.62
C00194,Healthcare,21705.18
C00194,Online Shopping,74597.19
C00194,Travel,106275.53
C00195,Bills & Utilities,30372.34
C00195,Dining,6236.34
C00195,Electronics,98572.71
C00195,Entertainment,7697.04
C00195,Fuel,1370.46
C00195,Groceries,7780.950000000001
C00195,Healthcare,10396.69
C00195,Online Shopping,86497.97
C00196,Bills & Utilities,25410.64
C00196,Dining,3087.59
C00196,Electronics,51638.33
C00196,Entertainment,10504.72
C00196,Fashion,28678.85
C00196,Fuel,8575.470000000001
C00196,Groceries,9923.71
C00196,Healthcare,20856.66
C00196,Online Shopping,53705.39
C00196,Travel,11985.15
C00197,Bills & Utilities,30987.239999999998
C00197,Dining,6430.87
C00197,Entertainment,1600.08
C00197,Fashion,7744.23
C00197,Fuel,11163.79
C00197,Groceries,6099.2300000000005
C00197,Online Shopping,18365.03
C00197,Travel,43456.0
C00198,Bills & Utilities,5820.2
C00198,Dining,4226.01
C00198,Electronics,129367.0
C00198,Entertainment,3909.65
C00198,Fashion,33182.2
C00198,Fuel,5954.9
C00198,Groceries,6396.860000000001
C00198,Healthcare,39213.880000000005
C00198,Online Shopping,37985.84
C00198,Travel,112329.52
C00199,Bills & Utilities,11897.61
C00199,Dining,6651.44
C00199,Electronics,116012.67
C00199,Entertainment,1738.25
C00199,Fashion,7812.93
C00199,Fuel,10082.46
C00199,Groceries,6853.08
C00199,Healthcare,6985.14
C00199,Online Shopping,22497.260000000002
C00199,Travel,29677.62
C00200,Bills & Utilities,3287.01
C00200,Dining,2321.15
C00200,Electronics,7533.61
C00200,Entertainment,9131.15
C00200,Fashion,45538.92
C00200,Fuel,4325.049999999999
C00200,Groceries,4106.12
C00200,Healthcare,71432.34
C00200,Online Shopping,56273.47
C00200,Travel,57864.100000000006
C00201,Bills & Utilities,28395.65
C00201,Dining,5578.27
C00201,Electronics,168793.72
C00201,Entertainment,9442.67
C00201,Fashion,15683.54
C00201,Fuel,15721.2
C00201,Groceries,5052.4400000000005
C00201,Healthcare,48993.82
C00201,Online Shopping,32363.27
C00201,Travel,34569.03
C00202,Bills & Utilities,12444.2
C00202,Dining,366.06
C00202,Electronics,211131.2
C00202,Entertainment,6504.79
C00202,Fashion,59947.979999999996
C00202,Fuel,8096.03
C00202,Groceries,13827.029999999999
C00202,Healthcare,110620.85
C00202,Online Shopping,8806.32
C00202,Travel,10575.73
C00203,Bills & Utilities,14028.85
C00203,Dining,8578.02
C00203,Electronics,37206.11
C00203,Entertainment,16510.34
C00203,Fashion,19460.36
C00203,Fuel,7893.16
C00203,Groceries,4254.59
C00203,Healthcare,20770.440000000002
C00203,Online Shopping,22627.79
C00203,Travel,43878.39
C00204,Bills & Utilities,11678.51
C00204,Dining,9810.4
C00204,Electronics,81361.85
C00204,Entertainment,7374.18
C00204,Fashion,28635.18
C00204,Fuel,7614.049999999999
C00204,Groceries,4031.02
C00204,Healthcare,58951.54
C00204,Online Shopping,62944.6
C00204,Travel,47571.520000000004
C00205,Bills & Utilities,23431.45
C00205,Dining,1595.61
C00205,Electronics,32691.36
C00205,Entertainment,7132.04
C00205,Fashion,28861.8
C00205,Fuel,9931.9
C00205,Groceries,2298.7599999999998
C00205,Healthcare,21256.02
C00205,Online Shopping,30264.31
C00205,Travel,87824.19
C00206,Bills & Utilities,7854.16
C00206,Dining,2109.82
C00206,Electronics,119694.5
C00206,Entertainment,2617.49
C00206,Fashion,21138.95
C00206,Fuel,7057.469999999999
C00206,Groceries,5425.0599999999995
C00206,Healthcare,11354.6
C00206,Online Shopping,39916.66
C00206,Travel,118428.20999999999
C00207,Bills & Utilities,19718.64
C00207,Dining,8388.48
C00207,Electronics,147359.83
C00207,Entertainment,1781.0
C00207,Fashion,10494.41
C00207,Fuel,4318.93
C00207,Groceries,7231.98
C00207,Healthcare,58863.47
C00207,Travel,138202.11
C00208,Bills & Utilities,1399.15
C00208,Dining,6314.52
C00208,Electronics,131003.61
C00208,Entertainment,2246.76
C00208,Fashion,12067.119999999999
C00208,Fuel,14336.619999999999
C00208,Groceries,7033.59
C00208,Healthcare,68919.43
C00208,Online Shopping,88790.25
C00208,Travel,104603.4
C00209,Bills & Utilities,11594.66
C00209,Dining,3177.17
C00209,Electronics,9081.21
C00209,Entertainment,11092.5
C00209,Fashion,13862.93
C00209,Fuel,5522.26
C00209,Groceries,4234.35
C00209,Healthcare,33977.67
C00209,Online Shopping,28911.98
C00209,Travel,33789.9
C00210,Bills & Utilities,12239.59
C00210,Dining,2599.22
C00210,Electronics,131008.76
C00210,Entertainment,10682.81
C00210,Fashion,24140.280000000002
C00210,Fuel,14056.93
C00210,Groceries,11752.64
C00210,Healthcare,38819.75
C00210,Online Shopping,33297.89
C00210,Travel,71212.56
C00211,Bills & Utilities,2676.14
C00211,Dining,2451.3900000000003
C00211,Electronics,148576.45
C00211,Entertainment,3786.6899999999996
C00211,Fashion,38332.95
C00211,Fuel,7224.35
C00211,Groceries,4935.05
C00211,Healthcare,18083.16
C00211,Online Shopping,11724.36
C00211,Travel,42009.63
C00212,Bills & Utilities,10138.869999999999
C00212,Dining,3222.02
C00212,Electronics,154051.16
C00212,Entertainment,2736.26
C00212,Fashion,25243.33
C00212,Fuel,7956.42
C00212,Groceries,6382.530000000001
C00212,Healthcare,56851.7
C00212,Online Shopping,34188.7
C00212,Travel,63096.5
C00213,Bills & Utilities,10953.460000000001
C00213,Dining,3611.01
C00213,Electronics,70565.76
C00213,Entertainment,3763.21
C00213,Fashion,24725.62
C00213,Fuel,7220.58
C00213,Groceries,6604.99
C00213,Healthcare,75453.63
C00213,Online Shopping,10704.279999999999
C00213,Travel,29129.04
C00214,Bills & Utilities,32071.620000000003
C00214,Dining,3183.96
C00214,Electronics,55831.69
C00214,Entertainment,2260.1800000000003
C00214,Fashion,23562.68
C00214,Fuel,15446.91
C00214,Healthcare,42042.170000000006
C00214,Online Shopping,22152.93
C00214,Travel,61607.84
C00215,Bills & Utilities,27851.31
C00215,Dining,6357.610000000001
C00215,Electronics,84765.01
C00215,Entertainment,2030.5
C00215,Fashion,21689.09
C00215,Fuel,8512.130000000001
C00215,Groceries,794.41
C00215,Healthcare,43726.52
C00215,Online Shopping,1221.68
C00216,Bills & Utilities,743.12
C00216,Dining,1258.0
C00216,Electronics,178147.85
C00216,Entertainment,7169.77
C00216,Fashion,25206.09
C00216,Fuel,7700.79
C00216,Groceries,5005.59
C00216,Healthcare,43172.63
C00216,Travel,95704.20000000001
C00217,Bills & Utilities,25868.23
C00217,Dining,5111.47
C00217,Electronics,86016.75
C00217,Fashion,15031.970000000001
C00217,Fuel,5282.14
C00217,Groceries,4327.63
C00217,Healthcare,25332.379999999997
C00217,Online Shopping,5999.89
C00217,Travel,101206.35
C00218,Bills & Utilities,14541.369999999999
C00218,Dining,8872.11
C00218,Electronics,138322.01
C00218,Entertainment,3423.0299999999997
C00218,Fashion,52959.15
C00218,Fuel,5755.17
C00218,Groceries,13380.74
C00218,Healthcare,19516.84
C00218,Online Shopping,38603.5
C00218,Travel,53261.29000000001
C00219,Dining,7138.16
C00219,Electronics,24506.91
C00219,Entertainment,405.93
C00219,Fashion,31571.55
C00219,Fuel,7769.48
C00219,Groceries,3366.28
C00219,Healthcare,11363.84
C00219,Online Shopping,31309.9
C00219,Travel,31279.55
C00220,Bills & Utilities,8600.67
C00220,Dining,2006.44
C00220,Electronics,118904.82
C00220,Entertainment,6622.88
C00220,Fashion,34385.9
C00220,Fuel,12029.310000000001
C00220,Groceries,7814.37
C00220,Healthcare,54575.06999999999
C00220,Online Shopping,32326.409999999996
C00220,Travel,35642.38
C00221,Bills & Utilities,11523.779999999999
C00221,Dining,6915.35
C00221,Electronics,5562.4
C00221,Entertainment,3858.9799999999996
C00221,Fashion,70920.37
C00221,Fuel,13057.36
C00221,Groceries,5952.6
C00221,Healthcare,44665.74
C00221,Online Shopping,36512.25
C00221,Travel,73276.79
C00222,Bills & Utilities,28505.94
C00222,Dining,3597.0
C00222,Electronics,40647.270000000004
C00222,Entertainment,4656.02
C00222,Fashion,29942.89
C00222,Fuel,11303.84
C00222,Groceries,1641.43
C00222,Healthcare,31187.51
C00222,Online Shopping,36774.67
C00222,Travel,7561.05
C00223,Bills & Utilities,30231.85
C00223,Dining,4765.51
C00223,Electronics,20164.59
C00223,Entertainment,7773.349999999999
C00223,Fashion,20295.11
C00223,Fuel,13247.97
C00223,Groceries,3650.79
C00223,Healthcare,38668.32
C00223,Online Shopping,40149.61
C00223,Travel,137844.06
C00224,Bills & Utilities,18154.18
C00224,Dining,2694.56
C00224,Electronics,113496.13
C00224,Entertainment,3370.26
C00224,Fashion,19746.07
C00224,Groceries,5048.95
C00224,Healthcare,33918.59
C00224,Online Shopping,39430.25
C00224,Travel,132168.49
C00225,Bills & Utilities,20521.7
C00225,Dining,668.42
C00225,Electronics,127152.9
C00225,Entertainment,1979.75
C00225,Fashion,43179.58
C00225,Fuel,10992.4
C00225,Groceries,4059.37
C00225,Healthcare,3384.16
C00225,Online Shopping,4854.5
C00225,Travel,87692.03
C00226,Bills & Utilities,4622.18
C00226,Dining,2914.95
C00226,Electronics,150220.53
C00226,Entertainment,6735.54
C00226,Fashion,76534.09
C00226,Fuel,1155.86
C00226,Groceries,2989.58
C00226,Healthcare,55940.92
C00226,Online Shopping,18351.2
C00226,Travel,8358.39
C00227,Bills & Utilities,9244.46
C00227,Dining,7640.78
C00227,Electronics,54739.27
C00227,Entertainment,8949.27
C00227,Fashion,26867.17
C00227,Fuel,11824.15
C00227,Healthcare,49030.74
C00227,Online Shopping,43471.25
C00227,Travel,43895.93
C00228,Bills & Utilities,13411.16
C00228,Dining,9461.380000000001
C00228,Electronics,94315.56
C00228,Entertainment,1889.94
C00228,Fashion,34109.26
C00228,Fuel,10302.32
C00228,Groceries,14280.63
C00228,Healthcare,65763.11
C00228,Online Shopping,22476.91
C00228,Travel,11194.43
C00229,Bills & Utilities,16355.5
C00229,Dining,7668.76
C00229,Electronics,241511.28
C00229,Entertainment,6726.610000000001
C00229,Fashion,20461.78
C00229,Fuel,13039.49
C00229,Groceries,2146.3
C00229,Online Shopping,28116.239999999998
C00229,Travel,65895.89
C00230,Bills & Utilities,9890.310000000001
C00230,Dining,7099.27
C00230,Electronics,138926.31
C00230,Entertainment,3160.7200000000003
C00230,Fashion,20437.94
C00230,Fuel,5251.72
C00230,Groceries,2154.99
C00230,Healthcare,40142.48
C00230,Online Shopping,3572.27
C00230,Travel,96227.12
C00231,Bills & Utilities,28299.25
C00231,Dining,596.92
C00231,Entertainment,5351.55
C00231,Fashion,12027.14
C00231,Fuel,10824.73
C00231,Groceries,259.44
C00231,Healthcare,9924.87
C00231,Online Shopping,34639.759999999995
C00231,Travel,101819.26999999999
C00232,Bills & Utilities,32994.33
C00232,Dining,4705.02
C00232,Electronics,42056.89
C00232,Entertainment,5791.72
C00232,Fashion,9240.2
C00232,Fuel,2306.6400000000003
C00232,Groceries,7921.099999999999
C00232,Healthcare,21473.5
C00232,Online Shopping,67710.86
C00232,Travel,24009.01
C00233,Bills & Utilities,10163.72
C00233,Dining,7561.2
C00233,Electronics,141349.36
C00233,Entertainment,4177.91
C00233,Fashion,3400.51
C00233,Fuel,9914.43
C00233,Groceries,6668.099999999999
C00233,Healthcare,35724.71
C00233,Online Shopping,43387.04
C00233,Travel,45928.21
C00234,Bills & Utilities,7105.95
C00234,Dining,8461.53
C00234,Electronics,25623.7
C00234,Entertainment,4905.82
C00234,Fashion,52572.46
C00234,Fuel,8432.1
C00234,Groceries,822.38
C00234,Healthcare,14414.2
C00234,Online Shopping,57783.06
C00234,Travel,107504.85
C00235,Bills & Utilities,17844.37
C00235,Dining,6842.09
C00235,Electronics,169163.42
C00235,Entertainment,6598.85
C00235,Fashion,21540.67
C00235,Fuel,4874.49
C00235,Groceries,5624.73
C00235,Healthcare,32881.17
C00235,Online Shopping,13690.54
C00235,Travel,128083.51999999999
C00236,Bills & Utilities,18307.58
C00236,Dining,2452.27
C00236,Electronics,50230.759999999995
C00236,Entertainment,4987.22
C00236,Fashion,19306.940000000002
C00236,Fuel,6308.799999999999
C00236,Groceries,6099.55
C00236,Healthcare,36265.99
C00236,Online Shopping,62807.38
C00236,Travel,82434.17
C00237,Bills & Utilities,23773.89
C00237,Dining,6607.55
C00237,Electronics,55074.25
C00237,Entertainment,2008.02
C00237,Fashion,15975.47
C00237,Fuel,8319.470000000001
C00237,Groceries,8457.82
C00237,Healthcare,7200.04
C00237,Online Shopping,43031.11
C00237,Travel,116704.6
C00238,Bills & Utilities,10128.04
C00238,Dining,9866.64
C00238,Electronics,228344.95
C00238,Entertainment,5524.93
C00238,Fashion,15076.29
C00238,Fuel,12904.69
C00238,Groceries,4024.71
C00238,Healthcare,50484.18
C00238,Online Shopping,27773.17
C00238,Travel,47596.829999999994
C00239,Bills & Utilities,2527.09
C00239,Dining,4927.889999999999
C00239,Electronics,148182.97
C00239,Entertainment,2641.79
C00239,Fashion,50294.58
C00239,Fuel,5477.07
C00239,Groceries,8751.56
C00239,Healthcare,14955.11
C00239,Online Shopping,62094.55
C00239,Travel,152705.78
C00240,Bills & Utilities,3763.22
C00240,Dining,3568.41
C00240,Electronics,60377.130000000005
C00240,Entertainment,4084.71
C00240,Fashion,21383.45
C00240,Fuel,746.66
C00240,Groceries,3381.95
C00240,Healthcare,81345.51000000001
C00240,Online Shopping,50546.380000000005
C00240,Travel,91989.31
C00241,Bills & Utilities,20264.19
C00241,Dining,11268.48
C00241,Electronics,97349.66
C00241,Entertainment,2066.31
C00241,Fashion,27397.350000000002
C00241,Fuel,3819.72
C00241,Groceries,3563.08
C00241,Healthcare,38981.42
C00241,Online Shopping,17489.65
C00241,Travel,76958.16
C00242,Bills & Utilities,12023.34
C00242,Dining,3258.74
C00242,Electronics,223760.66999999998
C00242,Entertainment,7299.38
C00242,Fashion,24258.65
C00242,Fuel,8982.33
C00242,Groceries,2263.38
C00242,Healthcare,31102.129999999997
C00242,Online Shopping,42150.880000000005
C00242,Travel,73268.26999999999
C00243,Bills & Utilities,20754.34
C00243,Dining,4136.41
C00243,Electronics,92541.4
C00243,Entertainment,5514.030000000001
C00243,Fashion,30173.97
C00243,Fuel,2677.56
C00243,Groceries,9540.48
C00243,Healthcare,13799.1
C00243,Online Shopping,77397.34
C00243,Travel,73302.38
C00244,Bills & Utilities,21109.82
C00244,Dining,3842.0699999999997
C00244,Electronics,29469.390000000003
C00244,Entertainment,5612.719999999999
C00244,Fashion,45003.33
C00244,Fuel,4907.93
C00244,Groceries,8578.54
C00244,Healthcare,35118.89
C00244,Travel,79120.31
C00245,Bills & Utilities,33908.130000000005
C00245,Dining,4239.4
C00245,Electronics,60829.04
C00245,Entertainment,12157.57
C00245,Fashion,13652.33
C00245,Fuel,7268.200000000001
C00245,Groceries,1997.75
C00245,Healthcare,53289.44
C00245,Online Shopping,29529.690000000002
C00245,Travel,65122.21
C00246,Bills & Utilities,12283.48
C00246,Dining,9092.720000000001
C00246,Electronics,153808.49
C00246,Entertainment,1429.39
C00246,Fashion,45108.1
C00246,Fuel,15164.65
C00246,Groceries,4554.66
C00246,Healthcare,29662.129999999997
C00246,Online Shopping,23270.99
C00246,Travel,66476.26
C00247,Bills & Utilities,20555.83
C00247,Dining,4323.389999999999
C00247,Electronics,315882.41
C00247,Entertainment,11264.49
C00247,Fashion,25415.15
C00247,Fuel,8726.76
C00247,Groceries,8841.05
C00247,Healthcare,33187.95
C00247,Online Shopping,1181.54
C00247,Travel,97516.51
C00248,Bills & Utilities,18392.8
C00248,Dining,219.06
C00248,Electronics,129133.86
C00248,Entertainment,10091.11
C00248,Fashion,18493.4
C00248,Fuel,11800.55
C00248,Groceries,5400.5599999999995
C00248,Online Shopping,47812.96
C00248,Travel,71476.23
C00249,Bills & Utilities,21048.46
C00249,Dining,4499.08
C00249,Electronics,61456.8
C00249,Entertainment,12347.07
C00249,Fashion,51711.0
C00249,Fuel,8912.58
C00249,Groceries,8624.08
C00249,Healthcare,63067.24
C00249,Online Shopping,24827.6
C00249,Travel,56927.99999999999
C00250,Bills & Utilities,13927.94
C00250,Dining,9029.86
C00250,Electronics,50698.159999999996
C00250,Entertainment,4436.26
C00250,Fashion,13771.990000000002
C00250,Fuel,10807.42
C00250,Groceries,7170.74
C00250,Healthcare,38793.68
C00250,Online Shopping,7055.16
C00250,Travel,70393.81
C00251,Bills & Utilities,23467.59
C00251,Dining,1782.37
C00251,Electronics,25233.670000000002
C00251,Entertainment,2876.43
C00251,Fashion,27061.72
C00251,Fuel,6715.11
C00251,Groceries,1676.62
C00251,Healthcare,36786.240000000005
C00251,Online Shopping,36265.1
C00251,Travel,14921.57
C00252,Bills & Utilities,10776.71
C00252,Dining,4007.24
C00252,Electronics,43542.78
C00252,Entertainment,1300.21
C00252,Fashion,22025.03
C00252,Fuel,12254.46
C00252,Groceries,4818.15
C00252,Healthcare,23121.96
C00252,Online Shopping,20086.04
C00252,Travel,39678.16
C00253,Bills & Utilities,14317.53
C00253,Dining,4024.1099999999997
C00253,Electronics,195279.12
C00253,Entertainment,9248.85
C00253,Fashion,11723.24
C00253,Fuel,17188.260000000002
C00253,Groceries,9083.52
C00253,Healthcare,40412.61
C00253,Online Shopping,43644.07
C00253,Travel,38206.2
C00254,Bills & Utilities,11374.279999999999
C00254,Dining,7590.68
C00254,Electronics,124657.28
C00254,Entertainment,2030.94
C00254,Fashion,58810.26
C00254,Fuel,17838.64
C00254,Groceries,6931.69
C00254,Healthcare,7540.28
C00254,Online Shopping,29067.46
C00254,Travel,7376.28
C00255,Bills & Utilities,21887.170000000002
C00255,Dining,1759.7
C00255,Electronics,164097.41999999998
C00255,Entertainment,8454.42
C00255,Fashion,9517.66
C00255,Fuel,5716.469999999999
C00255,Groceries,8303.87
C00255,Healthcare,46561.47
C00255,Online Shopping,37394.729999999996
C00255,Travel,78525.5
C00256,Bills & Utilities,9183.54
C00256,Dining,4041.68
C00256,Electronics,109977.49
C00256,Entertainment,560.91
C00256,Fashion,5619.56
C00256,Fuel,8208.43
C00256,Groceries,4761.65
C00256,Healthcare,46611.03
C00256,Online Shopping,83716.90000000001
C00256,Travel,111746.12
C00257,Bills & Utilities,5526.43
C00257,Dining,6486.79
C00257,Electronics,153837.2
C00257,Entertainment,7595.46
C00257,Fashion,27377.64
C00257,Fuel,9114.89
C00257,Groceries,7465.5
C00257,Healthcare,29029.32
C00257,Online Shopping,17300.73
C00257,Travel,37357.21
C00258,Bills & Utilities,10094.46
C00258,Dining,3218.79
C00258,Electronics,149801.19
C00258,Entertainment,5103.49
C00258,Fuel,16900.92
C00258,Groceries,2516.44
C00258,Healthcare,30536.37
C00258,Travel,49061.38
C00259,Bills & Utilities,2128.48
C00259,Dining,5812.6
C00259,Electronics,117082.0
C00259,Entertainment,593.45
C00259,Fashion,51007.04
C00259,Fuel,10665.95
C00259,Groceries,8659.449999999999
C00259,Healthcare,17998.5
C00259,Online Shopping,8245.07
C00259,Travel,97167.66
C00260,Bills & Utilities,11570.96
C00260,Dining,5094.549999999999
C00260,Electronics,291862.0
C00260,Entertainment,1671.43
C00260,Fashion,32706.37
C00260,Fuel,7180.8
C00260,Groceries,4906.07
C00260,Healthcare,82311.66
C00260,Online Shopping,84160.16
C00260,Travel,52195.19
C00261,Bills & Utilities,27204.96
C00261,Dining,3937.4900000000002
C00261,Electronics,116919.55
C00261,Entertainment,6806.4
C00261,Fashion,30603.879999999997
C00261,Fuel,11759.26
C00261,Groceries,2909.57
C00261,Healthcare,29070.870000000003
C00261,Online Shopping,25390.06
C00261,Travel,97481.93
C00262,Bills & Utilities,17147.33
C00262,Dining,2117.79
C00262,Electronics,72260.9
C00262,Entertainment,15987.0
C00262,Fashion,53580.33
C00262,Fuel,7008.29
C00262,Groceries,4655.26
C00262,Healthcare,65191.94
C00262,Online Shopping,28965.53
C00262,Travel,102235.38
C00263,Bills & Utilities,19638.379999999997
C00263,Dining,5255.1
C00263,Electronics,88078.64
C00263,Entertainment,6350.34
C00263,Fashion,39545.2
C00263,Fuel,7794.8099999999995
C00263,Groceries,7140.92
C00263,Healthcare,13418.83
C00263,Online Shopping,33323.09
C00263,Travel,70944.56
C00264,Bills & Utilities,13678.85
C00264,Dining,869.24
C00264,Entertainment,4595.120000000001
C00264,Fashion,43340.82
C00264,Fuel,14689.79
C00264,Groceries,3343.0699999999997
C00264,Healthcare,45776.83
C00264,Online Shopping,30048.24
C00264,Travel,207361.52
C00265,Bills & Utilities,2948.94
C00265,Dining,2968.95
C00265,Electronics,111921.7
C00265,Entertainment,3414.1400000000003
C00265,Fashion,21844.45
C00265,Groceries,4659.79
C00265,Healthcare,17328.03
C00265,Online Shopping,15138.57
C00265,Travel,168734.13999999998
C00266,Bills & Utilities,15311.07
C00266,Dining,3432.32
C00266,Electronics,186750.91
C00266,Entertainment,6447.530000000001
C00266,Fashion,69709.89
C00266,Fuel,11365.86
C00266,Groceries,4017.34
C00266,Healthcare,46339.72
C00266,Online Shopping,72833.19
C00266,Travel,67371.74
C00267,Bills & Utilities,3333.99
C00267,Dining,885.79
C00267,Electronics,26805.01
C00267,Entertainment,1839.72
C00267,Fashion,47131.619999999995
C00267,Fuel,5410.75
C00267,Groceries,11831.65
C00267,Healthcare,4514.94
C00267,Travel,139884.27000000002
C00268,Bills & Utilities,2354.74
C00268,Dining,9721.11
C00268,Electronics,87043.89
C00268,Entertainment,3814.77
C00268,Fashion,14326.45
C00268,Fuel,4344.53
C00268,Groceries,10555.16
C00268,Healthcare,54555.29
C00268,Online Shopping,23746.42
C00268,Travel,62212.08
C00269,Bills & Utilities,16312.54
C00269,Dining,6064.25
C00269,Electronics,108598.85
C00269,Entertainment,2924.9700000000003
C00269,Fashion,67118.12
C00269,Fuel,8663.06
C00269,Groceries,6484.4
C00269,Healthcare,26128.85
C00269,Online Shopping,10520.949999999999
C00269,Travel,39374.21
C00270,Bills & Utilities,19348.17
C00270,Dining,3835.58
C00270,Electronics,96862.84
C00270,Fashion,36041.479999999996
C00270,Fuel,4858.049999999999
C00270,Groceries,5095.4
C00270,Healthcare,23623.93
C00270,Online Shopping,39846.63
C00270,Travel,78742.25
C00271,Bills & Utilities,14817.58
C00271,Dining,13944.88
C00271,Electronics,60942.6
C00271,Entertainment,1848.3
C00271,Fuel,4620.03
C00271,Groceries,605.59
C00271,Healthcare,53261.05
C00271,Online Shopping,70306.85
C00271,Travel,124417.87
C00272,Bills & Utilities,16322.95
C00272,Dining,3471.8500000000004
C00272,Electronics,79973.18
C00272,Entertainment,10681.11
C00272,Fashion,29255.21
C00272,Fuel,15723.35
C00272,Groceries,1420.76
C00272,Healthcare,7371.9400000000005
C00272,Online Shopping,52865.130000000005
C00272,Travel,115148.37999999999
C00273,Bills & Utilities,21589.61
C00273,Dining,9497.01
C00273,Electronics,31187.23
C00273,Entertainment,5640.85
C00273,Fashion,32342.03
C00273,Fuel,3826.9700000000003
C00273,Groceries,8215.34
C00273,Healthcare,20909.73
C00273,Online Shopping,23396.969999999998
C00273,Travel,44415.39
C00274,Bills & Utilities,6912.2
C00274,Dining,2127.66
C00274,Electronics,147666.71
C00274,Entertainment,2889.26
C00274,Fashion,9323.29
C00274,Fuel,6536.879999999999
C00274,Groceries,4984.389999999999
C00274,Healthcare,23434.24
C00274,Online Shopping,43465.05
C00274,Travel,56286.270000000004
C00275,Bills & Utilities,12022.3
C00275,Dining,2798.77
C00275,Electronics,91101.39
C00275,Entertainment,2880.23
C00275,Fashion,25128.23
C00275,Fuel,1842.35
C00275,Groceries,3582.6
C00275,Healthcare,88520.16
C00275,Online Shopping,33855.979999999996
C00275,Travel,53863.0
C00276,Bills & Utilities,6678.530000000001
C00276,Dining,6033.12
C00276,Electronics,131935.41999999998
C00276,Entertainment,5358.3
C00276,Fashion,45645.979999999996
C00276,Fuel,7308.530000000001
C00276,Groceries,7317.87
C00276,Healthcare,28538.21
C00276,Online Shopping,21140.44
C00276,Travel,59469.869999999995
C00277,Bills & Utilities,12782.57
C00277,Dining,3042.4900000000002
C00277,Electronics,155710.27000000002
C00277,Entertainment,1942.91
C00277,Fashion,55928.19
C00277,Fuel,5016.15
C00277,Groceries,1804.77
C00277,Healthcare,48295.65
C00277,Online Shopping,58224.67
C00277,Travel,2743.55
C00278,Bills & Utilities,22417.69
C00278,Dining,3298.0200000000004
C00278,Electronics,111071.85
C00278,Entertainment,6718.790000000001
C00278,Fashion,6108.9
C00278,Fuel,3458.42
C00278,Groceries,3543.94
C00278,Healthcare,35161.06
C00278,Online Shopping,23582.48
C00278,Travel,51210.47
C00279,Bills & Utilities,23073.06
C00279,Dining,8420.44
C00279,Electronics,58487.520000000004
C00279,Entertainment,6157.540000000001
C00279,Fashion,31889.04
C00279,Fuel,12417.89
C00279,Groceries,14552.9
C00279,Healthcare,17101.010000000002
C00279,Online Shopping,49968.34
C00279,Travel,178822.22999999998
C00280,Bills & Utilities,9038.17
C00280,Dining,1602.14
C00280,Electronics,96397.13
C00280,Entertainment,3819.93
C00280,Fashion,17502.98
C00280,Fuel,1753.24
C00280,Groceries,7795.61
C00280,Healthcare,38247.07
C00280,Online Shopping,36226.86
C00280,Travel,87725.41
C00281,Bills & Utilities,12559.61
C00281,Dining,1661.1
C00281,Electronics,137100.15
C00281,Entertainment,4215.75
C00281,Fashion,25431.14
C00281,Fuel,4855.83
C00281,Groceries,6414.969999999999
C00281,Healthcare,62679.46
C00281,Online Shopping,33748.56
C00281,Travel,123444.01
C00282,Bills & Utilities,12876.33
C00282,Dining,2093.19
C00282,Electronics,109070.7
C00282,Entertainment,3925.87
C00282,Fashion,41123.549999999996
C00282,Fuel,16238.69
C00282,Online Shopping,28465.6
C00282,Travel,101337.1
C00283,Bills & Utilities,6061.32
C00283,Dining,5612.12
C00283,Electronics,203421.53
C00283,Entertainment,7184.87
C00283,Fashion,41118.01
C00283,Fuel,5652.41
C00283,Groceries,5575.99
C00283,Healthcare,41356.009999999995
C00283,Online Shopping,31994.93
C00283,Travel,97256.90000000001
C00284,Bills & Utilities,14653.58
C00284,Dining,1820.86
C00284,Electronics,96260.34
C00284,Entertainment,1716.05
C00284,Fashion,54010.87
C00284,Fuel,10219.01
C00284,Groceries,9326.69
C00284,Healthcare,18277.82
C00284,Online Shopping,45717.34
C00284,Travel,63232.16
C00285,Bills & Utilities,23709.28
C00285,Dining,1319.63
C00285,Electronics,215261.5
C00285,Entertainment,5610.76
C00285,Fashion,77030.29
C00285,Fuel,7052.35
C00285,Groceries,8292.8
C00285,Healthcare,57676.47
C00285,Online Shopping,20521.79
C00285,Travel,35949.71
C00286,Bills & Utilities,33749.43
C00286,Dining,7399.23
C00286,Electronics,11202.99
C00286,Entertainment,8760.96
C00286,Fashion,12197.25
C00286,Fuel,6190.81
C00286,Groceries,3546.73
C00286,Healthcare,12981.96
C00286,Online Shopping,60946.729999999996
C00286,Travel,142457.38
C00287,Bills & Utilities,6000.05
C00287,Dining,10594.86
C00287,Electronics,120971.08
C00287,Entertainment,3764.63
C00287,Fashion,58145.71
C00287,Fuel,9490.08
C00287,Groceries,2196.14
C00287,Healthcare,47456.6
C00287,Online Shopping,30148.64
C00287,Travel,109674.92
C00288,Bills & Utilities,22212.77
C00288,Dining,3492.7700000000004
C00288,Electronics,110948.92
C00288,Entertainment,3955.43
C00288,Fashion,41752.74
C00288,Fuel,14293.68
C00288,Groceries,12118.26
C00288,Healthcare,21924.82
C00288,Online Shopping,15176.2
C00288,Travel,47036.97
C00289,Bills & Utilities,4434.889999999999
C00289,Dining,8459.039999999999
C00289,Electronics,113711.39
C00289,Entertainment,7463.4
C00289,Fuel,10348.26
C00289,Groceries,3746.79
C00289,Healthcare,22720.4
C00289,Online Shopping,46726.61
C00289,Travel,75573.37
C00290,Bills & Utilities,11166.27
C00290,Dining,2632.52
C00290,Electronics,146686.21000000002
C00290,Entertainment,8546.76
C00290,Fashion,6184.11
C00290,Fuel,9979.44
C00290,Groceries,2414.42
C00290,Healthcare,23582.55
C00290,Online Shopping,17253.25
C00290,Travel,40443.29
C00291,Bills & Utilities,6559.12
C00291,Dining,1600.41
C00291,Electronics,66536.26999999999
C00291,Entertainment,6230.1900000000005
C00291,Fashion,40711.51
C00291,Fuel,8745.7
C00291,Groceries,6024.41
C00291,Healthcare,40474.74
C00291,Online Shopping,24373.21
C00291,Travel,162749.24
C00292,Bills & Utilities,15686.67
C00292,Dining,2365.2
C00292,Electronics,119567.09
C00292,Entertainment,3391.96
C00292,Fashion,10422.75
C00292,Fuel,5855.78
C00292,Groceries,12383.44
C00292,Healthcare,40584.54
C00292,Online Shopping,14943.45
C00292,Travel,116453.13
C00293,Bills & Utilities,10738.11
C00293,Dining,6238.900000000001
C00293,Electronics,139491.69
C00293,Entertainment,10448.41
C00293,Fashion,31572.739999999998
C00293,Fuel,4028.6499999999996
C00293,Groceries,7094.83
C00293,Healthcare,23842.71
C00293,Online Shopping,9477.24
C00293,Travel,57817.0
C00294,Bills & Utilities,15075.42
C00294,Dining,4617.17
C00294,Electronics,68342.99
C00294,Entertainment,1400.14
C00294,Fashion,17760.760000000002
C00294,Fuel,1660.45
C00294,Groceries,6485.41
C00294,Healthcare,29287.09
C00294,Online Shopping,46865.46
C00294,Travel,57775.14
C00295,Bills & Utilities,24293.350000000002
C00295,Dining,1245.38
C00295,Electronics,107183.84
C00295,Entertainment,8616.46
C00295,Fashion,49803.9
C00295,Fuel,12972.07
C00295,Groceries,10195.21
C00295,Healthcare,47974.170000000006
C00295,Online Shopping,42995.43
C00295,Travel,107224.61
C00296,Bills & Utilities,11266.19
C00296,Dining,4548.25
C00296,Electronics,23116.92
C00296,Entertainment,14284.2
C00296,Fashion,25693.410000000003
C00296,Fuel,9604.18
C00296,Groceries,7267.85
C00296,Healthcare,45085.630000000005
C00296,Online Shopping,54996.509999999995
C00296,Travel,60048.5
C00297,Bills & Utilities,5404.69
C00297,Dining,6523.52
C00297,Electronics,70480.15
C00297,Entertainment,2989.02
C00297,Fashion,33111.479999999996
C00297,Fuel,975.14
C00297,Groceries,8204.61
C00297,Healthcare,32400.53
C00297,Online Shopping,65982.76000000001
C00297,Travel,65292.71
C00298,Bills & Utilities,9821.59
C00298,Dining,3191.26
C00298,Electronics,229813.82
C00298,Entertainment,8670.02
C00298,Fashion,15377.669999999998
C00298,Fuel,3935.56
C00298,Groceries,5907.16
C00298,Healthcare,30971.840000000004
C00298,Online Shopping,10094.66
C00298,Travel,55371.31
C00299,Bills & Utilities,13993.28
C00299,Dining,4470.599999999999
C00299,Electronics,91565.44
C00299,Entertainment,2878.9700000000003
C00299,Fashion,1252.88
C00299,Fuel,6196.8099999999995
C00299,Groceries,4286.61
C00299,Healthcare,15083.58
C00299,Online Shopping,48131.15
C00299,Travel,133856.86000000002
C00300,Bills & Utilities,11164.16
C00300,Dining,8527.89
C00300,Electronics,131175.30000000002
C00300,Entertainment,3649.96
C00300,Fashion,44534.65
C00300,Fuel,18670.75
C00300,Groceries,5110.77
C00300,Healthcare,72501.83
C00300,Online Shopping,47812.58
C00300,Travel,32945.88
C00301,Bills & Utilities,11954.880000000001
C00301,Dining,2350.27
C00301,Electronics,54684.869999999995
C00301,Entertainment,6195.65
C00301,Fashion,18526.81
C00301,Fuel,4375.35
C00301,Groceries,3802.0699999999997
C00301,Healthcare,42758.31
C00301,Online Shopping,24382.469999999998
C00301,Travel,96099.34
C00302,Bills & Utilities,14496.05
C00302,Dining,4201.6
C00302,Electronics,306327.14
C00302,Entertainment,4457.389999999999
C00302,Fashion,12233.34
C00302,Fuel,6312.94
C00302,Groceries,2326.23
C00302,Healthcare,34991.78
C00302,Online Shopping,37612.38
C00302,Travel,156358.61
C00303,Bills & Utilities,39046.24
C00303,Dining,6410.37
C00303,Electronics,83846.27
C00303,Entertainment,5233.88
C00303,Fashion,10561.82
C00303,Fuel,4653.3099999999995
C00303,Groceries,9864.77
C00303,Healthcare,56332.95
C00303,Online Shopping,23373.08
C00304,Bills & Utilities,14099.7
C00304,Dining,2427.64
C00304,Electronics,53201.51
C00304,Entertainment,3521.01
C00304,Fashion,9267.4
C00304,Fuel,7257.36
C00304,Groceries,5071.2
C00304,Healthcare,42226.24
C00304,Online Shopping,11967.32
C00304,Travel,19971.8
C00305,Bills & Utilities,21392.24
C00305,Dining,4509.67
C00305,Electronics,201369.7
C00305,Entertainment,1963.36
C00305,Fashion,39321.44
C00305,Fuel,10991.039999999999
C00305,Groceries,3501.14
C00305,Healthcare,1907.06
C00305,Online Shopping,62718.02
C00305,Travel,85572.84
C00306,Bills & Utilities,12309.970000000001
C00306,Dining,6699.42
C00306,Electronics,91164.69
C00306,Entertainment,1778.41
C00306,Fashion,14536.919999999998
C00306,Fuel,11529.06
C00306,Groceries,6473.5
C00306,Healthcare,49938.15
C00306,Online Shopping,3510.52
C00306,Travel,68027.11
C00307,Bills & Utilities,13852.68
C00307,Dining,1643.66
C00307,Electronics,68668.99
C00307,Entertainment,12979.34
C00307,Fashion,46090.17
C00307,Fuel,13739.26
C00307,Groceries,6540.57
C00307,Healthcare,10377.4
C00307,Online Shopping,15446.349999999999
C00307,Travel,71577.87
C00308,Bills & Utilities,7149.69
C00308,Dining,2599.09
C00308,Electronics,30115.62
C00308,Entertainment,7504.79
C00308,Fashion,28184.84
C00308,Fuel,3389.78
C00308,Healthcare,63003.33
C00308,Online Shopping,37579.32
C00308,Travel,121384.47
C00309,Bills & Utilities,17832.81
C00309,Dining,4303.1
C00309,Electronics,156137.0
C00309,Entertainment,3078.1400000000003
C00309,Fashion,19164.93
C00309,Fuel,8159.67
C00309,Groceries,3492.9
C00309,Healthcare,41789.02
C00309,Online Shopping,17638.190000000002
C00309,Travel,39384.02
C00310,Bills & Utilities,7505.5
C00310,Dining,7552.96
C00310,Electronics,43737.78
C00310,Entertainment,6749.389999999999
C00310,Fashion,59031.33
C00310,Fuel,6387.76
C00310,Groceries,3627.0299999999997
C00310,Healthcare,65961.34
C00310,Online Shopping,47550.25
C00310,Travel,139123.75
C00311,Bills & Utilities,7884.53
C00311,Dining,6364.17
C00311,Electronics,28643.41
C00311,Entertainment,7974.21
C00311,Fuel,6947.67
C00311,Groceries,2678.3
C00311,Healthcare,28488.37
C00311,Online Shopping,22052.76
C00311,Travel,23416.12
C00312,Bills & Utilities,14757.04
C00312,Dining,5768.21
C00312,Electronics,250716.35
C00312,Entertainment,4922.24
C00312,Fashion,14178.16
C00312,Fuel,12760.64
C00312,Groceries,5087.4
C00312,Healthcare,9327.61
C00312,Online Shopping,34718.18
C00312,Travel,40404.0
C00313,Bills & Utilities,15502.45
C00313,Dining,6589.5599999999995
C00313,Electronics,185206.99
C00313,Entertainment,4577.23
C00313,Fashion,25823.82
C00313,Fuel,1966.04
C00313,Groceries,7967.009999999999
C00313,Healthcare,34633.79
C00313,Online Shopping,2690.6400000000003
C00313,Travel,57002.509999999995
C00314,Bills & Utilities,17848.3
C00314,Dining,1783.46
C00314,Electronics,136186.53
C00314,Entertainment,3407.28
C00314,Fashion,38477.29
C00314,Fuel,2572.29
C00314,Groceries,1187.44
C00314,Healthcare,81899.43
C00314,Online Shopping,24758.9
C00314,Travel,29610.24
C00315,Bills & Utilities,13866.77
C00315,Dining,794.53
C00315,Electronics,37635.0
C00315,Entertainment,1758.21
C00315,Fashion,40530.229999999996
C00315,Fuel,5237.6
C00315,Groceries,6694.68
C00315,Healthcare,23308.68
C00315,Online Shopping,51454.11
C00315,Travel,50306.119999999995
C00316,Bills & Utilities,10108.84
C00316,Dining,3655.94
C00316,Electronics,92604.6
C00316,Entertainment,6234.46
C00316,Fashion,67007.76000000001
C00316,Fuel,9724.68
C00316,Groceries,6081.76
C00316,Healthcare,38194.67
C00316,Travel,35154.36
C00317,Bills & Utilities,15472.26
C00317,Dining,1444.37
C00317,Electronics,96142.89
C00317,Entertainment,1899.76
C00317,Fashion,36604.02
C00317,Fuel,537.09
C00317,Groceries,4265.66
C00317,Healthcare,35120.89
C00317,Online Shopping,3000.99
C00317,Travel,175966.7
C00318,Bills & Utilities,18613.670000000002
C00318,Dining,5327.0599999999995
C00318,Electronics,91672.5
C00318,Entertainment,10890.03
C00318,Fuel,10549.45
C00318,Groceries,5932.39
C00318,Healthcare,58290.189999999995
C00318,Online Shopping,80487.54999999999
C00318,Travel,22642.33
C00319,Bills & Utilities,12563.74
C00319,Dining,3520.4
C00319,Electronics,306558.86
C00319,Fashion,52970.44
C00319,Fuel,4229.38
C00319,Groceries,5536.83
C00319,Healthcare,59133.119999999995
C00319,Online Shopping,40779.729999999996
C00319,Travel,32296.32
C00320,Bills & Utilities,17386.74
C00320,Dining,6681.73
C00320,Electronics,165823.41
C00320,Entertainment,1085.06
C00320,Fashion,21931.57
C00320,Fuel,7987.0
C00320,Groceries,5934.87
C00320,Healthcare,14734.0
C00320,Online Shopping,44138.189999999995
C00320,Travel,96738.31
C00321,Bills & Utilities,17469.91
C00321,Dining,4465.55
C00321,Electronics,47294.21
C00321,Entertainment,5096.1900000000005
C00321,Fashion,62783.32
C00321,Fuel,6501.620000000001
C00321,Groceries,6557.86
C00321,Healthcare,59323.08
C00321,Online Shopping,35146.119999999995
C00321,Travel,13531.35
C00322,Bills & Utilities,1693.64
C00322,Dining,4864.23
C00322,Electronics,191978.34
C00322,Fashion,46631.490000000005
C00322,Fuel,8440.0
C00322,Groceries,1621.21
C00322,Healthcare,43112.76
C00322,Online Shopping,44607.880000000005
C00323,Bills & Utilities,8078.120000000001
C00323,Dining,4396.719999999999
C00323,Electronics,64835.56
C00323,Entertainment,6954.65
C00323,Fashion,66521.20999999999
C00323,Fuel,8949.220000000001
C00323,Groceries,8824.37
C00323,Healthcare,29151.09
C00323,Online Shopping,18971.66
C00323,Travel,56773.34
C00324,Bills & Utilities,11722.58
C00324,Dining,3886.33
C00324,Electronics,47723.619999999995
C00324,Entertainment,6545.15
C00324,Fashion,24514.21
C00324,Fuel,731.53
C00324,Groceries,4321.3099999999995
C00324,Healthcare,30390.93
C00324,Online Shopping,34172.270000000004
C00324,Travel,25079.14
C00325,Bills & Utilities,9226.54
C00325,Dining,8252.82
C00325,Electronics,21814.34
C00325,Entertainment,3830.99
C00325,Fashion,41425.64
C00325,Fuel,2297.1
C00325,Groceries,1563.32
C00325,Healthcare,19782.28
C00325,Online Shopping,27949.659999999996
C00325,Travel,37125.270000000004
C00326,Bills & Utilities,11163.130000000001
C00326,Dining,5153.5599999999995
C00326,Electronics,75747.32
C00326,Entertainment,2790.18
C00326,Fashion,61438.520000000004
C00326,Fuel,14996.22
C00326,Groceries,4308.09
C00326,Healthcare,21665.93
C00326,Online Shopping,53606.32
C00326,Travel,189941.29
C00327,Bills & Utilities,27071.43
C00327,Dining,6329.74
C00327,Electronics,130175.01999999999
C00327,Entertainment,5829.05
C00327,Fashion,27387.27
C00327,Fuel,3354.76
C00327,Groceries,3371.41
C00327,Healthcare,72663.34
C00327,Online Shopping,10773.619999999999
C00327,Travel,89560.88
C00328,Bills & Utilities,10034.96
C00328,Dining,5103.21
C00328,Electronics,113919.31
C00328,Entertainment,4700.23
C00328,Fashion,16249.470000000001
C00328,Fuel,8865.92
C00328,Groceries,3893.1900000000005
C00328,Healthcare,32837.1
C00328,Online Shopping,26838.98
C00328,Travel,128962.21999999999
C00329,Bills & Utilities,13439.36
C00329,Dining,2194.9900000000002
C00329,Electronics,123526.01000000001
C00329,Entertainment,5168.53
C00329,Fashion,21725.82
C00329,Fuel,12446.01
C00329,Groceries,4050.6400000000003
C00329,Healthcare,61470.100000000006
C00329,Online Shopping,29378.5
C00329,Travel,77966.53
C00330,Bills & Utilities,16822.2
C00330,Dining,3643.29
C00330,Electronics,241384.61000000002
C00330,Entertainment,12333.49
C00330,Fashion,31314.06
C00330,Fuel,10614.59
C00330,Groceries,6841.58
C00330,Healthcare,19102.66
C00330,Online Shopping,51489.66
C00330,Travel,137387.6
C00331,Bills & Utilities,29177.48
C00331,Dining,2191.4700000000003
C00331,Electronics,108592.04000000001
C00331,Entertainment,5208.44
C00331,Fashion,2869.92
C00331,Fuel,12950.24
C00331,Groceries,7404.639999999999
C00331,Healthcare,39809.07
C00331,Travel,43714.369999999995
C00332,Bills & Utilities,18224.309999999998
C00332,Dining,6474.47
C00332,Electronics,123842.66
C00332,Entertainment,5432.950000000001
C00332,Fashion,30824.37
C00332,Fuel,1160.2
C00332,Groceries,5235.280000000001
C00332,Healthcare,5281.01
C00332,Online Shopping,63838.05
C00332,Travel,102485.3
C00333,Bills & Utilities,7028.62
C00333,Dining,3723.9700000000003
C00333,Electronics,222230.66
C00333,Entertainment,11537.99
C00333,Fashion,34610.39
C00333,Fuel,15567.23
C00333,Groceries,8974.39
C00333,Healthcare,30870.91
C00333,Online Shopping,24623.480000000003
C00333,Travel,29436.86
C00334,Bills & Utilities,13923.06
C00334,Dining,5022.18
C00334,Electronics,56280.12
C00334,Entertainment,3895.1099999999997
C00334,Fashion,48434.11
C00334,Fuel,4153.610000000001
C00334,Groceries,7494.96
C00334,Healthcare,23385.7
C00334,Travel,52787.229999999996
C00335,Bills & Utilities,5532.53
C00335,Dining,1447.63
C00335,Electronics,99024.0
C00335,Entertainment,3143.59
C00335,Fashion,14795.02
C00335,Fuel,10229.029999999999
C00335,Groceries,7038.34
C00335,Healthcare,29901.16
C00335,Online Shopping,44595.93
C00335,Travel,79163.72
C00336,Bills & Utilities,9993.240000000002
C00336,Dining,6451.469999999999
C00336,Electronics,66903.2
C00336,Entertainment,5135.38
C00336,Fashion,36005.92
C00336,Fuel,5212.73
C00336,Groceries,6372.780000000001
C00336,Healthcare,39426.18
C00336,Online Shopping,48004.119999999995
C00336,Travel,50860.41
C00337,Bills & Utilities,1734.02
C00337,Dining,5170.73
C00337,Electronics,65340.18
C00337,Entertainment,4861.76
C00337,Fashion,27234.420000000002
C00337,Fuel,6469.58
C00337,Groceries,2042.88
C00337,Healthcare,43828.56
C00337,Online Shopping,49312.74
C00337,Travel,85658.86
C00338,Bills & Utilities,17100.94
C00338,Dining,6382.9400000000005
C00338,Electronics,20126.23
C00338,Entertainment,3000.82
C00338,Fashion,32197.11
C00338,Fuel,7890.62
C00338,Groceries,7095.1
C00338,Healthcare,29134.100000000002
C00338,Online Shopping,52040.66
C00338,Travel,16621.94
C00339,Bills & Utilities,5398.83
C00339,Dining,7463.71
C00339,Electronics,195938.83
C00339,Entertainment,10602.220000000001
C00339,Fashion,22333.41
C00339,Fuel,8929.13
C00339,Groceries,7209.969999999999
C00339,Healthcare,16675.84
C00339,Online Shopping,67718.25
C00339,Travel,161328.6
C00340,Bills & Utilities,11910.9
C00340,Dining,3362.62
C00340,Electronics,19370.43
C00340,Entertainment,1003.36
C00340,Fashion,18446.989999999998
C00340,Fuel,11970.18
C00340,Groceries,1077.92
C00340,Healthcare,51096.33
C00340,Online Shopping,22989.329999999998
C00340,Travel,45334.11
C00341,Bills & Utilities,15586.96
C00341,Dining,4417.67
C00341,Electronics,141891.0
C00341,Entertainment,5104.219999999999
C00341,Fashion,28803.25
C00341,Fuel,4509.73
C00341,Groceries,7645.0
C00341,Healthcare,33960.75
C00341,Online Shopping,64757.96
C00341,Travel,89772.93
C00342,Bills & Utilities,11571.75
C00342,Dining,2110.13
C00342,Entertainment,6792.37
C00342,Fashion,56645.869999999995
C00342,Fuel,11160.01
C00342,Groceries,2824.83
C00342,Healthcare,112417.25
C00342,Online Shopping,9552.45
C00342,Travel,138058.34
C00343,Bills & Utilities,7028.799999999999
C00343,Dining,4522.59
C00343,Electronics,98488.35
C00343,Entertainment,2347.62
C00343,Fashion,59803.0
C00343,Fuel,1908.87
C00343,Groceries,1615.58
C00343,Healthcare,102059.26999999999
C00343,Online Shopping,63747.84
C00343,Travel,167594.8
C00344,Bills & Utilities,9935.33
C00344,Dining,6320.1
C00344,Electronics,164413.69
C00344,Entertainment,1199.85
C00344,Fashion,46098.99
C00344,Fuel,8694.51
C00344,Groceries,2952.54
C00344,Online Shopping,18528.58
C00344,Travel,169133.05
C00345,Bills & Utilities,4231.08
C00345,Dining,3729.85
C00345,Electronics,126001.47
C00345,Entertainment,9953.65
C00345,Fashion,36194.28
C00345,Fuel,2798.67
C00345,Groceries,2939.22
C00345,Healthcare,53601.24
C00345,Online Shopping,29797.49
C00345,Travel,69421.39
C00346,Bills & Utilities,10988.92
C00346,Dining,4097.0
C00346,Electronics,37470.96
C00346,Entertainment,5815.65
C00346,Fashion,46073.72
C00346,Fuel,1328.58
C00346,Groceries,6154.389999999999
C00346,Healthcare,36896.78999999999
C00346,Online Shopping,18570.4
C00346,Travel,43880.55
C00347,Bills & Utilities,1131.87
C00347,Dining,2083.57
C00347,Electronics,77972.55
C00347,Entertainment,2131.41
C00347,Fashion,61575.86
C00347,Fuel,7084.73
C00347,Groceries,3100.38
C00347,Healthcare,50123.59
C00347,Online Shopping,26374.37
C00347,Travel,110035.36
C00348,Bills & Utilities,13617.5
C00348,Dining,4202.42
C00348,Electronics,74417.29
C00348,Entertainment,4178.6900000000005
C00348,Fashion,20231.73
C00348,Fuel,5772.95
C00348,Groceries,5264.47
C00348,Healthcare,36829.32
C00348,Travel,78865.31
C00349,Bills & Utilities,11300.4
C00349,Dining,1642.34
C00349,Electronics,220702.41999999998
C00349,Entertainment,3056.96
C00349,Fashion,15978.56
C00349,Groceries,4048.13
C00349,Healthcare,6969.81
C00349,Online Shopping,77317.17
C00349,Travel,47812.83
C00350,Bills & Utilities,17933.66
C00350,Dining,3239.13
C00350,Electronics,110522.15
C00350,Entertainment,5421.02
C00350,Fashion,12941.85
C00350,Fuel,5198.6
C00350,Groceries,4974.780000000001
C00350,Healthcare,35586.93
C00350,Online Shopping,21455.64
C00350,Travel,32360.09
C00351,Bills & Utilities,1851.41
C00351,Dining,3315.4399999999996
C00351,Electronics,70069.91
C00351,Entertainment,12651.14
C00351,Fashion,38786.97
C00351,Fuel,12497.67
C00351,Groceries,10151.92
C00351,Healthcare,31384.489999999998
C00351,Online Shopping,72180.06999999999
C00351,Travel,110803.15
C00352,Bills & Utilities,5811.24
C00352,Dining,530.7
C00352,Electronics,23213.02
C00352,Entertainment,1701.8600000000001
C00352,Fashion,39344.450000000004
C00352,Fuel,10957.93
C00352,Groceries,3611.0
C00352,Healthcare,24246.22
C00352,Online Shopping,35404.4
C00352,Travel,106282.79999999999
C00353,Bills & Utilities,22990.78
C00353,Dining,3653.48
C00353,Electronics,175336.57
C00353,Entertainment,3102.1800000000003
C00353,Fashion,33920.56
C00353,Groceries,2717.26
C00353,Healthcare,40356.55
C00353,Online Shopping,11406.44
C00353,Travel,132951.86000000002
C00354,Bills & Utilities,10501.71
C00354,Dining,2321.0299999999997
C00354,Electronics,108379.65
C00354,Entertainment,1234.76
C00354,Fashion,50734.83
C00354,Fuel,6870.66
C00354,Groceries,914.46
C00354,Healthcare,23059.68
C00354,Online Shopping,73820.32
C00354,Travel,149499.7
C00355,Bills & Utilities,2351.24
C00355,Dining,6917.889999999999
C00355,Electronics,51147.54
C00355,Entertainment,6296.7300000000005
C00355,Fashion,20104.1
C00355,Fuel,7505.65
C00355,Groceries,7223.89
C00355,Healthcare,55585.89
C00355,Online Shopping,16791.690000000002
C00355,Travel,69382.52
C00356,Bills & Utilities,19311.420000000002
C00356,Dining,1885.84
C00356,Electronics,176796.94
C00356,Entertainment,1690.96
C00356,Fashion,19369.54
C00356,Fuel,10441.62
C00356,Groceries,9932.34
C00356,Healthcare,41899.5
C00356,Online Shopping,26953.230000000003
C00356,Travel,24858.739999999998
C00357,Bills & Utilities,15839.75
C00357,Dining,7543.78
C00357,Electronics,55348.22
C00357,Entertainment,2063.2
C00357,Fashion,30744.850000000002
C00357,Fuel,6069.3099999999995
C00357,Groceries,8688.86
C00357,Healthcare,41111.84
C00357,Online Shopping,46793.09
C00357,Travel,3365.34
C00358,Bills & Utilities,20600.309999999998
C00358,Electronics,159938.81
C00358,Entertainment,1877.46
C00358,Fashion,43946.65
C00358,Fuel,10206.23
C00358,Groceries,3771.04
C00358,Online Shopping,3885.74
C00358,Travel,21654.620000000003
C00359,Bills & Utilities,17202.86
C00359,Dining,2470.8900000000003
C00359,Electronics,21128.15
C00359,Entertainment,8372.84
C00359,Fashion,33435.53
C00359,Fuel,5692.62
C00359,Groceries,5618.6900000000005
C00359,Healthcare,3269.35
C00359,Online Shopping,9463.7
C00359,Travel,27450.230000000003
C00360,Bills & Utilities,26721.829999999998
C00360,Dining,6567.9400000000005
C00360,Electronics,118536.01
C00360,Entertainment,2897.53
C00360,Fashion,29802.68
C00360,Fuel,2049.69
C00360,Groceries,4221.59
C00360,Healthcare,5973.87
C00360,Online Shopping,36904.46
C00360,Travel,22596.39
C00361,Bills & Utilities,8189.099999999999
C00361,Dining,6586.110000000001
C00361,Electronics,49502.07000000001
C00361,Entertainment,5471.9
C00361,Fashion,31653.25
C00361,Fuel,13912.89
C00361,Groceries,6880.25
C00361,Healthcare,33579.51
C00361,Online Shopping,32999.03
C00361,Travel,80510.16
C00362,Bills & Utilities,8373.31
C00362,Dining,7249.47
C00362,Electronics,18048.12
C00362,Entertainment,9138.34
C00362,Fashion,724.01
C00362,Fuel,12888.22
C00362,Groceries,3306.38
C00362,Healthcare,5413.02
C00362,Online Shopping,11145.27
C00362,Travel,97858.25
C00363,Bills & Utilities,7044.370000000001
C00363,Dining,2023.79
C00363,Electronics,104571.41
C00363,Entertainment,213.38
C00363,Fashion,40227.81
C00363,Fuel,8500.24
C00363,Groceries,8682.54
C00363,Healthcare,96102.82
C00363,Online Shopping,19030.4
C00363,Travel,139318.33
C00364,Bills & Utilities,2472.3599999999997
C00364,Dining,6671.59
C00364,Electronics,75174.56
C00364,Entertainment,2095.53
C00364,Fashion,10911.79
C00364,Fuel,9715.07
C00364,Groceries,11033.27
C00364,Healthcare,35664.97
C00364,Online Shopping,29320.71
C00364,Travel,31307.98
C00365,Bills & Utilities,24945.629999999997
C00365,Dining,1690.44
C00365,Electronics,23802.81
C00365,Entertainment,8464.53
C00365,Fashion,23831.15
C00365,Fuel,7421.82
C00365,Groceries,7478.37
C00365,Healthcare,34805.009999999995
C00365,Online Shopping,21486.65
C00365,Travel,77980.19
C00366,Bills & Utilities,6340.83
C00366,Dining,7758.51
C00366,Electronics,32165.68
C00366,Entertainment,2231.85
C00366,Fashion,38327.350000000006
C00366,Fuel,8124.9
C00366,Groceries,8407.57
C00366,Healthcare,38787.95
C00366,Online Shopping,10179.529999999999
C00366,Travel,110829.98000000001
C00367,Bills & Utilities,22781.23
C00367,Dining,1585.17
C00367,Electronics,168365.08000000002
C00367,Entertainment,4470.57
C00367,Fashion,26856.32
C00367,Fuel,11144.130000000001
C00367,Groceries,1692.1999999999998
C00367,Healthcare,17281.19
C00367,Online Shopping,106920.87
C00367,Travel,42289.79
C00368,Bills & Utilities,9205.12
C00368,Dining,2987.94
C00368,Electronics,61685.16
C00368,Entertainment,3015.66
C00368,Fashion,36957.52
C00368,Fuel,2939.71
C00368,Groceries,3936.3
C00368,Healthcare,13783.45
C00368,Online Shopping,10872.29
C00368,Travel,23360.879999999997
C00369,Bills & Utilities,40210.41
C00369,Dining,4903.9
C00369,Electronics,53340.82
C00369,Fashion,40437.990000000005
C00369,Fuel,2071.39
C00369,Groceries,12921.529999999999
C00369,Healthcare,12499.14
C00369,Online Shopping,38337.98
C00369,Travel,97623.95
C00370,Bills & Utilities,14603.84
C00370,Dining,3153.67
C00370,Electronics,65455.61
C00370,Entertainment,3040.96
C00370,Fashion,47907.22
C00370,Fuel,9121.56
C00370,Online Shopping,19051.9
C00370,Travel,62655.58
C00371,Bills & Utilities,5898.24
C00371,Dining,4121.68
C00371,Electronics,90608.48
C00371,Entertainment,6290.66
C00371,Fashion,24803.410000000003
C00371,Fuel,7178.51
C00371,Groceries,5763.49
C00371,Healthcare,62529.33
C00371,Online Shopping,5037.68
C00371,Travel,68647.28
C00372,Bills & Utilities,3502.29
C00372,Dining,6082.5599999999995
C00372,Electronics,114872.60999999999
C00372,Entertainment,7898.79
C00372,Fashion,43800.83
C00372,Fuel,8805.36
C00372,Groceries,7591.86
C00372,Healthcare,53388.71
C00372,Online Shopping,25210.129999999997
C00372,Travel,29883.2
C00373,Bills & Utilities,27255.75
C00373,Dining,9564.15
C00373,Electronics,124320.79999999999
C00373,Entertainment,4978.6
C00373,Fashion,15386.02
C00373,Fuel,11691.01
C00373,Groceries,8427.210000000001
C00373,Healthcare,23842.260000000002
C00373,Online Shopping,2121.94
C00373,Travel,38066.86
C00374,Bills & Utilities,20529.989999999998
C00374,Dining,3702.54
C00374,Electronics,158969.72999999998
C00374,Entertainment,6235.5
C00374,Fashion,25771.050000000003
C00374,Fuel,1905.03
C00374,Groceries,10988.380000000001
C00374,Healthcare,34865.68
C00374,Online Shopping,13204.71
C00374,Travel,148546.7
C00375,Bills & Utilities,17725.56
C00375,Dining,3178.67
C00375,Electronics,151497.64
C00375,Entertainment,3723.44
C00375,Fashion,17228.120000000003
C00375,Fuel,17148.39
C00375,Groceries,6013.009999999999
C00375,Healthcare,95673.17
C00375,Online Shopping,28010.840000000004
C00375,Travel,49803.25
C00376,Bills & Utilities,12474.0
C00376,Dining,1530.9
C00376,Electronics,12927.67
C00376,Entertainment,2695.81
C00376,Fashion,20983.980000000003
C00376,Fuel,7211.17
C00376,Groceries,6993.0
C00376,Healthcare,13208.720000000001
C00376,Online Shopping,42010.41
C00376,Travel,88465.75
C00377,Bills & Utilities,24559.12
C00377,Dining,7665.71
C00377,Electronics,191057.34
C00377,Entertainment,10314.28
C00377,Fashion,12589.16
C00377,Fuel,9386.689999999999
C00377,Groceries,4417.18
C00377,Healthcare,8111.81
C00377,Online Shopping,58725.6
C00377,Travel,64447.94
C00378,Bills & Utilities,45846.24
C00378,Dining,4786.0
C00378,Electronics,277713.46
C00378,Entertainment,3121.08
C00378,Fashion,22508.58
C00378,Fuel,9850.13
C00378,Groceries,12473.67
C00378,Healthcare,16968.65
C00378,Online Shopping,57921.86
C00378,Travel,77647.76
C00379,Bills & Utilities,20074.59
C00379,Dining,1105.45
C00379,Electronics,33490.82
C00379,Entertainment,14332.52
C00379,Fashion,12883.66
C00379,Fuel,11516.04
C00379,Groceries,8030.400000000001
C00379,Healthcare,38487.229999999996
C00379,Online Shopping,59344.35
C00380,Bills & Utilities,5680.85
C00380,Dining,4477.23
C00380,Electronics,164058.09
C00380,Entertainment,4680.389999999999
C00380,Fashion,38930.34
C00380,Fuel,5365.71
C00380,Groceries,2928.83
C00380,Healthcare,15797.68
C00380,Travel,143215.91999999998
C00381,Bills & Utilities,24923.29
C00381,Dining,5647.9
C00381,Electronics,86505.94
C00381,Entertainment,692.38
C00381,Fashion,33315.08
C00381,Fuel,1744.63
C00381,Groceries,5490.25
C00381,Healthcare,55160.04
C00381,Online Shopping,31412.57
C00381,Travel,46577.16
C00382,Bills & Utilities,9329.55
C00382,Dining,3907.33
C00382,Electronics,134025.78
C00382,Entertainment,1614.86
C00382,Fashion,71237.27
C00382,Fuel,9521.39
C00382,Groceries,7440.19
C00382,Healthcare,16391.42
C00382,Travel,7732.14
C00383,Bills & Utilities,4977.299999999999
C00383,Dining,12349.02
C00383,Electronics,23812.84
C00383,Entertainment,4199.530000000001
C00383,Fashion,16194.96
C00383,Fuel,5839.4
C00383,Healthcare,78958.45999999999
C00383,Online Shopping,85592.08
C00383,Travel,100990.82
C00384,Bills & Utilities,13875.33
C00384,Dining,6178.82
C00384,Electronics,111409.13
C00384,Entertainment,1754.4
C00384,Fashion,15215.46
C00384,Fuel,15929.41
C00384,Groceries,5784.53
C00384,Healthcare,30675.120000000003
C00384,Online Shopping,20947.25
C00384,Travel,175267.47999999998
C00385,Bills & Utilities,30578.690000000002
C00385,Dining,6620.43
C00385,Electronics,175066.35
C00385,Entertainment,8054.82
C00385,Fashion,31528.82
C00385,Fuel,11490.77
C00385,Groceries,8976.31
C00385,Healthcare,3661.09
C00385,Online Shopping,18028.96
C00385,Travel,22502.47
C00386,Bills & Utilities,5600.51
C00386,Dining,1770.01
C00386,Electronics,65674.77
C00386,Entertainment,2978.22
C00386,Fashion,25667.23
C00386,Fuel,7056.61
C00386,Groceries,3352.24
C00386,Healthcare,60614.69
C00386,Online Shopping,44430.41
C00386,Travel,97668.54
C00387,Bills & Utilities,6205.25
C00387,Dining,4067.27
C00387,Electronics,103374.31
C00387,Entertainment,8097.09
C00387,Fashion,28201.81
C00387,Fuel,18758.02
C00387,Groceries,2184.48
C00387,Healthcare,28651.6
C00387,Online Shopping,17429.13
C00387,Travel,160750.84
C00388,Bills & Utilities,10781.31
C00388,Dining,5380.41
C00388,Electronics,182679.46
C00388,Entertainment,2272.37
C00388,Fashion,5891.62
C00388,Fuel,6265.46
C00388,Groceries,1833.52
C00388,Healthcare,48429.06
C00388,Online Shopping,57057.1
C00388,Travel,73079.06
C00389,Bills & Utilities,3041.61
C00389,Dining,3075.98
C00389,Electronics,55051.61
C00389,Entertainment,5897.32
C00389,Fashion,37206.619999999995
C00389,Fuel,6107.21
C00389,Groceries,6950.9800000000005
C00389,Healthcare,33258.39
C00389,Online Shopping,13037.28
C00389,Travel,85800.47
C00390,Bills & Utilities,3538.62
C00390,Dining,4784.86
C00390,Electronics,67410.1
C00390,Entertainment,4132.719999999999
C00390,Fashion,17505.93
C00390,Fuel,5762.05
C00390,Groceries,3386.73
C00390,Healthcare,26817.579999999998
C00390,Online Shopping,33513.08
C00390,Travel,158342.66999999998
C00391,Bills & Utilities,16161.17
C00391,Dining,3620.94
C00391,Electronics,260780.74
C00391,Entertainment,9701.64
C00391,Fashion,22428.34
C00391,Fuel,15468.18
C00391,Groceries,9006.970000000001
C00391,Healthcare,19003.34
C00391,Online Shopping,27477.32
C00391,Travel,74171.9
C00392,Bills & Utilities,3355.59
C00392,Dining,2856.66
C00392,Electronics,138815.16
C00392,Fuel,6892.87
C00392,Groceries,2078.23
C00392,Healthcare,7842.65
C00392,Online Shopping,43115.72
C00392,Travel,46828.68
C00393,Bills & Utilities,18658.85
C00393,Dining,6465.14
C00393,Electronics,106263.25
C00393,Entertainment,1678.72
C00393,Fashion,15655.17
C00393,Fuel,10392.64
C00393,Groceries,13419.06
C00393,Healthcare,51538.8
C00393,Online Shopping,25311.43
C00393,Travel,55848.03
C00394,Bills & Utilities,13315.35
C00394,Dining,5707.02
C00394,Entertainment,4435.94
C00394,Fashion,34658.479999999996
C00394,Fuel,15952.7
C00394,Groceries,3526.57
C00394,Healthcare,28031.67
C00394,Online Shopping,38456.54
C00394,Travel,99921.06
C00395,Bills & Utilities,3590.96
C00395,Dining,8977.91
C00395,Electronics,47368.15
C00395,Entertainment,2714.76
C00395,Fashion,38280.38
C00395,Fuel,15550.73
C00395,Groceries,1952.8400000000001
C00395,Healthcare,18248.550000000003
C00395,Online Shopping,51805.38
C00395,Travel,103031.47
C00396,Bills & Utilities,8738.59
C00396,Dining,1323.49
C00396,Electronics,62996.19
C00396,Entertainment,2633.43
C00396,Fashion,47783.74
C00396,Fuel,2271.9300000000003
C00396,Groceries,12118.66
C00396,Healthcare,1604.6
C00396,Online Shopping,5779.77
C00396,Travel,123580.97
C00397,Bills & Utilities,16565.11
C00397,Dining,6844.0199999999995
C00397,Entertainment,3863.92
C00397,Fashion,46119.41
C00397,Fuel,7112.96
C00397,Groceries,8335.119999999999
C00397,Healthcare,36811.87
C00397,Online Shopping,32231.09
C00397,Travel,78777.79000000001
C00398,Bills & Utilities,13818.15
C00398,Dining,8044.9
C00398,Electronics,112710.33
C00398,Entertainment,450.56
C00398,Fashion,16687.059999999998
C00398,Fuel,5847.5599999999995
C00398,Groceries,6545.48
C00398,Healthcare,53789.009999999995
C00398,Online Shopping,52042.369999999995
C00398,Travel,27269.52
C00399,Bills & Utilities,10143.99
C00399,Electronics,57775.39
C00399,Entertainment,5691.01
C00399,Fashion,13612.560000000001
C00399,Fuel,10566.28
C00399,Groceries,7124.63
C00399,Healthcare,5546.59
C00399,Online Shopping,48811.16
C00399,Travel,156345.52000000002
C00400,Bills & Utilities,4744.85
C00400,Dining,11257.53
C00400,Electronics,27285.100000000002
C00400,Entertainment,3619.1800000000003
C00400,Fashion,14039.21
C00400,Fuel,12811.0
C00400,Groceries,7719.22
C00400,Healthcare,73328.69
C00400,Online Shopping,4504.48
C00400,Travel,138984.25
C00401,Bills & Utilities,27705.010000000002
C00401,Dining,6973.6
C00401,Electronics,151520.87
C00401,Entertainment,4088.04
C00401,Fashion,46585.02
C00401,Fuel,7230.59
C00401,Groceries,8058.860000000001
C00401,Healthcare,19783.68
C00401,Online Shopping,53304.73
C00401,Travel,44326.81
C00402,Bills & Utilities,9731.66
C00402,Dining,1165.83
C00402,Electronics,8748.92
C00402,Entertainment,1714.8400000000001
C00402,Fashion,28029.79
C00402,Fuel,6371.28
C00402,Groceries,9554.8
C00402,Healthcare,32464.23
C00402,Online Shopping,6791.51
C00402,Travel,121921.05
C00403,Bills & Utilities,22435.510000000002
C00403,Dining,7354.33
C00403,Electronics,101151.52
C00403,Entertainment,4687.63
C00403,Fashion,35647.93
C00403,Fuel,5444.5
C00403,Groceries,3990.46
C00403,Healthcare,31814.77
C00403,Online Shopping,18306.69
C00403,Travel,101609.85
C00404,Bills & Utilities,3044.4
C00404,Dining,3400.39
C00404,Electronics,115760.12
C00404,Entertainment,6304.96
C00404,Fashion,17440.48
C00404,Fuel,9518.17
C00404,Groceries,4944.91
C00404,Online Shopping,49177.28
C00404,Travel,82270.11
C00405,Bills & Utilities,8576.1
C00405,Dining,2844.09
C00405,Electronics,91215.6
C00405,Entertainment,4272.57
C00405,Fashion,14149.84
C00405,Fuel,10894.8
C00405,Groceries,9115.65
C00405,Healthcare,36352.48
C00405,Online Shopping,624.02
C00405,Travel,87527.98
C00406,Bills & Utilities,5560.02
C00406,Dining,7663.96
C00406,Electronics,167569.93
C00406,Entertainment,5940.280000000001
C00406,Fashion,72421.55
C00406,Fuel,2907.02
C00406,Groceries,3969.47
C00406,Healthcare,54692.44
C00406,Online Shopping,57297.700000000004
C00406,Travel,25134.63
C00407,Bills & Utilities,6350.42
C00407,Dining,1879.21
C00407,Electronics,110950.56999999999
C00407,Entertainment,6043.61
C00407,Fashion,22291.32
C00407,Fuel,15080.25
C00407,Groceries,5005.610000000001
C00407,Healthcare,19342.36
C00407,Online Shopping,47614.88
C00407,Travel,103156.72
C00408,Bills & Utilities,10556.51
C00408,Dining,8078.91
C00408,Electronics,156329.79
C00408,Entertainment,4797.64
C00408,Fashion,27719.18
C00408,Fuel,13903.47
C00408,Groceries,2875.12
C00408,Healthcare,42285.54
C00408,Online Shopping,15661.2
C00408,Travel,104185.47
C00409,Bills & Utilities,27469.06
C00409,Dining,3955.25
C00409,Electronics,175175.48
C00409,Entertainment,3600.8
C00409,Fashion,25033.68
C00409,Fuel,1760.69
C00409,Groceries,1986.6200000000001
C00409,Healthcare,65149.69
C00409,Online Shopping,19008.99
C00410,Dining,3042.62
C00410,Electronics,198852.75
C00410,Entertainment,11138.76
C00410,Fashion,20399.72
C00410,Fuel,11600.380000000001
C00410,Groceries,6616.32
C00410,Healthcare,53468.95
C00410,Online Shopping,31042.25
C00410,Travel,48296.3
C00411,Bills & Utilities,13717.630000000001
C00411,Dining,7680.17
C00411,Electronics,159357.78
C00411,Entertainment,2340.94
C00411,Fashion,29875.809999999998
C00411,Fuel,9379.869999999999
C00411,Groceries,5295.5
C00411,Healthcare,8288.54
C00411,Online Shopping,52987.8
C00411,Travel,9396.33
C00412,Bills & Utilities,15406.59
C00412,Dining,2486.9300000000003
C00412,Electronics,34918.49
C00412,Entertainment,2495.29
C00412,Fashion,58621.08
C00412,Fuel,12726.17
C00412,Groceries,2105.61
C00412,Healthcare,44318.380000000005
C00412,Online Shopping,40266.34
C00412,Travel,62076.24
C00413,Bills & Utilities,16767.95
C00413,Dining,7791.12
C00413,Electronics,154758.39
C00413,Entertainment,5309.57
C00413,Fashion,31035.17
C00413,Fuel,7283.12
C00413,Groceries,2540.56
C00413,Healthcare,10281.84
C00413,Online Shopping,25715.56
C00413,Travel,86409.58
C00414,Bills & Utilities,14261.9
C00414,Dining,7644.91
C00414,Entertainment,6320.4
C00414,Fashion,34860.770000000004
C00414,Fuel,10490.619999999999
C00414,Groceries,2553.74
C00414,Healthcare,30374.3
C00414,Online Shopping,51646.47
C00414,Travel,37565.54
C00415,Bills & Utilities,10838.84
C00415,Dining,4014.83
C00415,Electronics,41453.48
C00415,Entertainment,365.36
C00415,Fashion,45818.54
C00415,Fuel,7996.07
C00415,Groceries,10695.18
C00415,Healthcare,67240.31999999999
C00415,Online Shopping,71406.39
C00415,Travel,106476.11
C00416,Bills & Utilities,22761.79
C00416,Dining,5982.53
C00416,Electronics,38524.94
C00416,Entertainment,6280.07
C00416,Fashion,26876.67
C00416,Fuel,12236.29
C00416,Groceries,10895.13
C00416,Healthcare,48497.89
C00416,Online Shopping,48013.83
C00416,Travel,94527.76
C00417,Bills & Utilities,32014.68
C00417,Dining,2070.76
C00417,Electronics,84112.69
C00417,Entertainment,2803.54
C00417,Fashion,10896.58
C00417,Fuel,6557.8099999999995
C00417,Groceries,8799.19
C00417,Healthcare,21893.620000000003
C00417,Online Shopping,41467.11
C00417,Travel,79277.25
C00418,Bills & Utilities,20574.08
C00418,Electronics,136980.4
C00418,Entertainment,4332.63
C00418,Fashion,19761.420000000002
C00418,Fuel,21577.73
C00418,Groceries,7588.85
C00418,Healthcare,4030.47
C00418,Online Shopping,45258.74
C00418,Travel,54971.86
C00419,Bills & Utilities,14576.68
C00419,Dining,5315.59
C00419,Electronics,91216.3
C00419,Entertainment,12879.83
C00419,Fashion,25984.22
C00419,Fuel,987.97
C00419,Groceries,4714.530000000001
C00419,Healthcare,11209.28
C00419,Online Shopping,41647.79
C00419,Travel,101355.4
C00420,Bills & Utilities,24288.06
C00420,Dining,1579.94
C00420,Electronics,126577.89
C00420,Entertainment,1979.76
C00420,Fashion,11524.75
C00420,Fuel,4801.29
C00420,Groceries,5360.37
C00420,Healthcare,20948.22
C00420,Online Shopping,42794.65
C00420,Travel,48686.31
C00421,Bills & Utilities,3140.53
C00421,Dining,2827.7999999999997
C00421,Electronics,52243.32000000001
C00421,Entertainment,4732.02
C00421,Fashion,28439.6
C00421,Fuel,15305.550000000001
C00421,Groceries,8812.619999999999
C00421,Healthcare,16137.289999999999
C00421,Online Shopping,39641.68
C00421,Travel,76252.5
C00422,Bills & Utilities,17162.03
C00422,Dining,2606.43
C00422,Electronics,99188.36
C00422,Fashion,28731.52
C00422,Fuel,2442.61
C00422,Groceries,3549.09
C00422,Healthcare,46300.31
C00422,Online Shopping,23356.96
C00422,Travel,36335.770000000004
C00423,Bills & Utilities,25069.98
C00423,Dining,6000.82
C00423,Electronics,188582.22
C00423,Entertainment,6077.610000000001
C00423,Fashion,29756.829999999998
C00423,Fuel,11749.94
C00423,Groceries,5164.42
C00423,Healthcare,9497.41
C00423,Online Shopping,99050.11
C00423,Travel,72971.43
C00424,Bills & Utilities,29213.57
C00424,Dining,6594.3
C00424,Electronics,130968.34999999999
C00424,Entertainment,5231.959999999999
C00424,Fashion,59158.53
C00424,Fuel,6192.32
C00424,Groceries,9690.54
C00424,Healthcare,42003.53
C00424,Online Shopping,47320.03
C00424,Travel,11991.91
C00425,Bills & Utilities,17683.93
C00425,Dining,5064.3099999999995
C00425,Electronics,122801.97
C00425,Entertainment,5882.87
C00425,Fashion,22394.5
C00425,Fuel,2847.9
C00425,Groceries,8536.880000000001
C00425,Online Shopping,46330.39
C00426,Bills & Utilities,11950.279999999999
C00426,Dining,1763.58
C00426,Electronics,160881.78
C00426,Entertainment,442.64
C00426,Fashion,29949.93
C00426,Fuel,13188.59
C00426,Groceries,4757.51
C00426,Healthcare,18468.89
C00426,Online Shopping,65001.94
C00426,Travel,68013.82
C00427,Bills & Utilities,15272.54
C00427,Dining,7508.400000000001
C00427,Electronics,140324.44
C00427,Entertainment,12608.08
C00427,Fashion,7689.25
C00427,Fuel,14987.86
C00427,Groceries,4670.49
C00427,Healthcare,29355.23
C00427,Online Shopping,24880.67
C00427,Travel,6970.3099999999995
C00428,Bills & Utilities,39110.7
C00428,Dining,8352.55
C00428,Electronics,121316.72
C00428,Entertainment,5354.0
C00428,Fashion,13057.619999999999
C00428,Fuel,12982.83
C00428,Groceries,1785.89
C00428,Healthcare,28576.66
C00428,Online Shopping,19759.0
C00428,Travel,100192.73
C00429,Bills & Utilities,8031.22
C00429,Dining,3240.97
C00429,Electronics,112879.47
C00429,Entertainment,1586.79
C00429,Fuel,14818.46
C00429,Healthcare,6091.79
C00429,Online Shopping,28661.059999999998
C00429,Travel,72883.55
C00430,Bills & Utilities,11381.79
C00430,Dining,2589.93
C00430,Electronics,162209.7
C00430,Entertainment,5570.52
C00430,Fashion,16340.07
C00430,Fuel,4210.16
C00430,Groceries,5163.3099999999995
C00430,Healthcare,43263.45999999999
C00430,Online Shopping,32526.97
C00430,Travel,110092.95999999999
C00431,Bills & Utilities,7848.69
C00431,Dining,5065.37
C00431,Electronics,162639.26
C00431,Entertainment,1303.19
C00431,Fashion,11814.39
C00431,Fuel,4891.889999999999
C00431,Groceries,3680.9399999999996
C00431,Healthcare,31353.93
C00431,Online Shopping,36803.6
C00431,Travel,63939.990000000005
C00432,Bills & Utilities,14370.46
C00432,Dining,1651.8600000000001
C00432,Electronics,77296.47
C00432,Entertainment,6380.45
C00432,Fashion,26493.68
C00432,Fuel,10364.45
C00432,Groceries,10439.16
C00432,Healthcare,2760.54
C00432,Online Shopping,36265.75
C00432,Travel,32899.71
C00433,Bills & Utilities,16244.7
C00433,Dining,4507.6
C00433,Electronics,47243.04
C00433,Entertainment,14237.15
C00433,Fashion,31395.71
C00433,Fuel,9505.27
C00433,Groceries,6941.89
C00433,Healthcare,35685.26
C00433,Online Shopping,13534.58
C00433,Travel,163711.29
C00434,Bills & Utilities,17925.690000000002
C00434,Dining,2337.68
C00434,Electronics,220945.56
C00434,Entertainment,3547.05
C00434,Fashion,20673.06
C00434,Fuel,15715.970000000001
C00434,Groceries,7196.120000000001
C00434,Healthcare,69049.95999999999
C00434,Online Shopping,44766.81
C00434,Travel,71772.06
C00435,Bills & Utilities,5064.95
C00435,Dining,5632.41
C00435,Entertainment,4729.03
C00435,Fashion,35349.97
C00435,Fuel,5709.3099999999995
C00435,Groceries,12358.84
C00435,Healthcare,79957.49
C00435,Online Shopping,43790.75
C00435,Travel,186749.68
C00436,Bills & Utilities,18911.3
C00436,Dining,4769.35
C00436,Electronics,114667.31
C00436,Entertainment,3216.6
C00436,Fashion,23592.949999999997
C00436,Fuel,1065.69
C00436,Groceries,4949.01
C00436,Healthcare,13387.099999999999
C00436,Online Shopping,25279.92
C00436,Travel,130967.05
C00437,Bills & Utilities,8930.85
C00437,Dining,1619.4
C00437,Electronics,148770.04
C00437,Entertainment,6592.5199999999995
C00437,Fashion,34662.11
C00437,Fuel,5003.34
C00437,Groceries,10587.150000000001
C00437,Healthcare,38691.71
C00437,Online Shopping,32778.64
C00437,Travel,95398.3
C00438,Dining,2117.98
C00438,Electronics,147310.91
C00438,Entertainment,7176.92
C00438,Fashion,23301.24
C00438,Fuel,3609.34
C00438,Groceries,6009.83
C00438,Healthcare,48874.29
C00438,Online Shopping,43008.25
C00438,Travel,67416.79000000001
C00439,Bills & Utilities,14302.1
C00439,Dining,2083.25
C00439,Electronics,106273.46
C00439,Entertainment,9865.91
C00439,Fashion,38351.7
C00439,Fuel,6447.3099999999995
C00439,Groceries,8317.62
C00439,Healthcare,40713.53
C00439,Online Shopping,55245.15
C00440,Bills & Utilities,12255.6
C00440,Dining,2533.34
C00440,Electronics,49162.020000000004
C00440,Entertainment,3804.76
C00440,Fashion,38867.03
C00440,Fuel,15381.61
C00440,Groceries,5768.67
C00440,Healthcare,30226.309999999998
C00440,Online Shopping,4313.97
C00440,Travel,62879.94
C00441,Bills & Utilities,16381.88
C00441,Dining,4968.57
C00441,Electronics,53809.119999999995
C00441,Entertainment,4592.74
C00441,Fashion,7651.05
C00441,Fuel,5246.87
C00441,Groceries,4114.37
C00441,Healthcare,72334.71
C00441,Online Shopping,38566.009999999995
C00441,Travel,2262.54
C00442,Bills & Utilities,20987.98
C00442,Dining,1771.3
C00442,Electronics,104454.07999999999
C00442,Entertainment,2089.92
C00442,Fashion,28678.33
C00442,Fuel,2429.21
C00442,Groceries,12117.2
C00442,Healthcare,26541.620000000003
C00442,Online Shopping,10072.85
C00442,Travel,17811.4
C00443,Bills & Utilities,13095.63
C00443,Dining,6063.41
C00443,Electronics,136264.27
C00443,Entertainment,2870.01
C00443,Fashion,29528.59
C00443,Fuel,13047.39
C00443,Groceries,550.45
C00443,Healthcare,82871.81
C00443,Online Shopping,4695.9
C00443,Travel,126016.4
C00444,Bills & Utilities,7999.44
C00444,Dining,6585.85
C00444,Electronics,108458.01
C00444,Entertainment,9072.58
C00444,Fashion,35357.23
C00444,Fuel,13335.84
C00444,Groceries,4783.719999999999
C00444,Healthcare,23043.04
C00444,Online Shopping,44633.46
C00444,Travel,50562.549999999996
C00445,Bills & Utilities,10159.04
C00445,Dining,2180.33
C00445,Electronics,48610.990000000005
C00445,Entertainment,4279.6
C00445,Fashion,22629.86
C00445,Fuel,5214.67
C00445,Groceries,4566.56
C00445,Healthcare,67055.88
C00445,Online Shopping,25481.48
C00445,Travel,46679.31
C00446,Bills & Utilities,28463.21
C00446,Dining,1626.31
C00446,Electronics,4057.18
C00446,Entertainment,4266.02
C00446,Fashion,34058.46
C00446,Fuel,2904.07
C00446,Groceries,12826.22
C00446,Healthcare,31650.269999999997
C00446,Online Shopping,44943.57
C00446,Travel,80052.56
C00447,Bills & Utilities,19269.47
C00447,Electronics,249798.66999999998
C00447,Entertainment,3188.04
C00447,Fashion,17598.21
C00447,Fuel,9830.51
C00447,Groceries,10320.09
C00447,Healthcare,19058.690000000002
C00447,Online Shopping,22115.690000000002
C00447,Travel,128004.64
C00448,Bills & Utilities,16087.22
C00448,Dining,2670.1099999999997
C00448,Electronics,57637.7
C00448,Entertainment,4957.5199999999995
C00448,Fashion,14215.06
C00448,Fuel,8813.130000000001
C00448,Groceries,4360.610000000001
C00448,Healthcare,50503.47
C00448,Online Shopping,39044.56
C00448,Travel,58204.28
C00449,Bills & Utilities,17126.35
C00449,Dining,2170.74
C00449,Electronics,170590.65
C00449,Entertainment,6623.78
C00449,Fashion,25502.03
C00449,Fuel,10296.48
C00449,Groceries,2975.27
C00449,Healthcare,16840.91
C00449,Online Shopping,70150.45
C00449,Travel,25515.6
C00450,Bills & Utilities,17605.14
C00450,Electronics,145875.89
C00450,Entertainment,9178.32
C00450,Fashion,18808.09
C00450,Fuel,11762.58
C00450,Groceries,8042.4400000000005
C00450,Healthcare,16043.32
C00450,Online Shopping,16402.69
C00450,Travel,3439.41
C00451,Bills & Utilities,10666.38
C00451,Dining,3960.1499999999996
C00451,Electronics,182944.19
C00451,Entertainment,9823.16
C00451,Fashion,9100.46
C00451,Fuel,5175.25
C00451,Healthcare,20707.05
C00451,Online Shopping,25590.309999999998
C00451,Travel,75360.98
C00452,Bills & Utilities,2931.37
C00452,Dining,6152.55
C00452,Electronics,94141.37
C00452,Entertainment,3748.61
C00452,Fashion,20182.89
C00452,Fuel,9003.189999999999
C00452,Groceries,6270.719999999999
C00452,Healthcare,77429.85
C00452,Online Shopping,26994.72
C00452,Travel,231051.88
C00453,Bills & Utilities,19645.96
C00453,Dining,2630.4700000000003
C00453,Electronics,154041.64
C00453,Entertainment,8946.58
C00453,Fashion,33257.68
C00453,Fuel,8290.869999999999
C00453,Groceries,7252.9400000000005
C00453,Online Shopping,56782.17
C00453,Travel,87934.92
C00454,Bills & Utilities,11215.52
C00454,Dining,7605.13
C00454,Electronics,135673.77
C00454,Entertainment,8106.43
C00454,Fashion,12463.78
C00454,Fuel,24822.26
C00454,Groceries,6018.879999999999
C00454,Healthcare,67154.95
C00454,Online Shopping,24068.72
C00454,Travel,112477.18
C00455,Bills & Utilities,17797.67
C00455,Dining,10448.37
C00455,Electronics,259971.7
C00455,Entertainment,2066.14
C00455,Fashion,22664.059999999998
C00455,Fuel,3820.99
C00455,Groceries,2272.21
C00455,Healthcare,14971.56
C00455,Online Shopping,22953.08
C00455,Travel,67597.07
C00456,Bills & Utilities,10724.94
C00456,Dining,945.19
C00456,Electronics,113803.14
C00456,Entertainment,6603.5
C00456,Fashion,30140.23
C00456,Fuel,17481.65
C00456,Groceries,5643.17
C00456,Healthcare,19191.809999999998
C00456,Online Shopping,26776.57
C00456,Travel,145466.38
C00457,Bills & Utilities,4513.91
C00457,Dining,4745.94
C00457,Electronics,179345.39
C00457,Entertainment,5775.83
C00457,Fashion,35007.240000000005
C00457,Fuel,11798.21
C00457,Groceries,13859.82
C00457,Healthcare,13841.14
C00457,Online Shopping,44790.43
C00457,Travel,16103.82
C00458,Bills & Utilities,695.8
C00458,Dining,9330.71
C00458,Electronics,126702.25
C00458,Entertainment,1622.8200000000002
C00458,Fashion,36367.54
C00458,Fuel,9775.380000000001
C00458,Groceries,5954.030000000001
C00458,Healthcare,10997.94
C00458,Online Shopping,8639.43
C00458,Travel,88027.9
C00459,Bills & Utilities,8698.03
C00459,Dining,8208.02
C00459,Electronics,176983.97
C00459,Entertainment,1905.98
C00459,Fashion,24290.92
C00459,Fuel,10432.48
C00459,Groceries,6092.03
C00459,Healthcare,43701.96
C00459,Online Shopping,25194.24
C00459,Travel,37437.96
C00460,Dining,6840.67
C00460,Electronics,37572.07
C00460,Entertainment,4502.38
C00460,Fashion,63920.48
C00460,Fuel,3177.05
C00460,Groceries,2758.72
C00460,Healthcare,30521.35
C00460,Online Shopping,12763.9
C00460,Travel,104995.47
C00461,Bills & Utilities,2956.0299999999997
C00461,Dining,1705.86
C00461,Electronics,19119.37
C00461,Entertainment,5059.17
C00461,Fashion,11052.33
C00461,Fuel,10652.1
C00461,Groceries,2186.81
C00461,Healthcare,31574.46
C00461,Online Shopping,25599.1
C00461,Travel,59061.54
C00462,Bills & Utilities,20008.489999999998
C00462,Dining,3030.09
C00462,Electronics,195617.83
C00462,Entertainment,6373.19
C00462,Fashion,20293.08
C00462,Groceries,4056.9300000000003
C00462,Healthcare,18569.33
C00462,Online Shopping,22416.68
C00462,Travel,41315.86
C00463,Bills & Utilities,7564.73
C00463,Dining,3975.47
C00463,Electronics,68089.23999999999
C00463,Entertainment,3432.91
C00463,Fashion,13692.42
C00463,Fuel,2058.32
C00463,Groceries,3981.83
C00463,Healthcare,56332.36
C00463,Travel,37970.979999999996
C00464,Bills & Utilities,332.71
C00464,Dining,3935.98
C00464,Electronics,58457.899999999994
C00464,Entertainment,5997.79
C00464,Fashion,25145.59
C00464,Fuel,2124.25
C00464,Groceries,6994.81
C00464,Healthcare,29543.19
C00464,Online Shopping,55855.9
C00464,Travel,63720.45
C00465,Bills & Utilities,40168.5
C00465,Dining,153.67
C00465,Electronics,119476.66
C00465,Entertainment,3050.7
C00465,Fashion,50000.28
C00465,Fuel,5880.65
C00465,Groceries,1701.97
C00465,Healthcare,43295.99
C00465,Online Shopping,9457.33
C00465,Travel,2392.71
C00466,Bills & Utilities,5399.9
C00466,Dining,2908.09
C00466,Electronics,22360.11
C00466,Entertainment,8593.29
C00466,Fashion,26583.87
C00466,Fuel,5347.120000000001
C00466,Groceries,5280.89
C00466,Healthcare,11563.41
C00466,Online Shopping,20942.57
C00466,Travel,180664.48
C00467,Bills & Utilities,23750.77
C00467,Dining,4940.88
C00467,Electronics,115728.07
C00467,Entertainment,930.98
C00467,Fashion,23770.149999999998
C00467,Fuel,1723.6799999999998
C00467,Groceries,5006.47
C00467,Healthcare,45235.19
C00467,Online Shopping,1611.18
C00467,Travel,72562.4
C00468,Bills & Utilities,16306.96
C00468,Electronics,184645.12
C00468,Entertainment,6408.33
C00468,Fashion,15567.89
C00468,Fuel,15479.380000000001
C00468,Groceries,3212.63
C00468,Healthcare,69054.2
C00468,Online Shopping,65761.70999999999
C00468,Travel,87938.20000000001
C00469,Bills & Utilities,20309.91
C00469,Dining,3923.48
C00469,Electronics,178099.77
C00469,Entertainment,4228.47
C00469,Fuel,4941.49
C00469,Groceries,8456.24
C00469,Healthcare,32211.87
C00469,Online Shopping,69466.28
C00469,Travel,30366.18
C00470,Bills & Utilities,5395.7
C00470,Electronics,20817.89
C00470,Entertainment,6445.389999999999
C00470,Fashion,19807.34
C00470,Fuel,4860.46
C00470,Groceries,1577.26
C00470,Healthcare,58020.03
C00470,Online Shopping,48931.41
C00470,Travel,48259.06
C00471,Bills & Utilities,10982.99
C00471,Dining,4596.92
C00471,Electronics,16876.81
C00471,Entertainment,6169.76
C00471,Fashion,11425.88
C00471,Fuel,1637.8600000000001
C00471,Groceries,5738.79
C00471,Healthcare,40106.86
C00471,Online Shopping,11516.56
C00471,Travel,132288.79
C00472,Bills & Utilities,3713.24
C00472,Dining,699.8399999999999
C00472,Electronics,266311.48
C00472,Entertainment,9074.369999999999
C00472,Fashion,33775.57
C00472,Fuel,7326.72
C00472,Groceries,9018.35
C00472,Healthcare,30783.55
C00472,Online Shopping,18220.05
C00472,Travel,111882.37
C00473,Bills & Utilities,3153.04
C00473,Dining,6468.71
C00473,Entertainment,4214.21
C00473,Fashion,10031.61
C00473,Fuel,8732.49
C00473,Groceries,5758.0599999999995
C00473,Healthcare,67119.29000000001
C00473,Online Shopping,18350.41
C00473,Travel,30722.63
C00474,Bills & Utilities,15292.31
C00474,Dining,942.04
C00474,Electronics,68353.94
C00474,Entertainment,7079.29
C00474,Fashion,47633.25
C00474,Fuel,10213.71
C00474,Groceries,6788.7
C00474,Healthcare,61274.31
C00474,Online Shopping,38648.8
C00474,Travel,35288.37
C00475,Bills & Utilities,17375.45
C00475,Dining,9038.58
C00475,Electronics,190212.32
C00475,Entertainment,4270.46
C00475,Fashion,32611.35
C00475,Fuel,4697.27
C00475,Groceries,5436.860000000001
C00475,Healthcare,61746.45
C00475,Online Shopping,84720.28
C00475,Travel,4784.14
C00476,Bills & Utilities,3787.51
C00476,Dining,3313.8
C00476,Electronics,52540.26
C00476,Entertainment,9357.28
C00476,Fashion,1240.48
C00476,Fuel,11743.25
C00476,Groceries,2509.21
C00476,Healthcare,37908.38
C00476,Online Shopping,9703.55
C00476,Travel,21393.61
C00477,Bills & Utilities,17835.93
C00477,Dining,2418.4
C00477,Electronics,104658.53
C00477,Entertainment,5540.6
C00477,Fashion,2593.47
C00477,Fuel,9278.91
C00477,Groceries,6662.110000000001
C00477,Healthcare,30044.79
C00477,Online Shopping,18227.71
C00477,Travel,119020.01999999999
C00478,Bills & Utilities,10988.77
C00478,Dining,5807.15
C00478,Electronics,26252.27
C00478,Entertainment,2645.87
C00478,Fashion,19542.24
C00478,Fuel,7811.7
C00478,Groceries,7271.58
C00478,Healthcare,59784.56
C00478,Online Shopping,66370.02
C00478,Travel,104468.95000000001
C00479,Bills & Utilities,22376.56
C00479,Dining,4525.4400000000005
C00479,Electronics,121288.48999999999
C00479,Entertainment,4246.110000000001
C00479,Fashion,16058.59
C00479,Fuel,9051.8
C00479,Groceries,9732.47
C00479,Healthcare,43623.95
C00479,Online Shopping,26401.24
C00479,Travel,253399.91
C00480,Bills & Utilities,20555.21
C00480,Dining,4752.76
C00480,Electronics,23512.26
C00480,Entertainment,9595.6
C00480,Fashion,20962.66
C00480,Fuel,10742.2
C00480,Groceries,10295.01
C00480,Healthcare,23318.079999999998
C00480,Online Shopping,22168.31
C00480,Travel,29808.78
C00481,Bills & Utilities,2221.81
C00481,Dining,8050.39
C00481,Electronics,93044.27
C00481,Entertainment,4756.49
C00481,Fashion,23567.760000000002
C00481,Healthcare,21114.87
C00481,Online Shopping,37536.869999999995
C00481,Travel,142060.82
C00482,Bills & Utilities,15520.45
C00482,Dining,4747.400000000001
C00482,Electronics,135716.88999999998
C00482,Entertainment,6172.1
C00482,Fashion,848.37
C00482,Fuel,2509.09
C00482,Groceries,5452.21
C00482,Healthcare,23390.18
C00482,Online Shopping,6627.88
C00482,Travel,41242.159999999996
C00483,Bills & Utilities,29726.09
C00483,Dining,7238.32
C00483,Electronics,156077.12
C00483,Entertainment,9779.41
C00483,Fashion,14858.8
C00483,Fuel,10071.71
C00483,Groceries,6275.56
C00483,Healthcare,25188.53
C00483,Online Shopping,45827.18
C00483,Travel,55598.350000000006
C00484,Bills & Utilities,30488.190000000002
C00484,Dining,2250.3599999999997
C00484,Electronics,117519.89
C00484,Entertainment,4667.08
C00484,Fashion,48866.02
C00484,Fuel,13841.900000000001
C00484,Groceries,6350.08
C00484,Healthcare,33285.57
C00484,Online Shopping,51817.93
C00484,Travel,28387.28
C00485,Bills & Utilities,13895.79
C00485,Dining,1078.79
C00485,Electronics,29267.84
C00485,Entertainment,8565.31
C00485,Fashion,35071.619999999995
C00485,Fuel,6091.66
C00485,Groceries,7046.860000000001
C00485,Healthcare,29697.23
C00485,Online Shopping,28107.61
C00485,Travel,49598.61
C00486,Bills & Utilities,11770.11
C00486,Dining,7046.52
C00486,Electronics,168695.15
C00486,Entertainment,6214.96
C00486,Fashion,16648.88
C00486,Fuel,8461.5
C00486,Groceries,3026.0200000000004
C00486,Healthcare,60479.82
C00486,Online Shopping,4265.71
C00486,Travel,51536.07
C00487,Bills & Utilities,15569.8
C00487,Dining,1418.35
C00487,Electronics,171254.11
C00487,Entertainment,4913.42
C00487,Fashion,56012.65
C00487,Fuel,5201.21
C00487,Groceries,8755.46
C00487,Healthcare,68560.09
C00487,Online Shopping,44441.4
C00487,Travel,22740.04
C00488,Bills & Utilities,19357.16
C00488,Dining,1758.45
C00488,Electronics,59533.32000000001
C00488,Entertainment,4482.96
C00488,Fashion,25016.61
C00488,Fuel,5636.48
C00488,Groceries,2661.04
C00488,Healthcare,57855.33
C00488,Online Shopping,17687.9
C00488,Travel,108957.66
C00489,Bills & Utilities,17029.5
C00489,Dining,4108.84
C00489,Electronics,71115.78
C00489,Entertainment,2666.62
C00489,Fashion,67286.73
C00489,Fuel,21918.55
C00489,Groceries,3448.67
C00489,Healthcare,40358.89
C00489,Online Shopping,14754.35
C00489,Travel,29928.120000000003
C00490,Bills & Utilities,4488.23
C00490,Dining,4818.09
C00490,Electronics,25469.42
C00490,Entertainment,2420.16
C00490,Fashion,14874.48
C00490,Fuel,7297.87
C00490,Groceries,10896.960000000001
C00490,Healthcare,12761.48
C00490,Online Shopping,43629.61
C00490,Travel,92662.18
C00491,Bills & Utilities,13279.650000000001
C00491,Electronics,113525.48999999999
C00491,Entertainment,11185.98
C00491,Fashion,23420.56
C00491,Fuel,7230.99
C00491,Groceries,2218.0299999999997
C00491,Healthcare,23647.82
C00491,Online Shopping,5637.11
C00491,Travel,131568.88
C00492,Bills & Utilities,18200.31
C00492,Dining,4895.61
C00492,Electronics,1248.88
C00492,Entertainment,8611.369999999999
C00492,Fashion,4056.09
C00492,Fuel,3888.1800000000003
C00492,Groceries,5956.09
C00492,Healthcare,26692.27
C00492,Online Shopping,49457.07
C00492,Travel,75818.0
C00493,Bills & Utilities,1463.75
C00493,Dining,10572.99
C00493,Electronics,153520.32
C00493,Entertainment,8691.35
C00493,Fashion,49898.44
C00493,Fuel,4521.67
C00493,Groceries,2273.05
C00493,Healthcare,31685.699999999997
C00493,Online Shopping,55134.869999999995
C00493,Travel,95624.31999999999
C00494,Bills & Utilities,13635.05
C00494,Dining,7965.68
C00494,Electronics,98677.88
C00494,Entertainment,10796.57
C00494,Fashion,38610.85
C00494,Fuel,5266.24
C00494,Groceries,12969.83
C00494,Healthcare,68302.38
C00494,Online Shopping,16316.05
C00494,Travel,124393.1
C00495,Bills & Utilities,17933.82
C00495,Dining,3902.67
C00495,Electronics,53538.62
C00495,Entertainment,8094.08
C00495,Fashion,14558.9
C00495,Fuel,12286.84
C00495,Groceries,4096.33
C00495,Healthcare,52995.42
C00495,Online Shopping,22845.57
C00495,Travel,23490.84
C00496,Bills & Utilities,21975.39
C00496,Dining,9831.93
C00496,Electronics,189617.86
C00496,Entertainment,7846.0
C00496,Fashion,30713.059999999998
C00496,Fuel,11271.41
C00496,Groceries,6678.5199999999995
C00496,Healthcare,41220.25
C00496,Online Shopping,8809.06
C00496,Travel,25747.239999999998
C00497,Bills & Utilities,12939.310000000001
C00497,Electronics,84540.95999999999
C00497,Entertainment,4089.01
C00497,Fashion,39755.009999999995
C00497,Fuel,6388.0
C00497,Groceries,13004.85
C00497,Healthcare,10288.11
C00497,Online Shopping,54481.51
C00497,Travel,139579.41
C00498,Bills & Utilities,27864.44
C00498,Dining,668.97
C00498,Electronics,98529.81
C00498,Entertainment,5971.09
C00498,Fashion,29020.64
C00498,Fuel,12800.49
C00498,Groceries,5118.02
C00498,Healthcare,18308.48
C00498,Online Shopping,35623.96
C00498,Travel,128023.48
C00499,Dining,4257.15
C00499,Electronics,44595.8
C00499,Entertainment,10294.79
C00499,Fashion,4594.74
C00499,Fuel,9294.04
C00499,Groceries,7084.23
C00499,Healthcare,50106.38
C00499,Online Shopping,45843.13
C00499,Travel,88129.54000000001
C00500,Bills & Utilities,21004.699999999997
C00500,Dining,7909.38
C00500,Electronics,68323.21
C00500,Entertainment,4878.0
C00500,Fashion,23937.239999999998
C00500,Fuel,2007.2
C00500,Groceries,3303.73
C00500,Healthcare,15356.61
C00500,Online Shopping,4383.44
C00500,Travel,51370.19
C00501,Bills & Utilities,23549.65
C00501,Dining,3852.8900000000003
C00501,Electronics,76981.78
C00501,Entertainment,3800.27
C00501,Fashion,38425.899999999994
C00501,Fuel,3954.46
C00501,Groceries,3218.2
C00501,Healthcare,19881.239999999998
C00501,Online Shopping,45895.86
C00501,Travel,66602.38
C00502,Bills & Utilities,14542.66
C00502,Dining,2447.83
C00502,Electronics,126039.75
C00502,Entertainment,3880.94
C00502,Fashion,12861.14
C00502,Fuel,9420.61
C00502,Groceries,2312.8599999999997
C00502,Healthcare,11481.32
C00502,Online Shopping,28223.28
C00502,Travel,89492.82
C00503,Bills & Utilities,18918.93
C00503,Dining,1193.45
C00503,Electronics,51428.82
C00503,Entertainment,11845.29
C00503,Fashion,47164.270000000004
C00503,Fuel,7852.700000000001
C00503,Groceries,6120.64
C00503,Healthcare,83576.19
C00503,Online Shopping,34039.54
C00503,Travel,70211.29
C00504,Bills & Utilities,14384.78
C00504,Dining,4897.53
C00504,Electronics,35904.82
C00504,Entertainment,6300.33
C00504,Fashion,30750.519999999997
C00504,Fuel,6425.530000000001
C00504,Groceries,5380.12
C00504,Healthcare,33209.38
C00504,Online Shopping,20739.73
C00504,Travel,47502.26
C00505,Bills & Utilities,16090.4
C00505,Dining,5219.46
C00505,Electronics,35024.92
C00505,Entertainment,2418.48
C00505,Fashion,29840.15
C00505,Fuel,15742.23
C00505,Groceries,1883.16
C00505,Healthcare,46936.29
C00505,Travel,107968.2
C00506,Bills & Utilities,8007.8
C00506,Dining,6495.37
C00506,Electronics,85474.34999999999
C00506,Entertainment,1688.6599999999999
C00506,Fashion,2528.69
C00506,Fuel,15729.74
C00506,Groceries,1594.93
C00506,Healthcare,45425.16
C00506,Online Shopping,36950.85
C00506,Travel,92134.97
C00507,Dining,9159.68
C00507,Electronics,49813.69
C00507,Entertainment,11019.279999999999
C00507,Fashion,41034.48
C00507,Fuel,8981.36
C00507,Groceries,9615.03
C00507,Healthcare,79862.98
C00507,Online Shopping,32813.09
C00507,Travel,55677.8
C00508,Bills & Utilities,17192.71
C00508,Dining,5142.3
C00508,Electronics,256965.34
C00508,Entertainment,6157.23
C00508,Fashion,1503.35
C00508,Fuel,2723.77
C00508,Groceries,4905.139999999999
C00508,Healthcare,54148.07
C00508,Online Shopping,44985.81
C00508,Travel,6943.23
C00509,Bills & Utilities,12444.61
C00509,Dining,1120.27
C00509,Entertainment,4514.73
C00509,Fashion,50778.14
C00509,Fuel,6581.93
C00509,Groceries,2613.55
C00509,Online Shopping,866.61
C00509,Travel,36038.7
C00510,Bills & Utilities,40280.58
C00510,Dining,3303.0
C00510,Electronics,16873.1
C00510,Entertainment,8200.13
C00510,Fashion,49011.55
C00510,Fuel,2668.41
C00510,Groceries,3153.72
C00510,Healthcare,36092.13
C00510,Online Shopping,16141.3
C00510,Travel,4036.48
C00511,Bills & Utilities,15899.0
C00511,Dining,9578.04
C00511,Electronics,71548.62
C00511,Entertainment,2444.42
C00511,Fashion,8480.3
C00511,Fuel,9853.49
C00511,Groceries,11547.72
C00511,Healthcare,19594.16
C00511,Online Shopping,12423.21
C00511,Travel,39585.41
C00512,Bills & Utilities,23547.89
C00512,Dining,8047.549999999999
C00512,Electronics,94793.22
C00512,Entertainment,670.23
C00512,Fashion,12027.7
C00512,Fuel,2842.53
C00512,Groceries,1854.5500000000002
C00512,Healthcare,21688.879999999997
C00512,Online Shopping,26889.61
C00512,Travel,41870.93
C00513,Bills & Utilities,15870.64
C00513,Dining,5980.67
C00513,Electronics,85400.70999999999
C00513,Entertainment,6397.26
C00513,Fashion,16793.550000000003
C00513,Fuel,8862.94
C00513,Groceries,4743.76
C00513,Healthcare,60152.72
C00513,Online Shopping,116962.31999999999
C00513,Travel,141094.75
C00514,Bills & Utilities,8351.16
C00514,Dining,7298.99
C00514,Electronics,86347.63
C00514,Entertainment,2280.78
C00514,Fashion,22145.01
C00514,Fuel,12051.94
C00514,Groceries,5884.81
C00514,Healthcare,47241.560000000005
C00514,Online Shopping,8135.78
C00514,Travel,71529.58
C00515,Bills & Utilities,18424.620000000003
C00515,Dining,3349.43
C00515,Electronics,36743.78
C00515,Entertainment,2443.27
C00515,Fashion,21222.2
C00515,Fuel,7554.49
C00515,Groceries,5079.08
C00515,Healthcare,80612.31
C00515,Travel,50443.6
C00516,Dining,5971.75
C00516,Electronics,53697.95
C00516,Entertainment,9526.41
C00516,Fashion,31385.98
C00516,Fuel,15477.8
C00516,Groceries,1758.73
C00516,Healthcare,52154.380000000005
C00516,Online Shopping,43668.03
C00516,Travel,36982.0
C00517,Bills & Utilities,15707.0
C00517,Dining,5044.0
C00517,Electronics,62939.33
C00517,Entertainment,6216.38
C00517,Fashion,38648.79
C00517,Fuel,10717.0
C00517,Groceries,3510.8
C00517,Healthcare,10997.35
C00517,Online Shopping,45056.86
C00518,Bills & Utilities,6641.53
C00518,Dining,4710.57
C00518,Electronics,113781.93
C00518,Entertainment,9936.25
C00518,Fashion,32729.64
C00518,Fuel,6774.42
C00518,Groceries,7949.13
C00518,Healthcare,7471.01
C00518,Online Shopping,49043.22
C00518,Travel,54357.490000000005
C00519,Bills & Utilities,4298.68
C00519,Dining,7348.69
C00519,Electronics,11431.07
C00519,Entertainment,742.82
C00519,Fashion,68941.14
C00519,Fuel,5250.88
C00519,Groceries,7239.3099999999995
C00519,Healthcare,16986.05
C00519,Online Shopping,76026.89
C00519,Travel,79130.29000000001
C00520,Bills & Utilities,17651.09
C00520,Dining,4084.7700000000004
C00520,Electronics,33853.340000000004
C00520,Entertainment,4643.54
C00520,Fashion,52274.35
C00520,Fuel,11767.77
C00520,Groceries,9938.81
C00520,Online Shopping,12543.58
C00520,Travel,106408.76999999999
C00521,Bills & Utilities,5167.61
C00521,Dining,6774.54
C00521,Electronics,53534.630000000005
C00521,Entertainment,7473.83
C00521,Fashion,23239.989999999998
C00521,Fuel,11783.95
C00521,Groceries,1786.68
C00521,Healthcare,39737.28
C00521,Online Shopping,29629.42
C00521,Travel,161699.13
C00522,Bills & Utilities,24064.96
C00522,Dining,11226.25
C00522,Electronics,210124.66999999998
C00522,Entertainment,6659.26
C00522,Fashion,14421.84
C00522,Fuel,2806.8
C00522,Groceries,6960.5599999999995
C00522,Healthcare,25114.66
C00522,Online Shopping,83624.9
C00522,Travel,21919.06
C00523,Bills & Utilities,13762.05
C00523,Dining,8370.97
C00523,Electronics,110143.94
C00523,Entertainment,2796.0699999999997
C00523,Fashion,13707.73
C00523,Fuel,5240.15
C00523,Groceries,5326.94
C00523,Healthcare,30575.65
C00523,Online Shopping,31839.04
C00523,Travel,58322.55
C00524,Bills & Utilities,12713.12
C00524,Dining,7671.04
C00524,Electronics,50164.64
C00524,Entertainment,2226.08
C00524,Fashion,16777.22
C00524,Fuel,7006.76
C00524,Groceries,8981.210000000001
C00524,Healthcare,45994.0
C00524,Online Shopping,72167.73999999999
C00525,Bills & Utilities,6492.35
C00525,Electronics,241909.78999999998
C00525,Entertainment,7539.870000000001
C00525,Fashion,61756.42
C00525,Fuel,17285.309999999998
C00525,Groceries,13963.95
C00525,Healthcare,37265.6
C00525,Online Shopping,101166.92
C00525,Travel,38495.229999999996
C00526,Bills & Utilities,17311.94
C00526,Dining,4262.43
C00526,Electronics,345322.13
C00526,Entertainment,3904.05
C00526,Fashion,16453.8
C00526,Fuel,9549.71
C00526,Groceries,3599.2
C00526,Healthcare,1965.11
C00526,Online Shopping,12346.57
C00526,Travel,31438.940000000002
C00527,Bills & Utilities,3550.5
C00527,Dining,6745.23
C00527,Electronics,123178.54
C00527,Entertainment,5743.2300000000005
C00527,Fashion,40926.5
C00527,Fuel,7790.0599999999995
C00527,Groceries,3595.51
C00527,Healthcare,28696.86
C00527,Online Shopping,15694.45
C00527,Travel,57001.740000000005
C00528,Bills & Utilities,5976.51
C00528,Dining,1753.8000000000002
C00528,Electronics,38362.01
C00528,Entertainment,2064.73
C00528,Fashion,44696.92
C00528,Fuel,4655.150000000001
C00528,Groceries,7208.139999999999
C00528,Healthcare,19897.88
C00528,Online Shopping,20402.83
C00528,Travel,24223.44
C00529,Dining,12428.96
C00529,Electronics,109466.56
C00529,Entertainment,3891.08
C00529,Fashion,33110.53
C00529,Fuel,5613.85
C00529,Groceries,7686.12
C00529,Healthcare,24573.16
C00529,Online Shopping,60214.91
C00529,Travel,111405.53
C00530,Bills & Utilities,19885.34
C00530,Dining,1656.9499999999998
C00530,Electronics,39933.74
C00530,Entertainment,6423.950000000001
C00530,Fashion,25439.379999999997
C00530,Fuel,12147.75
C00530,Groceries,10050.57
C00530,Healthcare,57591.81
C00530,Online Shopping,87772.68000000001
C00530,Travel,77331.11
C00531,Bills & Utilities,14872.64
C00531,Dining,14327.91
C00531,Electronics,318522.16
C00531,Entertainment,2079.31
C00531,Fashion,32961.450000000004
C00531,Fuel,11312.39
C00531,Groceries,4844.77
C00531,Healthcare,60149.62
C00531,Online Shopping,61553.17
C00531,Travel,71273.87
C00532,Bills & Utilities,18200.18
C00532,Dining,4055.99
C00532,Electronics,130926.87
C00532,Entertainment,4229.780000000001
C00532,Fashion,28204.54
C00532,Fuel,6384.389999999999
C00532,Groceries,7791.18
C00532,Healthcare,47038.759999999995
C00532,Online Shopping,16666.88
C00532,Travel,141204.48
C00533,Dining,3435.51
C00533,Electronics,142152.52
C00533,Entertainment,9636.7
C00533,Fashion,2760.25
C00533,Fuel,6875.780000000001
C00533,Groceries,12792.85
C00533,Healthcare,29630.44
C00533,Online Shopping,24777.16
C00533,Travel,76553.09
C00534,Bills & Utilities,10250.09
C00534,Dining,4488.59
C00534,Electronics,76434.84
C00534,Entertainment,4285.16
C00534,Fashion,32109.41
C00534,Fuel,7452.88
C00534,Groceries,879.96
C00534,Healthcare,9393.449999999999
C00534,Online Shopping,60857.729999999996
C00534,Travel,113067.71
C00535,Bills & Utilities,26568.57
C00535,Dining,3629.2599999999998
C00535,Electronics,41136.17
C00535,Entertainment,7466.4
C00535,Fashion,11031.87
C00535,Groceries,4309.35
C00535,Healthcare,15051.61
C00535,Online Shopping,30680.41
C00535,Travel,46072.91
C00536,Bills & Utilities,1200.52
C00536,Dining,3265.33
C00536,Electronics,63140.46
C00536,Entertainment,6574.780000000001
C00536,Fashion,13026.93
C00536,Fuel,16182.779999999999
C00536,Healthcare,95967.67
C00536,Online Shopping,49057.4
C00536,Travel,23118.14
C00537,Bills & Utilities,13582.65
C00537,Dining,2417.0
C00537,Electronics,58736.21
C00537,Entertainment,7908.68
C00537,Fashion,3471.93
C00537,Fuel,9896.63
C00537,Groceries,2002.9099999999999
C00537,Healthcare,35890.39
C00537,Online Shopping,65317.16
C00537,Travel,40834.21
C00538,Bills & Utilities,19726.190000000002
C00538,Dining,5000.82
C00538,Electronics,89090.72
C00538,Entertainment,7571.16
C00538,Fashion,20486.5
C00538,Fuel,9128.17
C00538,Groceries,10675.09
C00538,Healthcare,22125.510000000002
C00538,Online Shopping,35101.29
C00538,Travel,66506.23
C00539,Bills & Utilities,21850.47
C00539,Dining,185.98
C00539,Electronics,48298.42
C00539,Entertainment,6086.0199999999995
C00539,Fashion,28934.28
C00539,Fuel,4089.9700000000003
C00539,Groceries,521.3199999999999
C00539,Healthcare,46740.25
C00539,Online Shopping,35332.3
C00539,Travel,41048.840000000004
C00540,Bills & Utilities,3955.5
C00540,Electronics,92461.49
C00540,Entertainment,5961.01
C00540,Fashion,38654.85
C00540,Fuel,5442.65
C00540,Groceries,2284.7
C00540,Healthcare,39669.21
C00540,Online Shopping,67856.22
C00540,Travel,64421.270000000004
C00541,Bills & Utilities,17932.4
C00541,Dining,2031.9099999999999
C00541,Electronics,17685.95
C00541,Entertainment,9538.68
C00541,Fashion,45058.340000000004
C00541,Fuel,12061.76
C00541,Groceries,4793.54
C00541,Healthcare,18890.43
C00541,Online Shopping,11652.53
C00541,Travel,89604.59
C00542,Bills & Utilities,15928.52
C00542,Dining,2448.19
C00542,Electronics,10547.67
C00542,Entertainment,2915.77
C00542,Fashion,19167.07
C00542,Fuel,12764.68
C00542,Groceries,2491.02
C00542,Healthcare,38179.57
C00542,Online Shopping,47799.64
C00542,Travel,32446.9
C00543,Bills & Utilities,16708.03
C00543,Dining,3216.19
C00543,Electronics,258448.45
C00543,Entertainment,2894.9900000000002
C00543,Fashion,8998.52
C00543,Fuel,9526.15
C00543,Groceries,14145.69
C00543,Healthcare,45132.240000000005
C00543,Online Shopping,9932.84
C00543,Travel,93135.88
C00544,Bills & Utilities,17633.19
C00544,Dining,3218.91
C00544,Electronics,141172.62
C00544,Entertainment,4241.46
C00544,Fashion,82022.42
C00544,Fuel,6749.53
C00544,Groceries,5902.74
C00544,Healthcare,26593.68
C00544,Online Shopping,79293.67
C00544,Travel,101049.69
C00545,Bills & Utilities,9050.71
C00545,Dining,7367.73
C00545,Electronics,2072.59
C00545,Entertainment,3737.21
C00545,Fuel,6242.46
C00545,Groceries,3335.14
C00545,Healthcare,41008.93
C00545,Online Shopping,15622.21
C00545,Travel,62683.84
C00546,Bills & Utilities,9162.69
C00546,Dining,5998.71
C00546,Electronics,129687.36
C00546,Fashion,25888.870000000003
C00546,Fuel,7538.25
C00546,Groceries,3720.88
C00546,Healthcare,8840.39
C00546,Online Shopping,31895.190000000002
C00546,Travel,85187.38
C00547,Bills & Utilities,12192.099999999999
C00547,Dining,5613.25
C00547,Electronics,173551.32
C00547,Fashion,16390.96
C00547,Fuel,7738.92
C00547,Groceries,9511.51
C00547,Healthcare,18098.61
C00547,Online Shopping,28587.46
C00547,Travel,82946.87
C00548,Bills & Utilities,24611.06
C00548,Dining,6972.95
C00548,Electronics,54639.33
C00548,Entertainment,7999.51
C00548,Fashion,29259.410000000003
C00548,Fuel,11493.26
C00548,Groceries,1259.04
C00548,Healthcare,5251.68
C00548,Online Shopping,15392.67
C00548,Travel,8671.89
C00549,Bills & Utilities,16683.84
C00549,Dining,5622.19
C00549,Electronics,21904.19
C00549,Entertainment,4887.76
C00549,Fashion,23587.72
C00549,Fuel,12903.54
C00549,Groceries,7080.97
C00549,Healthcare,42773.61
C00549,Online Shopping,34722.4
C00549,Travel,43288.59
C00550,Bills & Utilities,23838.239999999998
C00550,Dining,3683.98
C00550,Electronics,188365.06
C00550,Entertainment,9424.49
C00550,Fashion,1533.48
C00550,Fuel,5008.92
C00550,Groceries,7723.45
C00550,Healthcare,57202.920000000006
C00550,Online Shopping,9361.05
C00550,Travel,94232.56
C00551,Dining,804.59
C00551,Electronics,155469.18
C00551,Entertainment,5300.75
C00551,Fashion,15740.009999999998
C00551,Fuel,3220.4300000000003
C00551,Groceries,7049.09
C00551,Healthcare,21930.91
C00551,Online Shopping,24545.73
C00551,Travel,27293.72
C00552,Bills & Utilities,4382.219999999999
C00552,Dining,2280.59
C00552,Electronics,131876.97
C00552,Entertainment,9055.6
C00552,Fashion,12271.16
C00552,Fuel,12922.3
C00552,Groceries,7436.43
C00552,Healthcare,68314.56999999999
C00552,Online Shopping,37881.39
C00552,Travel,67888.16
C00553,Bills & Utilities,23009.18
C00553,Dining,4341.63
C00553,Electronics,75785.70999999999
C00553,Entertainment,4679.85
C00553,Fashion,32269.809999999998
C00553,Fuel,3795.67
C00553,Groceries,7881.06
C00553,Healthcare,38529.3
C00553,Travel,127024.1
C00554,Dining,2729.96
C00554,Electronics,112519.21
C00554,Entertainment,1847.76
C00554,Fashion,13297.23
C00554,Fuel,11615.74
C00554,Groceries,3590.6000000000004
C00554,Healthcare,30187.729999999996
C00554,Online Shopping,30303.359999999997
C00554,Travel,152441.65
C00555,Bills & Utilities,2872.1099999999997
C00555,Dining,6718.05
C00555,Electronics,105867.61
C00555,Entertainment,2278.62
C00555,Fuel,7795.879999999999
C00555,Groceries,1636.83
C00555,Healthcare,22727.6
C00555,Online Shopping,52005.090000000004
C00555,Travel,100060.82999999999
C00556,Bills & Utilities,12701.98
C00556,Dining,9383.24
C00556,Electronics,57301.26
C00556,Entertainment,2864.0499999999997
C00556,Fashion,45143.950000000004
C00556,Fuel,12850.08
C00556,Healthcare,49208.4
C00556,Online Shopping,28474.29
C00556,Travel,55303.96
C00557,Bills & Utilities,513.64
C00557,Dining,8591.27
C00557,Electronics,81207.87
C00557,Entertainment,4677.32
C00557,Fashion,12818.65
C00557,Fuel,6798.48
C00557,Groceries,3757.83
C00557,Healthcare,38571.88
C00557,Online Shopping,40083.94
C00557,Travel,73825.29000000001
C00558,Bills & Utilities,15934.119999999999
C00558,Dining,2891.13
C00558,Electronics,60158.39
C00558,Entertainment,6921.16
C00558,Fashion,47076.630000000005
C00558,Fuel,12011.68
C00558,Groceries,2182.73
C00558,Healthcare,56128.25
C00558,Online Shopping,24359.67
C00558,Travel,126223.6
C00559,Bills & Utilities,6733.860000000001
C00559,Dining,5470.84
C00559,Electronics,136960.09
C00559,Entertainment,5538.24
C00559,Fashion,13511.880000000001
C00559,Fuel,4937.27
C00559,Groceries,1295.53
C00559,Healthcare,27094.93
C00559,Online Shopping,35688.4
C00559,Travel,176382.63999999998
C00560,Bills & Utilities,21691.39
C00560,Dining,11000.880000000001
C00560,Electronics,117732.84
C00560,Entertainment,1711.99
C00560,Fashion,27908.059999999998
C00560,Fuel,8396.12
C00560,Groceries,5211.26
C00560,Healthcare,12717.53
C00560,Online Shopping,28334.25
C00560,Travel,79281.9
C00561,Bills & Utilities,14689.900000000001
C00561,Dining,7458.27
C00561,Electronics,205552.13
C00561,Entertainment,4234.1
C00561,Fashion,13088.11
C00561,Fuel,6193.62
C00561,Groceries,3037.9300000000003
C00561,Healthcare,46904.2
C00561,Online Shopping,19846.71
C00561,Travel,75612.95
C00562,Bills & Utilities,12926.33
C00562,Dining,2762.56
C00562,Electronics,121735.01
C00562,Entertainment,3735.58
C00562,Fashion,13135.400000000001
C00562,Fuel,4562.45
C00562,Groceries,6974.74
C00562,Healthcare,42986.119999999995
C00562,Online Shopping,23564.19
C00562,Travel,96345.29000000001
C00563,Bills & Utilities,974.43
C00563,Dining,4020.58
C00563,Electronics,110496.96
C00563,Entertainment,4342.38
C00563,Fuel,15828.43
C00563,Groceries,4982.87
C00563,Healthcare,27005.120000000003
C00563,Online Shopping,2993.35
C00563,Travel,45480.89
C00564,Bills & Utilities,8275.0
C00564,Dining,5962.99
C00564,Electronics,106856.67
C00564,Entertainment,3825.36
C00564,Fashion,19650.47
C00564,Fuel,750.31
C00564,Groceries,15636.939999999999
C00564,Healthcare,25943.5
C00564,Online Shopping,59533.25
C00564,Travel,72543.23
C00565,Bills & Utilities,22687.22
C00565,Dining,3775.3199999999997
C00565,Electronics,98869.26000000001
C00565,Entertainment,5782.5
C00565,Fashion,27753.25
C00565,Fuel,5674.49
C00565,Groceries,6792.32
C00565,Healthcare,27906.71
C00565,Online Shopping,39171.25
C00565,Travel,55132.950000000004
C00566,Bills & Utilities,45605.729999999996
C00566,Dining,3096.44
C00566,Electronics,88676.31
C00566,Entertainment,10389.21
C00566,Fashion,11148.01
C00566,Fuel,19517.04
C00566,Groceries,6516.21
C00566,Healthcare,27343.32
C00566,Online Shopping,62958.49
C00566,Travel,104689.43000000001
C00567,Bills & Utilities,18570.02
C00567,Dining,3698.8999999999996
C00567,Electronics,12173.12
C00567,Entertainment,2196.7999999999997
C00567,Fashion,58435.15
C00567,Fuel,12048.68
C00567,Groceries,4628.55
C00567,Healthcare,73080.5
C00567,Online Shopping,55571.729999999996
C00567,Travel,35184.08
C00568,Bills & Utilities,23163.75
C00568,Dining,1973.43
C00568,Electronics,63553.38
C00568,Entertainment,5132.13
C00568,Fashion,23699.21
C00568,Fuel,7840.5
C00568,Groceries,7435.63
C00568,Healthcare,34246.84
C00568,Online Shopping,22934.0
C00568,Travel,89712.01000000001
C00569,Bills & Utilities,14480.189999999999
C00569,Dining,2473.66
C00569,Electronics,57964.200000000004
C00569,Entertainment,4427.4800000000005
C00569,Fashion,17254.79
C00569,Fuel,15428.98
C00569,Groceries,3215.1000000000004
C00569,Healthcare,38040.270000000004
C00569,Online Shopping,52265.58
C00569,Travel,76683.92
C00570,Bills & Utilities,1731.52
C00570,Dining,1176.99
C00570,Electronics,110934.16
C00570,Entertainment,10282.67
C00570,Fuel,15636.95
C00570,Groceries,3835.4700000000003
C00570,Healthcare,38094.87
C00570,Online Shopping,4835.13
C00570,Travel,90092.97
C00571,Bills & Utilities,12435.28
C00571,Dining,4403.139999999999
C00571,Electronics,75157.12
C00571,Entertainment,3690.59
C00571,Fashion,22957.95
C00571,Fuel,4631.08
C00571,Groceries,3618.52
C00571,Healthcare,63243.31
C00571,Online Shopping,66584.65
C00571,Travel,53763.509999999995
C00572,Bills & Utilities,31707.760000000002
C00572,Dining,6056.24
C00572,Electronics,61246.84
C00572,Entertainment,6505.200000000001
C00572,Fuel,7503.13
C00572,Groceries,5153.4400000000005
C00572,Healthcare,83466.18
C00572,Online Shopping,41011.399999999994
C00572,Travel,65974.91
C00573,Bills & Utilities,15364.789999999999
C00573,Dining,747.97
C00573,Electronics,143438.66
C00573,Entertainment,9961.439999999999
C00573,Fashion,46884.58
C00573,Fuel,12680.28
C00573,Groceries,10400.039999999999
C00573,Healthcare,33077.73
C00573,Online Shopping,79964.9
C00573,Travel,121074.95
C00574,Bills & Utilities,13914.36
C00574,Dining,9221.39
C00574,Electronics,65048.78
C00574,Entertainment,20313.08
C00574,Fashion,17754.739999999998
C00574,Fuel,4058.5
C00574,Groceries,3105.34
C00574,Healthcare,27253.1
C00574,Online Shopping,34203.43
C00574,Travel,42243.11
C00575,Bills & Utilities,15013.83
C00575,Dining,3716.2
C00575,Electronics,70499.09
C00575,Entertainment,8841.84
C00575,Fashion,10339.09
C00575,Fuel,14546.95
C00575,Groceries,4874.07
C00575,Healthcare,56141.89
C00575,Online Shopping,2744.25
C00575,Travel,31849.36
C00576,Bills & Utilities,3475.35
C00576,Dining,4369.91
C00576,Electronics,42334.44
C00576,Entertainment,12519.32
C00576,Fashion,23059.72
C00576,Fuel,13934.7
C00576,Groceries,7468.04
C00576,Healthcare,25179.98
C00576,Online Shopping,27589.55
C00576,Travel,69855.66
C00577,Bills & Utilities,13800.75
C00577,Dining,8588.4
C00577,Electronics,113035.51
C00577,Entertainment,4779.9400000000005
C00577,Fashion,63747.729999999996
C00577,Fuel,15390.71
C00577,Groceries,8264.32
C00577,Healthcare,32012.29
C00577,Online Shopping,10471.16
C00577,Travel,90016.82
C00578,Bills & Utilities,18660.49
C00578,Dining,3232.66
C00578,Electronics,188588.05
C00578,Entertainment,4955.82
C00578,Fashion,38426.53
C00578,Fuel,3883.5
C00578,Groceries,10290.06
C00578,Healthcare,32541.01
C00578,Online Shopping,13965.09
C00578,Travel,33456.81
C00579,Bills & Utilities,9745.37
C00579,Dining,1123.82
C00579,Electronics,108471.89
C00579,Entertainment,5539.42
C00579,Fashion,71835.64
C00579,Fuel,4446.3
C00579,Groceries,8989.96
C00579,Healthcare,59108.520000000004
C00579,Online Shopping,4705.84
C00580,Bills & Utilities,11807.04
C00580,Dining,6407.07
C00580,Electronics,92594.67
C00580,Entertainment,8896.529999999999
C00580,Fashion,47785.009999999995
C00580,Fuel,8643.68
C00580,Groceries,3372.8599999999997
C00580,Healthcare,50896.86
C00580,Online Shopping,41582.33
C00580,Travel,34410.99
C00581,Bills & Utilities,6489.89
C00581,Dining,4641.73
C00581,Electronics,185729.26
C00581,Entertainment,4155.35
C00581,Fuel,6134.8
C00581,Groceries,9190.95
C00581,Healthcare,17341.22
C00581,Online Shopping,25010.92
C00581,Travel,82761.18
C00582,Bills & Utilities,2626.37
C00582,Dining,3159.65
C00582,Electronics,117051.62
C00582,Entertainment,4565.24
C00582,Fashion,30351.53
C00582,Fuel,10550.19
C00582,Groceries,10167.98
C00582,Online Shopping,21132.34
C00582,Travel,79921.37
C00583,Bills & Utilities,11784.2
C00583,Dining,3777.95
C00583,Electronics,173598.76
C00583,Entertainment,3966.93
C00583,Fashion,53055.28
C00583,Fuel,11388.91
C00583,Groceries,819.3399999999999
C00583,Healthcare,56447.11
C00583,Online Shopping,11833.62
C00583,Travel,102071.09
C00584,Bills & Utilities,4093.74
C00584,Dining,6173.530000000001
C00584,Electronics,79433.64
C00584,Entertainment,4326.69
C00584,Fashion,57291.39
C00584,Fuel,2907.78
C00584,Groceries,3401.24
C00584,Healthcare,61388.91
C00584,Online Shopping,101471.56
C00585,Bills & Utilities,7032.34
C00585,Electronics,99354.66
C00585,Entertainment,2779.81
C00585,Fashion,48220.380000000005
C00585,Fuel,13237.5
C00585,Groceries,764.59
C00585,Healthcare,16977.62
C00585,Online Shopping,29054.24
C00585,Travel,37297.29
C00586,Bills & Utilities,4902.83
C00586,Dining,3599.08
C00586,Electronics,130116.42000000001
C00586,Entertainment,1712.26
C00586,Fashion,40823.009999999995
C00586,Fuel,19776.95
C00586,Groceries,4195.2
C00586,Healthcare,48827.81
C00586,Online Shopping,34841.36
C00586,Travel,84325.39
C00587,Bills & Utilities,9977.3
C00587,Dining,8368.99
C00587,Electronics,65687.8
C00587,Entertainment,7084.73
C00587,Fashion,27656.34
C00587,Healthcare,13762.779999999999
C00587,Online Shopping,79867.59
C00587,Travel,48882.15
C00588,Bills & Utilities,13080.21
C00588,Dining,3763.83
C00588,Electronics,83028.98
C00588,Entertainment,4618.5599999999995
C00588,Fashion,4631.34
C00588,Fuel,7349.91
C00588,Groceries,4290.03
C00588,Healthcare,35064.25
C00588,Online Shopping,21688.089999999997
C00588,Travel,4635.17
C00589,Bills & Utilities,31442.89
C00589,Dining,4992.969999999999
C00589,Electronics,210549.26
C00589,Entertainment,8442.33
C00589,Fashion,62756.8
C00589,Fuel,3154.26
C00589,Groceries,3824.62
C00589,Healthcare,40625.74
C00589,Online Shopping,20228.260000000002
C00589,Travel,223012.08
C00590,Bills & Utilities,1042.13
C00590,Dining,997.82
C00590,Electronics,46778.33
C00590,Entertainment,6718.21
C00590,Fashion,26128.23
C00590,Fuel,6235.4
C00590,Groceries,4794.53
C00590,Healthcare,27898.24
C00590,Online Shopping,33962.399999999994
C00590,Travel,111846.72
C00591,Bills & Utilities,26890.91
C00591,Dining,2770.5
C00591,Electronics,7358.17
C00591,Entertainment,7638.5199999999995
C00591,Fuel,9564.17
C00591,Groceries,12194.61
C00591,Healthcare,19829.83
C00591,Online Shopping,54348.38
C00591,Travel,42273.39
C00592,Bills & Utilities,19475.09
C00592,Dining,8370.27
C00592,Electronics,72983.55
C00592,Entertainment,7326.75
C00592,Fashion,75236.20999999999
C00592,Fuel,11529.24
C00592,Groceries,3318.48
C00592,Healthcare,16556.31
C00592,Travel,144591.79
C00593,Bills & Utilities,2776.72
C00593,Dining,4306.929999999999
C00593,Electronics,147810.77
C00593,Entertainment,1144.18
C00593,Fashion,31371.73
C00593,Fuel,7544.61
C00593,Groceries,5922.4400000000005
C00593,Healthcare,65979.95
C00593,Online Shopping,32404.67
C00593,Travel,75635.42
C00594,Bills & Utilities,25579.4
C00594,Dining,4731.07
C00594,Electronics,153233.7
C00594,Entertainment,1890.51
C00594,Fashion,36860.92
C00594,Fuel,5158.68
C00594,Groceries,3342.34
C00594,Healthcare,13588.04
C00594,Online Shopping,47474.33
C00594,Travel,102373.38
C00595,Bills & Utilities,9139.95
C00595,Dining,1348.5300000000002
C00595,Electronics,117964.15
C00595,Entertainment,3357.69
C00595,Fuel,6945.68
C00595,Healthcare,9890.800000000001
C00595,Online Shopping,25510.16
C00595,Travel,55309.33
C00596,Bills & Utilities,5446.969999999999
C00596,Dining,3872.95
C00596,Electronics,112669.49
C00596,Entertainment,1990.51
C00596,Fashion,3371.88
C00596,Fuel,2491.09
C00596,Groceries,1833.63
C00596,Healthcare,43875.12
C00596,Online Shopping,39021.479999999996
C00596,Travel,82797.22
C00597,Bills & Utilities,29122.510000000002
C00597,Dining,6270.67
C00597,Electronics,85365.06
C00597,Entertainment,2880.6800000000003
C00597,Fashion,54188.85
C00597,Fuel,4116.22
C00597,Groceries,1029.74
C00597,Healthcare,52603.56
C00597,Online Shopping,22392.05
C00597,Travel,90365.87
C00598,Bills & Utilities,24208.25
C00598,Dining,5397.280000000001
C00598,Electronics,285866.91000000003
C00598,Entertainment,10427.37
C00598,Fashion,59973.770000000004
C00598,Fuel,1605.62
C00598,Groceries,1996.69
C00598,Healthcare,51778.66
C00598,Online Shopping,43208.12
C00598,Travel,68554.8
C00599,Bills & Utilities,19516.69
C00599,Electronics,72822.27
C00599,Entertainment,781.44
C00599,Fashion,32290.899999999998
C00599,Fuel,11612.83
C00599,Groceries,5152.610000000001
C00599,Online Shopping,51836.31
C00599,Travel,112400.04000000001
C00600,Bills & Utilities,15201.5
C00600,Electronics,186734.45
C00600,Entertainment,6654.65
C00600,Fashion,17033.54
C00600,Fuel,9841.460000000001
C00600,Groceries,15725.52
C00600,Healthcare,25976.2
C00600,Online Shopping,34249.619999999995
C00600,Travel,44172.619999999995
C00601,Bills & Utilities,20320.8
C00601,Dining,6010.16
C00601,Electronics,167344.55
C00601,Entertainment,2982.38
C00601,Fashion,27409.89
C00601,Fuel,10380.130000000001
C00601,Groceries,15782.05
C00601,Healthcare,37159.45
C00601,Online Shopping,59720.28
C00601,Travel,64671.98
C00602,Bills & Utilities,23983.42
C00602,Dining,5699.85
C00602,Electronics,92525.90000000001
C00602,Entertainment,7999.38
C00602,Fashion,11728.84
C00602,Fuel,4739.97
C00602,Groceries,4825.3
C00602,Healthcare,8778.04
C00602,Online Shopping,12754.12
C00602,Travel,50139.99
C00603,Bills & Utilities,15663.68
C00603,Dining,5083.92
C00603,Electronics,105759.18
C00603,Entertainment,3142.1899999999996
C00603,Fashion,25654.41
C00603,Fuel,12739.64
C00603,Groceries,4621.16
C00603,Healthcare,16101.9
C00603,Online Shopping,48527.2
C00603,Travel,147057.63
C00604,Bills & Utilities,17649.65
C00604,Dining,4674.51
C00604,Electronics,235972.66
C00604,Entertainment,8028.39
C00604,Fashion,3661.96
C00604,Fuel,10483.68
C00604,Groceries,4680.64
C00604,Healthcare,13669.579999999998
C00604,Online Shopping,27803.66
C00604,Travel,56977.93
C00605,Bills & Utilities,19080.760000000002
C00605,Dining,4261.06
C00605,Electronics,33569.71
C00605,Entertainment,7720.45
C00605,Fashion,20913.29
C00605,Fuel,6976.29
C00605,Groceries,7177.9800000000005
C00605,Healthcare,12460.11
C00605,Online Shopping,52520.18
C00605,Travel,22192.21
C00606,Bills & Utilities,12061.45
C00606,Dining,10410.74
C00606,Electronics,60847.25
C00606,Entertainment,3183.24
C00606,Fashion,67366.6
C00606,Fuel,3598.51
C00606,Groceries,8163.87
C00606,Healthcare,41515.81
C00606,Online Shopping,47305.659999999996
C00606,Travel,67297.25
C00607,Bills & Utilities,23602.4
C00607,Dining,10615.56
C00607,Electronics,242963.19
C00607,Entertainment,7730.700000000001
C00607,Fashion,15614.35
C00607,Fuel,9050.73
C00607,Groceries,390.44
C00607,Healthcare,81974.96
C00607,Online Shopping,31831.519999999997
C00607,Travel,9608.3
C00608,Bills & Utilities,11922.28
C00608,Dining,3621.04
C00608,Electronics,49877.14
C00608,Entertainment,4257.57
C00608,Fashion,39350.42
C00608,Fuel,17533.66
C00608,Groceries,3743.97
C00608,Healthcare,108985.79000000001
C00608,Online Shopping,60631.590000000004
C00608,Travel,178494.77000000002
C00609,Bills & Utilities,10399.64
C00609,Dining,6592.87
C00609,Electronics,7355.29
C00609,Entertainment,3122.94
C00609,Fuel,4698.91
C00609,Groceries,860.85
C00609,Healthcare,6692.93
C00609,Online Shopping,10998.88
C00609,Travel,9822.939999999999
C00610,Bills & Utilities,16003.41
C00610,Electronics,178504.41
C00610,Entertainment,7145.219999999999
C00610,Fashion,43650.31
C00610,Fuel,4661.639999999999
C00610,Groceries,6694.46
C00610,Healthcare,28573.29
C00610,Online Shopping,48148.41
C00610,Travel,25240.28
C00611,Bills & Utilities,18494.75
C00611,Dining,2223.6
C00611,Electronics,77403.01000000001
C00611,Entertainment,10197.79
C00611,Fashion,28022.78
C00611,Fuel,2747.55
C00611,Groceries,3072.0299999999997
C00611,Healthcare,42032.729999999996
C00611,Online Shopping,17690.6
C00611,Travel,176704.74
C00612,Bills & Utilities,11153.72
C00612,Dining,1737.24
C00612,Electronics,89682.45
C00612,Entertainment,7031.32
C00612,Fashion,22121.5
C00612,Fuel,1221.94
C00612,Groceries,1526.04
C00612,Healthcare,10677.869999999999
C00612,Online Shopping,44210.53
C00612,Travel,61848.71000000001
C00613,Bills & Utilities,10125.369999999999
C00613,Dining,3557.98
C00613,Electronics,123476.68
C00613,Entertainment,4678.79
C00613,Fashion,16049.43
C00613,Fuel,2602.88
C00613,Groceries,4179.91
C00613,Healthcare,52922.07
C00613,Online Shopping,29800.18
C00613,Travel,67051.38
C00614,Bills & Utilities,7561.91
C00614,Dining,1808.59
C00614,Electronics,126847.20000000001
C00614,Entertainment,3527.9799999999996
C00614,Fashion,18696.08
C00614,Fuel,16003.33
C00614,Groceries,7401.38
C00614,Healthcare,26498.94
C00614,Online Shopping,28738.17
C00614,Travel,105970.76000000001
C00615,Bills & Utilities,10490.94
C00615,Dining,2971.05
C00615,Electronics,106472.16
C00615,Entertainment,3334.29
C00615,Fashion,56548.7
C00615,Fuel,5621.610000000001
C00615,Groceries,10374.72
C00615,Healthcare,40119.64
C00615,Online Shopping,29121.309999999998
C00615,Travel,38503.22
C00616,Bills & Utilities,22905.17
C00616,Dining,1974.39
C00616,Electronics,129189.20000000001
C00616,Entertainment,3173.56
C00616,Fashion,17699.53
C00616,Fuel,13873.84
C00616,Groceries,5075.79
C00616,Healthcare,9209.59
C00616,Online Shopping,37393.51
C00616,Travel,50086.0
C00617,Bills & Utilities,20619.29
C00617,Dining,4975.700000000001
C00617,Electronics,38512.64
C00617,Entertainment,8103.52
C00617,Fashion,30626.48
C00617,Fuel,10787.779999999999
C00617,Groceries,9873.69
C00617,Healthcare,102832.95
C00617,Online Shopping,5736.139999999999
C00617,Travel,147096.27
C00618,Bills & Utilities,10607.17
C00618,Dining,2375.66
C00618,Electronics,168167.55
C00618,Entertainment,9089.48
C00618,Fashion,7570.39
C00618,Fuel,5479.39
C00618,Groceries,5828.87
C00618,Healthcare,10371.05
C00618,Online Shopping,12642.92
C00618,Travel,65845.82
C00619,Bills & Utilities,32655.309999999998
C00619,Dining,3978.87
C00619,Electronics,51421.44
C00619,Entertainment,4467.93
C00619,Fashion,5662.21
C00619,Fuel,6805.91
C00619,Groceries,5884.47
C00619,Healthcare,32652.27
C00619,Online Shopping,60905.979999999996
C00619,Travel,67556.15
C00620,Bills & Utilities,17822.43
C00620,Dining,5641.48
C00620,Electronics,56486.189999999995
C00620,Entertainment,1421.06
C00620,Fashion,34908.92
C00620,Fuel,5574.57
C00620,Groceries,3304.1800000000003
C00620,Online Shopping,38539.21
C00620,Travel,131130.65
C00621,Bills & Utilities,10849.71
C00621,Dining,3300.79
C00621,Electronics,153948.78
C00621,Entertainment,4941.87
C00621,Fashion,10597.89
C00621,Fuel,7960.7
C00621,Groceries,12549.99
C00621,Healthcare,49533.73
C00621,Online Shopping,62872.89
C00621,Travel,107000.42
C00622,Bills & Utilities,23364.92
C00622,Dining,1207.69
C00622,Electronics,51128.13
C00622,Entertainment,5464.11
C00622,Fashion,37046.35
C00622,Fuel,4049.9500000000003
C00622,Groceries,4917.67
C00622,Healthcare,9243.58
C00622,Online Shopping,9132.400000000001
C00622,Travel,134703.08
C00623,Bills & Utilities,7349.860000000001
C00623,Dining,8864.31
C00623,Electronics,59804.97
C00623,Entertainment,7981.469999999999
C00623,Fashion,8215.12
C00623,Fuel,8438.27
C00623,Groceries,3177.2
C00623,Healthcare,41684.29
C00623,Online Shopping,19425.01
C00623,Travel,33990.61
C00624,Bills & Utilities,4491.49
C00624,Dining,4536.76
C00624,Electronics,82851.12
C00624,Entertainment,1156.05
C00624,Fashion,19744.02
C00624,Fuel,12763.02
C00624,Groceries,6427.08
C00624,Healthcare,15823.15
C00624,Online Shopping,8260.08
C00624,Travel,59778.899999999994
C00625,Bills & Utilities,11039.19
C00625,Dining,4510.7
C00625,Electronics,93129.51999999999
C00625,Entertainment,4291.25
C00625,Fashion,36436.44
C00625,Fuel,17001.84
C00625,Groceries,2596.3
C00625,Healthcare,22652.59
C00625,Online Shopping,11404.63
C00625,Travel,74024.13
C00626,Bills & Utilities,7542.82
C00626,Dining,8676.42
C00626,Electronics,194698.58000000002
C00626,Entertainment,8834.35
C00626,Fashion,39621.23
C00626,Fuel,11746.6
C00626,Groceries,7853.85
C00626,Healthcare,17173.42
C00626,Online Shopping,3003.8
C00626,Travel,43590.04
C00627,Bills & Utilities,6292.39
C00627,Dining,5094.23
C00627,Electronics,89208.44
C00627,Entertainment,8267.77
C00627,Fashion,17184.7
C00627,Fuel,23026.54
C00627,Groceries,5534.68
C00627,Healthcare,38759.78
C00627,Online Shopping,55936.82
C00627,Travel,113813.56
C00628,Bills & Utilities,13974.49
C00628,Dining,3189.7200000000003
C00628,Electronics,136648.22
C00628,Entertainment,4075.05
C00628,Fashion,76635.48000000001
C00628,Fuel,2899.21
C00628,Groceries,3426.45
C00628,Healthcare,16087.95
C00628,Online Shopping,39226.47
C00628,Travel,165851.85
C00629,Bills & Utilities,24455.5
C00629,Dining,8749.35
C00629,Electronics,166463.55
C00629,Entertainment,4353.29
C00629,Fashion,48900.25
C00629,Groceries,5912.95
C00629,Healthcare,32181.41
C00629,Online Shopping,12616.31
C00629,Travel,50710.1
C00630,Bills & Utilities,13838.61
C00630,Dining,7515.02
C00630,Electronics,104660.41
C00630,Entertainment,5669.15
C00630,Fashion,6703.38
C00630,Fuel,4024.92
C00630,Groceries,12251.68
C00630,Healthcare,46532.58
C00630,Online Shopping,22372.09
C00630,Travel,61902.41
C00631,Bills & Utilities,3870.87
C00631,Dining,3575.34
C00631,Electronics,138338.91999999998
C00631,Entertainment,6600.33
C00631,Fashion,36696.99
C00631,Fuel,21031.45
C00631,Groceries,10457.21
C00631,Healthcare,76502.06
C00631,Online Shopping,27164.25
C00631,Travel,96328.45
C00632,Bills & Utilities,14760.91
C00632,Dining,5988.53
C00632,Electronics,154741.67
C00632,Entertainment,5008.22
C00632,Fashion,32821.990000000005
C00632,Fuel,15250.99
C00632,Groceries,10228.14
C00632,Healthcare,67640.5
C00632,Online Shopping,54435.090000000004
C00632,Travel,83458.65999999999
C00633,Bills & Utilities,12798.61
C00633,Dining,5466.88
C00633,Electronics,112867.76000000001
C00633,Entertainment,4202.98
C00633,Fashion,19487.239999999998
C00633,Fuel,9311.92
C00633,Groceries,6139.57
C00633,Healthcare,29437.25
C00633,Online Shopping,27827.6
C00634,Bills & Utilities,13295.849999999999
C00634,Electronics,115863.29999999999
C00634,Entertainment,4309.63
C00634,Fashion,52528.89
C00634,Fuel,11011.91
C00634,Healthcare,49254.6
C00634,Online Shopping,25366.52
C00634,Travel,44051.09
C00635,Bills & Utilities,19370.03
C00635,Dining,2014.06
C00635,Electronics,89059.26999999999
C00635,Entertainment,4118.67
C00635,Fashion,25701.170000000002
C00635,Fuel,2627.69
C00635,Groceries,9469.01
C00635,Healthcare,17720.75
C00635,Online Shopping,60531.43
C00635,Travel,109371.89
C00636,Bills & Utilities,7754.530000000001
C00636,Dining,5747.72
C00636,Electronics,47720.03
C00636,Entertainment,5411.34
C00636,Fashion,21046.309999999998
C00636,Fuel,3329.92
C00636,Groceries,9017.470000000001
C00636,Healthcare,22499.02
C00636,Online Shopping,22714.620000000003
C00636,Travel,189187.57
C00637,Bills & Utilities,10797.75
C00637,Dining,8782.24
C00637,Electronics,147510.05
C00637,Entertainment,5265.12
C00637,Fashion,42159.29
C00637,Fuel,13240.65
C00637,Groceries,2425.48
C00637,Healthcare,17173.059999999998
C00637,Online Shopping,48470.88
C00637,Travel,4512.24
C00638,Bills & Utilities,7892.3099999999995
C00638,Dining,5770.91
C00638,Electronics,144386.13
C00638,Entertainment,1615.26
C00638,Fashion,35494.22
C00638,Fuel,16375.720000000001
C00638,Groceries,13031.69
C00638,Healthcare,26023.91
C00638,Online Shopping,31568.019999999997
C00638,Travel,80014.8
C00639,Bills & Utilities,16983.0
C00639,Dining,3600.24
C00639,Electronics,182859.16
C00639,Entertainment,5065.610000000001
C00639,Fashion,33828.09
C00639,Fuel,3036.0
C00639,Groceries,2600.34
C00639,Healthcare,26808.05
C00639,Online Shopping,46007.6
C00639,Travel,35439.18
C00640,Bills & Utilities,6970.150000000001
C00640,Dining,4366.26
C00640,Electronics,73911.08
C00640,Fashion,37917.130000000005
C00640,Fuel,5446.08
C00640,Groceries,11630.31
C00640,Healthcare,36873.520000000004
C00640,Online Shopping,25969.21
C00640,Travel,89339.67
C00641,Bills & Utilities,945.92
C00641,Dining,4218.84
C00641,Electronics,142218.18
C00641,Entertainment,3332.27
C00641,Fashion,44488.8
C00641,Fuel,2337.33
C00641,Groceries,5771.36
C00641,Healthcare,24827.92
C00641,Online Shopping,86938.07
C00641,Travel,139066.16
C00642,Bills & Utilities,18766.13
C00642,Electronics,21933.25
C00642,Entertainment,7817.18
C00642,Fashion,23655.3
C00642,Fuel,10437.59
C00642,Groceries,1681.8899999999999
C00642,Healthcare,43790.85
C00642,Online Shopping,63761.149999999994
C00643,Bills & Utilities,11931.66
C00643,Dining,5824.17
C00643,Electronics,197968.85
C00643,Entertainment,11955.3
C00643,Fashion,18892.78
C00643,Fuel,8362.210000000001
C00643,Groceries,4067.62
C00643,Healthcare,79083.72
C00643,Online Shopping,10385.330000000002
C00643,Travel,116700.3
C00644,Bills & Utilities,15400.67
C00644,Dining,3931.07
C00644,Electronics,85691.04
C00644,Entertainment,9136.630000000001
C00644,Fashion,63921.66
C00644,Fuel,4756.95
C00644,Groceries,5908.21
C00644,Healthcare,21183.22
C00644,Online Shopping,26309.22
C00644,Travel,32320.19
C00645,Dining,6252.11
C00645,Electronics,64755.08
C00645,Entertainment,9518.89
C00645,Fashion,32100.74
C00645,Fuel,6257.39
C00645,Groceries,12846.09
C00645,Healthcare,50681.04
C00645,Online Shopping,21628.4
C00645,Travel,69424.5
C00646,Dining,3799.08
C00646,Electronics,173305.08000000002
C00646,Entertainment,10860.89
C00646,Fashion,49053.96
C00646,Fuel,6262.38
C00646,Groceries,10805.779999999999
C00646,Healthcare,27414.36
C00646,Online Shopping,1918.12
C00646,Travel,47286.46
C00647,Bills & Utilities,16353.019999999999
C00647,Dining,6061.54
C00647,Electronics,177394.97
C00647,Entertainment,4939.4400000000005
C00647,Fashion,24241.22
C00647,Fuel,11927.460000000001
C00647,Groceries,16936.94
C00647,Healthcare,48273.75
C00647,Online Shopping,13023.01
C00647,Travel,126614.18
C00648,Bills & Utilities,20336.78
C00648,Dining,1580.06
C00648,Electronics,111426.2
C00648,Entertainment,8271.47
C00648,Fashion,37049.24
C00648,Fuel,12363.880000000001
C00648,Groceries,4814.610000000001
C00648,Healthcare,31248.559999999998
C00648,Online Shopping,55403.83
C00648,Travel,75694.25
C00649,Bills & Utilities,8668.35
C00649,Dining,2616.04
C00649,Electronics,165391.69
C00649,Entertainment,6412.36
C00649,Fashion,12011.64
C00649,Fuel,12794.97
C00649,Groceries,5963.639999999999
C00649,Healthcare,68242.6
C00649,Online Shopping,47684.47
C00649,Travel,28198.670000000006
C00650,Bills & Utilities,35085.65
C00650,Dining,4148.59
C00650,Electronics,231783.59
C00650,Entertainment,7124.16
C00650,Fashion,14839.95
C00650,Fuel,3590.93
C00650,Groceries,4277.049999999999
C00650,Healthcare,17607.96
C00650,Online Shopping,28651.8
C00650,Travel,102820.77
C00651,Bills & Utilities,21183.7
C00651,Dining,3650.0299999999997
C00651,Electronics,81213.51
C00651,Entertainment,3504.0600000000004
C00651,Fashion,30003.97
C00651,Fuel,1045.22
C00651,Groceries,4249.13
C00651,Healthcare,1392.97
C00651,Online Shopping,14191.04
C00651,Travel,150812.06
C00652,Bills & Utilities,33243.69
C00652,Dining,3742.48
C00652,Electronics,140981.3
C00652,Entertainment,10515.97
C00652,Fashion,13789.17
C00652,Fuel,6722.28
C00652,Groceries,9073.99
C00652,Healthcare,44141.53
C00652,Online Shopping,23920.87
C00652,Travel,75494.23000000001
C00653,Bills & Utilities,13147.99
C00653,Dining,2314.83
C00653,Electronics,118274.01000000001
C00653,Entertainment,3446.06
C00653,Fashion,4428.24
C00653,Fuel,16041.27
C00653,Groceries,4226.3099999999995
C00653,Healthcare,43722.62
C00653,Online Shopping,41669.38
C00653,Travel,109798.09
C00654,Bills & Utilities,14942.2
C00654,Dining,186.77
C00654,Electronics,55577.03
C00654,Entertainment,1291.56
C00654,Fashion,32166.65
C00654,Fuel,13861.54
C00654,Groceries,5776.81
C00654,Healthcare,37496.799999999996
C00654,Online Shopping,39218.729999999996
C00654,Travel,13922.49
C00655,Bills & Utilities,20838.89
C00655,Dining,6110.51
C00655,Electronics,45579.12
C00655,Fashion,34816.92
C00655,Fuel,12588.89
C00655,Groceries,3375.8
C00655,Healthcare,11617.810000000001
C00655,Online Shopping,42969.03
C00655,Travel,87129.01
C00656,Bills & Utilities,10755.16
C00656,Electronics,49215.59
C00656,Entertainment,4840.04
C00656,Fashion,36353.49
C00656,Fuel,5041.27
C00656,Groceries,6969.14
C00656,Healthcare,33575.53
C00656,Online Shopping,30374.149999999998
C00656,Travel,57914.89
C00657,Bills & Utilities,35212.2
C00657,Dining,7927.84
C00657,Electronics,150677.91
C00657,Entertainment,5933.85
C00657,Fashion,14063.29
C00657,Fuel,6510.02
C00657,Healthcare,44564.01
C00657,Online Shopping,81711.8
C00657,Travel,17352.52
C00658,Bills & Utilities,19043.9
C00658,Dining,4737.62
C00658,Electronics,86662.03
C00658,Fashion,25238.96
C00658,Fuel,4933.34
C00658,Groceries,6229.99
C00658,Healthcare,40698.58
C00658,Online Shopping,5490.71
C00659,Bills & Utilities,24641.56
C00659,Dining,1258.97
C00659,Electronics,154822.35
C00659,Entertainment,7155.98
C00659,Fashion,6813.06
C00659,Fuel,1841.41
C00659,Groceries,3472.6400000000003
C00659,Healthcare,21862.36
C00659,Online Shopping,77636.58
C00659,Travel,41719.91
C00660,Bills & Utilities,5164.04
C00660,Dining,4282.11
C00660,Electronics,175121.01
C00660,Entertainment,5230.1900000000005
C00660,Fashion,16237.81
C00660,Fuel,14483.09
C00660,Groceries,3554.12
C00660,Healthcare,4712.91
C00660,Online Shopping,41986.020000000004
C00660,Travel,55734.799999999996
C00661,Bills & Utilities,19836.96
C00661,Dining,3327.63
C00661,Electronics,89729.9
C00661,Entertainment,710.61
C00661,Fashion,45806.43
C00661,Fuel,6378.35
C00661,Groceries,5576.07
C00661,Healthcare,24230.28
C00661,Online Shopping,33804.119999999995
C00661,Travel,148730.97
C00662,Bills & Utilities,26869.75
C00662,Dining,4491.91
C00662,Electronics,184086.87
C00662,Entertainment,1835.4
C00662,Fashion,64647.47
C00662,Fuel,5604.19
C00662,Groceries,5214.31
C00662,Healthcare,21136.22
C00662,Online Shopping,46026.49
C00662,Travel,143166.9
C00663,Bills & Utilities,7145.39
C00663,Dining,1460.38
C00663,Electronics,94122.87
C00663,Entertainment,6153.91
C00663,Fashion,11137.300000000001
C00663,Fuel,3995.71
C00663,Groceries,9223.86
C00663,Healthcare,39586.36
C00663,Online Shopping,23139.2
C00663,Travel,87760.2
C00664,Bills & Utilities,11487.71
C00664,Dining,2705.24
C00664,Electronics,61732.81
C00664,Entertainment,9361.58
C00664,Fashion,14162.140000000001
C00664,Fuel,12464.93
C00664,Groceries,9476.29
C00664,Healthcare,69432.48
C00664,Online Shopping,26440.670000000002
C00664,Travel,47226.48
C00665,Bills & Utilities,13799.34
C00665,Dining,10016.44
C00665,Electronics,69909.93000000001
C00665,Entertainment,7530.18
C00665,Fashion,24449.91
C00665,Fuel,758.1
C00665,Groceries,906.54
C00665,Healthcare,63808.91
C00665,Online Shopping,46138.06
C00665,Travel,73783.01999999999
C00666,Bills & Utilities,19676.54
C00666,Dining,931.31
C00666,Electronics,92735.74
C00666,Entertainment,8914.66
C00666,Fashion,6627.96
C00666,Fuel,12704.77
C00666,Groceries,4721.24
C00666,Healthcare,5635.41
C00666,Online Shopping,22113.690000000002
C00666,Travel,52710.020000000004
C00667,Bills & Utilities,1571.99
C00667,Dining,1850.57
C00667,Electronics,93447.76000000001
C00667,Entertainment,4214.91
C00667,Fashion,12335.45
C00667,Fuel,8825.22
C00667,Groceries,4252.79
C00667,Healthcare,24035.210000000003
C00667,Online Shopping,26957.79
C00667,Travel,47922.549999999996
C00668,Bills & Utilities,16135.2
C00668,Dining,7290.22
C00668,Electronics,187172.40000000002
C00668,Entertainment,6516.15
C00668,Fashion,21385.43
C00668,Fuel,5857.73
C00668,Groceries,3592.7
C00668,Healthcare,46762.28
C00668,Online Shopping,9702.15
C00668,Travel,94472.98
C00669,Bills & Utilities,27528.32
C00669,Dining,6018.2
C00669,Electronics,193281.4
C00669,Entertainment,5774.03
C00669,Fashion,38428.57
C00669,Fuel,6798.81
C00669,Groceries,2400.95
C00669,Healthcare,35659.0
C00669,Online Shopping,13564.619999999999
C00669,Travel,76038.92
C00670,Bills & Utilities,34720.1
C00670,Dining,3202.9500000000003
C00670,Electronics,125603.70999999999
C00670,Entertainment,5626.61
C00670,Fashion,6147.799999999999
C00670,Fuel,9933.26
C00670,Groceries,1019.63
C00670,Healthcare,37050.600000000006
C00670,Travel,53672.54
C00671,Bills & Utilities,4576.12
C00671,Dining,4170.26
C00671,Electronics,17563.89
C00671,Entertainment,2475.23
C00671,Fuel,11944.869999999999
C00671,Groceries,4109.45
C00671,Healthcare,44954.77
C00671,Online Shopping,24744.6
C00672,Bills & Utilities,17776.85
C00672,Dining,4008.88
C00672,Electronics,260991.84000000003
C00672,Entertainment,3507.8
C00672,Fashion,17248.58
C00672,Fuel,6104.3099999999995
C00672,Groceries,3891.62
C00672,Healthcare,41208.97
C00672,Online Shopping,44501.44
C00672,Travel,50408.67999999999
C00673,Bills & Utilities,30424.04
C00673,Dining,2196.16
C00673,Electronics,315497.96
C00673,Entertainment,6638.16
C00673,Fashion,38560.990000000005
C00673,Fuel,5700.78
C00673,Groceries,13046.47
C00673,Healthcare,45580.53
C00673,Online Shopping,22553.28
C00673,Travel,44305.729999999996
C00674,Bills & Utilities,23750.29
C00674,Dining,2579.04
C00674,Electronics,86208.18000000001
C00674,Entertainment,9965.43
C00674,Fashion,43796.09
C00674,Fuel,9225.869999999999
C00674,Groceries,3020.48
C00674,Healthcare,59402.6
C00674,Online Shopping,31864.93
C00674,Travel,64447.91
C00675,Bills & Utilities,24368.67
C00675,Dining,2110.15
C00675,Electronics,222799.87
C00675,Entertainment,7278.04
C00675,Fashion,62201.85
C00675,Fuel,2624.6
C00675,Groceries,9957.79
C00675,Healthcare,32754.89
C00675,Online Shopping,9564.9
C00675,Travel,24148.53
C00676,Bills & Utilities,36105.6
C00676,Dining,5976.34
C00676,Electronics,9217.880000000001
C00676,Entertainment,9097.23
C00676,Fashion,59012.64
C00676,Fuel,16762.58
C00676,Groceries,17782.58
C00676,Healthcare,76464.51999999999
C00676,Online Shopping,38126.31
C00676,Travel,114869.47
C00677,Bills & Utilities,11543.0
C00677,Dining,8677.130000000001
C00677,Electronics,16421.72
C00677,Entertainment,5835.39
C00677,Fashion,23300.22
C00677,Fuel,15092.310000000001
C00677,Groceries,3437.8100000000004
C00677,Healthcare,21155.89
C00677,Online Shopping,44921.990000000005
C00677,Travel,58038.909999999996
C00678,Bills & Utilities,11800.439999999999
C00678,Dining,850.24
C00678,Electronics,160007.7
C00678,Entertainment,5405.01
C00678,Fashion,12714.42
C00678,Fuel,5938.46
C00678,Groceries,2929.69
C00678,Healthcare,6350.13
C00678,Online Shopping,21854.24
C00678,Travel,45878.600000000006
C00679,Bills & Utilities,9545.62
C00679,Dining,4513.41
C00679,Electronics,220336.07
C00679,Entertainment,8435.57
C00679,Fashion,40731.71
C00679,Fuel,10944.56
C00679,Groceries,5185.19
C00679,Healthcare,39816.11
C00679,Online Shopping,31211.43
C00679,Travel,46438.61
C00680,Bills & Utilities,34997.61
C00680,Dining,3686.22
C00680,Electronics,244224.3
C00680,Entertainment,2893.68
C00680,Fashion,10227.84
C00680,Fuel,11097.48
C00680,Groceries,5255.29
C00680,Healthcare,24944.010000000002
C00680,Online Shopping,30061.36
C00680,Travel,60224.53999999999
C00681,Bills & Utilities,5338.950000000001
C00681,Dining,5563.43
C00681,Electronics,235621.54
C00681,Entertainment,1392.0
C00681,Fashion,15289.91
C00681,Fuel,3589.88
C00681,Groceries,3702.5699999999997
C00681,Healthcare,37721.86
C00681,Online Shopping,117960.12
C00681,Travel,72400.06
C00682,Bills & Utilities,11580.83
C00682,Dining,6878.259999999999
C00682,Electronics,112830.67
C00682,Entertainment,4523.04
C00682,Fashion,21137.68
C00682,Fuel,7001.73
C00682,Groceries,6545.150000000001
C00682,Healthcare,51669.96
C00682,Online Shopping,19478.93
C00682,Travel,19918.329999999998
C00683,Bills & Utilities,9609.08
C00683,Dining,1132.55
C00683,Electronics,69904.35
C00683,Entertainment,3520.55
C00683,Fashion,13011.43
C00683,Fuel,11268.9
C00683,Groceries,1028.95
C00683,Healthcare,28431.260000000002
C00683,Online Shopping,75721.98
C00683,Travel,114993.35
C00684,Bills & Utilities,12424.24
C00684,Dining,5196.3099999999995
C00684,Electronics,275158.5
C00684,Entertainment,4019.84
C00684,Fashion,23524.47
C00684,Fuel,18760.7
C00684,Groceries,6106.22
C00684,Healthcare,19788.02
C00684,Online Shopping,32213.25
C00684,Travel,60880.200000000004
C00685,Bills & Utilities,11885.73
C00685,Dining,8863.29
C00685,Electronics,81134.29
C00685,Entertainment,1911.13
C00685,Fashion,9593.96
C00685,Fuel,4007.65
C00685,Groceries,7392.52
C00685,Healthcare,69781.35
C00685,Online Shopping,29107.14
C00685,Travel,99772.28
C00686,Bills & Utilities,19228.1
C00686,Dining,11453.99
C00686,Electronics,44178.770000000004
C00686,Entertainment,3346.6400000000003
C00686,Fashion,32756.54
C00686,Fuel,8980.87
C00686,Groceries,7724.62
C00686,Healthcare,20171.81
C00686,Online Shopping,48233.869999999995
C00686,Travel,113906.77
C00687,Bills & Utilities,27819.94
C00687,Dining,4535.88
C00687,Electronics,175602.76
C00687,Entertainment,6062.44
C00687,Fashion,6142.22
C00687,Fuel,6603.41
C00687,Groceries,7463.46
C00687,Healthcare,48858.36
C00687,Online Shopping,62565.78
C00687,Travel,50486.92
C00688,Bills & Utilities,7945.099999999999
C00688,Dining,2723.76
C00688,Electronics,181162.36
C00688,Entertainment,8348.11
C00688,Fashion,37540.76
C00688,Fuel,9519.98
C00688,Healthcare,22360.19
C00688,Online Shopping,45291.770000000004
C00688,Travel,76901.79000000001
C00689,Bills & Utilities,708.33
C00689,Dining,3779.09
C00689,Electronics,99081.0
C00689,Entertainment,4707.87
C00689,Fashion,9227.02
C00689,Fuel,1857.46
C00689,Groceries,14558.71
C00689,Healthcare,10641.22
C00689,Online Shopping,15014.529999999999
C00689,Travel,110301.87
C00690,Bills & Utilities,2153.82
C00690,Dining,6226.42
C00690,Electronics,194284.27000000002
C00690,Entertainment,7975.24
C00690,Fashion,54162.380000000005
C00690,Fuel,11846.289999999999
C00690,Groceries,2279.03
C00690,Healthcare,41068.38
C00690,Online Shopping,33283.740000000005
C00690,Travel,70571.4
C00691,Bills & Utilities,1439.86
C00691,Dining,1578.85
C00691,Electronics,58515.22
C00691,Entertainment,9429.82
C00691,Fashion,11757.67
C00691,Fuel,6732.45
C00691,Groceries,6300.76
C00691,Healthcare,31629.45
C00691,Online Shopping,30713.25
C00691,Travel,43619.490000000005
C00692,Bills & Utilities,15641.28
C00692,Dining,4866.28
C00692,Electronics,49950.159999999996
C00692,Entertainment,5359.37
C00692,Fashion,26030.14
C00692,Fuel,5528.34
C00692,Groceries,5833.57
C00692,Healthcare,60088.409999999996
C00692,Online Shopping,49089.28999999999
C00692,Travel,32423.62
C00693,Bills & Utilities,11894.25
C00693,Dining,6463.58
C00693,Electronics,119300.26000000001
C00693,Entertainment,8055.66
C00693,Fashion,52351.02
C00693,Fuel,2951.4
C00693,Groceries,428.29
C00693,Healthcare,79651.59
C00693,Travel,72762.33
C00694,Bills & Utilities,22176.25
C00694,Dining,5614.76
C00694,Electronics,92060.58
C00694,Entertainment,6092.43
C00694,Fashion,25686.91
C00694,Fuel,5314.26
C00694,Groceries,7648.92
C00694,Healthcare,50235.4
C00694,Online Shopping,19622.7
C00694,Travel,73271.04999999999
C00695,Bills & Utilities,12671.45
C00695,Dining,5292.84
C00695,Electronics,170453.39
C00695,Entertainment,6615.41
C00695,Fashion,9876.94
C00695,Fuel,3383.54
C00695,Groceries,7693.46
C00695,Healthcare,22796.449999999997
C00695,Online Shopping,48217.43
C00695,Travel,100434.36
C00696,Bills & Utilities,34907.0
C00696,Dining,4211.29
C00696,Electronics,243294.97
C00696,Entertainment,2900.5099999999998
C00696,Fashion,31614.2
C00696,Fuel,5309.66
C00696,Groceries,765.94
C00696,Healthcare,44211.2
C00696,Online Shopping,43928.23
C00696,Travel,32903.28
C00697,Bills & Utilities,35927.57
C00697,Dining,3265.1899999999996
C00697,Electronics,99646.31
C00697,Entertainment,8831.83
C00697,Fashion,5215.35
C00697,Fuel,6364.79
C00697,Groceries,4060.64
C00697,Healthcare,23074.170000000002
C00697,Online Shopping,61884.75
C00697,Travel,81618.78
C00698,Bills & Utilities,16223.39
C00698,Dining,3419.9799999999996
C00698,Electronics,185775.76
C00698,Entertainment,267.21
C00698,Fashion,44498.15
C00698,Fuel,3679.68
C00698,Groceries,8548.66
C00698,Healthcare,28094.03
C00698,Online Shopping,34030.69
C00698,Travel,48114.79
C00699,Bills & Utilities,2350.36
C00699,Dining,7890.6
C00699,Electronics,130384.94
C00699,Entertainment,6612.46
C00699,Fashion,50645.45
C00699,Fuel,8573.95
C00699,Groceries,8069.39
C00699,Healthcare,12963.6
C00699,Online Shopping,19116.36
C00699,Travel,60229.479999999996
C00700,Bills & Utilities,23974.72
C00700,Dining,3356.83
C00700,Electronics,37506.92
C00700,Entertainment,6887.05
C00700,Fashion,48451.02
C00700,Fuel,13928.9
C00700,Groceries,7049.37
C00700,Healthcare,19373.06
C00700,Online Shopping,50642.06
C00700,Travel,2758.99
C00701,Bills & Utilities,9820.14
C00701,Dining,7328.73
C00701,Electronics,247680.61000000002
C00701,Entertainment,11174.71
C00701,Fashion,54187.67
C00701,Fuel,10136.8
C00701,Groceries,3940.19
C00701,Healthcare,90859.7
C00701,Travel,59300.74
C00702,Bills & Utilities,11203.97
C00702,Dining,2303.65
C00702,Electronics,159822.19
C00702,Fashion,51095.61
C00702,Fuel,15550.1
C00702,Groceries,3814.02
C00702,Healthcare,71917.48999999999
C00702,Online Shopping,17809.72
C00702,Travel,56890.16
C00703,Bills & Utilities,14616.92
C00703,Dining,5033.7300000000005
C00703,Electronics,44013.39
C00703,Entertainment,7512.55
C00703,Fashion,9751.07
C00703,Fuel,3449.51
C00703,Groceries,707.61
C00703,Healthcare,61805.95
C00703,Online Shopping,44858.69
C00703,Travel,29430.52
C00704,Bills & Utilities,1906.65
C00704,Dining,1746.22
C00704,Electronics,129572.70999999999
C00704,Entertainment,3316.0699999999997
C00704,Fashion,36600.83
C00704,Fuel,14534.19
C00704,Groceries,7341.73
C00704,Healthcare,8696.48
C00704,Online Shopping,29706.870000000003
C00704,Travel,41447.36
C00705,Bills & Utilities,20427.88
C00705,Dining,4746.87
C00705,Electronics,194499.23
C00705,Entertainment,4709.4
C00705,Fashion,22835.23
C00705,Fuel,6498.62
C00705,Groceries,6054.2
C00705,Healthcare,54219.27
C00705,Online Shopping,2158.23
C00705,Travel,44642.57
C00706,Bills & Utilities,11830.64
C00706,Dining,3409.62
C00706,Electronics,75222.97
C00706,Entertainment,1588.45
C00706,Fuel,6565.26
C00706,Groceries,2266.49
C00706,Healthcare,40827.05
C00706,Online Shopping,14788.09
C00706,Travel,89683.18000000001
C00707,Bills & Utilities,24615.309999999998
C00707,Dining,1002.3599999999999
C00707,Electronics,205684.35
C00707,Entertainment,7001.8099999999995
C00707,Fashion,23402.95
C00707,Fuel,9859.96
C00707,Groceries,2178.2
C00707,Healthcare,18733.62
C00707,Online Shopping,74228.52
C00707,Travel,44348.450000000004
C00708,Bills & Utilities,19966.690000000002
C00708,Dining,3162.0
C00708,Electronics,46964.56
C00708,Entertainment,6873.73
C00708,Fashion,6500.55
C00708,Fuel,5077.52
C00708,Groceries,3645.2599999999998
C00708,Healthcare,12299.130000000001
C00708,Online Shopping,14587.75
C00708,Travel,48674.85
C00709,Bills & Utilities,16445.08
C00709,Dining,3965.02
C00709,Electronics,171892.51
C00709,Entertainment,4150.77
C00709,Fashion,26744.71
C00709,Fuel,3108.17
C00709,Groceries,3554.73
C00709,Healthcare,14685.35
C00709,Online Shopping,38052.07
C00709,Travel,25719.24
C00710,Dining,3367.18
C00710,Electronics,57392.41
C00710,Entertainment,2660.79
C00710,Fashion,20531.16
C00710,Fuel,1917.23
C00710,Groceries,6656.27
C00710,Healthcare,44683.29
C00710,Online Shopping,32365.920000000002
C00710,Travel,110169.08
C00711,Bills & Utilities,9943.599999999999
C00711,Dining,3235.38
C00711,Electronics,168443.01
C00711,Entertainment,5553.5
C00711,Fashion,32591.8
C00711,Fuel,5570.33
C00711,Groceries,2494.74
C00711,Healthcare,34386.979999999996
C00711,Online Shopping,38192.2
C00711,Travel,36696.12
C00712,Bills & Utilities,16134.880000000001
C00712,Dining,14360.84
C00712,Electronics,332954.43
C00712,Entertainment,4749.11
C00712,Fuel,13087.83
C00712,Groceries,4487.86
C00712,Healthcare,21982.23
C00712,Online Shopping,32868.13
C00712,Travel,36159.76
C00713,Bills & Utilities,28422.0
C00713,Dining,6026.28
C00713,Electronics,126944.8
C00713,Entertainment,3717.36
C00713,Fashion,11042.36
C00713,Fuel,4289.44
C00713,Groceries,6792.12
C00713,Healthcare,65353.99
C00713,Online Shopping,13026.670000000002
C00713,Travel,56595.74
C00714,Bills & Utilities,10351.32
C00714,Dining,5802.73
C00714,Electronics,150262.73
C00714,Entertainment,4485.5199999999995
C00714,Fashion,11263.09
C00714,Fuel,13320.55
C00714,Groceries,7209.14
C00714,Healthcare,60977.82
C00714,Online Shopping,45432.04
C00714,Travel,157567.7
C00715,Bills & Utilities,4735.52
C00715,Dining,4503.21
C00715,Electronics,193932.11
C00715,Entertainment,4533.68
C00715,Fashion,36686.14
C00715,Fuel,8053.42
C00715,Groceries,8588.0
C00715,Healthcare,73585.86
C00715,Online Shopping,46683.66
C00715,Travel,29250.940000000002
C00716,Bills & Utilities,12544.72
C00716,Dining,9113.16
C00716,Electronics,32528.49
C00716,Entertainment,1827.33
C00716,Fashion,36033.62
C00716,Fuel,14341.029999999999
C00716,Groceries,2955.52
C00716,Healthcare,33767.45
C00716,Online Shopping,36556.83
C00716,Travel,57026.310000000005
C00717,Bills & Utilities,19238.09
C00717,Dining,1569.74
C00717,Electronics,173309.6
C00717,Entertainment,3918.3500000000004
C00717,Fashion,38066.16
C00717,Fuel,10662.93
C00717,Groceries,5937.0599999999995
C00717,Healthcare,15350.82
C00717,Online Shopping,15170.439999999999
C00717,Travel,68864.89
C00718,Bills & Utilities,2188.33
C00718,Dining,1629.81
C00718,Electronics,66294.58
C00718,Entertainment,2903.84
C00718,Fashion,37766.93
C00718,Fuel,2419.84
C00718,Groceries,3947.26
C00718,Healthcare,8963.04
C00718,Online Shopping,64707.96
C00718,Travel,71062.86
C00719,Bills & Utilities,7650.22
C00719,Dining,2162.06
C00719,Electronics,146493.66
C00719,Entertainment,2816.27
C00719,Fashion,42604.42
C00719,Fuel,10608.41
C00719,Groceries,14809.51
C00719,Healthcare,29318.170000000002
C00719,Online Shopping,10535.32
C00719,Travel,163451.07
C00720,Bills & Utilities,5375.83
C00720,Dining,2297.51
C00720,Electronics,201889.84
C00720,Entertainment,2933.89
C00720,Fashion,51093.07
C00720,Fuel,3856.9300000000003
C00720,Groceries,2036.24
C00720,Healthcare,47667.05
C00720,Online Shopping,18360.53
C00720,Travel,59595.729999999996
C00721,Bills & Utilities,8442.310000000001
C00721,Dining,2987.29
C00721,Electronics,124157.91
C00721,Entertainment,7357.19
C00721,Fashion,6913.66
C00721,Fuel,2490.35
C00721,Groceries,6812.3099999999995
C00721,Healthcare,69733.23000000001
C00721,Online Shopping,23912.68
C00721,Travel,131403.22
C00722,Bills & Utilities,20517.16
C00722,Electronics,200132.16999999998
C00722,Entertainment,7726.3099999999995
C00722,Fashion,10910.81
C00722,Fuel,2290.73
C00722,Groceries,5203.28
C00722,Healthcare,7496.26
C00722,Travel,123323.32999999999
C00723,Bills & Utilities,24472.739999999998
C00723,Dining,6367.9
C00723,Electronics,81689.84
C00723,Entertainment,955.75
C00723,Fuel,9008.61
C00723,Groceries,7407.15
C00723,Online Shopping,6275.03
C00723,Travel,67033.49
C00724,Bills & Utilities,15977.18
C00724,Dining,160.48
C00724,Electronics,174730.19
C00724,Entertainment,5586.71
C00724,Fuel,7775.41
C00724,Groceries,3018.37
C00724,Healthcare,34304.479999999996
C00724,Online Shopping,20506.05
C00724,Travel,37235.02
C00725,Bills & Utilities,18303.68
C00725,Dining,968.19
C00725,Electronics,274526.96
C00725,Entertainment,6012.61
C00725,Fashion,31045.14
C00725,Fuel,9017.07
C00725,Groceries,495.24
C00725,Healthcare,87739.81
C00725,Online Shopping,43304.94
C00726,Bills & Utilities,10329.19
C00726,Dining,8284.43
C00726,Electronics,191554.52000000002
C00726,Entertainment,3077.66
C00726,Fashion,18400.54
C00726,Fuel,8782.61
C00726,Groceries,9579.84
C00726,Healthcare,13349.47
C00726,Online Shopping,67953.91
C00726,Travel,42257.3
C00727,Electronics,37403.86
C00727,Entertainment,1600.39
C00727,Fashion,28276.7
C00727,Fuel,7680.79
C00727,Groceries,7943.92
C00727,Healthcare,51700.869999999995
C00727,Online Shopping,2460.54
C00727,Travel,67354.35
C00728,Bills & Utilities,22892.21
C00728,Dining,4778.13
C00728,Electronics,162270.52
C00728,Entertainment,17600.78
C00728,Fashion,34864.84
C00728,Fuel,9350.38
C00728,Groceries,4334.64
C00728,Healthcare,16447.88
C00728,Online Shopping,51680.439999999995
C00728,Travel,128453.86
C00729,Bills & Utilities,16350.73
C00729,Dining,5479.38
C00729,Entertainment,4346.41
C00729,Fashion,20067.879999999997
C00729,Fuel,2881.1
C00729,Groceries,1295.57
C00729,Healthcare,41176.67
C00729,Travel,47272.79
C00730,Bills & Utilities,15407.48
C00730,Dining,10094.56
C00730,Electronics,85869.6
C00730,Entertainment,5264.12
C00730,Fashion,47868.05
C00730,Fuel,5767.46
C00730,Groceries,5613.1
C00730,Healthcare,29580.61
C00730,Online Shopping,49133.6
C00730,Travel,110799.66
C00731,Bills & Utilities,13618.5
C00731,Dining,1060.17
C00731,Electronics,136295.58000000002
C00731,Entertainment,9323.0
C00731,Fashion,32100.36
C00731,Fuel,7231.11
C00731,Groceries,2175.6
C00731,Healthcare,43270.71
C00731,Online Shopping,39695.17
C00731,Travel,132444.82
C00732,Bills & Utilities,7689.43
C00732,Dining,5802.67
C00732,Electronics,106667.73999999999
C00732,Entertainment,9920.06
C00732,Fashion,11231.42
C00732,Fuel,9910.17
C00732,Groceries,8728.58
C00732,Healthcare,55429.43
C00732,Online Shopping,32834.22
C00732,Travel,62908.21
C00733,Bills & Utilities,7990.1900000000005
C00733,Dining,3189.9300000000003
C00733,Electronics,230854.9
C00733,Entertainment,12694.89
C00733,Fashion,20950.47
C00733,Fuel,2480.54
C00733,Groceries,7385.78
C00733,Healthcare,58768.38
C00733,Travel,45763.68
C00734,Bills & Utilities,12227.49
C00734,Dining,547.64
C00734,Electronics,39432.96
C00734,Entertainment,5772.610000000001
C00734,Fashion,39512.55
C00734,Fuel,12245.55
C00734,Groceries,9382.26
C00734,Healthcare,28406.329999999998
C00734,Online Shopping,41513.64
C00734,Travel,11894.41
C00735,Bills & Utilities,10536.18
C00735,Dining,2874.56
C00735,Electronics,168591.38
C00735,Entertainment,5877.9800000000005
C00735,Fashion,20386.83
C00735,Fuel,4463.66
C00735,Healthcare,53562.03
C00735,Online Shopping,47749.78
C00735,Travel,33382.25
C00736,Bills & Utilities,12938.93
C00736,Dining,3916.12
C00736,Electronics,108032.72
C00736,Entertainment,5488.71
C00736,Fashion,573.4
C00736,Fuel,3678.72
C00736,Groceries,1053.21
C00736,Healthcare,67245.1
C00736,Online Shopping,45599.41
C00736,Travel,8301.31
C00737,Bills & Utilities,14714.26
C00737,Dining,1918.9099999999999
C00737,Electronics,123518.79999999999
C00737,Entertainment,5351.2
C00737,Fashion,48177.64
C00737,Fuel,7666.09
C00737,Groceries,3214.81
C00737,Healthcare,28388.190000000002
C00737,Online Shopping,37926.399999999994
C00737,Travel,63330.979999999996
C00738,Bills & Utilities,16226.470000000001
C00738,Dining,5889.23
C00738,Electronics,54389.54000000001
C00738,Entertainment,3771.71
C00738,Fashion,31959.3
C00738,Fuel,10930.31
C00738,Groceries,6831.43
C00738,Healthcare,69392.86
C00738,Online Shopping,39147.89
C00738,Travel,54538.4
C00739,Bills & Utilities,1077.27
C00739,Dining,3347.32
C00739,Electronics,98127.21
C00739,Entertainment,4522.22
C00739,Fashion,21424.54
C00739,Fuel,9872.79
C00739,Groceries,7459.290000000001
C00739,Healthcare,20112.989999999998
C00739,Online Shopping,70104.7
C00739,Travel,34195.84
C00740,Bills & Utilities,21339.59
C00740,Dining,5087.65
C00740,Electronics,115291.25
C00740,Entertainment,4441.33
C00740,Fashion,25845.64
C00740,Fuel,10991.63
C00740,Groceries,1355.11
C00740,Healthcare,25283.78
C00740,Online Shopping,29470.07
C00740,Travel,79712.0
C00741,Bills & Utilities,7901.7
C00741,Dining,9398.47
C00741,Electronics,107832.48999999999
C00741,Entertainment,12622.91
C00741,Fashion,31177.47
C00741,Fuel,14821.91
C00741,Groceries,11815.58
C00741,Healthcare,22150.1
C00741,Online Shopping,27428.440000000002
C00741,Travel,110594.11
C00742,Bills & Utilities,26171.55
C00742,Dining,6288.5
C00742,Electronics,205006.18
C00742,Entertainment,12583.75
C00742,Fashion,54300.93
C00742,Fuel,4602.96
C00742,Groceries,8194.43
C00742,Healthcare,9391.119999999999
C00742,Online Shopping,36932.77
C00742,Travel,37535.35
C00743,Dining,11567.49
C00743,Electronics,7252.76
C00743,Entertainment,4631.6
C00743,Fashion,48621.28
C00743,Fuel,8908.9
C00743,Groceries,13110.939999999999
C00743,Healthcare,68904.08
C00743,Online Shopping,27290.6
C00743,Travel,122532.31
C00744,Bills & Utilities,37096.82
C00744,Dining,6584.1
C00744,Electronics,44692.14
C00744,Entertainment,2679.41
C00744,Fashion,23738.86
C00744,Fuel,10686.74
C00744,Groceries,10743.03
C00744,Healthcare,19389.89
C00744,Online Shopping,57087.24
C00744,Travel,80063.63
C00745,Bills & Utilities,10310.52
C00745,Dining,6160.4400000000005
C00745,Electronics,163156.91
C00745,Entertainment,7679.88
C00745,Fashion,11673.400000000001
C00745,Fuel,10414.09
C00745,Groceries,7075.82
C00745,Healthcare,26351.04
C00745,Online Shopping,30715.59
C00745,Travel,73999.60999999999
C00746,Bills & Utilities,10758.4
C00746,Dining,3567.59
C00746,Electronics,162950.28
C00746,Entertainment,7439.469999999999
C00746,Fashion,26315.93
C00746,Fuel,10757.51
C00746,Groceries,5216.389999999999
C00746,Healthcare,52963.73
C00746,Online Shopping,20803.04
C00746,Travel,143571.58
C00747,Bills & Utilities,16686.91
C00747,Dining,7659.8099999999995
C00747,Electronics,126360.64
C00747,Entertainment,4465.42
C00747,Fashion,24096.29
C00747,Fuel,16158.57
C00747,Groceries,9596.17
C00747,Healthcare,15759.42
C00747,Online Shopping,47068.38
C00747,Travel,65498.08
C00748,Bills & Utilities,4216.63
C00748,Dining,5677.62
C00748,Electronics,64733.68000000001
C00748,Entertainment,9362.61
C00748,Fashion,24461.14
C00748,Fuel,12228.029999999999
C00748,Groceries,9016.86
C00748,Healthcare,45986.119999999995
C00748,Online Shopping,43166.43
C00748,Travel,133299.23
C00749,Bills & Utilities,18137.99
C00749,Dining,1670.85
C00749,Electronics,35999.57
C00749,Entertainment,6007.0
C00749,Fashion,12053.45
C00749,Fuel,4565.25
C00749,Groceries,10305.21
C00749,Healthcare,11127.22
C00749,Online Shopping,17680.46
C00749,Travel,85671.85
C00750,Bills & Utilities,33393.770000000004
C00750,Dining,4944.59
C00750,Fashion,52278.78
C00750,Fuel,7183.29
C00750,Groceries,1101.49
C00750,Healthcare,12116.56
C00750,Online Shopping,69961.17
C00750,Travel,54587.03
C00751,Bills & Utilities,14746.89
C00751,Dining,3864.59
C00751,Electronics,224790.2
C00751,Entertainment,5656.360000000001
C00751,Fashion,10450.49
C00751,Fuel,5568.82
C00751,Groceries,10842.1
C00751,Healthcare,32710.78
C00751,Online Shopping,49916.26
C00751,Travel,80204.02
C00752,Bills & Utilities,20278.010000000002
C00752,Dining,7755.06
C00752,Electronics,118489.29
C00752,Entertainment,4289.34
C00752,Fashion,32493.07
C00752,Fuel,8464.5
C00752,Groceries,7141.22
C00752,Healthcare,37104.270000000004
C00752,Online Shopping,38815.67
C00752,Travel,32189.559999999998
C00753,Bills & Utilities,20284.059999999998
C00753,Dining,1196.12
C00753,Entertainment,4064.8099999999995
C00753,Fashion,21231.5
C00753,Fuel,4164.07
C00753,Groceries,10407.53
C00753,Healthcare,30246.21
C00753,Online Shopping,40751.24
C00753,Travel,22906.05
C00754,Dining,4883.25
C00754,Electronics,145016.43
C00754,Entertainment,8785.24
C00754,Fashion,32791.43
C00754,Fuel,3912.25
C00754,Groceries,8116.879999999999
C00754,Healthcare,21737.98
C00754,Online Shopping,20503.03
C00754,Travel,33466.61
C00755,Bills & Utilities,17576.83
C00755,Dining,5350.12
C00755,Electronics,81826.25
C00755,Entertainment,12103.99
C00755,Fashion,19605.38
C00755,Fuel,9819.92
C00755,Groceries,2674.99
C00755,Healthcare,41964.57
C00755,Online Shopping,4699.03
C00755,Travel,134495.74
C00756,Bills & Utilities,19187.27
C00756,Dining,5912.35
C00756,Electronics,179026.97
C00756,Entertainment,6658.45
C00756,Fashion,25146.55
C00756,Fuel,7527.22
C00756,Groceries,225.43
C00756,Healthcare,60068.87
C00756,Online Shopping,42961.56
C00756,Travel,125439.5
C00757,Bills & Utilities,11698.689999999999
C00757,Dining,4447.88
C00757,Electronics,26604.309999999998
C00757,Entertainment,3778.8100000000004
C00757,Fashion,30651.48
C00757,Fuel,6017.49
C00757,Groceries,2993.19
C00757,Healthcare,29480.480000000003
C00757,Online Shopping,68102.08
C00757,Travel,116542.87
C00758,Bills & Utilities,18615.93
C00758,Dining,5035.0
C00758,Electronics,154556.82
C00758,Entertainment,10980.83
C00758,Fashion,28108.7
C00758,Fuel,5158.27
C00758,Groceries,6960.3
C00758,Healthcare,55696.64
C00758,Online Shopping,85370.0
C00758,Travel,177368.56
C00759,Bills & Utilities,3675.01
C00759,Dining,5569.87
C00759,Electronics,78475.7
C00759,Entertainment,12048.630000000001
C00759,Fashion,6570.610000000001
C00759,Fuel,6032.07
C00759,Groceries,2715.59
C00759,Healthcare,27117.59
C00759,Online Shopping,21814.41
C00759,Travel,133756.9
C00760,Bills & Utilities,16305.65
C00760,Dining,7364.4400000000005
C00760,Electronics,72069.81
C00760,Entertainment,3941.54
C00760,Fashion,26074.11
C00760,Fuel,985.42
C00760,Groceries,6082.69
C00760,Healthcare,27261.86
C00760,Online Shopping,30995.5
C00760,Travel,68535.86
C00761,Dining,2897.87
C00761,Electronics,236578.5
C00761,Entertainment,315.97
C00761,Fashion,30597.84
C00761,Fuel,17199.22
C00761,Groceries,300.42
C00761,Healthcare,15649.97
C00761,Online Shopping,44174.21
C00761,Travel,66139.97
C00762,Bills & Utilities,1509.63
C00762,Dining,8700.68
C00762,Electronics,96756.44
C00762,Entertainment,4656.6900000000005
C00762,Fashion,2169.83
C00762,Fuel,5880.7
C00762,Groceries,4675.57
C00762,Healthcare,15930.49
C00762,Online Shopping,14712.26
C00762,Travel,41752.72
C00763,Bills & Utilities,4265.74
C00763,Dining,11172.65
C00763,Electronics,85030.45
C00763,Entertainment,4516.110000000001
C00763,Fashion,15720.51
C00763,Fuel,7512.84
C00763,Groceries,4696.3
C00763,Healthcare,31994.71
C00763,Online Shopping,38131.99
C00763,Travel,18693.11
C00764,Bills & Utilities,20196.600000000002
C00764,Dining,2285.21
C00764,Electronics,105131.86
C00764,Entertainment,4845.08
C00764,Fashion,21498.14
C00764,Fuel,7622.72
C00764,Groceries,9199.529999999999
C00764,Healthcare,18204.16
C00764,Online Shopping,60865.07
C00764,Travel,18825.25
C00765,Bills & Utilities,7369.0
C00765,Dining,6086.0
C00765,Electronics,67375.95
C00765,Entertainment,2418.58
C00765,Fashion,13110.58
C00765,Fuel,3343.59
C00765,Groceries,2913.5
C00765,Healthcare,68287.82
C00765,Online Shopping,36334.79
C00765,Travel,48919.66
C00766,Dining,9238.56
C00766,Electronics,59929.57
C00766,Entertainment,5073.26
C00766,Fashion,50689.0
C00766,Fuel,1133.88
C00766,Groceries,8589.03
C00766,Healthcare,33948.41
C00766,Online Shopping,77141.26000000001
C00766,Travel,132659.51
C00767,Bills & Utilities,17241.41
C00767,Dining,414.94
C00767,Electronics,97672.36
C00767,Entertainment,6568.0599999999995
C00767,Fashion,11932.970000000001
C00767,Fuel,6826.76
C00767,Groceries,7233.030000000001
C00767,Healthcare,25594.440000000002
C00767,Online Shopping,21849.28
C00767,Travel,98831.93000000001
C00768,Bills & Utilities,24036.7
C00768,Dining,6880.66
C00768,Electronics,97055.63
C00768,Entertainment,5906.889999999999
C00768,Fashion,23029.67
C00768,Fuel,11886.26
C00768,Groceries,1556.07
C00768,Healthcare,35669.67
C00768,Online Shopping,88735.67
C00768,Travel,52135.66
C00769,Bills & Utilities,4465.1
C00769,Dining,1923.9299999999998
C00769,Electronics,66545.49
C00769,Entertainment,7993.67
C00769,Fashion,24724.22
C00769,Fuel,6176.54
C00769,Groceries,3829.49
C00769,Healthcare,2447.16
C00769,Online Shopping,39839.61
C00769,Travel,66294.82
C00770,Bills & Utilities,1169.14
C00770,Dining,834.57
C00770,Electronics,41114.689999999995
C00770,Entertainment,5613.39
C00770,Fashion,6709.45
C00770,Fuel,16940.37
C00770,Groceries,6886.22
C00770,Healthcare,28367.100000000002
C00770,Online Shopping,13587.28
C00770,Travel,38385.28
C00771,Bills & Utilities,2295.88
C00771,Dining,2476.17
C00771,Electronics,123785.79000000001
C00771,Entertainment,3724.92
C00771,Fashion,3517.74
C00771,Fuel,1708.37
C00771,Groceries,2229.0
C00771,Healthcare,7919.539999999999
C00771,Online Shopping,47626.03999999999
C00771,Travel,26542.08
C00772,Bills & Utilities,16635.07
C00772,Dining,6778.92
C00772,Electronics,95225.65
C00772,Entertainment,2519.73
C00772,Fashion,14310.800000000001
C00772,Fuel,4258.09
C00772,Groceries,17361.61
C00772,Healthcare,39100.33
C00772,Online Shopping,12664.96
C00772,Travel,92020.19
C00773,Bills & Utilities,20518.38
C00773,Dining,8144.73
C00773,Electronics,37478.07
C00773,Entertainment,9637.54
C00773,Fashion,12115.24
C00773,Fuel,13315.529999999999
C00773,Groceries,4822.5599999999995
C00773,Healthcare,4164.81
C00773,Online Shopping,31862.82
C00773,Travel,99083.51
C00774,Bills & Utilities,7854.620000000001
C00774,Dining,1767.21
C00774,Electronics,60433.39
C00774,Entertainment,2418.05
C00774,Fashion,36237.04
C00774,Fuel,9889.63
C00774,Groceries,11086.8
C00774,Healthcare,24582.09
C00774,Online Shopping,31042.97
C00774,Travel,44538.85
C00775,Bills & Utilities,7299.360000000001
C00775,Dining,2635.07
C00775,Electronics,35609.950000000004
C00775,Entertainment,7581.62
C00775,Fashion,37197.15
C00775,Fuel,3245.59
C00775,Groceries,1826.3100000000002
C00775,Healthcare,44603.770000000004
C00775,Online Shopping,21748.29
C00775,Travel,22602.34
C00776,Bills & Utilities,24473.72
C00776,Dining,5039.24
C00776,Electronics,213249.34
C00776,Entertainment,6796.959999999999
C00776,Fashion,29680.54
C00776,Fuel,9884.619999999999
C00776,Groceries,7105.13
C00776,Healthcare,23141.64
C00776,Online Shopping,27770.66
C00776,Travel,137141.01
C00777,Bills & Utilities,15121.26
C00777,Dining,3225.71
C00777,Electronics,31313.39
C00777,Fashion,53562.03
C00777,Fuel,6956.96
C00777,Groceries,8853.01
C00777,Healthcare,50089.84
C00777,Online Shopping,56742.56
C00777,Travel,22107.44
C00778,Bills & Utilities,18778.98
C00778,Dining,4856.82
C00778,Electronics,73165.70999999999
C00778,Entertainment,4673.68
C00778,Fashion,1864.98
C00778,Fuel,4237.95
C00778,Groceries,4976.83
C00778,Healthcare,41582.479999999996
C00778,Online Shopping,44127.19
C00778,Travel,86959.41
C00779,Bills & Utilities,10924.29
C00779,Dining,5023.57
C00779,Entertainment,5794.1
C00779,Fashion,28120.47
C00779,Fuel,1865.96
C00779,Groceries,6715.58
C00779,Healthcare,22560.489999999998
C00779,Online Shopping,22345.68
C00779,Travel,140364.97
C00780,Bills & Utilities,10391.539999999999
C00780,Dining,11475.73
C00780,Electronics,93872.37
C00780,Entertainment,2622.8199999999997
C00780,Fashion,22523.43
C00780,Fuel,5838.16
C00780,Groceries,5336.38
C00780,Healthcare,21346.850000000002
C00780,Online Shopping,65752.89
C00780,Travel,24757.68
C00781,Bills & Utilities,21397.7
C00781,Dining,7430.37
C00781,Electronics,161103.11000000002
C00781,Entertainment,4340.09
C00781,Fashion,40323.45
C00781,Fuel,4761.5
C00781,Groceries,2846.37
C00781,Healthcare,66395.36
C00781,Travel,105631.31
C00782,Bills & Utilities,10100.279999999999
C00782,Dining,13469.96
C00782,Electronics,43629.899999999994
C00782,Entertainment,6614.03
C00782,Fashion,28476.29
C00782,Fuel,5921.23
C00782,Groceries,9365.82
C00782,Healthcare,19992.56
C00782,Online Shopping,22397.27
C00782,Travel,126685.89
C00783,Bills & Utilities,19856.989999999998
C00783,Dining,3631.82
C00783,Electronics,132442.08
C00783,Entertainment,8227.49
C00783,Fashion,23205.73
C00783,Fuel,5082.16
C00783,Groceries,7988.259999999999
C00783,Healthcare,30564.050000000003
C00783,Online Shopping,44748.94
C00783,Travel,38371.49
C00784,Bills & Utilities,6272.94
C00784,Dining,3806.9300000000003
C00784,Electronics,113791.59
C00784,Entertainment,1796.4499999999998
C00784,Fashion,24562.67
C00784,Fuel,10965.91
C00784,Groceries,11421.81
C00784,Healthcare,12795.86
C00784,Online Shopping,41807.03
C00784,Travel,62282.88
C00785,Bills & Utilities,14302.33
C00785,Electronics,48918.44
C00785,Entertainment,4782.84
C00785,Fashion,16106.06
C00785,Fuel,9389.98
C00785,Groceries,3410.83
C00785,Healthcare,55805.56
C00785,Online Shopping,57539.97
C00785,Travel,29114.969999999998
C00786,Bills & Utilities,18677.38
C00786,Dining,4688.96
C00786,Electronics,17294.2
C00786,Entertainment,11709.970000000001
C00786,Fashion,4561.75
C00786,Fuel,6637.3
C00786,Groceries,2972.2200000000003
C00786,Healthcare,42542.63
C00786,Online Shopping,25158.870000000003
C00786,Travel,111982.15000000001
C00787,Bills & Utilities,22240.16
C00787,Dining,1016.76
C00787,Electronics,130273.5
C00787,Entertainment,2666.0699999999997
C00787,Fuel,6772.59
C00787,Groceries,4148.89
C00787,Healthcare,32527.89
C00787,Online Shopping,7900.58
C00787,Travel,71648.0
C00788,Bills & Utilities,26913.36
C00788,Dining,3538.1499999999996
C00788,Electronics,86189.01999999999
C00788,Entertainment,10286.689999999999
C00788,Fashion,10202.82
C00788,Fuel,14472.55
C00788,Groceries,7438.74
C00788,Healthcare,18432.53
C00788,Online Shopping,50959.17
C00788,Travel,28272.39
C00789,Bills & Utilities,6414.42
C00789,Dining,4842.38
C00789,Electronics,109888.55
C00789,Entertainment,1103.2
C00789,Fashion,29267.54
C00789,Fuel,10838.42
C00789,Groceries,5576.04
C00789,Healthcare,60391.07
C00789,Online Shopping,22917.28
C00789,Travel,66065.1
C00790,Bills & Utilities,8619.06
C00790,Dining,4631.2
C00790,Electronics,146071.89
C00790,Entertainment,5449.7
C00790,Fashion,18914.35
C00790,Fuel,903.94
C00790,Groceries,4225.120000000001
C00790,Healthcare,6870.6
C00790,Online Shopping,50286.37
C00790,Travel,67033.99
C00791,Bills & Utilities,18653.309999999998
C00791,Dining,9351.79
C00791,Electronics,237341.04
C00791,Entertainment,3728.67
C00791,Fashion,45382.87
C00791,Fuel,10625.46
C00791,Groceries,4671.639999999999
C00791,Healthcare,79954.29999999999
C00791,Online Shopping,6599.530000000001
C00792,Bills & Utilities,31103.93
C00792,Dining,4117.7300000000005
C00792,Electronics,115335.92
C00792,Entertainment,4770.25
C00792,Fashion,7935.98
C00792,Fuel,10190.33
C00792,Groceries,10285.22
C00792,Healthcare,42854.34
C00792,Online Shopping,3762.91
C00792,Travel,59406.47
C00793,Bills & Utilities,21950.43
C00793,Dining,2928.04
C00793,Electronics,176570.12
C00793,Entertainment,5985.16
C00793,Fashion,8488.810000000001
C00793,Fuel,5392.25
C00793,Groceries,13166.66
C00793,Healthcare,18126.47
C00793,Online Shopping,28186.46
C00793,Travel,95267.98999999999
C00794,Bills & Utilities,15673.560000000001
C00794,Dining,1262.8
C00794,Electronics,218610.41999999998
C00794,Entertainment,2931.13
C00794,Fashion,9958.77
C00794,Fuel,11357.92
C00794,Groceries,4781.66
C00794,Healthcare,65535.340000000004
C00794,Online Shopping,8414.689999999999
C00794,Travel,53720.35
C00795,Bills & Utilities,5633.08
C00795,Dining,2803.7599999999998
C00795,Electronics,79286.81
C00795,Entertainment,3064.14
C00795,Fashion,10287.56
C00795,Fuel,9454.17
C00795,Groceries,5666.12
C00795,Healthcare,17791.670000000002
C00795,Online Shopping,25273.49
C00795,Travel,46045.049999999996
C00796,Bills & Utilities,20155.83
C00796,Dining,2354.3
C00796,Electronics,210933.66999999998
C00796,Entertainment,1278.1399999999999
C00796,Fashion,43535.04
C00796,Fuel,11025.17
C00796,Groceries,3601.22
C00796,Healthcare,18307.030000000002
C00796,Online Shopping,41044.020000000004
C00796,Travel,109119.68000000001
C00797,Bills & Utilities,14332.81
C00797,Dining,4340.29
C00797,Electronics,92796.03
C00797,Entertainment,5601.17
C00797,Fashion,50920.7
C00797,Fuel,14257.3
C00797,Groceries,7816.52
C00797,Healthcare,113863.73
C00797,Online Shopping,30828.08
C00797,Travel,46641.2
C00798,Bills & Utilities,27286.92
C00798,Dining,2746.87
C00798,Electronics,115842.72
C00798,Entertainment,6955.99
C00798,Fashion,34577.21
C00798,Fuel,3009.62
C00798,Groceries,10750.86
C00798,Healthcare,25400.47
C00798,Online Shopping,30346.35
C00798,Travel,69021.14
C00799,Bills & Utilities,19559.03
C00799,Dining,7451.889999999999
C00799,Electronics,99046.75
C00799,Entertainment,5792.03
C00799,Fashion,10539.86
C00799,Fuel,15550.76
C00799,Groceries,10365.23
C00799,Healthcare,82766.20999999999
C00799,Online Shopping,30342.14
C00799,Travel,83438.98999999999
C00800,Bills & Utilities,36534.19
C00800,Dining,1835.29
C00800,Electronics,114744.29000000001
C00800,Entertainment,7621.42
C00800,Fashion,24533.629999999997
C00800,Fuel,6905.23
C00800,Groceries,2494.43
C00800,Healthcare,46198.82
C00800,Online Shopping,64873.2
C00800,Travel,66618.07
C00801,Bills & Utilities,3928.67
C00801,Dining,669.41
C00801,Electronics,21693.42
C00801,Entertainment,5883.82
C00801,Fashion,35376.68
C00801,Fuel,10806.74
C00801,Groceries,3229.94
C00801,Healthcare,16078.36
C00801,Online Shopping,15116.98
C00801,Travel,77440.92
C00802,Bills & Utilities,4745.7699999999995
C00802,Dining,4477.15
C00802,Electronics,41147.17
C00802,Fashion,17467.989999999998
C00802,Fuel,7442.5
C00802,Groceries,5313.24
C00802,Healthcare,30543.940000000002
C00802,Online Shopping,30114.02
C00802,Travel,32487.91
C00803,Bills & Utilities,20138.98
C00803,Dining,1677.29
C00803,Electronics,255226.73
C00803,Entertainment,9220.18
C00803,Fashion,42883.45
C00803,Fuel,12589.49
C00803,Groceries,469.43
C00803,Healthcare,26183.120000000003
C00803,Online Shopping,31603.89
C00803,Travel,63734.11
C00804,Bills & Utilities,15848.2
C00804,Dining,6635.82
C00804,Electronics,121730.66
C00804,Entertainment,3468.41
C00804,Fashion,44398.32
C00804,Fuel,9568.64
C00804,Groceries,2112.18
C00804,Healthcare,87302.02
C00804,Online Shopping,69316.46
C00804,Travel,75195.9
C00805,Bills & Utilities,23140.15
C00805,Dining,3632.37
C00805,Electronics,55686.29
C00805,Entertainment,6577.03
C00805,Fashion,19070.559999999998
C00805,Fuel,7706.049999999999
C00805,Groceries,8654.650000000001
C00805,Healthcare,40020.23
C00805,Online Shopping,76734.39
C00805,Travel,31700.449999999997
C00806,Bills & Utilities,2568.89
C00806,Dining,3976.95
C00806,Electronics,104458.56
C00806,Entertainment,4337.04
C00806,Fashion,19109.78
C00806,Fuel,6803.799999999999
C00806,Groceries,8717.710000000001
C00806,Healthcare,10701.04
C00806,Online Shopping,31791.01
C00806,Travel,26273.2
C00807,Bills & Utilities,25271.48
C00807,Electronics,91110.26
C00807,Entertainment,6601.990000000001
C00807,Fashion,11199.77
C00807,Fuel,8306.96
C00807,Groceries,10459.929999999998
C00807,Healthcare,33810.21
C00807,Online Shopping,45836.36
C00807,Travel,29065.16
C00808,Bills & Utilities,31059.97
C00808,Dining,7011.2699999999995
C00808,Electronics,108710.63
C00808,Fashion,12128.9
C00808,Fuel,20572.7
C00808,Groceries,7217.03
C00808,Healthcare,63831.46
C00808,Online Shopping,97010.7
C00808,Travel,132757.08000000002
C00809,Bills & Utilities,8890.3
C00809,Dining,1324.27
C00809,Electronics,50426.13
C00809,Entertainment,10586.06
C00809,Fashion,50082.37
C00809,Fuel,10914.939999999999
C00809,Groceries,8663.81
C00809,Healthcare,57174.83
C00809,Online Shopping,19272.24
C00809,Travel,87455.78
C00810,Bills & Utilities,21984.8
C00810,Dining,3458.79
C00810,Electronics,154396.45
C00810,Entertainment,1209.87
C00810,Fashion,42174.0
C00810,Fuel,8045.77
C00810,Groceries,2952.8799999999997
C00810,Healthcare,4852.24
C00810,Online Shopping,20305.58
C00810,Travel,16879.15
C00811,Bills & Utilities,4475.91
C00811,Dining,5349.360000000001
C00811,Electronics,191903.0
C00811,Entertainment,3087.5499999999997
C00811,Fashion,8910.18
C00811,Fuel,12422.96
C00811,Groceries,1933.6799999999998
C00811,Healthcare,47088.76
C00811,Online Shopping,42222.25
C00811,Travel,57736.659999999996
C00812,Bills & Utilities,33783.94
C00812,Dining,12701.71
C00812,Electronics,185440.1
C00812,Entertainment,7287.28
C00812,Fashion,36468.799999999996
C00812,Fuel,12365.46
C00812,Groceries,9505.59
C00812,Healthcare,47515.06
C00812,Online Shopping,17253.55
C00812,Travel,65132.95
C00813,Bills & Utilities,7388.26
C00813,Dining,1585.61
C00813,Electronics,84045.33
C00813,Entertainment,8429.27
C00813,Fashion,13932.899999999998
C00813,Fuel,3415.47
C00813,Groceries,4247.78
C00813,Healthcare,23572.77
C00813,Online Shopping,19443.6
C00813,Travel,165628.51
C00814,Bills & Utilities,9115.65
C00814,Dining,749.31
C00814,Electronics,221883.96
C00814,Entertainment,7734.43
C00814,Fashion,18449.33
C00814,Fuel,2805.83
C00814,Groceries,3196.6099999999997
C00814,Healthcare,47994.88
C00814,Online Shopping,33028.86
C00814,Travel,39026.04
C00815,Bills & Utilities,18872.22
C00815,Dining,12151.43
C00815,Electronics,43715.85
C00815,Entertainment,1888.53
C00815,Fashion,59560.08
C00815,Fuel,2627.65
C00815,Groceries,6843.61
C00815,Healthcare,101756.8
C00815,Online Shopping,33304.57
C00815,Travel,29784.019999999997
C00816,Bills & Utilities,23350.27
C00816,Dining,9035.51
C00816,Electronics,253647.74
C00816,Entertainment,11976.95
C00816,Fashion,9483.16
C00816,Fuel,9907.39
C00816,Groceries,2667.33
C00816,Healthcare,1152.68
C00816,Online Shopping,23071.5
C00816,Travel,97822.7
C00817,Bills & Utilities,2282.41
C00817,Dining,5528.33
C00817,Electronics,119073.44
C00817,Entertainment,11985.460000000001
C00817,Fashion,31011.32
C00817,Fuel,2986.81
C00817,Groceries,1887.1599999999999
C00817,Healthcare,23998.11
C00817,Online Shopping,51435.13
C00817,Travel,15960.68
C00818,Bills & Utilities,20057.58
C00818,Dining,7729.57
C00818,Electronics,306062.39
C00818,Entertainment,1815.6
C00818,Fashion,26163.06
C00818,Fuel,3626.9700000000003
C00818,Groceries,6724.570000000001
C00818,Online Shopping,4049.61
C00819,Bills & Utilities,19269.88
C00819,Dining,636.88
C00819,Electronics,175304.5
C00819,Entertainment,2598.65
C00819,Fashion,48570.31
C00819,Fuel,7444.22
C00819,Groceries,3560.2000000000003
C00819,Healthcare,32718.85
C00819,Online Shopping,5925.31
C00819,Travel,88877.23999999999
C00820,Bills & Utilities,4477.78
C00820,Electronics,206916.16999999998
C00820,Entertainment,6422.87
C00820,Fashion,32892.48
C00820,Fuel,4322.59
C00820,Groceries,1231.71
C00820,Healthcare,39228.47
C00820,Online Shopping,16494.87
C00820,Travel,8623.73
C00821,Bills & Utilities,28833.620000000003
C00821,Dining,1196.65
C00821,Electronics,231444.26
C00821,Entertainment,8031.0599999999995
C00821,Fashion,54985.340000000004
C00821,Fuel,7715.71
C00821,Groceries,4579.85
C00821,Healthcare,41986.369999999995
C00821,Online Shopping,42301.01
C00821,Travel,46010.4
C00822,Bills & Utilities,2872.99
C00822,Dining,897.77
C00822,Electronics,56963.34
C00822,Entertainment,5049.1
C00822,Fashion,34664.58
C00822,Fuel,8437.35
C00822,Groceries,6253.549999999999
C00822,Healthcare,11812.67
C00822,Online Shopping,41730.77
C00822,Travel,110106.73000000001
C00823,Bills & Utilities,7351.88
C00823,Dining,2781.89
C00823,Electronics,65022.93
C00823,Entertainment,3803.08
C00823,Fashion,43367.77
C00823,Fuel,4621.4400000000005
C00823,Groceries,5581.63
C00823,Healthcare,24518.74
C00823,Online Shopping,50061.09
C00823,Travel,152421.03
C00824,Bills & Utilities,3760.62
C00824,Dining,6126.3099999999995
C00824,Electronics,36034.729999999996
C00824,Entertainment,10966.32
C00824,Fashion,16277.77
C00824,Fuel,11675.73
C00824,Groceries,3293.8
C00824,Healthcare,46928.590000000004
C00824,Online Shopping,21052.63
C00824,Travel,32874.909999999996
C00825,Bills & Utilities,13500.59
C00825,Dining,4666.030000000001
C00825,Electronics,153565.52
C00825,Entertainment,3749.86
C00825,Fashion,7575.45
C00825,Fuel,7554.0
C00825,Groceries,2957.49
C00825,Healthcare,21372.559999999998
C00825,Online Shopping,14828.18
C00825,Travel,131260.49
C00826,Bills & Utilities,5148.18
C00826,Dining,3061.2
C00826,Electronics,211293.99
C00826,Entertainment,1900.1000000000001
C00826,Fashion,70013.53
C00826,Fuel,12336.57
C00826,Groceries,5329.84
C00826,Healthcare,33113.56
C00826,Online Shopping,5451.4
C00826,Travel,107723.85
C00827,Bills & Utilities,13363.74
C00827,Electronics,66114.29
C00827,Entertainment,10142.29
C00827,Fashion,13618.3
C00827,Fuel,3768.82
C00827,Groceries,7313.5
C00827,Healthcare,25163.559999999998
C00827,Online Shopping,75702.01999999999
C00827,Travel,164794.11
C00828,Bills & Utilities,10814.27
C00828,Dining,3586.5600000000004
C00828,Electronics,160016.16
C00828,Entertainment,7968.199999999999
C00828,Fashion,72726.53
C00828,Fuel,9679.68
C00828,Groceries,9061.42
C00828,Healthcare,52668.17
C00828,Online Shopping,84413.73
C00828,Travel,88582.08
C00829,Bills & Utilities,30486.420000000002
C00829,Dining,7275.43
C00829,Electronics,206969.4
C00829,Entertainment,5216.72
C00829,Fashion,38154.0
C00829,Fuel,8581.12
C00829,Groceries,8358.76
C00829,Healthcare,26355.14
C00829,Travel,166857.46
C00830,Bills & Utilities,9357.72
C00830,Dining,4567.34
C00830,Electronics,81749.38
C00830,Entertainment,6177.17
C00830,Fashion,14940.15
C00830,Fuel,5225.17
C00830,Groceries,6302.02
C00830,Healthcare,6980.41
C00830,Online Shopping,26792.53
C00830,Travel,77486.22
C00831,Bills & Utilities,8755.550000000001
C00831,Dining,3296.27
C00831,Electronics,84953.63
C00831,Entertainment,11009.67
C00831,Fashion,24118.71
C00831,Fuel,9776.93
C00831,Groceries,253.72
C00831,Healthcare,6584.8
C00831,Online Shopping,69740.14
C00831,Travel,87607.62
C00832,Bills & Utilities,13232.07
C00832,Dining,3045.58
C00832,Electronics,46895.42
C00832,Entertainment,11215.3
C00832,Fashion,18538.8
C00832,Fuel,3685.01
C00832,Groceries,2391.13
C00832,Healthcare,21725.879999999997
C00832,Online Shopping,7191.68
C00832,Travel,43817.81
C00833,Bills & Utilities,5823.36
C00833,Dining,1917.5900000000001
C00833,Electronics,4184.59
C00833,Entertainment,6590.110000000001
C00833,Fashion,28480.739999999998
C00833,Fuel,7162.4800000000005
C00833,Groceries,3859.74
C00833,Healthcare,26654.86
C00833,Online Shopping,9880.8
C00833,Travel,54264.880000000005
C00834,Bills & Utilities,10268.0
C00834,Dining,2637.8799999999997
C00834,Electronics,214245.08000000002
C00834,Entertainment,2988.2
C00834,Fashion,3491.88
C00834,Fuel,8692.99
C00834,Groceries,5239.75
C00834,Healthcare,27948.96
C00834,Online Shopping,8495.94
C00834,Travel,56701.799999999996
C00835,Bills & Utilities,5565.41
C00835,Dining,3882.12
C00835,Electronics,133704.13
C00835,Entertainment,6643.219999999999
C00835,Fashion,42783.41
C00835,Fuel,7739.68
C00835,Groceries,5627.09
C00835,Healthcare,16233.89
C00835,Online Shopping,41675.119999999995
C00835,Travel,53678.99
C00836,Bills & Utilities,26277.24
C00836,Dining,6947.620000000001
C00836,Electronics,152364.32
C00836,Entertainment,6658.83
C00836,Fashion,31702.42
C00836,Fuel,10046.31
C00836,Groceries,6011.61
C00836,Healthcare,7681.13
C00836,Online Shopping,33162.75
C00836,Travel,116229.11
C00837,Bills & Utilities,3917.02
C00837,Dining,7640.09
C00837,Electronics,115418.2
C00837,Entertainment,2010.79
C00837,Fashion,28180.2
C00837,Fuel,15980.58
C00837,Groceries,3780.4300000000003
C00837,Healthcare,42851.29
C00837,Online Shopping,151190.41999999998
C00837,Travel,101296.88
C00838,Bills & Utilities,21500.68
C00838,Dining,4982.24
C00838,Electronics,150724.15
C00838,Entertainment,4052.6400000000003
C00838,Fashion,29116.41
C00838,Fuel,8744.82
C00838,Groceries,4682.09
C00838,Healthcare,4964.93
C00838,Travel,54976.35
C00839,Bills & Utilities,3958.73
C00839,Dining,279.48
C00839,Electronics,222404.56
C00839,Entertainment,5832.07
C00839,Fashion,14093.59
C00839,Fuel,8733.28
C00839,Groceries,9119.93
C00839,Healthcare,14253.14
C00839,Online Shopping,42505.32
C00839,Travel,36676.36
C00840,Bills & Utilities,9187.79
C00840,Dining,2574.59
C00840,Electronics,127738.64
C00840,Entertainment,5555.51
C00840,Fashion,27908.49
C00840,Fuel,8283.98
C00840,Groceries,9929.57
C00840,Healthcare,3266.45
C00840,Online Shopping,24808.79
C00840,Travel,11990.59
C00841,Bills & Utilities,19375.86
C00841,Dining,4284.27
C00841,Electronics,64069.44
C00841,Entertainment,5782.75
C00841,Fashion,19249.71
C00841,Fuel,4505.780000000001
C00841,Groceries,7471.820000000001
C00841,Healthcare,2888.25
C00841,Online Shopping,46948.38
C00841,Travel,198348.63
C00842,Bills & Utilities,11815.83
C00842,Dining,6442.7300000000005
C00842,Electronics,31082.29
C00842,Entertainment,7116.26
C00842,Fashion,39471.020000000004
C00842,Fuel,1096.39
C00842,Groceries,6817.73
C00842,Healthcare,7686.51
C00842,Online Shopping,31352.940000000002
C00842,Travel,45771.979999999996
C00843,Bills & Utilities,44607.95
C00843,Dining,2490.81
C00843,Electronics,115128.23000000001
C00843,Entertainment,9072.29
C00843,Fashion,51263.55
C00843,Fuel,9713.63
C00843,Groceries,15461.43
C00843,Healthcare,40851.78
C00843,Online Shopping,29040.96
C00843,Travel,43882.43
C00844,Dining,9161.13
C00844,Electronics,101654.37
C00844,Entertainment,7175.969999999999
C00844,Fuel,15540.6
C00844,Groceries,5519.3099999999995
C00844,Healthcare,30584.980000000003
C00844,Online Shopping,68083.66
C00844,Travel,94861.61
C00845,Bills & Utilities,9675.09
C00845,Dining,6469.5
C00845,Electronics,57331.719999999994
C00845,Entertainment,15141.77
C00845,Fashion,21223.61
C00845,Fuel,6552.15
C00845,Groceries,2504.98
C00845,Healthcare,27468.129999999997
C00845,Online Shopping,24904.0
C00845,Travel,70123.69
C00846,Bills & Utilities,1214.93
C00846,Dining,5507.54
C00846,Electronics,108183.3
C00846,Entertainment,5673.16
C00846,Fashion,6305.72
C00846,Healthcare,45374.54
C00846,Online Shopping,27523.910000000003
C00846,Travel,82387.75
C00847,Dining,4104.09
C00847,Electronics,34848.78
C00847,Entertainment,1886.29
C00847,Fashion,23539.88
C00847,Fuel,1476.79
C00847,Groceries,1532.06
C00847,Healthcare,31791.48
C00847,Online Shopping,18917.61
C00847,Travel,69034.78
C00848,Bills & Utilities,9013.52
C00848,Dining,5557.92
C00848,Entertainment,5043.42
C00848,Fashion,979.25
C00848,Fuel,10009.74
C00848,Groceries,4230.63
C00848,Healthcare,36584.36
C00848,Online Shopping,26203.73
C00848,Travel,44641.770000000004
C00849,Bills & Utilities,19112.62
C00849,Dining,7902.04
C00849,Electronics,139265.36
C00849,Entertainment,5813.91
C00849,Fashion,9173.35
C00849,Fuel,6060.1900000000005
C00849,Groceries,5836.5599999999995
C00849,Healthcare,42206.21
C00849,Online Shopping,59338.47
C00849,Travel,148562.16999999998
C00850,Bills & Utilities,1383.1
C00850,Dining,5171.24
C00850,Electronics,98390.14
C00850,Entertainment,5592.41
C00850,Fashion,16880.99
C00850,Fuel,3222.64
C00850,Groceries,8748.08
C00850,Healthcare,35911.73
C00850,Online Shopping,31353.59
C00850,Travel,41051.04
C00851,Bills & Utilities,14464.41
C00851,Dining,2000.66
C00851,Electronics,142117.91999999998
C00851,Entertainment,9353.48
C00851,Fashion,49815.42
C00851,Fuel,2692.1400000000003
C00851,Groceries,6159.4400000000005
C00851,Healthcare,45562.78
C00851,Online Shopping,14821.28
C00851,Travel,146468.17
C00852,Bills & Utilities,8451.46
C00852,Dining,6239.72
C00852,Electronics,133843.35
C00852,Entertainment,3833.3199999999997
C00852,Fashion,43011.850000000006
C00852,Fuel,8012.63
C00852,Groceries,4554.04
C00852,Healthcare,20626.37
C00852,Online Shopping,7256.49
C00852,Travel,141731.18
C00853,Bills & Utilities,17037.12
C00853,Dining,4148.65
C00853,Electronics,173513.01
C00853,Entertainment,6522.15
C00853,Fashion,17037.79
C00853,Fuel,10662.74
C00853,Groceries,8337.18
C00853,Healthcare,5682.17
C00853,Online Shopping,3528.33
C00853,Travel,125341.16
C00854,Bills & Utilities,12888.73
C00854,Dining,2423.57
C00854,Electronics,89099.98999999999
C00854,Entertainment,5355.9
C00854,Fashion,43957.4
C00854,Fuel,15875.76
C00854,Groceries,3161.74
C00854,Healthcare,49904.67
C00854,Online Shopping,21921.93
C00854,Travel,9137.2
C00855,Bills & Utilities,15384.82
C00855,Dining,8967.99
C00855,Electronics,56488.259999999995
C00855,Entertainment,1769.64
C00855,Fashion,34246.21
C00855,Fuel,9299.34
C00855,Groceries,8401.81
C00855,Healthcare,46614.29
C00855,Online Shopping,58797.60999999999
C00855,Travel,23427.41
C00856,Bills & Utilities,7683.83
C00856,Dining,5623.68
C00856,Electronics,82552.68999999999
C00856,Entertainment,2940.19
C00856,Fashion,39501.28
C00856,Fuel,4868.57
C00856,Groceries,5982.07
C00856,Healthcare,85619.5
C00856,Online Shopping,71257.12
C00856,Travel,181351.03
C00857,Dining,10999.539999999999
C00857,Electronics,102350.18
C00857,Entertainment,2849.07
C00857,Fashion,51581.45
C00857,Fuel,3732.84
C00857,Groceries,8522.12
C00857,Healthcare,63151.54
C00857,Online Shopping,1623.36
C00857,Travel,74031.92
C00858,Bills & Utilities,12923.9
C00858,Dining,4794.28
C00858,Electronics,30080.07
C00858,Fashion,24525.3
C00858,Fuel,9982.2
C00858,Groceries,4065.02
C00858,Healthcare,34467.29
C00858,Online Shopping,2098.48
C00858,Travel,152342.18
C00859,Bills & Utilities,5161.65
C00859,Dining,4692.7
C00859,Electronics,88384.64
C00859,Entertainment,1110.99
C00859,Fashion,50147.81
C00859,Fuel,6147.32
C00859,Groceries,8218.44
C00859,Healthcare,48800.149999999994
C00859,Online Shopping,15691.0
C00859,Travel,60775.979999999996
C00860,Bills & Utilities,16286.02
C00860,Dining,5363.49
C00860,Electronics,107561.43000000001
C00860,Entertainment,3529.05
C00860,Fashion,15998.779999999999
C00860,Fuel,14858.6
C00860,Groceries,3437.9
C00860,Healthcare,31061.870000000003
C00860,Online Shopping,32087.420000000002
C00860,Travel,67663.62
C00861,Bills & Utilities,29493.600000000002
C00861,Dining,2258.33
C00861,Entertainment,6936.81
C00861,Fashion,18684.57
C00861,Fuel,12820.64
C00861,Groceries,8036.22
C00861,Healthcare,46080.53
C00861,Online Shopping,58661.93
C00861,Travel,34769.12
C00862,Bills & Utilities,16624.96
C00862,Dining,4366.51
C00862,Electronics,164215.91
C00862,Entertainment,7575.57
C00862,Fashion,55961.86
C00862,Fuel,7734.83
C00862,Groceries,4694.84
C00862,Healthcare,59244.39
C00862,Online Shopping,21043.300000000003
C00862,Travel,68612.19
C00863,Bills & Utilities,5284.67
C00863,Dining,6547.83
C00863,Entertainment,5037.75
C00863,Fashion,25856.14
C00863,Fuel,10185.67
C00863,Groceries,10205.619999999999
C00863,Healthcare,62787.16
C00863,Online Shopping,29121.62
C00863,Travel,42563.090000000004
C00864,Bills & Utilities,11507.02
C00864,Dining,3672.5099999999998
C00864,Electronics,91685.25
C00864,Entertainment,8136.46
C00864,Fashion,20497.18
C00864,Fuel,8291.65
C00864,Groceries,7814.33
C00864,Healthcare,31076.84
C00864,Travel,58985.06
C00865,Bills & Utilities,7224.23
C00865,Dining,5760.43
C00865,Electronics,172249.49
C00865,Entertainment,5933.01
C00865,Fashion,40801.29
C00865,Fuel,12044.67
C00865,Groceries,5601.51
C00865,Healthcare,24192.980000000003
C00865,Online Shopping,13221.96
C00865,Travel,132320.3
C00866,Bills & Utilities,17216.91
C00866,Dining,2362.49
C00866,Electronics,49426.85
C00866,Entertainment,1146.84
C00866,Fashion,8720.15
C00866,Fuel,6242.51
C00866,Groceries,1765.48
C00866,Healthcare,59341.94
C00866,Online Shopping,60199.659999999996
C00866,Travel,53925.2
C00867,Dining,6273.9
C00867,Electronics,240177.32
C00867,Entertainment,12140.92
C00867,Fashion,40691.27
C00867,Fuel,15380.83
C00867,Groceries,2975.63
C00867,Healthcare,36076.42
C00867,Online Shopping,25650.89
C00867,Travel,69114.54000000001
C00868,Bills & Utilities,21705.6
C00868,Dining,3341.25
C00868,Electronics,27810.55
C00868,Entertainment,8367.29
C00868,Fashion,784.15
C00868,Fuel,4836.88
C00868,Groceries,10822.15
C00868,Healthcare,47222.83
C00868,Online Shopping,32874.89
C00868,Travel,199079.29
C00869,Bills & Utilities,1173.85
C00869,Dining,6364.6
C00869,Electronics,77736.34
C00869,Entertainment,7130.02
C00869,Fashion,15162.84
C00869,Fuel,5600.860000000001
C00869,Groceries,9365.4
C00869,Healthcare,57646.49
C00869,Travel,139926.28
C00870,Bills & Utilities,15207.48
C00870,Dining,4078.3900000000003
C00870,Entertainment,7313.24
C00870,Fuel,11535.74
C00870,Groceries,5015.67
C00870,Healthcare,36298.73
C00870,Online Shopping,86740.64
C00871,Bills & Utilities,9478.380000000001
C00871,Dining,11240.93
C00871,Electronics,80084.49
C00871,Entertainment,2590.9
C00871,Fashion,15104.29
C00871,Fuel,17850.57
C00871,Groceries,3721.4700000000003
C00871,Healthcare,9880.99
C00871,Online Shopping,44513.07
C00871,Travel,31100.29
C00872,Bills & Utilities,19297.23
C00872,Dining,6210.049999999999
C00872,Electronics,123889.65999999999
C00872,Entertainment,1603.81
C00872,Fashion,23201.06
C00872,Fuel,4913.6
C00872,Groceries,2908.41
C00872,Healthcare,18829.84
C00872,Online Shopping,62239.42
C00872,Travel,143563.03
C00873,Bills & Utilities,11681.14
C00873,Dining,3634.11
C00873,Electronics,128071.17
C00873,Entertainment,5869.8099999999995
C00873,Fashion,34563.94
C00873,Groceries,2771.99
C00873,Online Shopping,71994.81
C00873,Travel,175558.22999999998
C00874,Bills & Utilities,32147.98
C00874,Dining,1134.02
C00874,Electronics,131479.93
C00874,Entertainment,4911.09
C00874,Fashion,28092.54
C00874,Fuel,9581.73
C00874,Groceries,2700.7799999999997
C00874,Healthcare,7643.97
C00874,Online Shopping,56310.020000000004
C00874,Travel,45951.04
C00875,Bills & Utilities,11617.08
C00875,Dining,7727.110000000001
C00875,Electronics,87622.22
C00875,Entertainment,16724.48
C00875,Fashion,33686.9
C00875,Fuel,6786.91
C00875,Groceries,2825.57
C00875,Healthcare,28852.25
C00875,Online Shopping,56561.8
C00875,Travel,86890.93
C00876,Bills & Utilities,15770.75
C00876,Dining,13808.16
C00876,Electronics,218811.82
C00876,Entertainment,4170.5
C00876,Fashion,26801.97
C00876,Fuel,3425.14
C00876,Groceries,2923.01
C00876,Healthcare,72889.29000000001
C00876,Online Shopping,29691.15
C00876,Travel,57311.17
C00877,Bills & Utilities,16579.87
C00877,Dining,4040.18
C00877,Entertainment,7833.85
C00877,Fashion,31315.75
C00877,Fuel,10963.82
C00877,Groceries,1980.27
C00877,Healthcare,26898.29
C00877,Online Shopping,14230.970000000001
C00877,Travel,67736.25
C00878,Bills & Utilities,8585.65
C00878,Dining,6826.0599999999995
C00878,Electronics,42808.32
C00878,Entertainment,1724.56
C00878,Fashion,4825.9
C00878,Fuel,15526.35
C00878,Groceries,9108.7
C00878,Healthcare,27469.38
C00878,Online Shopping,28758.649999999998
C00878,Travel,36922.35
C00879,Bills & Utilities,27733.9
C00879,Dining,6533.6
C00879,Electronics,86920.87
C00879,Entertainment,8361.3
C00879,Fashion,15761.01
C00879,Fuel,7937.110000000001
C00879,Groceries,13167.64
C00879,Healthcare,54931.899999999994
C00879,Online Shopping,33321.81
C00879,Travel,63608.8
C00880,Bills & Utilities,7402.42
C00880,Dining,6301.42
C00880,Electronics,111115.19
C00880,Entertainment,6430.360000000001
C00880,Fashion,14413.71
C00880,Fuel,3050.68
C00880,Groceries,5512.75
C00880,Healthcare,43589.020000000004
C00880,Travel,31401.87
C00881,Bills & Utilities,4722.01
C00881,Dining,589.08
C00881,Electronics,280990.27
C00881,Entertainment,5264.4800000000005
C00881,Fashion,40030.69
C00881,Fuel,3451.83
C00881,Groceries,2290.37
C00881,Healthcare,43577.77
C00881,Online Shopping,25361.48
C00881,Travel,87385.6
C00882,Bills & Utilities,17343.739999999998
C00882,Dining,9290.8
C00882,Electronics,74676.90999999999
C00882,Entertainment,11526.880000000001
C00882,Fashion,16964.29
C00882,Fuel,8422.84
C00882,Groceries,7540.200000000001
C00882,Healthcare,60072.99
C00882,Online Shopping,24339.32
C00882,Travel,21793.14
C00883,Bills & Utilities,12643.07
C00883,Dining,8300.07
C00883,Entertainment,3935.49
C00883,Fashion,19140.12
C00883,Fuel,10643.539999999999
C00883,Groceries,7427.09
C00883,Healthcare,52342.09
C00883,Online Shopping,23594.15
C00883,Travel,118400.94
C00884,Bills & Utilities,3813.41
C00884,Dining,2136.81
C00884,Electronics,125746.83
C00884,Entertainment,2447.56
C00884,Fashion,41275.82
C00884,Fuel,1633.64
C00884,Groceries,10287.15
C00884,Healthcare,20581.88
C00884,Online Shopping,31666.46
C00884,Travel,22102.35
C00885,Bills & Utilities,33288.86
C00885,Dining,2726.07
C00885,Electronics,41094.130000000005
C00885,Entertainment,7053.36
C00885,Fashion,20900.879999999997
C00885,Fuel,5118.84
C00885,Groceries,6802.97
C00885,Healthcare,19508.739999999998
C00885,Online Shopping,42238.28999999999
C00885,Travel,40423.29
C00886,Bills & Utilities,13447.91
C00886,Dining,5346.88
C00886,Electronics,189150.2
C00886,Entertainment,4505.92
C00886,Fashion,17869.32
C00886,Fuel,3691.7
C00886,Groceries,623.01
C00886,Healthcare,19247.46
C00886,Online Shopping,51345.9
C00886,Travel,35047.42
C00887,Bills & Utilities,5087.04
C00887,Dining,986.38
C00887,Electronics,85016.45
C00887,Entertainment,1365.93
C00887,Fashion,34389.3
C00887,Fuel,9302.48
C00887,Groceries,1645.02
C00887,Healthcare,57225.079999999994
C00887,Online Shopping,1997.35
C00887,Travel,48362.14
C00888,Bills & Utilities,5105.21
C00888,Dining,2383.32
C00888,Electronics,236464.19
C00888,Entertainment,5771.99
C00888,Fashion,52323.11
C00888,Fuel,14963.16
C00888,Groceries,12212.7
C00888,Healthcare,29866.75
C00888,Travel,98930.72
C00889,Bills & Utilities,23919.42
C00889,Dining,4784.23
C00889,Electronics,239727.41999999998
C00889,Entertainment,8381.3
C00889,Fashion,23299.489999999998
C00889,Fuel,8920.74
C00889,Groceries,12928.19
C00889,Healthcare,93057.7
C00889,Online Shopping,43112.76
C00889,Travel,100350.18
C00890,Bills & Utilities,25890.41
C00890,Dining,1903.41
C00890,Electronics,107630.29999999999
C00890,Entertainment,7952.77
C00890,Fashion,32797.39
C00890,Fuel,15382.54
C00890,Groceries,6566.280000000001
C00890,Healthcare,43146.97
C00890,Online Shopping,13520.67
C00890,Travel,9762.15
C00891,Bills & Utilities,2036.66
C00891,Dining,8193.46
C00891,Electronics,350822.72
C00891,Entertainment,4196.87
C00891,Fashion,8463.029999999999
C00891,Fuel,4990.31
C00891,Groceries,8858.99
C00891,Online Shopping,69921.62
C00891,Travel,63339.0
C00892,Bills & Utilities,25366.379999999997
C00892,Dining,4489.27
C00892,Entertainment,9502.289999999999
C00892,Fashion,43862.1
C00892,Fuel,4571.34
C00892,Groceries,3080.45
C00892,Healthcare,19211.309999999998
C00892,Online Shopping,24557.35
C00892,Travel,119147.93
C00893,Bills & Utilities,6088.17
C00893,Dining,7637.12
C00893,Electronics,133800.6
C00893,Entertainment,4336.57
C00893,Fashion,57119.96
C00893,Fuel,7309.49
C00893,Groceries,10166.97
C00893,Healthcare,18038.32
C00893,Online Shopping,26501.059999999998
C00893,Travel,32174.399999999998
C00894,Bills & Utilities,5840.62
C00894,Dining,195.67
C00894,Electronics,114048.41
C00894,Entertainment,6251.25
C00894,Fashion,19835.1
C00894,Fuel,10180.869999999999
C00894,Groceries,2627.95
C00894,Healthcare,6563.65
C00894,Online Shopping,10937.68
C00894,Travel,39744.53
C00895,Bills & Utilities,20576.84
C00895,Dining,9669.58
C00895,Electronics,141762.68
C00895,Entertainment,6434.23
C00895,Fashion,44026.770000000004
C00895,Fuel,5005.15
C00895,Groceries,6086.71
C00895,Healthcare,13538.32
C00895,Online Shopping,26270.05
C00895,Travel,83718.11
C00896,Bills & Utilities,13492.869999999999
C00896,Dining,7217.53
C00896,Electronics,83088.16
C00896,Entertainment,5412.3099999999995
C00896,Fashion,54574.18
C00896,Fuel,2134.31
C00896,Groceries,4308.85
C00896,Healthcare,51473.119999999995
C00896,Online Shopping,59286.97
C00896,Travel,94098.63
C00897,Bills & Utilities,26742.64
C00897,Dining,5632.73
C00897,Electronics,155075.33000000002
C00897,Entertainment,8731.61
C00897,Fashion,33357.97
C00897,Fuel,5799.6900000000005
C00897,Groceries,7181.12
C00897,Healthcare,65694.09
C00897,Travel,25193.86
C00898,Bills & Utilities,20520.78
C00898,Dining,6073.780000000001
C00898,Electronics,51861.619999999995
C00898,Entertainment,6973.889999999999
C00898,Fashion,43971.36
C00898,Fuel,7754.37
C00898,Groceries,6517.44
C00898,Healthcare,79024.73
C00898,Online Shopping,12459.32
C00898,Travel,59784.61
C00899,Bills & Utilities,10952.91
C00899,Dining,6270.64
C00899,Electronics,38008.65
C00899,Entertainment,2680.45
C00899,Fashion,56479.61
C00899,Fuel,1054.78
C00899,Groceries,10634.119999999999
C00899,Healthcare,74535.67
C00899,Online Shopping,64340.64
C00899,Travel,192695.87
C00900,Bills & Utilities,15246.420000000002
C00900,Dining,3756.29
C00900,Electronics,111759.23999999999
C00900,Entertainment,8498.199999999999
C00900,Fashion,29295.02
C00900,Fuel,17059.61
C00900,Groceries,8083.35
C00900,Healthcare,19910.43
C00900,Online Shopping,9004.65
C00900,Travel,36032.47
C00901,Bills & Utilities,1351.92
C00901,Dining,2334.89
C00901,Electronics,74107.89
C00901,Entertainment,1550.99
C00901,Fashion,9707.86
C00901,Fuel,1285.45
C00901,Groceries,3812.3500000000004
C00901,Healthcare,45126.21
C00901,Online Shopping,28315.21
C00901,Travel,17990.36
C00902,Bills & Utilities,2676.0699999999997
C00902,Dining,3806.31
C00902,Electronics,142396.59
C00902,Entertainment,7229.72
C00902,Fashion,17377.03
C00902,Fuel,7073.27
C00902,Groceries,5535.5599999999995
C00902,Healthcare,26820.18
C00902,Online Shopping,15880.380000000001
C00902,Travel,113047.71
C00903,Bills & Utilities,8471.2
C00903,Dining,3838.9
C00903,Electronics,74380.65
C00903,Entertainment,1104.8899999999999
C00903,Fashion,20931.949999999997
C00903,Fuel,8436.3
C00903,Groceries,1522.47
C00903,Healthcare,18304.46
C00903,Online Shopping,18645.17
C00903,Travel,22748.46
C00904,Bills & Utilities,25402.02
C00904,Dining,8157.04
C00904,Electronics,59031.54000000001
C00904,Entertainment,4583.29
C00904,Fashion,19039.989999999998
C00904,Fuel,11932.27
C00904,Groceries,2332.79
C00904,Healthcare,41153.01
C00904,Online Shopping,9751.529999999999
C00904,Travel,4776.76
C00905,Dining,2184.8
C00905,Electronics,79213.95
C00905,Entertainment,2680.04
C00905,Fashion,32573.21
C00905,Fuel,5643.84
C00905,Groceries,8799.029999999999
C00905,Online Shopping,32911.82
C00905,Travel,17946.41
C00906,Bills & Utilities,12542.35
C00906,Dining,5858.28
C00906,Electronics,78289.54000000001
C00906,Entertainment,1309.69
C00906,Fashion,11339.67
C00906,Fuel,6846.08
C00906,Groceries,6845.88
C00906,Healthcare,14941.23
C00906,Online Shopping,75560.8
C00906,Travel,36834.87
C00907,Bills & Utilities,14080.0
C00907,Dining,3836.8900000000003
C00907,Electronics,115248.42000000001
C00907,Entertainment,6578.0
C00907,Fashion,49973.25
C00907,Fuel,4532.37
C00907,Groceries,11502.1
C00907,Healthcare,33399.76
C00907,Online Shopping,24515.13
C00908,Bills & Utilities,1684.45
C00908,Dining,3902.1400000000003
C00908,Electronics,177671.54
C00908,Entertainment,985.01
C00908,Fashion,29181.43
C00908,Fuel,4530.05
C00908,Groceries,1943.05
C00908,Healthcare,13757.970000000001
C00908,Online Shopping,57574.4
C00908,Travel,68029.93000000001
C00909,Bills & Utilities,17122.33
C00909,Dining,2244.62
C00909,Electronics,33078.4
C00909,Entertainment,10010.72
C00909,Fashion,33043.4
C00909,Fuel,11435.05
C00909,Groceries,2208.0299999999997
C00909,Healthcare,23386.28
C00909,Online Shopping,42581.3
C00909,Travel,3458.81
C00910,Bills & Utilities,17388.02
C00910,Dining,8719.16
C00910,Electronics,90011.46
C00910,Entertainment,6031.32
C00910,Fashion,16839.27
C00910,Fuel,13996.96
C00910,Groceries,2741.7799999999997
C00910,Healthcare,12361.14
C00910,Online Shopping,17478.63
C00910,Travel,61065.020000000004
C00911,Bills & Utilities,6941.15
C00911,Dining,1966.46
C00911,Electronics,35628.47
C00911,Entertainment,10432.05
C00911,Fashion,36430.6
C00911,Fuel,3416.82
C00911,Groceries,1050.34
C00911,Healthcare,28963.11
C00911,Online Shopping,31357.39
C00911,Travel,67526.92
C00912,Bills & Utilities,15875.189999999999
C00912,Dining,5931.43
C00912,Electronics,10603.09
C00912,Entertainment,2200.5699999999997
C00912,Fashion,23193.309999999998
C00912,Fuel,9444.89
C00912,Groceries,13314.78
C00912,Healthcare,58047.7
C00912,Online Shopping,38409.11
C00913,Bills & Utilities,18867.65
C00913,Dining,4515.75
C00913,Electronics,211892.93
C00913,Entertainment,2069.03
C00913,Fashion,38092.44
C00913,Fuel,4635.98
C00913,Groceries,13000.64
C00913,Healthcare,11809.14
C00913,Online Shopping,45554.55
C00913,Travel,37722.630000000005
C00914,Electronics,145207.01
C00914,Entertainment,2595.6
C00914,Fashion,29523.59
C00914,Fuel,5935.18
C00914,Groceries,3406.22
C00914,Healthcare,16943.87
C00914,Online Shopping,17547.61
C00914,Travel,67088.66
C00915,Bills & Utilities,23992.92
C00915,Dining,5681.0599999999995
C00915,Electronics,173795.89
C00915,Entertainment,1320.67
C00915,Fashion,14364.359999999999
C00915,Fuel,10854.52
C00915,Groceries,3766.71
C00915,Healthcare,34985.94
C00915,Online Shopping,62111.53
C00915,Travel,84465.92
C00916,Bills & Utilities,18844.87
C00916,Dining,3288.2799999999997
C00916,Electronics,56178.19
C00916,Entertainment,5366.389999999999
C00916,Fashion,14106.95
C00916,Fuel,15765.67
C00916,Groceries,9303.02
C00916,Healthcare,89208.6
C00916,Online Shopping,17585.54
C00916,Travel,135261.12
C00917,Bills & Utilities,15713.640000000001
C00917,Dining,1983.48
C00917,Electronics,102742.26999999999
C00917,Entertainment,2192.01
C00917,Fashion,12495.58
C00917,Fuel,13209.83
C00917,Groceries,2858.56
C00917,Healthcare,73279.26
C00917,Online Shopping,27400.23
C00917,Travel,29951.89
C00918,Bills & Utilities,14093.64
C00918,Dining,3488.87
C00918,Electronics,134565.15
C00918,Entertainment,6077.0599999999995
C00918,Fashion,5636.0
C00918,Fuel,6890.51
C00918,Groceries,1938.62
C00918,Healthcare,51570.770000000004
C00918,Online Shopping,13118.32
C00918,Travel,33427.19
C00919,Bills & Utilities,7992.099999999999
C00919,Dining,11010.8
C00919,Electronics,104712.97
C00919,Entertainment,5867.549999999999
C00919,Fashion,7759.72
C00919,Fuel,3552.54
C00919,Groceries,7750.54
C00919,Healthcare,34146.200000000004
C00919,Online Shopping,38212.1
C00919,Travel,35718.64
C00920,Bills & Utilities,7855.360000000001
C00920,Dining,2686.74
C00920,Electronics,28383.36
C00920,Entertainment,6926.44
C00920,Fashion,29123.05
C00920,Fuel,8089.93
C00920,Groceries,4812.820000000001
C00920,Healthcare,27736.47
C00920,Online Shopping,14779.17
C00920,Travel,86138.43
C00921,Bills & Utilities,8861.75
C00921,Dining,4577.2
C00921,Electronics,54485.64
C00921,Entertainment,4147.9
C00921,Fashion,33489.909999999996
C00921,Fuel,1011.55
C00921,Groceries,8906.69
C00921,Healthcare,21044.25
C00921,Online Shopping,13765.18
C00921,Travel,144171.15
C00922,Bills & Utilities,6100.7
C00922,Dining,2382.35
C00922,Electronics,103125.59
C00922,Entertainment,1948.38
C00922,Fashion,19665.89
C00922,Fuel,3607.64
C00922,Groceries,8993.64
C00922,Healthcare,26060.76
C00922,Online Shopping,31839.65
C00922,Travel,78277.14
C00923,Bills & Utilities,11354.65
C00923,Dining,2123.97
C00923,Electronics,94609.76999999999
C00923,Entertainment,10059.199999999999
C00923,Fashion,29314.11
C00923,Fuel,9187.8
C00923,Groceries,9669.32
C00923,Healthcare,29533.73
C00923,Online Shopping,73777.22
C00923,Travel,50330.8
C00924,Bills & Utilities,3641.1
C00924,Dining,8175.8
C00924,Electronics,59900.29
C00924,Entertainment,2860.54
C00924,Fashion,24762.96
C00924,Fuel,15035.81
C00924,Groceries,6595.45
C00924,Healthcare,23228.92
C00924,Online Shopping,17041.71
C00924,Travel,171978.36
C00925,Bills & Utilities,15299.14
C00925,Dining,6560.56
C00925,Electronics,108776.96
C00925,Entertainment,12853.369999999999
C00925,Fashion,42437.31
C00925,Fuel,2847.19
C00925,Healthcare,96931.05
C00925,Online Shopping,36294.69
C00925,Travel,133020.83
C00926,Bills & Utilities,11101.41
C00926,Dining,4109.1900000000005
C00926,Electronics,216549.90999999997
C00926,Entertainment,5334.43
C00926,Fashion,26167.42
C00926,Fuel,7179.98
C00926,Groceries,1239.9
C00926,Healthcare,43185.16
C00926,Online Shopping,32149.26
C00926,Travel,96580.55
C00927,Bills & Utilities,4346.03
C00927,Dining,7238.76
C00927,Electronics,159600.94
C00927,Entertainment,7153.3
C00927,Fashion,57778.37
C00927,Fuel,11888.17
C00927,Groceries,6004.03
C00927,Healthcare,78670.82
C00927,Online Shopping,33915.3
C00927,Travel,57454.25
C00928,Bills & Utilities,20443.22
C00928,Dining,2579.46
C00928,Electronics,49965.520000000004
C00928,Entertainment,2883.58
C00928,Fashion,10755.99
C00928,Fuel,4800.91
C00928,Groceries,4511.4
C00928,Healthcare,50217.34
C00928,Online Shopping,25351.29
C00928,Travel,66076.95999999999
C00929,Bills & Utilities,9494.990000000002
C00929,Dining,5489.39
C00929,Electronics,166950.68
C00929,Entertainment,1485.04
C00929,Fashion,3599.51
C00929,Fuel,9055.22
C00929,Groceries,7254.21
C00929,Healthcare,38655.1
C00929,Online Shopping,29266.65
C00929,Travel,36070.14
C00930,Bills & Utilities,8674.369999999999
C00930,Dining,3207.19
C00930,Electronics,109742.2
C00930,Entertainment,3784.19
C00930,Fashion,21905.58
C00930,Fuel,6651.73
C00930,Groceries,5564.2
C00930,Healthcare,67640.41
C00930,Online Shopping,23651.63
C00930,Travel,66867.70999999999
C00931,Bills & Utilities,14411.88
C00931,Dining,6848.38
C00931,Electronics,20523.53
C00931,Entertainment,3998.17
C00931,Fashion,14275.759999999998
C00931,Fuel,9847.25
C00931,Groceries,10226.0
C00931,Healthcare,18934.66
C00931,Online Shopping,23851.519999999997
C00931,Travel,123781.09
C00932,Bills & Utilities,6209.26
C00932,Dining,3303.4
C00932,Electronics,56822.12
C00932,Entertainment,1339.74
C00932,Fashion,53548.0
C00932,Fuel,5279.99
C00932,Groceries,3386.0
C00932,Healthcare,17472.0
C00932,Online Shopping,51331.6
C00932,Travel,38313.49
C00933,Bills & Utilities,2436.14
C00933,Dining,4080.0600000000004
C00933,Electronics,73256.76000000001
C00933,Entertainment,3932.65
C00933,Fashion,39739.92
C00933,Fuel,17889.05
C00933,Groceries,2606.87
C00933,Healthcare,43629.16
C00933,Online Shopping,33635.95
C00933,Travel,149996.89
C00934,Bills & Utilities,12988.25
C00934,Dining,9407.96
C00934,Electronics,119260.81
C00934,Entertainment,7962.47
C00934,Fashion,23592.73
C00934,Fuel,2904.27
C00934,Groceries,3654.7599999999998
C00934,Healthcare,45077.64
C00934,Online Shopping,14149.43
C00934,Travel,70559.26999999999
C00935,Bills & Utilities,22885.67
C00935,Dining,3220.91
C00935,Electronics,143187.69
C00935,Entertainment,8673.8
C00935,Fashion,2180.09
C00935,Fuel,8443.64
C00935,Groceries,9031.5
C00935,Healthcare,46523.65
C00935,Online Shopping,61390.19
C00935,Travel,61371.89000000001
C00936,Bills & Utilities,12108.0
C00936,Dining,9202.630000000001
C00936,Electronics,133880.49
C00936,Entertainment,4111.1900000000005
C00936,Fashion,19628.75
C00936,Fuel,16430.57
C00936,Groceries,10664.96
C00936,Healthcare,17472.55
C00936,Online Shopping,5066.3
C00936,Travel,76161.25
C00937,Bills & Utilities,17605.76
C00937,Dining,4023.3900000000003
C00937,Electronics,83303.54000000001
C00937,Entertainment,4831.700000000001
C00937,Fashion,59602.16
C00937,Fuel,22429.55
C00937,Groceries,4950.6
C00937,Healthcare,35108.95
C00937,Online Shopping,42874.96000000001
C00937,Travel,55074.49
C00938,Bills & Utilities,17114.09
C00938,Dining,2501.62
C00938,Electronics,24010.61
C00938,Entertainment,3566.09
C00938,Fashion,31017.850000000002
C00938,Fuel,9703.59
C00938,Groceries,4940.07
C00938,Healthcare,49174.89
C00938,Online Shopping,17441.79
C00938,Travel,144035.2
C00939,Bills & Utilities,6214.96
C00939,Dining,5047.03
C00939,Electronics,99434.6
C00939,Entertainment,2235.1800000000003
C00939,Fashion,71106.06999999999
C00939,Fuel,11195.66
C00939,Groceries,9344.39
C00939,Healthcare,13326.88
C00939,Online Shopping,19290.89
C00939,Travel,79294.06
C00940,Bills & Utilities,9028.24
C00940,Dining,2815.3999999999996
C00940,Electronics,188027.46
C00940,Entertainment,3672.77
C00940,Fashion,36502.94
C00940,Fuel,13963.81
C00940,Groceries,10473.470000000001
C00940,Healthcare,26865.25
C00940,Online Shopping,59026.7
C00941,Bills & Utilities,14458.67
C00941,Dining,2868.48
C00941,Electronics,238416.0
C00941,Entertainment,5404.91
C00941,Fashion,16083.100000000002
C00941,Fuel,8044.14
C00941,Groceries,4728.87
C00941,Healthcare,51901.89
C00941,Online Shopping,25769.91
C00941,Travel,116069.96
C00942,Bills & Utilities,16123.04
C00942,Dining,5952.61
C00942,Electronics,113283.69
C00942,Entertainment,4610.23
C00942,Fashion,25682.79
C00942,Fuel,7818.82
C00942,Groceries,1998.38
C00942,Healthcare,7535.12
C00942,Online Shopping,27925.2
C00942,Travel,84465.65
C00943,Bills & Utilities,30115.61
C00943,Dining,1013.24
C00943,Electronics,79602.28
C00943,Entertainment,13756.92
C00943,Fashion,17445.7
C00943,Fuel,3172.33
C00943,Groceries,5683.24
C00943,Healthcare,66599.63
C00943,Online Shopping,23385.42
C00943,Travel,58233.16
C00944,Bills & Utilities,9716.880000000001
C00944,Dining,8842.0
C00944,Electronics,130239.42
C00944,Entertainment,8571.24
C00944,Fashion,32504.88
C00944,Fuel,5720.3099999999995
C00944,Groceries,11768.41
C00944,Healthcare,36355.409999999996
C00944,Online Shopping,13083.42
C00944,Travel,85817.04000000001
C00945,Bills & Utilities,13577.35
C00945,Dining,4256.43
C00945,Electronics,149410.66999999998
C00945,Entertainment,3780.9399999999996
C00945,Fashion,13211.42
C00945,Fuel,8443.86
C00945,Groceries,6112.76
C00945,Healthcare,18893.54
C00945,Online Shopping,43530.69
C00945,Travel,40861.66
C00946,Bills & Utilities,10397.77
C00946,Dining,3348.97
C00946,Electronics,24794.76
C00946,Entertainment,8578.01
C00946,Fashion,58897.03
C00946,Fuel,10954.98
C00946,Groceries,2578.15
C00946,Healthcare,14682.69
C00946,Online Shopping,27647.52
C00946,Travel,104743.57
C00947,Bills & Utilities,26995.8
C00947,Dining,6319.73
C00947,Electronics,39338.71
C00947,Entertainment,3293.83
C00947,Fashion,29835.16
C00947,Fuel,9386.11
C00947,Groceries,4946.38
C00947,Healthcare,52179.47
C00947,Online Shopping,11517.54
C00947,Travel,77560.78
C00948,Bills & Utilities,10769.62
C00948,Entertainment,14928.21
C00948,Fashion,15773.75
C00948,Fuel,5931.39
C00948,Groceries,5122.93
C00948,Healthcare,17172.59
C00948,Online Shopping,72820.98
C00948,Travel,66078.55
C00949,Bills & Utilities,24430.73
C00949,Dining,6683.89
C00949,Electronics,194488.24
C00949,Entertainment,2945.31
C00949,Fashion,10888.43
C00949,Fuel,1633.8
C00949,Groceries,5536.38
C00949,Healthcare,15147.39
C00949,Online Shopping,17166.21
C00949,Travel,143004.99
C00950,Bills & Utilities,17123.989999999998
C00950,Dining,2149.82
C00950,Electronics,61236.48
C00950,Entertainment,10631.130000000001
C00950,Fashion,6126.97
C00950,Groceries,12515.34
C00950,Healthcare,51849.7
C00950,Online Shopping,38428.5
C00950,Travel,153653.07
C00951,Bills & Utilities,16652.0
C00951,Dining,4841.32
C00951,Entertainment,2346.72
C00951,Fashion,63062.6
C00951,Fuel,11576.210000000001
C00951,Groceries,7244.49
C00951,Healthcare,35466.32
C00951,Online Shopping,21787.09
C00951,Travel,38434.38
C00952,Bills & Utilities,12358.71
C00952,Dining,5706.67
C00952,Electronics,137512.27
C00952,Entertainment,11844.869999999999
C00952,Fashion,20437.12
C00952,Fuel,6227.73
C00952,Healthcare,47860.62
C00952,Online Shopping,29725.989999999998
C00952,Travel,26441.51
C00953,Bills & Utilities,15370.28
C00953,Dining,1096.01
C00953,Entertainment,8444.79
C00953,Fashion,88922.01
C00953,Fuel,6630.34
C00953,Groceries,9245.87
C00953,Healthcare,73532.97
C00953,Online Shopping,66986.02
C00953,Travel,14256.39
C00954,Bills & Utilities,14691.36
C00954,Dining,6998.9400000000005
C00954,Electronics,200616.13
C00954,Entertainment,4043.79
C00954,Fuel,733.48
C00954,Groceries,2974.94
C00954,Healthcare,4741.3
C00954,Online Shopping,73607.82
C00954,Travel,93880.48999999999
C00955,Bills & Utilities,8089.37
C00955,Dining,5811.91
C00955,Electronics,29217.93
C00955,Entertainment,3626.24
C00955,Fashion,45347.95
C00955,Fuel,12951.810000000001
C00955,Groceries,1736.51
C00955,Healthcare,27946.37
C00955,Online Shopping,65748.13
C00955,Travel,18537.62
C00956,Bills & Utilities,26816.989999999998
C00956,Dining,2706.99
C00956,Electronics,132639.41999999998
C00956,Entertainment,2445.48
C00956,Fashion,31114.38
C00956,Fuel,7637.93
C00956,Groceries,12034.2
C00956,Healthcare,22878.6
C00956,Online Shopping,89751.59
C00956,Travel,20572.36
C00957,Bills & Utilities,3973.55
C00957,Dining,3889.56
C00957,Electronics,87397.87
C00957,Entertainment,5965.469999999999
C00957,Fashion,37134.96
C00957,Fuel,3012.86
C00957,Groceries,4516.93
C00957,Healthcare,41858.06
C00957,Online Shopping,11094.41
C00957,Travel,3428.39
C00958,Bills & Utilities,3426.52
C00958,Dining,2497.0699999999997
C00958,Electronics,129798.04000000001
C00958,Entertainment,6873.44
C00958,Fashion,32778.58
C00958,Fuel,7401.96
C00958,Groceries,1514.48
C00958,Healthcare,99793.17
C00958,Online Shopping,29953.04
C00958,Travel,34414.85
C00959,Bills & Utilities,13152.66
C00959,Dining,2691.41
C00959,Electronics,56501.6
C00959,Entertainment,3968.91
C00959,Fashion,8631.89
C00959,Fuel,4102.54
C00959,Groceries,6657.93
C00959,Online Shopping,39636.92
C00959,Travel,133697.35
C00960,Bills & Utilities,14172.67
C00960,Dining,4827.93
C00960,Electronics,94786.47
C00960,Entertainment,2919.1099999999997
C00960,Fashion,75053.42
C00960,Fuel,11355.369999999999
C00960,Groceries,10065.21
C00960,Healthcare,57908.31
C00960,Travel,65835.99
C00961,Bills & Utilities,25482.21
C00961,Dining,1860.51
C00961,Electronics,228875.15
C00961,Entertainment,3530.06
C00961,Fashion,10279.97
C00961,Fuel,18968.91
C00961,Groceries,1608.87
C00961,Healthcare,41585.82
C00961,Online Shopping,16801.77
C00961,Travel,135520.67
C00962,Bills & Utilities,3331.37
C00962,Dining,3301.63
C00962,Electronics,69516.95999999999
C00962,Entertainment,6125.99
C00962,Fashion,18196.21
C00962,Fuel,2248.86
C00962,Groceries,7889.82
C00962,Healthcare,39415.8
C00962,Online Shopping,21522.23
C00962,Travel,158791.93
C00963,Bills & Utilities,16240.51
C00963,Dining,8041.549999999999
C00963,Electronics,76457.66
C00963,Entertainment,3813.6400000000003
C00963,Fashion,9220.17
C00963,Fuel,12688.75
C00963,Groceries,7199.549999999999
C00963,Healthcare,42526.6
C00963,Online Shopping,12033.2
C00963,Travel,30360.29
C00964,Bills & Utilities,24950.51
C00964,Dining,10469.59
C00964,Electronics,173151.68
C00964,Entertainment,6147.88
C00964,Fashion,27398.89
C00964,Fuel,13562.1
C00964,Groceries,2443.0
C00964,Healthcare,43444.78
C00964,Online Shopping,18274.04
C00964,Travel,26094.51
C00965,Bills & Utilities,9434.1
C00965,Dining,7206.84
C00965,Electronics,9704.2
C00965,Entertainment,2199.92
C00965,Fashion,2668.97
C00965,Fuel,4979.85
C00965,Groceries,4629.45
C00965,Healthcare,14509.6
C00965,Online Shopping,49220.229999999996
C00966,Bills & Utilities,33609.27
C00966,Dining,2596.65
C00966,Electronics,78129.02
C00966,Entertainment,4092.97
C00966,Fashion,34752.19
C00966,Fuel,9821.31
C00966,Groceries,6274.46
C00966,Healthcare,65732.97
C00966,Online Shopping,44633.41
C00966,Travel,75568.87
C00967,Bills & Utilities,12508.4
C00967,Dining,2020.47
C00967,Electronics,243951.91
C00967,Entertainment,3562.54
C00967,Fashion,28837.31
C00967,Fuel,10038.03
C00967,Groceries,16120.23
C00967,Healthcare,41317.56
C00967,Online Shopping,65604.8
C00967,Travel,7406.75
C00968,Bills & Utilities,3857.49
C00968,Electronics,37156.28999999999
C00968,Entertainment,10086.25
C00968,Fashion,34085.21
C00968,Fuel,21102.96
C00968,Groceries,558.57
C00968,Healthcare,63555.64
C00968,Online Shopping,23650.84
C00969,Bills & Utilities,22844.82
C00969,Dining,3920.65
C00969,Electronics,36803.33
C00969,Entertainment,4957.37
C00969,Fashion,15797.91
C00969,Fuel,11242.93
C00969,Groceries,3725.45
C00969,Healthcare,33431.39
C00969,Online Shopping,28971.47
C00969,Travel,14867.73
C00970,Bills & Utilities,6831.21
C00970,Dining,12549.54
C00970,Electronics,130598.74
C00970,Entertainment,4668.21
C00970,Fashion,59014.159999999996
C00970,Fuel,18650.27
C00970,Groceries,3173.0
C00970,Healthcare,13241.46
C00970,Online Shopping,37960.91
C00970,Travel,98123.66
C00971,Bills & Utilities,18923.43
C00971,Dining,3530.15
C00971,Electronics,122343.47
C00971,Entertainment,1745.89
C00971,Fashion,42252.03
C00971,Fuel,2087.82
C00971,Groceries,4597.63
C00971,Healthcare,18616.43
C00971,Online Shopping,36317.38
C00971,Travel,82289.45999999999
C00972,Bills & Utilities,2593.63
C00972,Dining,3823.69
C00972,Electronics,78741.74
C00972,Entertainment,3675.75
C00972,Fashion,18758.68
C00972,Fuel,9721.5
C00972,Groceries,6853.5599999999995
C00972,Healthcare,11659.96
C00972,Online Shopping,53510.34
C00972,Travel,91707.81
C00973,Bills & Utilities,4086.1800000000003
C00973,Dining,4940.12
C00973,Electronics,58632.5
C00973,Entertainment,5369.33
C00973,Fashion,25748.17
C00973,Fuel,7966.01
C00973,Groceries,8080.95
C00973,Healthcare,51105.54
C00973,Online Shopping,65371.009999999995
C00973,Travel,73948.76000000001
C00974,Dining,3302.75
C00974,Electronics,117796.39
C00974,Entertainment,4944.5599999999995
C00974,Fashion,18012.62
C00974,Fuel,5172.93
C00974,Groceries,3593.12
C00974,Healthcare,64884.399999999994
C00974,Online Shopping,60909.020000000004
C00974,Travel,33923.15
C00975,Bills & Utilities,14056.05
C00975,Dining,6535.9
C00975,Electronics,128592.78
C00975,Entertainment,2034.15
C00975,Fashion,24560.27
C00975,Fuel,11568.12
C00975,Groceries,6193.46
C00975,Healthcare,20581.81
C00975,Online Shopping,65514.60999999999
C00975,Travel,130978.83
C00976,Bills & Utilities,9880.1
C00976,Dining,11071.32
C00976,Electronics,129781.92000000001
C00976,Entertainment,13598.68
C00976,Fashion,22150.0
C00976,Fuel,18619.35
C00976,Groceries,4876.85
C00976,Healthcare,33427.43
C00976,Online Shopping,49955.67
C00976,Travel,77517.76
C00977,Bills & Utilities,17923.329999999998
C00977,Dining,4269.55
C00977,Electronics,26436.09
C00977,Entertainment,5677.45
C00977,Fashion,56847.26
C00977,Fuel,6973.0
C00977,Groceries,1848.6399999999999
C00977,Healthcare,46927.08
C00977,Online Shopping,47634.74
C00977,Travel,86999.23
C00978,Bills & Utilities,20360.52
C00978,Dining,5368.45
C00978,Electronics,28245.78
C00978,Entertainment,10726.279999999999
C00978,Fashion,31057.079999999998
C00978,Fuel,9167.15
C00978,Groceries,7401.27
C00978,Healthcare,41153.46
C00978,Online Shopping,59310.56
C00978,Travel,11627.74
C00979,Bills & Utilities,23374.27
C00979,Dining,9971.88
C00979,Entertainment,6923.87
C00979,Fashion,26152.25
C00979,Fuel,16855.18
C00979,Groceries,5918.78
C00979,Healthcare,70728.67
C00979,Online Shopping,27146.800000000003
C00979,Travel,162377.98
C00980,Bills & Utilities,9493.25
C00980,Dining,2693.74
C00980,Electronics,125990.5
C00980,Entertainment,6071.24
C00980,Fashion,29073.260000000002
C00980,Fuel,8860.33
C00980,Groceries,3371.31
C00980,Healthcare,71393.13
C00980,Online Shopping,56766.08
C00980,Travel,74178.48999999999
C00981,Bills & Utilities,6873.179999999999
C00981,Dining,3749.48
C00981,Electronics,129175.57
C00981,Entertainment,7089.24
C00981,Fashion,30351.6
C00981,Groceries,2556.74
C00981,Healthcare,39334.91
C00981,Online Shopping,58489.45
C00981,Travel,33540.65
C00982,Bills & Utilities,13147.130000000001
C00982,Dining,1112.17
C00982,Electronics,127018.98
C00982,Entertainment,10092.54
C00982,Fashion,20721.510000000002
C00982,Fuel,13371.3
C00982,Groceries,5723.04
C00982,Healthcare,20467.0
C00982,Online Shopping,51817.729999999996
C00982,Travel,73077.95
C00983,Bills & Utilities,6059.32
C00983,Dining,4652.17
C00983,Electronics,141549.53
C00983,Entertainment,4814.2
C00983,Fashion,16572.370000000003
C00983,Fuel,5452.17
C00983,Groceries,2401.33
C00983,Healthcare,49893.16
C00983,Online Shopping,41371.91
C00983,Travel,125449.41
C00984,Bills & Utilities,14368.93
C00984,Dining,3782.9
C00984,Electronics,137692.31
C00984,Entertainment,2687.22
C00984,Fashion,36869.6
C00984,Fuel,5843.18
C00984,Groceries,2497.49
C00984,Healthcare,6438.03
C00984,Online Shopping,66249.97
C00984,Travel,149727.86
C00985,Bills & Utilities,15447.64
C00985,Dining,2430.29
C00985,Electronics,104608.7
C00985,Entertainment,3606.0699999999997
C00985,Fashion,29268.93
C00985,Fuel,5987.9400000000005
C00985,Groceries,7794.7
C00985,Healthcare,31485.229999999996
C00985,Online Shopping,57336.42
C00985,Travel,101147.18
C00986,Bills & Utilities,12633.720000000001
C00986,Electronics,137970.57
C00986,Fashion,6637.84
C00986,Fuel,3491.04
C00986,Groceries,2971.69
C00986,Healthcare,61339.33
C00986,Online Shopping,9916.47
C00986,Travel,120403.44
C00987,Bills & Utilities,7986.14
C00987,Dining,813.55
C00987,Electronics,68018.79
C00987,Entertainment,1084.3500000000001
C00987,Fashion,22921.44
C00987,Fuel,2903.48
C00987,Groceries,11341.66
C00987,Healthcare,5566.91
C00987,Online Shopping,72891.32
C00987,Travel,92167.83
C00988,Bills & Utilities,10712.76
C00988,Dining,462.01
C00988,Electronics,114619.99
C00988,Entertainment,365.0
C00988,Fashion,70664.04
C00988,Fuel,7627.55
C00988,Groceries,5506.9
C00988,Healthcare,65548.70999999999
C00988,Online Shopping,34817.84
C00988,Travel,87240.5
C00989,Bills & Utilities,12301.220000000001
C00989,Dining,2513.1000000000004
C00989,Electronics,183195.03
C00989,Entertainment,1193.64
C00989,Fashion,15989.32
C00989,Fuel,1885.9
C00989,Groceries,6056.4400000000005
C00989,Healthcare,24839.62
C00989,Online Shopping,46145.71000000001
C00989,Travel,52365.61
C00990,Bills & Utilities,18931.530000000002
C00990,Dining,9134.39
C00990,Electronics,209148.09
C00990,Entertainment,6212.48
C00990,Fashion,29250.07
C00990,Fuel,6282.35
C00990,Groceries,491.53
C00990,Healthcare,58121.990000000005
C00990,Online Shopping,42235.58
C00990,Travel,121070.17
C00991,Bills & Utilities,10234.5
C00991,Dining,6635.5
C00991,Electronics,44954.439999999995
C00991,Entertainment,4858.389999999999
C00991,Fashion,8815.06
C00991,Fuel,1821.43
C00991,Groceries,5426.59
C00991,Healthcare,20567.199999999997
C00991,Online Shopping,24820.43
C00991,Travel,39155.98
C00992,Bills & Utilities,9773.25
C00992,Dining,7811.3099999999995
C00992,Electronics,135870.05
C00992,Entertainment,7657.77
C00992,Fashion,34556.3
C00992,Fuel,3552.6
C00992,Groceries,1984.69
C00992,Healthcare,18095.22
C00992,Travel,110354.83
C00993,Bills & Utilities,8714.02
C00993,Dining,5399.91
C00993,Electronics,269383.81
C00993,Entertainment,3350.79
C00993,Fashion,49191.52
C00993,Fuel,7005.8
C00993,Groceries,7172.870000000001
C00993,Healthcare,31532.91
C00993,Online Shopping,33082.66
C00993,Travel,125346.79
C00994,Bills & Utilities,12506.56
C00994,Dining,7029.88
C00994,Electronics,58946.97
C00994,Entertainment,2718.17
C00994,Fashion,60905.21
C00994,Fuel,8396.6
C00994,Groceries,2244.17
C00994,Healthcare,51802.56
C00994,Online Shopping,12621.92
C00994,Travel,99230.85999999999
C00995,Bills & Utilities,17489.95
C00995,Dining,9477.59
C00995,Electronics,67764.79000000001
C00995,Entertainment,14955.77
C00995,Fashion,21037.02
C00995,Groceries,10754.75
C00995,Healthcare,56148.85
C00995,Online Shopping,24511.05
C00995,Travel,53212.61
C00996,Bills & Utilities,8322.6
C00996,Dining,250.41
C00996,Electronics,21717.77
C00996,Entertainment,5456.52
C00996,Fashion,34301.34
C00996,Fuel,17100.16
C00996,Groceries,2343.6499999999996
C00996,Healthcare,26468.31
C00996,Online Shopping,24493.82
C00996,Travel,74374.52
C00997,Bills & Utilities,23112.39
C00997,Dining,6799.11
C00997,Electronics,59754.950000000004
C00997,Entertainment,2713.22
C00997,Fashion,17833.89
C00997,Fuel,13288.96
C00997,Groceries,4283.26
C00997,Healthcare,35425.79
C00997,Online Shopping,34323.35
C00997,Travel,150492.97
C00998,Bills & Utilities,11039.42
C00998,Dining,4863.47
C00998,Electronics,168508.38
C00998,Entertainment,3070.48
C00998,Fashion,29565.93
C00998,Fuel,6332.19
C00998,Groceries,6133.92
C00998,Healthcare,30937.04
C00998,Online Shopping,16142.039999999999
C00998,Travel,114254.95999999999
C00999,Bills & Utilities,15962.6
C00999,Dining,5049.87
C00999,Electronics,145692.35
C00999,Entertainment,11802.24
C00999,Fashion,44868.270000000004
C00999,Fuel,5677.95
C00999,Groceries,3462.51
C00999,Online Shopping,30337.010000000002
C00999,Travel,107841.7
C01000,Bills & Utilities,14186.93
C01000,Dining,4098.6
C01000,Electronics,28233.36
C01000,Entertainment,670.25
C01000,Fashion,16319.439999999999
C01000,Fuel,5981.33
C01000,Groceries,4727.47
C01000,Healthcare,36939.81
C01000,Online Shopping,31228.71
C01000,Travel,117012.56
C01001,Bills & Utilities,7172.49
C01001,Dining,4182.639999999999
C01001,Electronics,153670.29
C01001,Entertainment,7016.17
C01001,Fashion,35648.479999999996
C01001,Fuel,6856.84
C01001,Groceries,5752.72
C01001,Healthcare,14428.4
C01001,Online Shopping,37012.2
C01001,Travel,119134.07
C01002,Bills & Utilities,10262.89
C01002,Dining,1354.02
C01002,Electronics,142016.18
C01002,Entertainment,5815.16
C01002,Fashion,28005.41
C01002,Fuel,9789.439999999999
C01002,Groceries,8395.66
C01002,Healthcare,39415.58
C01002,Online Shopping,18358.52
C01002,Travel,38983.74
C01003,Bills & Utilities,6081.87
C01003,Dining,7238.45
C01003,Electronics,121498.06999999999
C01003,Entertainment,3232.29
C01003,Fashion,37797.86
C01003,Fuel,8559.88
C01003,Groceries,6342.1
C01003,Healthcare,5896.610000000001
C01003,Online Shopping,6928.79
C01003,Travel,98738.9
C01004,Bills & Utilities,13965.939999999999
C01004,Dining,268.02
C01004,Electronics,141271.83
C01004,Entertainment,2390.25
C01004,Fashion,49149.9
C01004,Fuel,12522.88
C01004,Groceries,8375.12
C01004,Healthcare,36838.22
C01004,Online Shopping,8179.83
C01004,Travel,38908.59
C01005,Bills & Utilities,21064.02
C01005,Dining,3351.37
C01005,Electronics,44078.59
C01005,Entertainment,1947.33
C01005,Fashion,35054.53999999999
C01005,Fuel,4502.04
C01005,Groceries,1393.22
C01005,Healthcare,49545.0
C01005,Online Shopping,19026.079999999998
C01005,Travel,77736.64
C01006,Bills & Utilities,18895.71
C01006,Dining,5539.0
C01006,Electronics,218492.54
C01006,Entertainment,5043.34
C01006,Fashion,19352.52
C01006,Fuel,13548.52
C01006,Groceries,11900.33
C01006,Healthcare,34706.26
C01006,Online Shopping,58063.97
C01007,Bills & Utilities,21687.75
C01007,Dining,5623.7
C01007,Electronics,240737.59
C01007,Entertainment,5756.13
C01007,Fashion,5378.18
C01007,Fuel,7918.89
C01007,Groceries,14733.25
C01007,Healthcare,27873.62
C01007,Online Shopping,9201.27
C01007,Travel,45476.36
C01008,Bills & Utilities,29060.64
C01008,Dining,2000.4099999999999
C01008,Electronics,48168.48
C01008,Entertainment,2328.51
C01008,Fashion,14253.71
C01008,Fuel,5766.6
C01008,Groceries,4289.95
C01008,Healthcare,10956.96
C01008,Online Shopping,64139.93
C01008,Travel,10015.22
C01009,Bills & Utilities,20300.82
C01009,Dining,2120.39
C01009,Electronics,103760.15
C01009,Entertainment,5858.8099999999995
C01009,Fashion,42888.29
C01009,Fuel,6227.79
C01009,Groceries,6315.9
C01009,Healthcare,20161.46
C01009,Online Shopping,50321.399999999994
C01009,Travel,162219.66999999998
C01010,Bills & Utilities,18656.27
C01010,Dining,5501.45
C01010,Electronics,180607.93
C01010,Entertainment,3600.61
C01010,Fashion,13435.7
C01010,Fuel,11072.95
C01010,Groceries,8512.1
C01010,Healthcare,69724.42
C01010,Online Shopping,44120.71
C01010,Travel,188802.17
C01011,Bills & Utilities,11179.109999999999
C01011,Dining,2943.17
C01011,Electronics,159953.59
C01011,Entertainment,7184.47
C01011,Fashion,31038.280000000002
C01011,Fuel,7566.700000000001
C01011,Groceries,8104.92
C01011,Healthcare,74600.96
C01011,Online Shopping,9924.93
C01011,Travel,162723.52
C01012,Bills & Utilities,9323.99
C01012,Dining,4002.88
C01012,Electronics,71141.48000000001
C01012,Entertainment,10487.84
C01012,Fashion,12932.93
C01012,Fuel,3083.48
C01012,Groceries,12728.0
C01012,Healthcare,25491.75
C01012,Online Shopping,1187.3
C01012,Travel,77148.69
C01013,Bills & Utilities,15172.16
C01013,Dining,2645.3
C01013,Electronics,98893.34
C01013,Entertainment,3869.86
C01013,Fashion,1411.28
C01013,Fuel,6009.83
C01013,Groceries,4740.57
C01013,Healthcare,44441.41
C01013,Online Shopping,30555.999999999996
C01013,Travel,53671.9
C01014,Bills & Utilities,47405.22
C01014,Dining,9792.87
C01014,Electronics,86744.76
C01014,Entertainment,4107.65
C01014,Fashion,64067.09
C01014,Fuel,16970.06
C01014,Groceries,11230.18
C01014,Healthcare,39195.94
C01014,Online Shopping,23881.02
C01014,Travel,179005.01
C01015,Bills & Utilities,15866.29
C01015,Dining,9892.74
C01015,Electronics,219580.93
C01015,Entertainment,492.21
C01015,Fashion,32034.09
C01015,Fuel,13527.44
C01015,Groceries,7375.5
C01015,Online Shopping,55857.27
C01015,Travel,87240.01
C01016,Bills & Utilities,17541.0
C01016,Dining,3851.5299999999997
C01016,Electronics,22412.9
C01016,Fashion,16432.87
C01016,Fuel,6505.83
C01016,Groceries,5708.95
C01016,Healthcare,48018.1
C01016,Online Shopping,27723.11
C01016,Travel,38775.07
C01017,Bills & Utilities,28733.2
C01017,Dining,3636.58
C01017,Electronics,171849.33
C01017,Entertainment,5381.07
C01017,Fashion,14645.029999999999
C01017,Fuel,3969.76
C01017,Groceries,3327.9399999999996
C01017,Healthcare,69312.54000000001
C01017,Online Shopping,30382.15
C01017,Travel,34858.57
C01018,Bills & Utilities,9057.07
C01018,Dining,5901.0599999999995
C01018,Entertainment,8011.1
C01018,Fashion,18921.93
C01018,Fuel,9968.17
C01018,Groceries,1110.54
C01018,Healthcare,901.81
C01018,Online Shopping,7497.3
C01018,Travel,14670.46
C01019,Bills & Utilities,4970.139999999999
C01019,Dining,569.59
C01019,Electronics,60593.119999999995
C01019,Entertainment,2840.67
C01019,Fashion,16328.68
C01019,Fuel,7090.32
C01019,Groceries,8899.95
C01019,Healthcare,41905.49
C01019,Online Shopping,71551.1
C01019,Travel,31889.77
C01020,Bills & Utilities,12672.05
C01020,Dining,4725.59
C01020,Electronics,122861.29000000001
C01020,Entertainment,7000.4
C01020,Fashion,36940.3
C01020,Groceries,6740.450000000001
C01020,Healthcare,10716.11
C01020,Online Shopping,30024.91
C01020,Travel,96321.08
C01021,Bills & Utilities,16684.92
C01021,Dining,5553.37
C01021,Electronics,71504.11
C01021,Entertainment,3499.7799999999997
C01021,Fashion,37325.049999999996
C01021,Fuel,4936.1900000000005
C01021,Groceries,6092.86
C01021,Healthcare,42330.82
C01021,Online Shopping,16652.07
C01021,Travel,93509.74
C01022,Bills & Utilities,11541.779999999999
C01022,Dining,3954.0999999999995
C01022,Electronics,119526.5
C01022,Entertainment,3490.2200000000003
C01022,Fashion,43003.95
C01022,Fuel,6508.83
C01022,Groceries,5410.37
C01022,Healthcare,51426.67999999999
C01022,Online Shopping,47577.82
C01022,Travel,19696.3
C01023,Bills & Utilities,32929.31
C01023,Dining,2747.85
C01023,Electronics,104048.82
C01023,Entertainment,6867.639999999999
C01023,Fashion,40465.8
C01023,Fuel,7153.32
C01023,Groceries,6763.0
C01023,Healthcare,50447.75
C01023,Online Shopping,9792.5
C01023,Travel,65297.600000000006
C01024,Bills & Utilities,3590.96
C01024,Dining,1803.58
C01024,Electronics,160602.6
C01024,Entertainment,4516.13
C01024,Fashion,16483.92
C01024,Fuel,11518.470000000001
C01024,Groceries,4576.26
C01024,Healthcare,52966.46
C01024,Online Shopping,60200.59
C01024,Travel,81253.86
C01025,Bills & Utilities,1876.77
C01025,Dining,2836.4300000000003
C01025,Electronics,169389.36
C01025,Entertainment,5242.89
C01025,Fashion,12134.0
C01025,Fuel,9486.44
C01025,Healthcare,12318.97
C01025,Online Shopping,15753.68
C01025,Travel,125748.3
C01026,Bills & Utilities,11411.8
C01026,Dining,6493.2300000000005
C01026,Electronics,25241.57
C01026,Entertainment,2460.39
C01026,Fashion,38589.57
C01026,Fuel,11554.220000000001
C01026,Groceries,8208.369999999999
C01026,Healthcare,26669.64
C01026,Online Shopping,81393.16
C01026,Travel,46898.479999999996
C01027,Bills & Utilities,10680.72
C01027,Dining,8010.73
C01027,Electronics,70946.05
C01027,Entertainment,4303.900000000001
C01027,Fashion,17008.69
C01027,Fuel,1701.22
C01027,Groceries,5011.87
C01027,Healthcare,40714.82
C01027,Online Shopping,49162.29
C01027,Travel,58665.39
C01028,Bills & Utilities,17043.09
C01028,Dining,1318.97
C01028,Electronics,108747.48
C01028,Entertainment,7378.379999999999
C01028,Fashion,26353.21
C01028,Fuel,1026.02
C01028,Groceries,5222.81
C01028,Healthcare,37040.3
C01028,Online Shopping,8519.28
C01028,Travel,67635.22
C01029,Bills & Utilities,23734.21
C01029,Dining,808.61
C01029,Electronics,107944.97
C01029,Entertainment,10179.369999999999
C01029,Fashion,2162.31
C01029,Fuel,5370.9
C01029,Groceries,4216.18
C01029,Healthcare,17304.1
C01029,Online Shopping,64738.93
C01029,Travel,107532.03
C01030,Bills & Utilities,26543.370000000003
C01030,Dining,3799.3500000000004
C01030,Electronics,20738.8
C01030,Entertainment,8439.19
C01030,Fashion,515.91
C01030,Fuel,7266.14
C01030,Groceries,5241.22
C01030,Healthcare,35452.09
C01030,Online Shopping,9214.14
C01030,Travel,139391.96
C01031,Dining,3061.73
C01031,Electronics,54474.399999999994
C01031,Entertainment,5022.58
C01031,Fashion,10626.64
C01031,Fuel,6148.86
C01031,Groceries,5225.71
C01031,Healthcare,11757.12
C01031,Online Shopping,60141.81
C01031,Travel,58038.61
C01032,Bills & Utilities,13904.58
C01032,Dining,5796.900000000001
C01032,Electronics,160120.63
C01032,Entertainment,2959.81
C01032,Fashion,1328.88
C01032,Fuel,24443.86
C01032,Groceries,6460.18
C01032,Healthcare,41588.98
C01032,Online Shopping,38629.29
C01032,Travel,44900.75
C01033,Bills & Utilities,18844.73
C01033,Dining,5842.12
C01033,Electronics,107731.93
C01033,Entertainment,8474.619999999999
C01033,Fashion,3948.84
C01033,Fuel,3447.18
C01033,Groceries,9204.37
C01033,Healthcare,44694.04
C01033,Travel,104289.33
C01034,Bills & Utilities,8907.49
C01034,Dining,449.75
C01034,Electronics,151592.78
C01034,Entertainment,524.59
C01034,Fashion,33693.83
C01034,Fuel,2525.58
C01034,Groceries,8963.97
C01034,Healthcare,15992.9
C01034,Online Shopping,31044.78
C01034,Travel,160512.47
C01035,Bills & Utilities,9118.810000000001
C01035,Dining,3396.13
C01035,Electronics,96922.86
C01035,Entertainment,6843.02
C01035,Fashion,40137.509999999995
C01035,Fuel,7777.46
C01035,Groceries,9059.14
C01035,Healthcare,28784.77
C01035,Online Shopping,69410.92
C01036,Bills & Utilities,16812.86
C01036,Dining,2561.74
C01036,Electronics,159290.03
C01036,Entertainment,6058.09
C01036,Fashion,27267.519999999997
C01036,Fuel,9269.35
C01036,Groceries,12616.76
C01036,Healthcare,27391.15
C01036,Travel,41879.25
C01037,Bills & Utilities,10948.98
C01037,Dining,1675.06
C01037,Electronics,197273.03
C01037,Entertainment,4194.21
C01037,Fashion,21811.25
C01037,Fuel,9146.95
C01037,Groceries,11023.35
C01037,Healthcare,19065.73
C01037,Online Shopping,57706.94
C01037,Travel,54429.2
C01038,Bills & Utilities,19805.72
C01038,Dining,3999.38
C01038,Electronics,34890.96
C01038,Entertainment,11966.699999999999
C01038,Fuel,645.52
C01038,Groceries,5384.36
C01038,Healthcare,29201.27
C01038,Online Shopping,3025.25
C01038,Travel,84970.19
C01039,Bills & Utilities,21135.09
C01039,Dining,2149.42
C01039,Electronics,30317.42
C01039,Entertainment,9101.24
C01039,Fashion,7522.65
C01039,Fuel,1938.12
C01039,Groceries,6393.39
C01039,Healthcare,54405.59
C01039,Online Shopping,48646.54
C01039,Travel,30880.57
C01040,Bills & Utilities,8896.7
C01040,Electronics,162405.34
C01040,Entertainment,3497.59
C01040,Fashion,32240.71
C01040,Fuel,15456.28
C01040,Groceries,3312.25
C01040,Healthcare,53831.270000000004
C01040,Online Shopping,46171.66
C01040,Travel,60724.130000000005
C01041,Bills & Utilities,14379.880000000001
C01041,Dining,2425.6
C01041,Electronics,115397.0
C01041,Entertainment,2679.58
C01041,Fashion,4984.2
C01041,Fuel,14829.42
C01041,Groceries,5245.4400000000005
C01041,Online Shopping,17170.89
C01041,Travel,141359.64
C01042,Bills & Utilities,11832.74
C01042,Dining,8943.27
C01042,Entertainment,3093.28
C01042,Fashion,84705.93000000001
C01042,Fuel,9931.130000000001
C01042,Groceries,1592.42
C01042,Healthcare,51067.79
C01042,Online Shopping,33915.130000000005
C01042,Travel,118210.94
C01043,Dining,7330.08
C01043,Electronics,147464.49
C01043,Entertainment,6092.3
C01043,Fashion,15158.910000000002
C01043,Groceries,7292.75
C01043,Healthcare,23337.21
C01043,Online Shopping,24788.87
C01043,Travel,57365.17
C01044,Bills & Utilities,23785.670000000002
C01044,Dining,990.78
C01044,Electronics,185869.05
C01044,Fashion,3982.7
C01044,Fuel,11111.24
C01044,Groceries,5453.049999999999
C01044,Healthcare,37278.74
C01044,Online Shopping,17037.59
C01044,Travel,66913.22
C01045,Bills & Utilities,37386.29
C01045,Dining,5308.69
C01045,Electronics,186923.21
C01045,Entertainment,3083.4
C01045,Fashion,30078.34
C01045,Fuel,12433.34
C01045,Groceries,296.99
C01045,Healthcare,64032.04
C01045,Online Shopping,13480.650000000001
C01045,Travel,104488.0
C01046,Bills & Utilities,15441.18
C01046,Dining,3169.8399999999997
C01046,Electronics,164009.03
C01046,Entertainment,3854.87
C01046,Fashion,34329.96
C01046,Fuel,10706.82
C01046,Groceries,3329.6099999999997
C01046,Healthcare,12319.5
C01046,Online Shopping,35711.509999999995
C01046,Travel,44371.54
C01047,Bills & Utilities,8145.599999999999
C01047,Dining,2261.85
C01047,Electronics,82951.87
C01047,Fashion,27110.57
C01047,Fuel,569.43
C01047,Groceries,4715.97
C01047,Healthcare,40303.97
C01047,Online Shopping,1175.26
C01047,Travel,39650.09
C01048,Bills & Utilities,915.01
C01048,Dining,6777.62
C01048,Electronics,118977.3
C01048,Entertainment,2399.7
C01048,Fuel,11772.86
C01048,Groceries,9175.28
C01048,Healthcare,50917.74
C01048,Online Shopping,65154.85
C01048,Travel,27744.9
C01049,Bills & Utilities,27035.46
C01049,Dining,2576.6400000000003
C01049,Electronics,30488.44
C01049,Entertainment,2003.75
C01049,Fashion,26899.38
C01049,Fuel,8089.98
C01049,Groceries,1302.73
C01049,Healthcare,46358.41
C01049,Online Shopping,54388.43
C01049,Travel,124063.48
C01050,Bills & Utilities,6379.68
C01050,Dining,7404.24
C01050,Electronics,86492.37000000001
C01050,Entertainment,4487.01
C01050,Fashion,11797.230000000001
C01050,Fuel,1708.24
C01050,Groceries,8773.1
C01050,Healthcare,32741.350000000002
C01050,Online Shopping,17468.43
C01050,Travel,139312.9
C01051,Bills & Utilities,37028.22
C01051,Dining,2889.67
C01051,Electronics,42677.56
C01051,Entertainment,2951.85
C01051,Fashion,34767.52
C01051,Fuel,6188.07
C01051,Groceries,3560.83
C01051,Healthcare,28385.940000000002
C01051,Online Shopping,10570.07
C01051,Travel,110425.25
C01052,Bills & Utilities,11587.83
C01052,Dining,5384.55
C01052,Electronics,35586.92
C01052,Entertainment,13548.58
C01052,Fashion,24093.47
C01052,Fuel,6637.28
C01052,Groceries,9338.02
C01052,Healthcare,22977.210000000003
C01052,Online Shopping,20451.6
C01052,Travel,95074.26000000001
C01053,Bills & Utilities,7046.77
C01053,Dining,10801.25
C01053,Electronics,135425.18
C01053,Entertainment,11042.97
C01053,Fashion,5320.54
C01053,Fuel,2939.45
C01053,Groceries,5730.62
C01053,Healthcare,24429.11
C01053,Online Shopping,34338.04
C01053,Travel,32763.23
C01054,Bills & Utilities,19620.44
C01054,Dining,5102.25
C01054,Electronics,197760.65
C01054,Entertainment,3017.32
C01054,Fashion,19562.04
C01054,Fuel,7234.469999999999
C01054,Groceries,5293.4400000000005
C01054,Healthcare,26425.98
C01054,Online Shopping,74045.94
C01054,Travel,104188.93
C01055,Bills & Utilities,14792.779999999999
C01055,Dining,11351.43
C01055,Electronics,134109.55
C01055,Entertainment,725.91
C01055,Fashion,34051.21
C01055,Fuel,2165.91
C01055,Groceries,8599.470000000001
C01055,Healthcare,35372.39
C01055,Online Shopping,58737.49
C01055,Travel,60125.49
C01056,Bills & Utilities,14599.529999999999
C01056,Dining,3437.28
C01056,Electronics,68205.11
C01056,Entertainment,5944.360000000001
C01056,Fashion,36447.99
C01056,Fuel,5221.58
C01056,Groceries,9540.89
C01056,Healthcare,17997.45
C01056,Online Shopping,75810.63
C01056,Travel,81576.91
C01057,Bills & Utilities,18431.899999999998
C01057,Dining,4034.8900000000003
C01057,Electronics,98147.84
C01057,Entertainment,6901.46
C01057,Fashion,18855.41
C01057,Fuel,5984.049999999999
C01057,Groceries,2908.9300000000003
C01057,Healthcare,21953.68
C01057,Online Shopping,39304.46
C01057,Travel,48931.15
C01058,Bills & Utilities,27470.690000000002
C01058,Dining,3269.6099999999997
C01058,Electronics,211028.16
C01058,Entertainment,4946.3099999999995
C01058,Fashion,30145.42
C01058,Fuel,15684.58
C01058,Healthcare,35484.78
C01058,Online Shopping,62839.77
C01058,Travel,50086.7
C01059,Bills & Utilities,2703.14
C01059,Dining,454.94
C01059,Electronics,183378.86
C01059,Entertainment,5987.71
C01059,Fashion,67877.29
C01059,Fuel,4248.01
C01059,Groceries,1800.06
C01059,Online Shopping,36048.06
C01059,Travel,123553.84000000001
C01060,Bills & Utilities,3067.34
C01060,Dining,10346.550000000001
C01060,Electronics,129259.18
C01060,Entertainment,3364.13
C01060,Fashion,42026.44
C01060,Fuel,25799.69
C01060,Groceries,3375.79
C01060,Healthcare,51326.53999999999
C01060,Online Shopping,74557.93
C01060,Travel,33286.82
C01061,Bills & Utilities,22776.63
C01061,Dining,6846.75
C01061,Electronics,201410.19
C01061,Entertainment,4750.65
C01061,Fashion,24546.7
C01061,Fuel,8009.45
C01061,Groceries,4511.4800000000005
C01061,Healthcare,1216.15
C01061,Online Shopping,45775.119999999995
C01061,Travel,168894.22
C01062,Bills & Utilities,27771.239999999998
C01062,Dining,7048.15
C01062,Electronics,111274.82
C01062,Entertainment,2249.62
C01062,Fashion,22217.440000000002
C01062,Fuel,3127.64
C01062,Groceries,720.73
C01062,Healthcare,61703.840000000004
C01062,Online Shopping,32558.25
C01062,Travel,41428.68
C01063,Bills & Utilities,17175.87
C01063,Dining,6302.62
C01063,Electronics,34010.14
C01063,Entertainment,2001.38
C01063,Fashion,29793.57
C01063,Fuel,5650.45
C01063,Groceries,6007.6900000000005
C01063,Healthcare,10706.77
C01063,Online Shopping,39516.4
C01063,Travel,76392.18
C01064,Bills & Utilities,16898.41
C01064,Dining,4157.0599999999995
C01064,Electronics,27606.82
C01064,Entertainment,2448.25
C01064,Fashion,8996.86
C01064,Fuel,13755.33
C01064,Groceries,6149.71
C01064,Healthcare,18067.6
C01064,Online Shopping,2393.41
C01064,Travel,120010.08
C01065,Bills & Utilities,6286.54
C01065,Dining,5217.79
C01065,Electronics,79038.56999999999
C01065,Entertainment,2867.64
C01065,Fashion,7495.58
C01065,Fuel,11541.32
C01065,Healthcare,35281.81
C01065,Online Shopping,21605.59
C01065,Travel,64978.86
C01066,Bills & Utilities,23041.2
C01066,Dining,4791.04
C01066,Electronics,75697.84
C01066,Entertainment,4336.55
C01066,Fashion,38060.93
C01066,Fuel,13403.67
C01066,Groceries,3485.33
C01066,Healthcare,32443.63
C01066,Online Shopping,19363.15
C01066,Travel,43715.38
C01067,Bills & Utilities,21569.12
C01067,Dining,2026.84
C01067,Electronics,113409.73000000001
C01067,Entertainment,8133.79
C01067,Fashion,34209.06
C01067,Fuel,6832.79
C01067,Groceries,7488.17
C01067,Healthcare,28647.39
C01067,Online Shopping,29413.79
C01067,Travel,9445.47
C01068,Bills & Utilities,15846.96
C01068,Dining,10588.539999999999
C01068,Electronics,91337.22
C01068,Entertainment,3808.94
C01068,Fashion,24278.5
C01068,Fuel,7427.09
C01068,Groceries,6247.32
C01068,Healthcare,49379.32
C01068,Online Shopping,15803.91
C01068,Travel,41044.079999999994
C01069,Bills & Utilities,26142.32
C01069,Dining,2440.6400000000003
C01069,Electronics,38170.06
C01069,Entertainment,2019.1
C01069,Fashion,26288.63
C01069,Fuel,11065.6
C01069,Groceries,3050.55
C01069,Online Shopping,30235.83
C01069,Travel,194704.42
C01070,Bills & Utilities,44019.880000000005
C01070,Dining,6378.06
C01070,Electronics,69242.34
C01070,Entertainment,4005.79
C01070,Fashion,13029.49
C01070,Fuel,4704.34
C01070,Groceries,5532.68
C01070,Online Shopping,23933.81
C01070,Travel,75552.88
C01071,Bills & Utilities,7859.48
C01071,Dining,2357.8
C01071,Electronics,109661.5
C01071,Entertainment,6942.36
C01071,Fashion,39450.48
C01071,Fuel,6476.34
C01071,Groceries,4767.969999999999
C01071,Healthcare,20415.77
C01071,Online Shopping,23363.03
C01071,Travel,121289.22
C01072,Bills & Utilities,19642.739999999998
C01072,Dining,7008.12
C01072,Electronics,63926.03
C01072,Entertainment,5243.28
C01072,Fashion,7747.05
C01072,Fuel,13882.16
C01072,Groceries,3296.44
C01072,Healthcare,40639.969999999994
C01072,Online Shopping,17076.61
C01072,Travel,34202.77
C01073,Bills & Utilities,24437.47
C01073,Dining,4145.46
C01073,Electronics,71959.78
C01073,Entertainment,8942.22
C01073,Fashion,40142.29
C01073,Fuel,4959.2699999999995
C01073,Groceries,5374.16
C01073,Healthcare,5252.82
C01073,Online Shopping,28380.809999999998
C01073,Travel,142372.97
C01074,Bills & Utilities,26309.28
C01074,Dining,2832.7700000000004
C01074,Electronics,207185.96000000002
C01074,Entertainment,6616.75
C01074,Fashion,17687.95
C01074,Fuel,2665.02
C01074,Groceries,10167.779999999999
C01074,Healthcare,6549.87
C01074,Online Shopping,53438.97
C01074,Travel,190898.34
C01075,Bills & Utilities,13227.52
C01075,Dining,9089.24
C01075,Electronics,19028.28
C01075,Entertainment,3710.2799999999997
C01075,Fashion,7422.66
C01075,Fuel,12075.21
C01075,Groceries,6065.549999999999
C01075,Healthcare,80309.12
C01075,Online Shopping,12534.5
C01075,Travel,167142.08
C01076,Bills & Utilities,8004.15
C01076,Dining,3799.35
C01076,Electronics,94841.32
C01076,Entertainment,8725.3
C01076,Fashion,13721.61
C01076,Fuel,7058.65
C01076,Groceries,5232.72
C01076,Healthcare,71272.22
C01076,Online Shopping,42772.549999999996
C01076,Travel,66125.3
C01077,Bills & Utilities,13493.75
C01077,Dining,3342.9300000000003
C01077,Electronics,137302.61
C01077,Entertainment,5462.55
C01077,Fashion,2912.83
C01077,Fuel,6857.2300000000005
C01077,Groceries,10216.25
C01077,Healthcare,27747.12
C01077,Online Shopping,22395.11
C01077,Travel,58624.619999999995
C01078,Bills & Utilities,7732.51
C01078,Dining,10162.06
C01078,Electronics,14231.16
C01078,Entertainment,9809.810000000001
C01078,Fashion,23045.53
C01078,Fuel,5756.84
C01078,Groceries,7511.45
C01078,Healthcare,32504.68
C01078,Online Shopping,57536.75
C01078,Travel,120129.7
C01079,Bills & Utilities,4557.35
C01079,Electronics,57971.82
C01079,Entertainment,2495.01
C01079,Fashion,21764.04
C01079,Fuel,8526.779999999999
C01079,Groceries,5851.52
C01079,Healthcare,15061.98
C01079,Online Shopping,68977.34
C01080,Bills & Utilities,4514.24
C01080,Dining,5377.57
C01080,Electronics,94590.05
C01080,Entertainment,4537.9
C01080,Fashion,31678.629999999997
C01080,Fuel,14157.15
C01080,Groceries,6386.55
C01080,Healthcare,103747.83
C01080,Online Shopping,13919.01
C01080,Travel,51592.85
C01081,Bills & Utilities,7925.1
C01081,Dining,2204.45
C01081,Electronics,76148.66
C01081,Entertainment,4685.26
C01081,Fashion,2890.86
C01081,Fuel,4980.25
C01081,Groceries,4319.9400000000005
C01081,Healthcare,33454.93
C01081,Online Shopping,847.12
C01081,Travel,74001.73000000001
C01082,Bills & Utilities,12051.25
C01082,Dining,1699.04
C01082,Entertainment,4886.17
C01082,Fashion,3841.43
C01082,Groceries,6228.61
C01082,Healthcare,82439.9
C01082,Online Shopping,51259.29
C01082,Travel,157737.58000000002
C01083,Bills & Utilities,10623.630000000001
C01083,Dining,4454.9
C01083,Electronics,88744.66
C01083,Entertainment,2578.17
C01083,Fashion,11161.24
C01083,Fuel,6001.799999999999
C01083,Groceries,12247.36
C01083,Healthcare,35874.97
C01083,Online Shopping,41903.61
C01083,Travel,17543.04
C01084,Bills & Utilities,13172.810000000001
C01084,Dining,3732.4
C01084,Electronics,159917.39
C01084,Entertainment,6943.59
C01084,Fashion,44653.770000000004
C01084,Fuel,15550.33
C01084,Groceries,10481.1
C01084,Healthcare,52913.62
C01084,Online Shopping,38310.85
C01084,Travel,95018.26999999999
C01085,Bills & Utilities,17523.510000000002
C01085,Dining,4022.65
C01085,Electronics,172011.76
C01085,Entertainment,3131.0
C01085,Fashion,23740.87
C01085,Fuel,6545.5
C01085,Groceries,3193.41
C01085,Healthcare,5168.26
C01085,Online Shopping,94313.5
C01085,Travel,40222.59
C01086,Bills & Utilities,14916.529999999999
C01086,Dining,3211.8
C01086,Electronics,135145.76
C01086,Entertainment,2357.57
C01086,Fashion,23938.9
C01086,Fuel,4104.610000000001
C01086,Groceries,7255.57
C01086,Healthcare,23611.620000000003
C01086,Online Shopping,58263.08
C01086,Travel,101771.59
C01087,Bills & Utilities,5969.2
C01087,Dining,1974.4899999999998
C01087,Electronics,61999.2
C01087,Entertainment,8878.71
C01087,Fashion,40082.7
C01087,Fuel,8576.5
C01087,Healthcare,37405.02
C01087,Online Shopping,35307.18
C01087,Travel,123687.17000000001
C01088,Bills & Utilities,5286.62
C01088,Dining,8573.05
C01088,Electronics,119366.53
C01088,Entertainment,13170.05
C01088,Fashion,41719.03
C01088,Fuel,3280.81
C01088,Groceries,796.66
C01088,Healthcare,7079.2
C01088,Online Shopping,87564.56
C01088,Travel,55968.7
C01089,Bills & Utilities,6287.16
C01089,Dining,2484.1000000000004
C01089,Electronics,192663.34999999998
C01089,Entertainment,2466.84
C01089,Fashion,32485.58
C01089,Fuel,8099.46
C01089,Groceries,8523.58
C01089,Healthcare,22494.43
C01089,Online Shopping,33326.36
C01089,Travel,114579.36
C01090,Bills & Utilities,12687.41
C01090,Dining,6125.5
C01090,Electronics,160683.94
C01090,Entertainment,11963.96
C01090,Fashion,41150.979999999996
C01090,Fuel,12414.11
C01090,Groceries,6066.8099999999995
C01090,Healthcare,33574.52
C01090,Online Shopping,30814.51
C01090,Travel,91472.34
C01091,Bills & Utilities,9683.949999999999
C01091,Dining,768.34
C01091,Electronics,74780.48999999999
C01091,Entertainment,4454.85
C01091,Fashion,63203.619999999995
C01091,Fuel,3670.88
C01091,Groceries,5744.889999999999
C01091,Healthcare,39085.16
C01091,Online Shopping,55141.2
C01091,Travel,40382.56
C01092,Bills & Utilities,24428.73
C01092,Dining,4459.72
C01092,Electronics,43865.619999999995
C01092,Entertainment,3016.6800000000003
C01092,Fashion,65360.049999999996
C01092,Fuel,3281.7
C01092,Groceries,1326.37
C01092,Healthcare,43770.53
C01092,Online Shopping,42785.65
C01092,Travel,207879.38
C01093,Bills & Utilities,5045.13
C01093,Dining,4771.280000000001
C01093,Electronics,150659.98
C01093,Entertainment,7890.97
C01093,Fashion,24168.25
C01093,Fuel,5894.620000000001
C01093,Groceries,4442.15
C01093,Healthcare,14491.8
C01093,Online Shopping,37558.36
C01093,Travel,140891.13999999998
C01094,Bills & Utilities,23508.65
C01094,Dining,13878.95
C01094,Electronics,14747.57
C01094,Entertainment,507.59000000000003
C01094,Fashion,10197.400000000001
C01094,Fuel,9413.25
C01094,Online Shopping,14498.810000000001
C01094,Travel,31912.9
C01095,Bills & Utilities,6027.23
C01095,Dining,5207.039999999999
C01095,Electronics,93140.28
C01095,Entertainment,4011.2200000000003
C01095,Fashion,5633.490000000001
C01095,Fuel,9282.220000000001
C01095,Groceries,4210.87
C01095,Healthcare,12317.2
C01095,Online Shopping,43414.89
C01095,Travel,104889.56999999999
C01096,Bills & Utilities,1802.91
C01096,Dining,11340.779999999999
C01096,Electronics,68722.18
C01096,Entertainment,8739.8
C01096,Fashion,42292.14
C01096,Fuel,2667.73
C01096,Groceries,8758.01
C01096,Healthcare,51249.45
C01096,Online Shopping,4278.2
C01096,Travel,13379.61
C01097,Bills & Utilities,16153.14
C01097,Dining,9254.56
C01097,Electronics,126011.09999999999
C01097,Entertainment,8368.83
C01097,Fashion,46183.09
C01097,Fuel,7318.82
C01097,Groceries,5565.78
C01097,Healthcare,31989.05
C01097,Online Shopping,19968.440000000002
C01097,Travel,30817.64
C01098,Dining,5186.69
C01098,Electronics,99176.19
C01098,Entertainment,7621.11
C01098,Fashion,16046.300000000001
C01098,Fuel,8674.08
C01098,Healthcare,40183.36
C01098,Online Shopping,40031.56
C01098,Travel,118517.70999999999
C01099,Bills & Utilities,5783.27
C01099,Dining,6284.98
C01099,Electronics,48772.6
C01099,Entertainment,7590.4400000000005
C01099,Fashion,13051.810000000001
C01099,Fuel,9747.67
C01099,Groceries,11522.87
C01099,Healthcare,76013.14
C01099,Online Shopping,39958.0
C01099,Travel,103676.43
C01100,Bills & Utilities,21299.28
C01100,Dining,3937.12
C01100,Electronics,25380.21
C01100,Entertainment,4309.74
C01100,Fashion,5843.82
C01100,Fuel,9982.439999999999
C01100,Groceries,9953.33
C01100,Healthcare,12303.84
C01100,Online Shopping,35057.55
C01100,Travel,108716.36
C01101,Bills & Utilities,20462.86
C01101,Dining,1023.25
C01101,Electronics,39355.07
C01101,Entertainment,3499.43
C01101,Fashion,37394.47
C01101,Fuel,10868.16
C01101,Groceries,3813.56
C01101,Online Shopping,82792.62
C01101,Travel,130559.87
C01102,Bills & Utilities,25944.86
C01102,Dining,7185.48
C01102,Electronics,63611.25
C01102,Entertainment,5140.05
C01102,Fashion,23497.48
C01102,Fuel,8897.91
C01102,Groceries,351.97
C01102,Healthcare,27401.27
C01102,Online Shopping,70515.70999999999
C01102,Travel,32516.14
C01103,Bills & Utilities,17043.47
C01103,Dining,2207.34
C01103,Electronics,58866.8
C01103,Entertainment,4754.64
C01103,Fashion,21796.870000000003
C01103,Fuel,10518.54
C01103,Groceries,2647.8500000000004
C01103,Healthcare,12215.53
C01103,Online Shopping,52167.75
C01103,Travel,172436.48
C01104,Bills & Utilities,30771.23
C01104,Dining,1688.35
C01104,Electronics,83978.5
C01104,Entertainment,7010.82
C01104,Fashion,1383.42
C01104,Fuel,5689.78
C01104,Groceries,1149.91
C01104,Healthcare,70565.26999999999
C01104,Online Shopping,14160.34
C01104,Travel,142776.05
C01105,Bills & Utilities,24061.879999999997
C01105,Dining,5848.34
C01105,Electronics,64801.16
C01105,Entertainment,9195.05
C01105,Fashion,26492.61
C01105,Fuel,6426.05
C01105,Groceries,2928.52
C01105,Healthcare,28917.519999999997
C01105,Online Shopping,49412.02
C01105,Travel,30037.99
C01106,Bills & Utilities,3054.92
C01106,Dining,4169.41
C01106,Electronics,109801.23999999999
C01106,Entertainment,9070.06
C01106,Fashion,17145.78
C01106,Fuel,9569.76
C01106,Groceries,473.92
C01106,Healthcare,26285.72
C01106,Online Shopping,37293.03
C01106,Travel,65279.94999999999
C01107,Bills & Utilities,6382.33
C01107,Dining,4253.4400000000005
C01107,Electronics,80755.62
C01107,Entertainment,5566.49
C01107,Fashion,58704.9
C01107,Fuel,10748.52
C01107,Groceries,9161.3
C01107,Healthcare,12549.21
C01107,Online Shopping,14844.029999999999
C01107,Travel,103593.48999999999
C01108,Dining,811.59
C01108,Electronics,43020.19
C01108,Entertainment,3607.05
C01108,Fashion,50682.12
C01108,Fuel,4880.27
C01108,Groceries,5545.5199999999995
C01108,Healthcare,35988.49
C01108,Online Shopping,33192.88
C01108,Travel,128791.34
C01109,Bills & Utilities,17328.98
C01109,Dining,8637.2
C01109,Electronics,51449.59
C01109,Entertainment,961.79
C01109,Fashion,43175.89
C01109,Fuel,12864.45
C01109,Groceries,4138.2699999999995
C01109,Healthcare,29187.39
C01109,Online Shopping,32835.53
C01109,Travel,35642.21000000001
C01110,Bills & Utilities,6212.12
C01110,Dining,2531.1
C01110,Electronics,125647.09
C01110,Entertainment,6395.389999999999
C01110,Fuel,5086.34
C01110,Groceries,4508.65
C01110,Healthcare,62975.630000000005
C01110,Travel,43893.1
C01111,Bills & Utilities,17200.84
C01111,Dining,8793.0
C01111,Electronics,151938.41
C01111,Entertainment,5468.040000000001
C01111,Fashion,18541.8
C01111,Fuel,8520.25
C01111,Groceries,1236.93
C01111,Healthcare,26396.440000000002
C01111,Online Shopping,40185.61
C01111,Travel,62763.69
C01112,Bills & Utilities,39531.59
C01112,Dining,1399.87
C01112,Electronics,85927.23999999999
C01112,Entertainment,13122.48
C01112,Fashion,36860.35
C01112,Fuel,11409.27
C01112,Groceries,3127.91
C01112,Healthcare,42924.100000000006
C01112,Online Shopping,66739.68000000001
C01112,Travel,111856.47
C01113,Bills & Utilities,7328.5599999999995
C01113,Dining,2648.6400000000003
C01113,Entertainment,5563.71
C01113,Fashion,50955.67
C01113,Fuel,18630.33
C01113,Groceries,2360.8599999999997
C01113,Healthcare,67047.13
C01113,Travel,96938.53
C01114,Bills & Utilities,21512.46
C01114,Dining,8625.78
C01114,Electronics,52993.07
C01114,Entertainment,3060.2
C01114,Fashion,28313.739999999998
C01114,Fuel,5252.289999999999
C01114,Groceries,3652.88
C01114,Healthcare,29838.019999999997
C01114,Online Shopping,65464.45
C01114,Travel,104136.04999999999
C01115,Bills & Utilities,17700.08
C01115,Dining,199.13
C01115,Electronics,46589.35
C01115,Entertainment,4525.389999999999
C01115,Fashion,46553.94
C01115,Fuel,13243.2
C01115,Groceries,1786.67
C01115,Healthcare,17224.24
C01115,Online Shopping,30308.17
C01115,Travel,59827.79
C01116,Bills & Utilities,8807.800000000001
C01116,Dining,1750.95
C01116,Electronics,91126.64
C01116,Entertainment,3805.69
C01116,Fashion,18247.09
C01116,Fuel,9504.59
C01116,Groceries,5508.969999999999
C01116,Healthcare,5318.99
C01116,Online Shopping,19496.27
C01116,Travel,103223.86
C01117,Bills & Utilities,25057.579999999998
C01117,Dining,2185.7
C01117,Electronics,100119.73999999999
C01117,Entertainment,3204.9700000000003
C01117,Fashion,52404.89
C01117,Fuel,3492.1
C01117,Healthcare,32191.079999999998
C01117,Online Shopping,31050.61
C01117,Travel,132712.92
C01118,Bills & Utilities,7359.73
C01118,Dining,2409.35
C01118,Electronics,141932.09
C01118,Entertainment,5897.9400000000005
C01118,Fashion,43833.4
C01118,Fuel,11680.16
C01118,Groceries,7382.55
C01118,Healthcare,70669.36
C01118,Online Shopping,28790.21
C01118,Travel,85133.39
C01119,Bills & Utilities,18807.41
C01119,Dining,1440.0900000000001
C01119,Electronics,82952.48
C01119,Entertainment,5957.28
C01119,Fashion,21761.96
C01119,Fuel,6940.0599999999995
C01119,Groceries,791.86
C01119,Healthcare,43065.82
C01119,Online Shopping,48918.89
C01119,Travel,76965.57
C01120,Bills & Utilities,45365.62
C01120,Dining,5755.47
C01120,Electronics,235685.90000000002
C01120,Fashion,12091.54
C01120,Fuel,11283.91
C01120,Groceries,3331.91
C01120,Healthcare,9106.85
C01120,Online Shopping,46356.38
C01120,Travel,121183.54
C01121,Bills & Utilities,8592.68
C01121,Dining,2089.99
C01121,Electronics,50170.34
C01121,Entertainment,12522.74
C01121,Fashion,31269.260000000002
C01121,Fuel,8901.37
C01121,Groceries,3787.98
C01121,Healthcare,23270.15
C01121,Online Shopping,23455.44
C01121,Travel,11331.71
C01122,Bills & Utilities,21227.15
C01122,Dining,3488.75
C01122,Electronics,281729.54
C01122,Entertainment,6794.63
C01122,Fashion,29046.14
C01122,Fuel,4584.26
C01122,Groceries,2610.58
C01122,Healthcare,99515.54000000001
C01122,Online Shopping,44208.66
C01122,Travel,9296.04
C01123,Bills & Utilities,17629.77
C01123,Dining,2908.08
C01123,Electronics,104876.71
C01123,Entertainment,9156.94
C01123,Fuel,21944.82
C01123,Groceries,1770.48
C01123,Healthcare,35467.69
C01123,Online Shopping,22965.07
C01123,Travel,66339.21
C01124,Bills & Utilities,11198.970000000001
C01124,Dining,974.9899999999999
C01124,Electronics,99251.20999999999
C01124,Entertainment,6762.34
C01124,Fashion,15066.11
C01124,Fuel,7305.46
C01124,Groceries,7031.209999999999
C01124,Healthcare,29915.300000000003
C01124,Online Shopping,31096.22
C01124,Travel,104145.05
C01125,Bills & Utilities,1510.72
C01125,Dining,3998.2400000000002
C01125,Electronics,65280.54
C01125,Entertainment,5088.42
C01125,Fashion,52713.53
C01125,Fuel,11422.06
C01125,Groceries,8546.099999999999
C01125,Healthcare,4066.97
C01125,Online Shopping,33196.72
C01125,Travel,127974.04000000001
C01126,Bills & Utilities,19364.69
C01126,Dining,11062.92
C01126,Electronics,60484.200000000004
C01126,Entertainment,9067.9
C01126,Fashion,33506.76
C01126,Fuel,18310.04
C01126,Groceries,7749.370000000001
C01126,Healthcare,79003.06999999999
C01126,Online Shopping,29586.21
C01126,Travel,55276.34
C01127,Bills & Utilities,8632.11
C01127,Dining,4969.01
C01127,Electronics,131039.47
C01127,Entertainment,1344.41
C01127,Fashion,31582.93
C01127,Fuel,1010.38
C01127,Groceries,5450.18
C01127,Healthcare,37241.380000000005
C01127,Online Shopping,31192.6
C01127,Travel,116227.68
C01128,Bills & Utilities,12732.789999999999
C01128,Dining,3069.22
C01128,Electronics,27586.5
C01128,Entertainment,2757.93
C01128,Fashion,28118.28
C01128,Fuel,3521.75
C01128,Groceries,15290.17
C01128,Healthcare,1289.57
C01128,Online Shopping,10475.550000000001
C01128,Travel,94061.14
C01129,Bills & Utilities,15494.55
C01129,Electronics,95156.81
C01129,Entertainment,8132.530000000001
C01129,Fashion,6044.54
C01129,Fuel,4481.75
C01129,Groceries,1333.31
C01129,Healthcare,32812.6
C01129,Online Shopping,21298.61
C01129,Travel,117569.06999999999
C01130,Bills & Utilities,24758.440000000002
C01130,Dining,5159.07
C01130,Electronics,110859.41
C01130,Entertainment,19473.6
C01130,Fashion,5385.99
C01130,Fuel,9938.94
C01130,Groceries,6144.92
C01130,Healthcare,31897.269999999997
C01130,Online Shopping,18988.04
C01130,Travel,35058.65
C01131,Bills & Utilities,33670.29
C01131,Dining,3235.6
C01131,Electronics,101771.75
C01131,Entertainment,5819.16
C01131,Fashion,18447.37
C01131,Fuel,5913.62
C01131,Groceries,5383.860000000001
C01131,Online Shopping,27757.19
C01131,Travel,63389.07
C01132,Bills & Utilities,15762.900000000001
C01132,Entertainment,10031.17
C01132,Fashion,15048.49
C01132,Fuel,11237.21
C01132,Groceries,2232.49
C01132,Healthcare,5120.39
C01132,Online Shopping,33833.270000000004
C01132,Travel,155524.95
C01133,Bills & Utilities,28380.07
C01133,Dining,1748.01
C01133,Electronics,61005.79
C01133,Fashion,12632.36
C01133,Fuel,8516.72
C01133,Groceries,6753.85
C01133,Healthcare,19689.32
C01133,Online Shopping,91843.44
C01133,Travel,80725.57
C01134,Bills & Utilities,30478.07
C01134,Dining,3553.2200000000003
C01134,Electronics,156213.84
C01134,Entertainment,5805.889999999999
C01134,Fuel,7669.07
C01134,Groceries,5870.05
C01134,Healthcare,59206.979999999996
C01134,Online Shopping,40731.54
C01134,Travel,63718.11
C01135,Bills & Utilities,5585.65
C01135,Dining,2892.9700000000003
C01135,Electronics,65842.81
C01135,Entertainment,2474.58
C01135,Fashion,23554.95
C01135,Fuel,6125.139999999999
C01135,Groceries,2579.42
C01135,Healthcare,44627.59
C01135,Online Shopping,92650.34
C01136,Bills & Utilities,15826.249999999998
C01136,Dining,9017.5
C01136,Electronics,141966.51
C01136,Entertainment,1165.59
C01136,Fashion,41911.92
C01136,Fuel,3252.89
C01136,Groceries,9197.14
C01136,Healthcare,30264.34
C01136,Online Shopping,43591.700000000004
C01136,Travel,60065.26
C01137,Dining,1149.19
C01137,Electronics,19528.11
C01137,Entertainment,8320.14
C01137,Fashion,13474.94
C01137,Fuel,7515.030000000001
C01137,Groceries,3100.9300000000003
C01137,Travel,43090.91
C01138,Bills & Utilities,32606.83
C01138,Dining,3950.37
C01138,Electronics,79679.15
C01138,Fashion,22402.75
C01138,Fuel,5021.97
C01138,Groceries,6693.570000000001
C01138,Healthcare,52929.5
C01138,Online Shopping,61648.22
C01138,Travel,59069.47
C01139,Bills & Utilities,4022.62
C01139,Dining,2841.8
C01139,Electronics,152492.35
C01139,Entertainment,1152.35
C01139,Fashion,52167.35
C01139,Fuel,8335.01
C01139,Groceries,1353.88
C01139,Healthcare,38256.5
C01139,Online Shopping,51630.81
C01140,Bills & Utilities,24295.670000000002
C01140,Dining,3884.4900000000002
C01140,Entertainment,7488.87
C01140,Fashion,16772.98
C01140,Fuel,10269.52
C01140,Groceries,2192.19
C01140,Healthcare,43519.95
C01140,Online Shopping,51425.950000000004
C01140,Travel,45822.91
C01141,Bills & Utilities,15479.5
C01141,Dining,9948.1
C01141,Electronics,112188.78
C01141,Entertainment,7007.700000000001
C01141,Fashion,41496.0
C01141,Fuel,9675.09
C01141,Groceries,11145.18
C01141,Healthcare,49655.84
C01141,Online Shopping,19501.85
C01141,Travel,66503.98999999999
C01142,Bills & Utilities,4561.71
C01142,Dining,8985.72
C01142,Electronics,149851.28
C01142,Entertainment,4433.09
C01142,Fashion,26293.65
C01142,Fuel,11923.67
C01142,Groceries,6188.2699999999995
C01142,Healthcare,82404.55
C01142,Online Shopping,40616.98
C01142,Travel,97738.67
C01143,Bills & Utilities,1506.51
C01143,Dining,13817.81
C01143,Electronics,109022.55
C01143,Entertainment,3029.83
C01143,Fashion,32006.86
C01143,Fuel,4499.32
C01143,Groceries,7992.29
C01143,Healthcare,35263.11
C01143,Online Shopping,37692.659999999996
C01143,Travel,48132.36
C01144,Dining,6262.68
C01144,Electronics,88378.42000000001
C01144,Entertainment,252.68
C01144,Fashion,7239.13
C01144,Fuel,5651.09
C01144,Groceries,14772.01
C01144,Healthcare,26664.489999999998
C01144,Online Shopping,35135.03
C01144,Travel,112892.66
C01145,Bills & Utilities,15674.98
C01145,Dining,8033.599999999999
C01145,Electronics,57914.15
C01145,Entertainment,4832.74
C01145,Fuel,3492.7799999999997
C01145,Groceries,3245.2700000000004
C01145,Healthcare,29900.5
C01145,Online Shopping,4171.75
C01145,Travel,181006.24
C01146,Bills & Utilities,10251.86
C01146,Dining,3458.68
C01146,Electronics,13305.77
C01146,Entertainment,4582.86
C01146,Fashion,8544.3
C01146,Fuel,12669.56
C01146,Groceries,3635.98
C01146,Healthcare,30589.52
C01146,Online Shopping,47243.78
C01146,Travel,146779.38
C01147,Bills & Utilities,12934.1
C01147,Dining,4046.33
C01147,Electronics,181571.67
C01147,Entertainment,7583.01
C01147,Fashion,35751.32
C01147,Fuel,7300.78
C01147,Groceries,7982.0599999999995
C01147,Healthcare,37107.49
C01147,Online Shopping,52671.25
C01147,Travel,118135.93
C01148,Bills & Utilities,12314.01
C01148,Dining,3259.05
C01148,Electronics,206953.75
C01148,Entertainment,503.94
C01148,Fashion,8063.45
C01148,Fuel,4350.04
C01148,Groceries,4833.67
C01148,Healthcare,43241.5
C01148,Online Shopping,28009.699999999997
C01148,Travel,8696.11
C01149,Bills & Utilities,1852.47
C01149,Dining,7531.73
C01149,Electronics,54302.66
C01149,Entertainment,6609.19
C01149,Fashion,37078.630000000005
C01149,Fuel,1354.0
C01149,Groceries,10585.99
C01149,Healthcare,22515.84
C01149,Online Shopping,52280.259999999995
C01149,Travel,70187.8
C01150,Bills & Utilities,18925.2
C01150,Dining,3176.53
C01150,Electronics,89899.09
C01150,Entertainment,9928.98
C01150,Fashion,21082.04
C01150,Fuel,10245.13
C01150,Groceries,11949.31
C01150,Healthcare,42667.3
C01150,Online Shopping,25773.5
C01150,Travel,115351.7
C01151,Bills & Utilities,20988.38
C01151,Dining,5228.54
C01151,Electronics,123547.6
C01151,Entertainment,12208.449999999999
C01151,Fashion,28485.760000000002
C01151,Fuel,6301.26
C01151,Groceries,2589.48
C01151,Online Shopping,88295.70000000001
C01151,Travel,101852.76
C01152,Bills & Utilities,26447.07
C01152,Dining,1476.39
C01152,Electronics,124344.49
C01152,Entertainment,9981.59
C01152,Fashion,39442.72
C01152,Fuel,2891.09
C01152,Groceries,6216.09
C01152,Healthcare,61239.14
C01152,Online Shopping,985.0
C01152,Travel,25202.239999999998
C01153,Bills & Utilities,28735.510000000002
C01153,Dining,2893.62
C01153,Electronics,116135.66
C01153,Entertainment,3543.62
C01153,Fashion,20778.14
C01153,Fuel,12314.6
C01153,Groceries,7005.35
C01153,Healthcare,26988.95
C01153,Online Shopping,33711.64
C01153,Travel,50133.39
C01154,Bills & Utilities,19726.239999999998
C01154,Dining,530.87
C01154,Electronics,177123.91999999998
C01154,Entertainment,3432.3999999999996
C01154,Fashion,6760.46
C01154,Groceries,3305.5800000000004
C01154,Healthcare,62023.84
C01154,Online Shopping,36849.21
C01154,Travel,163997.0
C01155,Bills & Utilities,15275.17
C01155,Dining,3071.85
C01155,Electronics,68714.83
C01155,Entertainment,5867.27
C01155,Fashion,22994.510000000002
C01155,Fuel,11975.27
C01155,Groceries,8301.73
C01155,Healthcare,63762.26
C01155,Online Shopping,48021.119999999995
C01155,Travel,78567.81
C01156,Bills & Utilities,12836.57
C01156,Dining,2360.6
C01156,Electronics,50054.27
C01156,Fashion,27662.59
C01156,Groceries,9559.6
C01156,Healthcare,21353.91
C01156,Online Shopping,99277.47
C01156,Travel,132400.82
C01157,Bills & Utilities,29702.94
C01157,Dining,3491.82
C01157,Entertainment,4264.57
C01157,Fashion,20104.91
C01157,Fuel,4272.98
C01157,Groceries,8796.41
C01157,Healthcare,40010.6
C01157,Online Shopping,70745.92
C01157,Travel,68880.73999999999
C01158,Bills & Utilities,19477.47
C01158,Dining,1962.62
C01158,Electronics,55688.91
C01158,Entertainment,4149.02
C01158,Fashion,43875.43
C01158,Fuel,5554.349999999999
C01158,Groceries,8742.29
C01158,Healthcare,7347.46
C01158,Online Shopping,46169.25
C01158,Travel,76176.0
C01159,Bills & Utilities,21127.059999999998
C01159,Dining,8221.31
C01159,Electronics,41836.8
C01159,Entertainment,10113.1
C01159,Fashion,21089.72
C01159,Fuel,19139.12
C01159,Groceries,4653.0
C01159,Healthcare,17462.550000000003
C01159,Online Shopping,30164.35
C01159,Travel,41200.98
C01160,Bills & Utilities,7143.1
C01160,Dining,8723.09
C01160,Electronics,159353.79
C01160,Entertainment,5746.41
C01160,Fashion,14329.3
C01160,Groceries,8274.369999999999
C01160,Healthcare,38063.62
C01160,Online Shopping,12161.94
C01161,Bills & Utilities,28565.16
C01161,Dining,6065.0599999999995
C01161,Electronics,154726.81
C01161,Entertainment,4136.59
C01161,Fashion,10940.37
C01161,Fuel,8120.17
C01161,Groceries,15348.27
C01161,Healthcare,25645.75
C01161,Online Shopping,27288.3
C01161,Travel,117616.22
C01162,Bills & Utilities,20664.37
C01162,Dining,9982.39
C01162,Electronics,229197.69999999998
C01162,Entertainment,4170.78
C01162,Fashion,3509.06
C01162,Fuel,9140.11
C01162,Groceries,6124.53
C01162,Healthcare,50820.33
C01162,Online Shopping,19931.91
C01162,Travel,58327.03
C01163,Bills & Utilities,7808.42
C01163,Dining,1739.5900000000001
C01163,Electronics,98137.14
C01163,Entertainment,12748.48
C01163,Fashion,27546.25
C01163,Fuel,6425.57
C01163,Groceries,2216.54
C01163,Healthcare,9717.91
C01163,Online Shopping,31457.58
C01163,Travel,85653.77
C01164,Bills & Utilities,33215.76
C01164,Dining,3383.0600000000004
C01164,Electronics,75569.31
C01164,Entertainment,5393.34
C01164,Fashion,14475.130000000001
C01164,Fuel,9767.8
C01164,Groceries,10233.94
C01164,Healthcare,15534.96
C01164,Online Shopping,27920.54
C01164,Travel,41468.33
C01165,Bills & Utilities,11534.14
C01165,Dining,427.31
C01165,Electronics,134528.27
C01165,Entertainment,600.63
C01165,Fashion,12189.54
C01165,Fuel,3378.85
C01165,Groceries,9264.89
C01165,Healthcare,45684.41
C01165,Online Shopping,11693.01
C01165,Travel,44237.71
C01166,Bills & Utilities,14392.07
C01166,Dining,1948.96
C01166,Electronics,81192.86
C01166,Entertainment,3524.49
C01166,Fashion,24076.11
C01166,Fuel,2360.0
C01166,Groceries,3743.3999999999996
C01166,Healthcare,43419.5
C01166,Online Shopping,31019.840000000004
C01166,Travel,77787.23999999999
C01167,Bills & Utilities,18734.86
C01167,Dining,2456.27
C01167,Electronics,158978.93
C01167,Entertainment,7346.93
C01167,Fashion,25872.09
C01167,Fuel,5044.82
C01167,Groceries,4461.46
C01167,Healthcare,33880.84
C01167,Online Shopping,57095.28
C01167,Travel,34218.3
C01168,Bills & Utilities,25199.64
C01168,Dining,5990.38
C01168,Electronics,225745.31
C01168,Entertainment,5806.67
C01168,Fashion,21909.08
C01168,Fuel,1423.84
C01168,Groceries,5274.33
C01168,Healthcare,60579.479999999996
C01168,Online Shopping,27767.809999999998
C01168,Travel,105424.01
C01169,Bills & Utilities,24731.18
C01169,Dining,2855.32
C01169,Electronics,48757.84
C01169,Entertainment,8827.17
C01169,Fashion,20228.9
C01169,Fuel,4843.719999999999
C01169,Groceries,8340.18
C01169,Healthcare,23289.35
C01169,Online Shopping,63039.29
C01169,Travel,50986.56
C01170,Bills & Utilities,26000.8
C01170,Dining,10637.45
C01170,Electronics,88118.45
C01170,Entertainment,11372.33
C01170,Fashion,31180.629999999997
C01170,Fuel,4215.14
C01170,Groceries,2967.58
C01170,Healthcare,55718.21
C01170,Online Shopping,50989.29
C01170,Travel,191073.8
C01171,Bills & Utilities,758.01
C01171,Dining,7350.23
C01171,Electronics,105499.31
C01171,Entertainment,3102.74
C01171,Fashion,23170.75
C01171,Fuel,8335.2
C01171,Groceries,3730.7599999999998
C01171,Healthcare,33334.37
C01171,Online Shopping,32577.449999999997
C01171,Travel,71217.69
C01172,Bills & Utilities,7920.55
C01172,Dining,6607.370000000001
C01172,Electronics,104478.66
C01172,Entertainment,1470.65
C01172,Fashion,26395.899999999998
C01172,Fuel,13772.61
C01172,Healthcare,104320.45
C01172,Online Shopping,3778.43
C01172,Travel,55211.08
C01173,Bills & Utilities,11671.25
C01173,Dining,6361.81
C01173,Electronics,11652.29
C01173,Entertainment,6402.29
C01173,Fashion,14961.08
C01173,Fuel,11511.06
C01173,Groceries,3840.4900000000002
C01173,Healthcare,51619.44
C01173,Online Shopping,25104.78
C01173,Travel,112548.81
C01174,Bills & Utilities,13037.95
C01174,Dining,9507.19
C01174,Electronics,117588.14
C01174,Entertainment,2150.37
C01174,Fashion,15108.27
C01174,Fuel,8524.41
C01174,Groceries,6557.54
C01174,Healthcare,107395.11
C01174,Online Shopping,31412.129999999997
C01174,Travel,46327.21
C01175,Bills & Utilities,11560.400000000001
C01175,Dining,4575.77
C01175,Electronics,130371.03
C01175,Entertainment,2337.25
C01175,Fashion,8996.53
C01175,Fuel,12388.72
C01175,Groceries,6991.86
C01175,Healthcare,17518.76
C01175,Online Shopping,58950.89
C01175,Travel,90632.01
C01176,Bills & Utilities,18076.95
C01176,Dining,6585.67
C01176,Electronics,95179.53
C01176,Entertainment,7236.4400000000005
C01176,Fashion,20826.54
C01176,Fuel,3896.74
C01176,Groceries,15527.11
C01176,Healthcare,56204.62
C01176,Online Shopping,60560.11
C01176,Travel,63355.869999999995
C01177,Bills & Utilities,8196.43
C01177,Dining,2421.31
C01177,Electronics,81553.82
C01177,Entertainment,2391.38
C01177,Fashion,13966.53
C01177,Fuel,692.85
C01177,Groceries,8163.29
C01177,Healthcare,39796.81
C01177,Online Shopping,40560.57
C01177,Travel,30106.559999999998
C01178,Bills & Utilities,9087.150000000001
C01178,Dining,7065.82
C01178,Electronics,70804.31
C01178,Fashion,21396.39
C01178,Fuel,5893.5
C01178,Groceries,4143.799999999999
C01178,Healthcare,29429.739999999998
C01178,Online Shopping,48544.009999999995
C01178,Travel,74049.81
C01179,Bills & Utilities,13638.880000000001
C01179,Dining,8486.07
C01179,Electronics,228006.69
C01179,Entertainment,11454.02
C01179,Fashion,42177.29
C01179,Fuel,10127.5
C01179,Groceries,5296.21
C01179,Healthcare,72076.08
C01179,Online Shopping,9423.54
C01179,Travel,85850.05000000002
C01180,Bills & Utilities,10702.45
C01180,Dining,4562.87
C01180,Electronics,151275.31
C01180,Entertainment,11563.02
C01180,Fashion,16952.78
C01180,Fuel,23968.19
C01180,Groceries,4407.68
C01180,Online Shopping,29167.309999999998
C01180,Travel,67009.21999999999
C01181,Bills & Utilities,21527.92
C01181,Dining,4399.71
C01181,Electronics,112002.85
C01181,Entertainment,2621.48
C01181,Fashion,32200.92
C01181,Fuel,986.89
C01181,Groceries,2186.96
C01181,Healthcare,54521.31
C01181,Online Shopping,65072.22
C01181,Travel,104560.62
C01182,Bills & Utilities,5469.41
C01182,Dining,3909.34
C01182,Electronics,93062.47
C01182,Entertainment,5052.92
C01182,Fashion,61032.69
C01182,Fuel,7443.65
C01182,Groceries,4760.93
C01182,Healthcare,34448.91
C01182,Online Shopping,57654.62
C01182,Travel,51257.06
C01183,Bills & Utilities,1987.32
C01183,Dining,5519.35
C01183,Electronics,95943.86
C01183,Entertainment,4936.9
C01183,Fashion,23071.88
C01183,Fuel,6319.62
C01183,Groceries,5018.629999999999
C01183,Healthcare,51699.16
C01183,Online Shopping,37257.0
C01183,Travel,48881.86
C01184,Bills & Utilities,16787.96
C01184,Dining,2423.17
C01184,Electronics,83857.73999999999
C01184,Entertainment,9222.6
C01184,Fashion,20227.19
C01184,Fuel,17941.43
C01184,Groceries,1627.44
C01184,Healthcare,54928.71
C01184,Online Shopping,55668.9
C01184,Travel,90846.85
C01185,Bills & Utilities,21353.64
C01185,Dining,4561.26
C01185,Electronics,2320.15
C01185,Entertainment,1795.96
C01185,Fashion,8159.49
C01185,Fuel,8120.53
C01185,Groceries,2620.55
C01185,Healthcare,91844.8
C01185,Online Shopping,26788.72
C01185,Travel,70488.34
C01186,Bills & Utilities,38790.74
C01186,Dining,5078.99
C01186,Electronics,185356.52
C01186,Entertainment,5784.73
C01186,Fashion,7111.06
C01186,Fuel,6290.45
C01186,Groceries,7543.66
C01186,Healthcare,32189.0
C01186,Online Shopping,47205.56
C01186,Travel,138889.84999999998
C01187,Bills & Utilities,3710.98
C01187,Dining,4907.02
C01187,Electronics,236463.11
C01187,Entertainment,4566.66
C01187,Fashion,23216.14
C01187,Fuel,2618.64
C01187,Groceries,6732.15
C01187,Healthcare,13435.3
C01187,Online Shopping,49651.16
C01187,Travel,87229.21
C01188,Bills & Utilities,25081.05
C01188,Dining,4284.65
C01188,Electronics,161621.54
C01188,Entertainment,7079.8099999999995
C01188,Fashion,51452.770000000004
C01188,Fuel,4351.01
C01188,Groceries,3016.06
C01188,Healthcare,3975.15
C01188,Online Shopping,34195.02
C01188,Travel,75883.34
C01189,Bills & Utilities,17541.75
C01189,Dining,2154.73
C01189,Electronics,118500.22
C01189,Entertainment,3674.01
C01189,Fashion,22610.92
C01189,Fuel,1214.86
C01189,Groceries,3098.56
C01189,Healthcare,16444.37
C01189,Online Shopping,17770.37
C01189,Travel,155651.0
C01190,Dining,3736.51
C01190,Electronics,131634.55
C01190,Entertainment,5278.58
C01190,Fashion,11734.58
C01190,Fuel,10386.98
C01190,Healthcare,65226.42
C01190,Online Shopping,35953.14
C01190,Travel,72722.36
C01191,Bills & Utilities,25034.829999999998
C01191,Dining,1445.43
C01191,Electronics,36818.79
C01191,Entertainment,11818.3
C01191,Fashion,15682.18
C01191,Fuel,10081.69
C01191,Groceries,4863.76
C01191,Healthcare,58872.36
C01191,Online Shopping,69198.21
C01191,Travel,216947.27
C01192,Bills & Utilities,17031.82
C01192,Dining,9097.08
C01192,Electronics,282333.81
C01192,Entertainment,8221.66
C01192,Fashion,23689.010000000002
C01192,Fuel,6490.33
C01192,Groceries,11456.25
C01192,Healthcare,4300.55
C01192,Online Shopping,32618.010000000002
C01192,Travel,32899.06
C01193,Bills & Utilities,20309.809999999998
C01193,Dining,3729.5299999999997
C01193,Electronics,82453.78
C01193,Entertainment,4427.58
C01193,Fashion,22671.4
C01193,Fuel,5501.88
C01193,Groceries,4983.139999999999
C01193,Healthcare,15135.98
C01193,Online Shopping,23579.36
C01193,Travel,37445.62
C01194,Bills & Utilities,8272.25
C01194,Dining,783.88
C01194,Electronics,95526.77
C01194,Entertainment,8275.98
C01194,Fashion,24750.95
C01194,Fuel,6997.02
C01194,Groceries,2202.15
C01194,Healthcare,73269.56999999999
C01194,Online Shopping,20740.559999999998
C01194,Travel,121990.05
C01195,Bills & Utilities,12304.84
C01195,Dining,7143.129999999999
C01195,Electronics,110802.64
C01195,Entertainment,11907.720000000001
C01195,Fuel,9557.49
C01195,Groceries,5443.98
C01195,Healthcare,41177.28
C01195,Online Shopping,30230.510000000002
C01195,Travel,49880.79
C01196,Bills & Utilities,19804.09
C01196,Dining,3558.54
C01196,Electronics,107092.48999999999
C01196,Entertainment,5486.6
C01196,Fashion,51963.0
C01196,Fuel,10504.72
C01196,Groceries,8243.470000000001
C01196,Healthcare,948.34
C01196,Online Shopping,28002.0
C01196,Travel,105134.07
C01197,Bills & Utilities,23792.92
C01197,Electronics,144930.2
C01197,Entertainment,7184.97
C01197,Fashion,7307.98
C01197,Fuel,7062.23
C01197,Groceries,5605.799999999999
C01197,Online Shopping,32481.17
C01197,Travel,129268.42
C01198,Bills & Utilities,27367.3
C01198,Dining,466.54
C01198,Electronics,74048.23999999999
C01198,Entertainment,6383.4
C01198,Groceries,7099.0
C01198,Healthcare,33111.42
C01198,Online Shopping,19381.8
C01198,Travel,165168.01
C01199,Bills & Utilities,17332.56
C01199,Dining,986.98
C01199,Electronics,62315.59
C01199,Entertainment,5636.16
C01199,Fashion,19689.620000000003
C01199,Fuel,8369.65
C01199,Groceries,7816.99
C01199,Healthcare,32007.43
C01199,Online Shopping,26515.33
C01199,Travel,103479.12
C01200,Dining,5377.66
C01200,Electronics,54062.96
C01200,Entertainment,9411.41
C01200,Fashion,28025.24
C01200,Fuel,1258.67
C01200,Healthcare,54452.6
C01200,Online Shopping,13296.2
C01200,Travel,58094.28
C01201,Bills & Utilities,25046.47
C01201,Dining,7682.49
C01201,Electronics,84125.56
C01201,Entertainment,1693.29
C01201,Fashion,11701.31
C01201,Fuel,4193.18
C01201,Groceries,4909.26
C01201,Healthcare,25471.15
C01201,Online Shopping,13895.55
C01201,Travel,57778.450000000004
C01202,Bills & Utilities,13103.380000000001
C01202,Dining,3162.13
C01202,Electronics,71475.56
C01202,Entertainment,7188.74
C01202,Fashion,12080.55
C01202,Fuel,13117.75
C01202,Groceries,5782.48
C01202,Healthcare,23772.41
C01202,Online Shopping,79248.75
C01202,Travel,93925.12
C01203,Bills & Utilities,8513.52
C01203,Dining,4581.77
C01203,Electronics,17810.82
C01203,Entertainment,6749.17
C01203,Fashion,77208.34
C01203,Fuel,8692.0
C01203,Groceries,3249.15
C01203,Healthcare,28228.53
C01203,Online Shopping,9585.52
C01203,Travel,148513.35
C01204,Bills & Utilities,23714.15
C01204,Dining,10213.5
C01204,Electronics,149603.44
C01204,Entertainment,3870.1099999999997
C01204,Fashion,38152.79
C01204,Fuel,2260.43
C01204,Groceries,5890.5599999999995
C01204,Healthcare,48070.14
C01204,Online Shopping,40556.76
C01204,Travel,99604.03
C01205,Bills & Utilities,25242.690000000002
C01205,Dining,2815.44
C01205,Electronics,92890.78
C01205,Entertainment,7332.93
C01205,Fashion,50621.979999999996
C01205,Fuel,10443.01
C01205,Healthcare,32132.940000000002
C01205,Online Shopping,9660.48
C01205,Travel,34831.909999999996
C01206,Bills & Utilities,6772.93
C01206,Dining,3749.96
C01206,Electronics,111963.74
C01206,Entertainment,5799.66
C01206,Fashion,46545.869999999995
C01206,Fuel,13818.86
C01206,Groceries,3437.92
C01206,Healthcare,16185.14
C01206,Online Shopping,15064.8
C01206,Travel,30174.66
C01207,Bills & Utilities,13012.619999999999
C01207,Dining,9272.07
C01207,Electronics,145979.87
C01207,Entertainment,5475.2300000000005
C01207,Fashion,48153.13
C01207,Fuel,6862.66
C01207,Healthcare,76904.58
C01207,Online Shopping,38569.81
C01207,Travel,122223.89000000001
C01208,Bills & Utilities,7304.31
C01208,Dining,4861.98
C01208,Electronics,204001.87
C01208,Entertainment,3616.55
C01208,Fashion,19245.09
C01208,Fuel,6194.1
C01208,Groceries,6580.54
C01208,Healthcare,53052.479999999996
C01208,Online Shopping,53358.020000000004
C01208,Travel,86790.34
C01209,Bills & Utilities,18607.54
C01209,Dining,5798.57
C01209,Electronics,23065.63
C01209,Entertainment,7795.56
C01209,Fashion,26215.63
C01209,Fuel,8163.429999999999
C01209,Groceries,11641.54
C01209,Healthcare,20791.24
C01209,Online Shopping,12432.619999999999
C01209,Travel,33740.49
C01210,Bills & Utilities,26668.72
C01210,Dining,3232.7
C01210,Electronics,55853.56
C01210,Entertainment,10626.68
C01210,Fashion,25513.48
C01210,Fuel,4584.27
C01210,Groceries,11493.55
C01210,Healthcare,2007.59
C01210,Online Shopping,31392.690000000002
C01210,Travel,65471.31
C01211,Bills & Utilities,3901.83
C01211,Dining,6665.99
C01211,Electronics,84603.88
C01211,Entertainment,3906.9300000000003
C01211,Fashion,41486.82
C01211,Fuel,19883.86
C01211,Groceries,7215.24
C01211,Healthcare,21793.28
C01211,Online Shopping,29732.72
C01211,Travel,50613.4
C01212,Bills & Utilities,7313.03
C01212,Dining,3882.38
C01212,Electronics,180777.23
C01212,Entertainment,4839.280000000001
C01212,Fashion,48244.82
C01212,Fuel,1956.57
C01212,Groceries,1086.87
C01212,Healthcare,32110.82
C01212,Travel,14325.57
C01213,Bills & Utilities,26335.86
C01213,Dining,615.11
C01213,Electronics,116384.42
C01213,Entertainment,8857.02
C01213,Fashion,20703.839999999997
C01213,Fuel,3944.92
C01213,Groceries,3223.31
C01213,Healthcare,17589.7
C01213,Online Shopping,21173.18
C01213,Travel,26412.97
C01214,Bills & Utilities,7891.43
C01214,Dining,8509.25
C01214,Electronics,166776.57
C01214,Fashion,21316.56
C01214,Fuel,4088.75
C01214,Groceries,2369.27
C01214,Healthcare,4857.91
C01214,Online Shopping,41471.58
C01214,Travel,72518.15
C01215,Bills & Utilities,6520.16
C01215,Dining,5685.84
C01215,Electronics,7676.72
C01215,Entertainment,3319.5899999999997
C01215,Fashion,45547.479999999996
C01215,Fuel,16265.01
C01215,Groceries,2938.21
C01215,Healthcare,16673.38
C01215,Online Shopping,19967.18
C01215,Travel,63618.36
C01216,Bills & Utilities,5758.73
C01216,Dining,5060.39
C01216,Electronics,120782.7
C01216,Entertainment,6269.23
C01216,Fashion,13867.9
C01216,Fuel,14048.949999999999
C01216,Groceries,1785.55
C01216,Healthcare,31410.4
C01216,Online Shopping,31001.91
C01216,Travel,33625.85
C01217,Bills & Utilities,7360.79
C01217,Dining,5346.21
C01217,Electronics,92796.76000000001
C01217,Entertainment,6222.03
C01217,Fashion,53344.95
C01217,Fuel,22401.67
C01217,Groceries,4626.32
C01217,Healthcare,18343.61
C01217,Online Shopping,54542.0
C01217,Travel,83020.38
C01218,Bills & Utilities,5183.2
C01218,Dining,3182.75
C01218,Electronics,67154.17
C01218,Entertainment,3378.7700000000004
C01218,Fashion,47466.15
C01218,Fuel,908.18
C01218,Groceries,11645.82
C01218,Healthcare,14778.6
C01218,Online Shopping,26834.8
C01218,Travel,57168.380000000005
C01219,Bills & Utilities,4425.0
C01219,Dining,10602.61
C01219,Electronics,30135.39
C01219,Entertainment,8385.0
C01219,Fuel,5707.42
C01219,Groceries,1917.99
C01219,Healthcare,18621.06
C01219,Online Shopping,12403.46
C01219,Travel,131313.64
C01220,Bills & Utilities,15831.96
C01220,Dining,8357.710000000001
C01220,Electronics,80779.13
C01220,Entertainment,4236.96
C01220,Fashion,21670.57
C01220,Fuel,630.08
C01220,Groceries,8536.78
C01220,Healthcare,37495.56
C01220,Online Shopping,42794.28
C01220,Travel,86353.20999999999
C01221,Bills & Utilities,15829.51
C01221,Dining,7327.75
C01221,Electronics,148341.96
C01221,Entertainment,6833.7699999999995
C01221,Fashion,18320.46
C01221,Fuel,6202.24
C01221,Groceries,5359.81
C01221,Healthcare,7504.97
C01221,Online Shopping,10763.060000000001
C01221,Travel,45262.56
C01222,Bills & Utilities,15675.25
C01222,Dining,4263.9
C01222,Electronics,86584.47
C01222,Entertainment,988.32
C01222,Fashion,15202.7
C01222,Fuel,3329.48
C01222,Groceries,4654.48
C01222,Healthcare,33682.05
C01222,Online Shopping,43282.09
C01222,Travel,82792.48000000001
C01223,Bills & Utilities,19797.36
C01223,Dining,2723.8599999999997
C01223,Electronics,205209.92
C01223,Entertainment,3443.1800000000003
C01223,Fashion,28128.07
C01223,Fuel,6148.16
C01223,Groceries,6789.47
C01223,Healthcare,16518.4
C01223,Online Shopping,45699.85
C01223,Travel,16416.46
C01224,Bills & Utilities,20856.46
C01224,Dining,12152.43
C01224,Electronics,108729.13
C01224,Entertainment,3752.8199999999997
C01224,Fashion,31322.39
C01224,Fuel,2517.92
C01224,Groceries,545.44
C01224,Healthcare,10470.25
C01224,Online Shopping,7104.54
C01224,Travel,7871.48
C01225,Bills & Utilities,12812.02
C01225,Dining,2751.6400000000003
C01225,Electronics,108871.1
C01225,Fashion,34183.42
C01225,Fuel,3235.3
C01225,Groceries,11211.47
C01225,Healthcare,54448.4
C01225,Online Shopping,38300.9
C01225,Travel,76537.68
C01226,Bills & Utilities,7343.7
C01226,Dining,6828.5
C01226,Electronics,92057.17
C01226,Entertainment,3826.52
C01226,Fashion,11699.68
C01226,Groceries,1605.4299999999998
C01226,Healthcare,27345.12
C01226,Online Shopping,38474.770000000004
C01226,Travel,76714.04
C01227,Bills & Utilities,6023.36
C01227,Dining,7079.3
C01227,Electronics,99836.19
C01227,Entertainment,8837.21
C01227,Fashion,10753.02
C01227,Fuel,7104.49
C01227,Groceries,4643.29
C01227,Healthcare,53155.78
C01227,Online Shopping,36703.67
C01227,Travel,74727.55
C01228,Bills & Utilities,24323.13
C01228,Dining,6935.22
C01228,Electronics,127071.78
C01228,Entertainment,10530.41
C01228,Fashion,49815.37
C01228,Fuel,16624.239999999998
C01228,Groceries,4625.58
C01228,Healthcare,20702.7
C01228,Online Shopping,80645.38
C01228,Travel,62862.42
C01229,Bills & Utilities,18623.11
C01229,Dining,6961.6
C01229,Electronics,181560.76
C01229,Entertainment,4015.33
C01229,Fashion,23858.61
C01229,Fuel,11634.93
C01229,Groceries,4717.89
C01229,Healthcare,67606.47
C01229,Online Shopping,40351.51
C01229,Travel,79497.06
C01230,Bills & Utilities,19758.96
C01230,Dining,3075.5299999999997
C01230,Electronics,77656.98999999999
C01230,Entertainment,6694.280000000001
C01230,Fashion,29892.99
C01230,Fuel,3699.86
C01230,Groceries,4075.7799999999997
C01230,Healthcare,25583.58
C01230,Online Shopping,6815.610000000001
C01230,Travel,69952.7
C01231,Bills & Utilities,12051.32
C01231,Dining,2495.67
C01231,Electronics,87541.44
C01231,Entertainment,3995.22
C01231,Fashion,32111.809999999998
C01231,Fuel,12383.08
C01231,Groceries,6459.97
C01231,Healthcare,35378.9
C01231,Online Shopping,66753.26000000001
C01231,Travel,129334.55
C01232,Bills & Utilities,14866.220000000001
C01232,Dining,5035.52
C01232,Electronics,147280.71000000002
C01232,Entertainment,462.42
C01232,Fashion,33539.42
C01232,Groceries,3452.8199999999997
C01232,Healthcare,42351.4
C01232,Online Shopping,50980.97
C01232,Travel,59339.56
C01233,Bills & Utilities,7862.63
C01233,Dining,3639.45
C01233,Electronics,159141.79
C01233,Entertainment,4170.74
C01233,Fashion,42808.22
C01233,Fuel,8192.24
C01233,Groceries,6749.139999999999
C01233,Healthcare,57523.18
C01233,Online Shopping,29909.800000000003
C01233,Travel,75790.04000000001
C01234,Bills & Utilities,13418.42
C01234,Dining,4415.75
C01234,Electronics,100792.35
C01234,Entertainment,4175.57
C01234,Fashion,22539.1
C01234,Fuel,6017.71
C01234,Groceries,7159.43
C01234,Healthcare,30488.94
C01234,Online Shopping,46226.490000000005
C01234,Travel,37256.05
C01235,Bills & Utilities,28597.58
C01235,Dining,2580.3199999999997
C01235,Electronics,122125.46
C01235,Entertainment,7375.96
C01235,Fashion,27960.19
C01235,Fuel,7638.13
C01235,Groceries,1115.43
C01235,Healthcare,68660.44
C01235,Online Shopping,50280.22
C01235,Travel,90631.0
C01236,Bills & Utilities,13008.220000000001
C01236,Dining,6121.74
C01236,Electronics,98246.04
C01236,Entertainment,4930.110000000001
C01236,Fashion,51000.6
C01236,Fuel,10450.74
C01236,Groceries,1699.58
C01236,Healthcare,26403.1
C01236,Online Shopping,48054.84
C01236,Travel,69218.22
C01237,Bills & Utilities,17617.75
C01237,Dining,3383.81
C01237,Electronics,20430.66
C01237,Entertainment,2858.31
C01237,Fashion,21238.25
C01237,Fuel,8480.54
C01237,Groceries,2627.81
C01237,Healthcare,33091.64
C01237,Online Shopping,56154.68
C01237,Travel,34133.18
C01238,Bills & Utilities,21707.7
C01238,Dining,8731.630000000001
C01238,Electronics,20651.26
C01238,Entertainment,3771.5
C01238,Fashion,33776.74
C01238,Fuel,12626.9
C01238,Groceries,1033.29
C01238,Healthcare,54101.37
C01238,Online Shopping,31978.08
C01238,Travel,86613.75
C01239,Bills & Utilities,21697.63
C01239,Dining,10546.76
C01239,Electronics,167438.57
C01239,Entertainment,12218.15
C01239,Fashion,23992.269999999997
C01239,Fuel,3903.19
C01239,Groceries,3171.8199999999997
C01239,Healthcare,43645.11
C01239,Online Shopping,61552.27
C01239,Travel,56033.88
C01240,Bills & Utilities,6676.1
C01240,Dining,2352.99
C01240,Entertainment,7943.51
C01240,Fashion,42823.36
C01240,Fuel,8526.369999999999
C01240,Groceries,4430.110000000001
C01240,Healthcare,22653.2
C01240,Online Shopping,29707.82
C01240,Travel,75976.95999999999
C01241,Bills & Utilities,19475.1
C01241,Dining,1856.73
C01241,Electronics,111056.44
C01241,Entertainment,6631.4
C01241,Fashion,51600.05
C01241,Fuel,4247.1
C01241,Groceries,346.96
C01241,Healthcare,21022.27
C01241,Online Shopping,26441.96
C01241,Travel,96421.41
C01242,Bills & Utilities,2848.4
C01242,Dining,4153.96
C01242,Electronics,2125.3
C01242,Entertainment,2483.49
C01242,Fashion,11227.14
C01242,Fuel,10155.84
C01242,Groceries,1799.14
C01242,Healthcare,54779.31
C01242,Online Shopping,58381.03
C01242,Travel,94367.64
C01243,Bills & Utilities,15351.36
C01243,Dining,7909.58
C01243,Electronics,73511.31
C01243,Entertainment,2110.1000000000004
C01243,Fashion,42919.36
C01243,Fuel,19910.77
C01243,Groceries,7672.08
C01243,Healthcare,18287.989999999998
C01243,Online Shopping,130508.57
C01243,Travel,112481.56
C01244,Bills & Utilities,11399.349999999999
C01244,Dining,1413.72
C01244,Electronics,105149.48000000001
C01244,Entertainment,5258.83
C01244,Fashion,7993.429999999999
C01244,Fuel,7057.5599999999995
C01244,Groceries,12991.05
C01244,Healthcare,88956.38
C01244,Online Shopping,11212.18
C01244,Travel,127455.62999999999
C01245,Bills & Utilities,19320.54
C01245,Dining,8190.54
C01245,Electronics,141425.19
C01245,Entertainment,1856.96
C01245,Fashion,36223.61
C01245,Fuel,6903.21
C01245,Groceries,8232.83
C01245,Healthcare,23236.800000000003
C01245,Online Shopping,17553.71
C01245,Travel,63658.380000000005
C01246,Bills & Utilities,34820.4
C01246,Dining,10315.09
C01246,Electronics,234758.02000000002
C01246,Entertainment,4027.1899999999996
C01246,Fashion,42745.06
C01246,Fuel,8926.71
C01246,Groceries,4668.5199999999995
C01246,Healthcare,64015.85
C01246,Online Shopping,21894.8
C01246,Travel,25560.870000000003
C01247,Bills & Utilities,10512.06
C01247,Dining,2709.01
C01247,Electronics,71746.34
C01247,Entertainment,7300.58
C01247,Fashion,67549.61
C01247,Fuel,7053.26
C01247,Groceries,7578.0
C01247,Healthcare,11458.5
C01247,Online Shopping,25760.87
C01247,Travel,93043.75
C01248,Bills & Utilities,33966.32
C01248,Dining,2159.9300000000003
C01248,Electronics,24593.69
C01248,Entertainment,2858.64
C01248,Fashion,25085.64
C01248,Fuel,2294.46
C01248,Groceries,7502.63
C01248,Healthcare,990.66
C01248,Online Shopping,22638.64
C01248,Travel,159922.29
C01249,Bills & Utilities,10702.25
C01249,Dining,6118.9400000000005
C01249,Electronics,97672.39
C01249,Entertainment,1716.8000000000002
C01249,Fashion,28360.47
C01249,Fuel,7767.8099999999995
C01249,Groceries,5165.51
C01249,Healthcare,25423.780000000002
C01249,Online Shopping,4818.849999999999
C01249,Travel,117590.27
C01250,Bills & Utilities,7459.9
C01250,Dining,1341.5
C01250,Electronics,59683.229999999996
C01250,Fashion,23927.53
C01250,Fuel,12387.17
C01250,Groceries,1364.37
C01250,Healthcare,44610.1
C01250,Online Shopping,56988.68
C01250,Travel,36067.0
C01251,Bills & Utilities,6924.99
C01251,Dining,5156.99
C01251,Electronics,84061.42
C01251,Entertainment,3508.0
C01251,Fashion,48397.0
C01251,Fuel,4889.38
C01251,Groceries,4310.58
C01251,Healthcare,15482.82
C01251,Online Shopping,27775.77
C01251,Travel,86701.29000000001
C01252,Bills & Utilities,16944.93
C01252,Dining,1828.91
C01252,Electronics,58071.1
C01252,Entertainment,3155.04
C01252,Fashion,28944.41
C01252,Fuel,4387.11
C01252,Groceries,6122.389999999999
C01252,Healthcare,34254.82
C01252,Online Shopping,23950.97
C01252,Travel,128969.27
C01253,Bills & Utilities,5042.07
C01253,Dining,434.3
C01253,Electronics,85788.23000000001
C01253,Entertainment,8883.39
C01253,Fashion,27119.92
C01253,Fuel,13214.650000000001
C01253,Healthcare,24041.39
C01253,Online Shopping,14585.38
C01253,Travel,50898.1
C01254,Bills & Utilities,9528.45
C01254,Dining,3851.21
C01254,Electronics,33532.9
C01254,Entertainment,4450.3099999999995
C01254,Fashion,8600.42
C01254,Fuel,11832.77
C01254,Groceries,4335.28
C01254,Healthcare,30423.13
C01254,Online Shopping,11645.88
C01254,Travel,92458.49
C01255,Bills & Utilities,22200.51
C01255,Dining,4877.46
C01255,Electronics,121690.25
C01255,Entertainment,3285.4
C01255,Fashion,28923.879999999997
C01255,Fuel,11122.82
C01255,Groceries,290.49
C01255,Healthcare,6885.06
C01255,Online Shopping,17363.32
C01255,Travel,35001.700000000004
C01256,Bills & Utilities,1017.09
C01256,Electronics,119986.34
C01256,Entertainment,2622.01
C01256,Fashion,24802.64
C01256,Fuel,4431.27
C01256,Groceries,1768.58
C01256,Healthcare,30619.39
C01256,Online Shopping,66596.72
C01256,Travel,76090.21
C01257,Bills & Utilities,14142.900000000001
C01257,Dining,2792.06
C01257,Electronics,119366.94
C01257,Entertainment,3810.29
C01257,Fashion,75167.93000000001
C01257,Fuel,5152.4
C01257,Groceries,3955.5
C01257,Healthcare,90491.51000000001
C01257,Online Shopping,5241.87
C01257,Travel,15765.8
C01258,Bills & Utilities,10234.35
C01258,Dining,11473.8
C01258,Electronics,145993.9
C01258,Entertainment,2818.86
C01258,Fashion,90302.69
C01258,Fuel,6545.86
C01258,Groceries,4400.86
C01258,Healthcare,15656.75
C01258,Online Shopping,17360.89
C01258,Travel,84894.38
C01259,Bills & Utilities,3701.02
C01259,Dining,3616.59
C01259,Entertainment,6336.6
C01259,Fashion,32670.27
C01259,Fuel,7914.94
C01259,Groceries,7488.39
C01259,Healthcare,42459.17
C01259,Online Shopping,51736.08
C01259,Travel,129339.9
C01260,Bills & Utilities,26429.07
C01260,Dining,6182.46
C01260,Electronics,106710.45999999999
C01260,Entertainment,4395.79
C01260,Fashion,16248.650000000001
C01260,Fuel,8281.29
C01260,Groceries,3541.67
C01260,Healthcare,82789.92
C01260,Travel,41577.82
C01261,Bills & Utilities,22432.66
C01261,Dining,3171.48
C01261,Electronics,219752.23
C01261,Entertainment,5480.45
C01261,Fashion,35778.57
C01261,Fuel,10015.29
C01261,Groceries,1047.35
C01261,Healthcare,18048.87
C01261,Online Shopping,20900.68
C01261,Travel,106327.97
C01262,Bills & Utilities,24991.190000000002
C01262,Dining,1885.21
C01262,Electronics,126653.57999999999
C01262,Entertainment,11830.57
C01262,Fashion,13603.34
C01262,Fuel,4739.79
C01262,Groceries,796.85
C01262,Healthcare,20368.75
C01262,Online Shopping,32684.04
C01262,Travel,116488.82
C01263,Bills & Utilities,1144.88
C01263,Dining,590.85
C01263,Electronics,118745.56
C01263,Entertainment,4860.3099999999995
C01263,Fashion,1003.28
C01263,Fuel,1427.47
C01263,Groceries,3801.53
C01263,Healthcare,40112.43
C01263,Online Shopping,9917.85
C01263,Travel,54563.31999999999
C01264,Bills & Utilities,14840.65
C01264,Dining,1710.58
C01264,Electronics,126647.07
C01264,Entertainment,1216.17
C01264,Fashion,35864.56
C01264,Fuel,18069.94
C01264,Groceries,2638.59
C01264,Healthcare,39923.06
C01264,Online Shopping,25411.33
C01264,Travel,59413.87
C01265,Dining,1867.13
C01265,Electronics,56838.44
C01265,Entertainment,1017.82
C01265,Fashion,61878.21
C01265,Fuel,9400.25
C01265,Groceries,3691.4
C01265,Healthcare,7266.39
C01265,Online Shopping,34494.72
C01265,Travel,37942.380000000005
C01266,Bills & Utilities,12648.279999999999
C01266,Dining,3951.24
C01266,Electronics,88359.31
C01266,Entertainment,1969.19
C01266,Fashion,8728.689999999999
C01266,Fuel,7755.0
C01266,Groceries,4035.42
C01266,Healthcare,35883.33
C01266,Online Shopping,39712.03
C01266,Travel,46903.67
C01267,Bills & Utilities,12531.74
C01267,Dining,2781.95
C01267,Electronics,98053.0
C01267,Entertainment,5541.53
C01267,Fashion,19848.129999999997
C01267,Fuel,8228.96
C01267,Groceries,9099.91
C01267,Healthcare,28727.68
C01267,Online Shopping,29470.85
C01267,Travel,79545.25
C01268,Bills & Utilities,14504.26
C01268,Dining,10104.44
C01268,Electronics,73567.9
C01268,Entertainment,2382.48
C01268,Fashion,30369.64
C01268,Fuel,7200.710000000001
C01268,Groceries,7088.34
C01268,Healthcare,6116.26
C01268,Online Shopping,64659.04000000001
C01268,Travel,126011.68
C01269,Bills & Utilities,13181.09
C01269,Dining,1473.07
C01269,Electronics,85609.1
C01269,Entertainment,8649.23
C01269,Fashion,54693.350000000006
C01269,Fuel,14489.47
C01269,Groceries,12064.029999999999
C01269,Healthcare,26786.05
C01269,Online Shopping,33784.229999999996
C01269,Travel,76739.19
C01270,Bills & Utilities,3242.3199999999997
C01270,Dining,7787.0
C01270,Electronics,94392.03
C01270,Entertainment,9500.55
C01270,Fashion,24572.97
C01270,Fuel,10379.23
C01270,Groceries,1033.48
C01270,Healthcare,56796.39
C01270,Online Shopping,33780.96
C01270,Travel,52517.99
C01271,Bills & Utilities,13415.86
C01271,Dining,8132.660000000001
C01271,Electronics,15938.81
C01271,Entertainment,4712.78
C01271,Fashion,54396.73
C01271,Fuel,6967.24
C01271,Groceries,3396.57
C01271,Healthcare,67723.1
C01271,Online Shopping,68126.8
C01271,Travel,156634.15
C01272,Bills & Utilities,21294.809999999998
C01272,Dining,5648.26
C01272,Electronics,175268.27000000002
C01272,Entertainment,8877.48
C01272,Fashion,6131.67
C01272,Fuel,15022.369999999999
C01272,Groceries,4595.530000000001
C01272,Healthcare,57325.350000000006
C01272,Online Shopping,36187.43
C01272,Travel,18374.57
C01273,Bills & Utilities,15109.54
C01273,Dining,9599.98
C01273,Electronics,56356.78
C01273,Entertainment,7887.2699999999995
C01273,Fashion,29099.99
C01273,Fuel,10096.46
C01273,Groceries,3442.46
C01273,Online Shopping,65721.89
C01273,Travel,142727.24
C01274,Bills & Utilities,28009.010000000002
C01274,Dining,4847.4
C01274,Electronics,82103.16
C01274,Entertainment,7235.9400000000005
C01274,Fashion,12055.94
C01274,Fuel,6648.7
C01274,Groceries,4154.76
C01274,Healthcare,5868.53
C01274,Online Shopping,86186.35
C01274,Travel,41933.229999999996
C01275,Bills & Utilities,10933.62
C01275,Dining,5199.3
C01275,Electronics,70195.07
C01275,Entertainment,1587.76
C01275,Fashion,1769.96
C01275,Fuel,8425.09
C01275,Groceries,6578.54
C01275,Healthcare,23518.19
C01275,Online Shopping,61285.92999999999
C01275,Travel,17279.13
C01276,Bills & Utilities,10559.36
C01276,Dining,12479.36
C01276,Electronics,14447.82
C01276,Entertainment,5518.15
C01276,Fashion,3723.98
C01276,Fuel,6088.44
C01276,Groceries,7450.48
C01276,Healthcare,16608.91
C01276,Online Shopping,20016.07
C01276,Travel,96504.69
C01277,Bills & Utilities,2729.09
C01277,Dining,3736.34
C01277,Electronics,94761.4
C01277,Entertainment,7751.59
C01277,Fashion,32383.12
C01277,Fuel,9062.77
C01277,Groceries,3730.91
C01277,Healthcare,21955.55
C01277,Travel,106503.87999999999
C01278,Bills & Utilities,5679.27
C01278,Dining,2030.0900000000001
C01278,Electronics,191231.04
C01278,Entertainment,2811.8199999999997
C01278,Fashion,11736.92
C01278,Fuel,6684.610000000001
C01278,Groceries,9327.0
C01278,Healthcare,25310.089999999997
C01278,Travel,37467.32
C01279,Bills & Utilities,9312.619999999999
C01279,Dining,1174.27
C01279,Electronics,112752.64
C01279,Entertainment,5441.51
C01279,Fashion,29177.23
C01279,Fuel,7298.799999999999
C01279,Groceries,6427.610000000001
C01279,Healthcare,58842.72
C01279,Online Shopping,29784.38
C01279,Travel,30123.71
C01280,Bills & Utilities,10588.18
C01280,Dining,3138.27
C01280,Electronics,153990.29
C01280,Entertainment,9926.48
C01280,Fuel,6041.12
C01280,Groceries,2115.04
C01280,Healthcare,34918.94
C01280,Online Shopping,16779.68
C01280,Travel,87419.1
C01281,Bills & Utilities,30356.2
C01281,Dining,3473.11
C01281,Electronics,140042.77000000002
C01281,Entertainment,2493.95
C01281,Fashion,14986.62
C01281,Fuel,14533.71
C01281,Groceries,3470.04
C01281,Healthcare,27699.49
C01281,Online Shopping,72836.09999999999
C01281,Travel,74081.37
C01282,Bills & Utilities,19254.2
C01282,Dining,6061.21
C01282,Electronics,89784.93
C01282,Entertainment,13971.11
C01282,Fashion,53177.21
C01282,Fuel,7869.37
C01282,Groceries,9682.44
C01282,Healthcare,27532.96
C01282,Online Shopping,42796.979999999996
C01283,Bills & Utilities,16719.84
C01283,Dining,2659.63
C01283,Electronics,111310.23999999999
C01283,Entertainment,3482.0200000000004
C01283,Fashion,55962.399999999994
C01283,Fuel,10076.04
C01283,Groceries,9066.05
C01283,Online Shopping,45600.61
C01283,Travel,85949.05
C01284,Bills & Utilities,21635.98
C01284,Dining,5167.05
C01284,Electronics,26106.56
C01284,Entertainment,8735.04
C01284,Fashion,33493.86
C01284,Fuel,7977.800000000001
C01284,Groceries,8253.16
C01284,Healthcare,40151.82000000001
C01284,Online Shopping,18541.23
C01284,Travel,88092.97
C01285,Bills & Utilities,9574.57
C01285,Dining,6850.74
C01285,Electronics,121386.92
C01285,Entertainment,3984.04
C01285,Fashion,29891.510000000002
C01285,Fuel,10119.0
C01285,Groceries,8468.09
C01285,Healthcare,42544.229999999996
C01285,Online Shopping,22558.350000000002
C01285,Travel,71531.34
C01286,Bills & Utilities,6327.59
C01286,Dining,3118.14
C01286,Electronics,28157.97
C01286,Entertainment,5004.44
C01286,Fashion,4635.99
C01286,Fuel,11294.73
C01286,Groceries,10816.44
C01286,Healthcare,31121.09
C01286,Online Shopping,47758.74
C01286,Travel,86516.44
C01287,Bills & Utilities,29156.75
C01287,Dining,5601.12
C01287,Electronics,64394.56
C01287,Entertainment,17988.26
C01287,Fashion,35937.79
C01287,Fuel,11673.279999999999
C01287,Groceries,2704.37
C01287,Healthcare,56998.31
C01287,Online Shopping,39478.7
C01287,Travel,172196.07
C01288,Bills & Utilities,2656.66
C01288,Dining,5109.469999999999
C01288,Electronics,101657.38
C01288,Entertainment,12693.78
C01288,Fashion,55842.2
C01288,Fuel,8699.23
C01288,Groceries,11959.949999999999
C01288,Healthcare,70985.14
C01288,Online Shopping,68404.56
C01289,Bills & Utilities,8413.24
C01289,Dining,9670.26
C01289,Electronics,111637.52
C01289,Entertainment,4457.48
C01289,Fashion,50131.27
C01289,Fuel,6771.93
C01289,Groceries,13130.779999999999
C01289,Healthcare,54200.7
C01289,Online Shopping,11565.710000000001
C01289,Travel,51598.65
C01290,Bills & Utilities,18709.98
C01290,Dining,4076.0299999999997
C01290,Electronics,51143.89
C01290,Entertainment,6850.14
C01290,Fashion,19348.1
C01290,Fuel,13436.470000000001
C01290,Groceries,4521.81
C01290,Healthcare,20646.25
C01290,Online Shopping,19937.27
C01290,Travel,71687.64
C01291,Bills & Utilities,12553.439999999999
C01291,Dining,1279.96
C01291,Electronics,133429.66
C01291,Entertainment,10013.08
C01291,Fashion,27046.58
C01291,Fuel,8536.96
C01291,Groceries,8642.97
C01291,Healthcare,44691.19
C01291,Online Shopping,19246.010000000002
C01291,Travel,28394.64
C01292,Bills & Utilities,9540.73
C01292,Dining,3533.1400000000003
C01292,Electronics,134113.95
C01292,Entertainment,4500.5
C01292,Fashion,52727.020000000004
C01292,Fuel,15094.99
C01292,Groceries,10445.13
C01292,Healthcare,72769.75
C01292,Online Shopping,43197.5
C01292,Travel,57522.630000000005
C01293,Bills & Utilities,22809.02
C01293,Dining,6212.43
C01293,Electronics,166795.93
C01293,Entertainment,5032.46
C01293,Fashion,15714.32
C01293,Fuel,17459.06
C01293,Groceries,9992.62
C01293,Healthcare,20777.7
C01293,Online Shopping,32172.589999999997
C01293,Travel,93686.70000000001
C01294,Bills & Utilities,20713.440000000002
C01294,Dining,6970.98
C01294,Electronics,58061.549999999996
C01294,Entertainment,3529.7200000000003
C01294,Fashion,51416.18
C01294,Fuel,14699.43
C01294,Groceries,6687.14
C01294,Healthcare,11296.210000000001
C01294,Online Shopping,30420.03
C01294,Travel,115874.69
C01295,Bills & Utilities,2354.04
C01295,Dining,12577.94
C01295,Electronics,132338.95
C01295,Entertainment,7122.11
C01295,Fashion,41065.82
C01295,Fuel,13034.89
C01295,Groceries,2436.8
C01295,Healthcare,26371.230000000003
C01295,Online Shopping,100460.29
C01295,Travel,36637.27
C01296,Bills & Utilities,28371.18
C01296,Dining,4210.45
C01296,Electronics,59375.8
C01296,Entertainment,4044.64
C01296,Fashion,25323.44
C01296,Fuel,930.2
C01296,Groceries,6983.889999999999
C01296,Healthcare,19180.27
C01296,Online Shopping,37262.33
C01296,Travel,8543.26
C01297,Bills & Utilities,22759.9
C01297,Dining,2357.84
C01297,Electronics,96016.37
C01297,Entertainment,7170.27
C01297,Fashion,14637.69
C01297,Fuel,4770.99
C01297,Groceries,4060.5299999999997
C01297,Healthcare,37687.630000000005
C01297,Online Shopping,63845.94
C01297,Travel,44627.41
C01298,Bills & Utilities,4675.96
C01298,Dining,5903.48
C01298,Electronics,69864.49
C01298,Entertainment,6498.27
C01298,Fashion,9213.49
C01298,Fuel,4648.04
C01298,Groceries,8200.31
C01298,Healthcare,71155.18
C01298,Online Shopping,16583.57
C01298,Travel,16610.96
C01299,Bills & Utilities,6697.620000000001
C01299,Dining,8913.720000000001
C01299,Electronics,59156.73
C01299,Entertainment,8036.050000000001
C01299,Fashion,5650.13
C01299,Fuel,4722.9400000000005
C01299,Groceries,2079.32
C01299,Healthcare,26102.05
C01299,Online Shopping,2373.84
C01299,Travel,19817.22
C01300,Bills & Utilities,9706.66
C01300,Dining,6542.12
C01300,Electronics,157315.59999999998
C01300,Fashion,45839.72
C01300,Fuel,10336.35
C01300,Groceries,7044.98
C01300,Healthcare,12200.39
C01300,Online Shopping,15242.31
C01300,Travel,105467.5
C01301,Bills & Utilities,15468.05
C01301,Dining,12821.39
C01301,Electronics,118734.61
C01301,Entertainment,8861.9
C01301,Fashion,11470.72
C01301,Fuel,3269.71
C01301,Groceries,11428.619999999999
C01301,Healthcare,10657.69
C01301,Online Shopping,16340.01
C01301,Travel,85082.15
C01302,Bills & Utilities,13496.210000000001
C01302,Dining,2624.02
C01302,Electronics,99811.54
C01302,Entertainment,2405.91
C01302,Fashion,48219.4
C01302,Fuel,9912.990000000002
C01302,Groceries,1801.12
C01302,Healthcare,19667.71
C01302,Online Shopping,110162.62
C01302,Travel,45371.76
C01303,Bills & Utilities,18312.96
C01303,Dining,1924.5
C01303,Electronics,32192.09
C01303,Entertainment,4233.1
C01303,Fashion,12070.710000000001
C01303,Fuel,10867.77
C01303,Groceries,4065.09
C01303,Healthcare,34306.38
C01303,Online Shopping,38769.16
C01303,Travel,85030.0
C01304,Bills & Utilities,23394.05
C01304,Dining,4679.98
C01304,Electronics,247515.97
C01304,Entertainment,4108.42
C01304,Fashion,61283.299999999996
C01304,Fuel,4296.79
C01304,Groceries,4606.66
C01304,Healthcare,76072.77
C01304,Online Shopping,51954.43
C01304,Travel,51883.25
C01305,Bills & Utilities,13754.400000000001
C01305,Dining,2051.11
C01305,Electronics,71931.09
C01305,Entertainment,14792.52
C01305,Fashion,15912.16
C01305,Fuel,7408.99
C01305,Groceries,6344.58
C01305,Healthcare,34598.17
C01305,Online Shopping,9889.2
C01305,Travel,43127.95
C01306,Bills & Utilities,27412.22
C01306,Dining,4697.33
C01306,Electronics,49455.89
C01306,Fashion,37460.31
C01306,Fuel,9614.02
C01306,Groceries,7602.9
C01306,Healthcare,27812.239999999998
C01306,Online Shopping,63951.14
C01306,Travel,50786.21
C01307,Bills & Utilities,20132.61
C01307,Dining,3115.82
C01307,Electronics,137848.26
C01307,Entertainment,5800.24
C01307,Fashion,51163.99
C01307,Fuel,2486.49
C01307,Groceries,6992.28
C01307,Healthcare,23171.260000000002
C01307,Travel,143947.0
C01308,Dining,4447.62
C01308,Electronics,165587.5
C01308,Entertainment,3477.77
C01308,Fashion,2160.52
C01308,Fuel,16535.46
C01308,Groceries,4013.6400000000003
C01308,Healthcare,39918.22
C01308,Travel,44790.850000000006
C01309,Bills & Utilities,350.78
C01309,Dining,7115.81
C01309,Electronics,212931.1
C01309,Entertainment,8188.41
C01309,Fashion,22854.71
C01309,Fuel,6462.35
C01309,Groceries,4576.66
C01309,Healthcare,17375.87
C01309,Online Shopping,14750.38
C01309,Travel,38627.17
C01310,Bills & Utilities,7255.289999999999
C01310,Dining,3596.9799999999996
C01310,Electronics,13898.27
C01310,Entertainment,2789.91
C01310,Fashion,63082.25
C01310,Fuel,5878.549999999999
C01310,Groceries,5443.84
C01310,Healthcare,13956.6
C01310,Online Shopping,68787.95
C01310,Travel,19232.43
C01311,Bills & Utilities,7967.39
C01311,Dining,418.68
C01311,Electronics,105045.91
C01311,Entertainment,3852.1000000000004
C01311,Fashion,11543.0
C01311,Fuel,11153.91
C01311,Groceries,3823.95
C01311,Healthcare,19027.89
C01311,Online Shopping,11311.09
C01311,Travel,17159.53
C01312,Bills & Utilities,17563.14
C01312,Dining,2998.25
C01312,Electronics,130599.88
C01312,Entertainment,6008.219999999999
C01312,Fashion,33232.13
C01312,Fuel,9097.31
C01312,Groceries,6236.91
C01312,Healthcare,17016.24
C01312,Online Shopping,14152.63
C01312,Travel,55204.15
C01313,Bills & Utilities,13988.39
C01313,Dining,2069.39
C01313,Electronics,94465.14000000001
C01313,Entertainment,10638.380000000001
C01313,Fashion,33879.369999999995
C01313,Fuel,1228.12
C01313,Groceries,3268.22
C01313,Healthcare,30795.7
C01313,Online Shopping,17272.18
C01313,Travel,36983.22
C01314,Bills & Utilities,21636.829999999998
C01314,Dining,5195.81
C01314,Electronics,156026.01
C01314,Entertainment,5042.15
C01314,Fashion,38689.600000000006
C01314,Fuel,9625.75
C01314,Groceries,12479.8
C01314,Healthcare,12515.15
C01314,Online Shopping,27190.39
C01314,Travel,110813.44
C01315,Bills & Utilities,1493.15
C01315,Dining,4469.35
C01315,Electronics,125275.1
C01315,Entertainment,7206.25
C01315,Fashion,26498.129999999997
C01315,Fuel,5242.15
C01315,Groceries,7510.1
C01315,Online Shopping,65011.67
C01315,Travel,81670.98000000001
C01316,Bills & Utilities,3080.84
C01316,Dining,4275.12
C01316,Electronics,95477.4
C01316,Entertainment,3231.0699999999997
C01316,Fashion,22074.28
C01316,Fuel,1446.49
C01316,Groceries,3976.3999999999996
C01316,Healthcare,32289.55
C01316,Online Shopping,32868.63
C01316,Travel,95718.93
C01317,Bills & Utilities,31717.84
C01317,Dining,5556.299999999999
C01317,Electronics,80895.73000000001
C01317,Entertainment,4744.71
C01317,Fashion,23351.14
C01317,Fuel,7372.27
C01317,Groceries,3313.0299999999997
C01317,Healthcare,18638.95
C01317,Online Shopping,34579.98
C01317,Travel,118041.32
C01318,Bills & Utilities,20779.15
C01318,Dining,3647.84
C01318,Electronics,24022.29
C01318,Entertainment,7364.57
C01318,Fashion,24210.7
C01318,Fuel,6861.01
C01318,Groceries,1872.3899999999999
C01318,Healthcare,53643.58
C01318,Online Shopping,66488.11
C01318,Travel,52171.67
C01319,Bills & Utilities,3084.87
C01319,Dining,870.94
C01319,Electronics,60016.16
C01319,Entertainment,9160.52
C01319,Fashion,28498.67
C01319,Fuel,12429.029999999999
C01319,Groceries,3788.06
C01319,Healthcare,16713.38
C01319,Online Shopping,44104.51
C01319,Travel,60574.58
C01320,Bills & Utilities,13400.23
C01320,Dining,6049.57
C01320,Electronics,53142.48
C01320,Entertainment,625.22
C01320,Fashion,43853.0
C01320,Fuel,6214.64
C01320,Healthcare,16618.89
C01320,Online Shopping,13538.71
C01320,Travel,62385.380000000005
C01321,Bills & Utilities,19791.989999999998
C01321,Dining,4426.75
C01321,Electronics,118269.53
C01321,Entertainment,3903.65
C01321,Fashion,41001.43
C01321,Fuel,12249.06
C01321,Groceries,7839.52
C01321,Healthcare,46183.96
C01321,Online Shopping,9936.82
C01321,Travel,157024.33000000002
C01322,Bills & Utilities,14942.21
C01322,Dining,2279.1
C01322,Electronics,148099.69
C01322,Entertainment,4562.18
C01322,Fashion,41688.25
C01322,Fuel,18288.75
C01322,Groceries,3823.6200000000003
C01322,Healthcare,68194.01
C01322,Online Shopping,41455.76
C01322,Travel,13547.199999999999
C01323,Dining,2437.51
C01323,Electronics,103388.56
C01323,Entertainment,5882.1900000000005
C01323,Fashion,64431.409999999996
C01323,Fuel,16601.07
C01323,Groceries,7309.900000000001
C01323,Healthcare,106337.73
C01323,Online Shopping,9010.04
C01323,Travel,101974.14
C01324,Bills & Utilities,15349.470000000001
C01324,Dining,4141.58
C01324,Electronics,137363.51
C01324,Entertainment,3643.81
C01324,Fashion,32094.46
C01324,Fuel,6583.42
C01324,Groceries,2597.39
C01324,Healthcare,37697.32
C01324,Online Shopping,49102.509999999995
C01324,Travel,77836.08
C01325,Bills & Utilities,20794.93
C01325,Dining,7411.6
C01325,Electronics,191070.9
C01325,Entertainment,6487.01
C01325,Fashion,40142.16
C01325,Fuel,5637.84
C01325,Groceries,3007.96
C01325,Healthcare,60237.23
C01325,Online Shopping,11576.63
C01325,Travel,111974.41
C01326,Bills & Utilities,11140.02
C01326,Dining,6380.14
C01326,Electronics,85054.17000000001
C01326,Entertainment,1793.24
C01326,Fashion,20338.22
C01326,Fuel,7194.15
C01326,Groceries,5037.68
C01326,Healthcare,82989.59
C01326,Online Shopping,37438.89
C01326,Travel,126822.64
C01327,Bills & Utilities,10719.08
C01327,Dining,13029.47
C01327,Electronics,155052.51
C01327,Entertainment,6844.18
C01327,Fashion,68063.98
C01327,Fuel,2542.86
C01327,Groceries,5110.48
C01327,Healthcare,41752.61
C01327,Online Shopping,41559.409999999996
C01327,Travel,91285.42
C01328,Bills & Utilities,16433.449999999997
C01328,Dining,6723.629999999999
C01328,Electronics,38539.84
C01328,Entertainment,4753.92
C01328,Fashion,18448.0
C01328,Fuel,10394.6
C01328,Groceries,16989.34
C01328,Healthcare,19147.13
C01328,Online Shopping,30059.89
C01328,Travel,78207.17
C01329,Bills & Utilities,28299.59
C01329,Dining,1799.3899999999999
C01329,Electronics,269050.67
C01329,Entertainment,2349.17
C01329,Fashion,11654.93
C01329,Fuel,13636.02
C01329,Groceries,2644.93
C01329,Healthcare,27464.020000000004
C01329,Online Shopping,58940.14
C01329,Travel,156101.52000000002
C01330,Bills & Utilities,6315.95
C01330,Dining,2117.56
C01330,Electronics,62582.31
C01330,Entertainment,10640.720000000001
C01330,Fashion,27616.13
C01330,Fuel,10520.48
C01330,Groceries,2335.05
C01330,Healthcare,28790.699999999997
C01330,Online Shopping,27394.35
C01330,Travel,108584.20999999999
C01331,Bills & Utilities,12093.67
C01331,Dining,2127.03
C01331,Electronics,188923.87
C01331,Entertainment,1116.4
C01331,Fashion,28584.57
C01331,Fuel,4220.150000000001
C01331,Groceries,5710.54
C01331,Healthcare,21029.02
C01331,Online Shopping,27865.42
C01331,Travel,35181.28
C01332,Bills & Utilities,27726.55
C01332,Dining,4701.25
C01332,Electronics,143172.0
C01332,Entertainment,5400.0599999999995
C01332,Fashion,9564.33
C01332,Fuel,3422.63
C01332,Groceries,8570.83
C01332,Healthcare,58668.11
C01332,Online Shopping,53077.86
C01332,Travel,154773.63999999998
C01333,Bills & Utilities,33187.82
C01333,Dining,3646.87
C01333,Electronics,106742.64
C01333,Entertainment,9739.0
C01333,Fashion,5330.51
C01333,Fuel,9951.0
C01333,Groceries,2049.56
C01333,Healthcare,17214.26
C01333,Online Shopping,3775.4
C01333,Travel,94634.36
C01334,Bills & Utilities,6342.11
C01334,Dining,7502.15
C01334,Electronics,27528.66
C01334,Entertainment,11736.970000000001
C01334,Fashion,9863.23
C01334,Fuel,2573.92
C01334,Groceries,3651.0
C01334,Healthcare,35948.19
C01334,Online Shopping,69827.89000000001
C01334,Travel,48993.880000000005
C01335,Bills & Utilities,1558.57
C01335,Dining,1739.81
C01335,Electronics,256712.39
C01335,Entertainment,2425.27
C01335,Fashion,38937.96
C01335,Fuel,9363.619999999999
C01335,Groceries,5041.84
C01335,Healthcare,1799.43
C01335,Online Shopping,27482.1
C01335,Travel,78520.45
C01336,Bills & Utilities,15500.09
C01336,Dining,5145.18
C01336,Electronics,120285.12
C01336,Entertainment,10419.55
C01336,Fashion,15933.52
C01336,Groceries,3992.9
C01336,Healthcare,11590.03
C01336,Online Shopping,35119.670000000006
C01336,Travel,112120.0
C01337,Bills & Utilities,22664.46
C01337,Dining,7893.98
C01337,Electronics,218364.36
C01337,Entertainment,2592.99
C01337,Fashion,17894.27
C01337,Fuel,6023.389999999999
C01337,Groceries,7925.26
C01337,Healthcare,37285.49
C01337,Online Shopping,21224.3
C01337,Travel,109058.3
C01338,Bills & Utilities,24007.08
C01338,Dining,7459.36
C01338,Electronics,5830.11
C01338,Entertainment,3906.0
C01338,Fashion,986.44
C01338,Fuel,7686.65
C01338,Groceries,3260.7999999999997
C01338,Healthcare,25912.089999999997
C01338,Online Shopping,47358.41
C01338,Travel,45679.2
C01339,Bills & Utilities,7613.63
C01339,Dining,4609.73
C01339,Electronics,102341.17
C01339,Entertainment,7187.37
C01339,Fashion,14833.37
C01339,Fuel,6847.98
C01339,Groceries,14126.99
C01339,Healthcare,65516.729999999996
C01339,Online Shopping,44034.479999999996
C01339,Travel,164510.85
C01340,Bills & Utilities,15375.57
C01340,Dining,7682.93
C01340,Electronics,150877.31
C01340,Entertainment,1915.21
C01340,Fashion,29458.41
C01340,Fuel,7166.25
C01340,Groceries,6181.37
C01340,Healthcare,28537.49
C01340,Online Shopping,43345.67
C01340,Travel,38537.31
C01341,Bills & Utilities,654.33
C01341,Dining,493.69
C01341,Electronics,53552.18
C01341,Entertainment,3873.63
C01341,Fashion,23140.5
C01341,Fuel,13386.54
C01341,Groceries,10323.09
C01341,Healthcare,57696.130000000005
C01341,Online Shopping,48453.2
C01342,Bills & Utilities,14766.94
C01342,Dining,433.01
C01342,Electronics,172854.28
C01342,Entertainment,3083.4
C01342,Fashion,15265.82
C01342,Fuel,8286.44
C01342,Groceries,4556.08
C01342,Healthcare,54411.240000000005
C01342,Online Shopping,18677.19
C01342,Travel,141831.4
C01343,Bills & Utilities,16374.85
C01343,Dining,7016.13
C01343,Electronics,169512.9
C01343,Entertainment,8693.130000000001
C01343,Fashion,39705.75
C01343,Fuel,1502.08
C01343,Groceries,2851.99
C01343,Healthcare,88596.79000000001
C01343,Online Shopping,12014.44
C01343,Travel,58414.33
C01344,Bills & Utilities,23700.94
C01344,Dining,3287.54
C01344,Electronics,92277.75
C01344,Fashion,23417.24
C01344,Fuel,6607.3099999999995
C01344,Groceries,11230.970000000001
C01344,Healthcare,37398.7
C01344,Online Shopping,87273.03
C01344,Travel,162244.87
C01345,Dining,154.93
C01345,Electronics,44793.88
C01345,Entertainment,6769.08
C01345,Fashion,3399.02
C01345,Fuel,10086.48
C01345,Groceries,14137.25
C01345,Healthcare,1645.47
C01345,Online Shopping,45371.06
C01345,Travel,81241.32
C01346,Bills & Utilities,27099.829999999998
C01346,Dining,4623.26
C01346,Electronics,107361.1
C01346,Entertainment,7852.32
C01346,Fashion,12327.09
C01346,Fuel,16777.75
C01346,Groceries,2345.16
C01346,Healthcare,63168.219999999994
C01346,Online Shopping,51691.06
C01346,Travel,96134.89
C01347,Bills & Utilities,18739.29
C01347,Dining,5979.58
C01347,Electronics,58300.619999999995
C01347,Entertainment,4484.58
C01347,Fashion,13885.41
C01347,Fuel,6869.96
C01347,Groceries,4932.01
C01347,Healthcare,17761.86
C01347,Online Shopping,23038.67
C01347,Travel,60052.64
C01348,Bills & Utilities,24830.8
C01348,Dining,2564.89
C01348,Electronics,16759.86
C01348,Entertainment,6637.45
C01348,Fashion,29795.300000000003
C01348,Fuel,11043.14
C01348,Groceries,2805.98
C01348,Healthcare,31751.58
C01348,Online Shopping,56123.67
C01348,Travel,86544.09
C01349,Bills & Utilities,23193.42
C01349,Dining,7355.72
C01349,Electronics,75810.26
C01349,Entertainment,933.93
C01349,Fashion,27634.82
C01349,Fuel,9144.67
C01349,Groceries,11251.49
C01349,Healthcare,38904.86
C01349,Online Shopping,43301.520000000004
C01349,Travel,94425.01000000001
C01350,Bills & Utilities,23475.53
C01350,Dining,2172.98
C01350,Electronics,13101.55
C01350,Entertainment,4080.88
C01350,Fashion,25462.12
C01350,Fuel,15346.92
C01350,Groceries,2604.77
C01350,Healthcare,49209.46
C01350,Online Shopping,9009.41
C01350,Travel,90006.98999999999
C01351,Bills & Utilities,2711.34
C01351,Dining,3537.08
C01351,Electronics,142055.16999999998
C01351,Entertainment,2522.82
C01351,Fashion,13823.54
C01351,Fuel,11909.060000000001
C01351,Groceries,3300.95
C01351,Healthcare,41056.83
C01351,Online Shopping,45448.75
C01351,Travel,34627.71
C01352,Bills & Utilities,35022.84
C01352,Dining,9254.14
C01352,Electronics,29598.08
C01352,Entertainment,5825.99
C01352,Fashion,11284.17
C01352,Fuel,11748.08
C01352,Groceries,10657.34
C01352,Healthcare,48887.22
C01352,Online Shopping,48290.01
C01352,Travel,76810.05
C01353,Bills & Utilities,14906.59
C01353,Electronics,226555.86
C01353,Entertainment,3184.94
C01353,Fashion,30268.91
C01353,Fuel,2668.95
C01353,Groceries,3994.04
C01353,Healthcare,46037.3
C01353,Online Shopping,23893.54
C01353,Travel,81452.94
C01354,Bills & Utilities,13663.43
C01354,Dining,5465.32
C01354,Electronics,84510.64
C01354,Entertainment,5678.57
C01354,Fashion,51725.54
C01354,Fuel,15359.92
C01354,Groceries,8538.0
C01354,Healthcare,14467.49
C01354,Online Shopping,7453.89
C01354,Travel,84572.14
C01355,Bills & Utilities,20098.41
C01355,Dining,6130.85
C01355,Electronics,352508.68
C01355,Entertainment,6133.63
C01355,Fashion,33524.88
C01355,Fuel,5255.08
C01355,Groceries,2292.75
C01355,Healthcare,21030.09
C01355,Online Shopping,66778.84
C01355,Travel,102287.6
C01356,Bills & Utilities,8191.099999999999
C01356,Dining,2330.4900000000002
C01356,Electronics,241482.3
C01356,Entertainment,3887.21
C01356,Fashion,49241.4
C01356,Fuel,5350.48
C01356,Healthcare,31429.98
C01356,Online Shopping,50450.98
C01356,Travel,27977.34
C01357,Bills & Utilities,17958.79
C01357,Dining,4953.63
C01357,Electronics,166137.41
C01357,Entertainment,7358.66
C01357,Fashion,16850.79
C01357,Fuel,3592.47
C01357,Groceries,2134.3
C01357,Healthcare,17133.48
C01357,Online Shopping,27349.73
C01357,Travel,107720.13
C01358,Bills & Utilities,20554.97
C01358,Dining,5361.05
C01358,Electronics,60689.810000000005
C01358,Entertainment,8727.11
C01358,Fuel,12396.65
C01358,Groceries,6637.81
C01358,Healthcare,18433.4
C01358,Online Shopping,10322.98
C01358,Travel,71808.3
C01359,Bills & Utilities,31013.410000000003
C01359,Dining,3524.76
C01359,Electronics,253159.77
C01359,Entertainment,14650.94
C01359,Fashion,34808.82
C01359,Fuel,10108.93
C01359,Groceries,2631.42
C01359,Healthcare,42982.119999999995
C01359,Online Shopping,13951.75
C01359,Travel,63371.56
C01360,Bills & Utilities,13376.32
C01360,Dining,2457.11
C01360,Electronics,74482.66
C01360,Entertainment,5715.780000000001
C01360,Fashion,7426.969999999999
C01360,Fuel,1776.0
C01360,Groceries,2327.29
C01360,Healthcare,23618.800000000003
C01360,Online Shopping,73467.59
C01360,Travel,20257.5
C01361,Bills & Utilities,28562.53
C01361,Dining,7760.98
C01361,Entertainment,5652.42
C01361,Fashion,16298.52
C01361,Fuel,4213.77
C01361,Groceries,8401.03
C01361,Healthcare,22457.769999999997
C01361,Online Shopping,55579.740000000005
C01361,Travel,44341.14
C01362,Bills & Utilities,11902.550000000001
C01362,Dining,9186.23
C01362,Electronics,121225.20000000001
C01362,Entertainment,11308.07
C01362,Fashion,19490.53
C01362,Fuel,16459.44
C01362,Groceries,4843.68
C01362,Healthcare,70597.67
C01362,Online Shopping,6318.13
C01362,Travel,80764.01
C01363,Bills & Utilities,13501.369999999999
C01363,Dining,751.87
C01363,Electronics,156545.57
C01363,Entertainment,9316.4
C01363,Fuel,14318.51
C01363,Groceries,8603.51
C01363,Healthcare,13466.490000000002
C01363,Online Shopping,26017.54
C01363,Travel,35717.009999999995
C01364,Bills & Utilities,8442.91
C01364,Electronics,145357.65
C01364,Entertainment,5548.860000000001
C01364,Fashion,40662.130000000005
C01364,Fuel,11299.58
C01364,Groceries,5892.139999999999
C01364,Healthcare,32755.96
C01364,Online Shopping,53473.75
C01364,Travel,17841.67
C01365,Bills & Utilities,7685.81
C01365,Dining,5117.139999999999
C01365,Electronics,216247.45
C01365,Entertainment,1734.64
C01365,Fashion,36028.61
C01365,Fuel,10440.73
C01365,Groceries,6353.13
C01365,Healthcare,31473.25
C01365,Online Shopping,30240.370000000003
C01365,Travel,118527.37999999999
C01366,Bills & Utilities,9789.26
C01366,Dining,5199.96
C01366,Electronics,29034.34
C01366,Entertainment,14247.960000000001
C01366,Fashion,32983.42
C01366,Fuel,3107.04
C01366,Healthcare,12532.82
C01366,Online Shopping,96459.81
C01366,Travel,96239.23999999999
C01367,Bills & Utilities,5388.549999999999
C01367,Dining,1571.4
C01367,Electronics,192979.14
C01367,Entertainment,9721.78
C01367,Fashion,12125.95
C01367,Fuel,1793.99
C01367,Groceries,10777.71
C01367,Healthcare,41136.49
C01367,Online Shopping,59477.35
C01367,Travel,105939.23999999999
C01368,Bills & Utilities,9697.17
C01368,Dining,9726.25
C01368,Electronics,106934.36
C01368,Entertainment,4361.94
C01368,Fashion,13947.09
C01368,Fuel,5214.29
C01368,Groceries,4622.42
C01368,Healthcare,24718.55
C01368,Online Shopping,33036.07
C01368,Travel,97998.06
C01369,Bills & Utilities,6666.26
C01369,Dining,6206.7699999999995
C01369,Electronics,14906.81
C01369,Entertainment,5958.3099999999995
C01369,Fashion,47622.96
C01369,Fuel,9947.380000000001
C01369,Groceries,6394.76
C01369,Healthcare,85832.78
C01369,Online Shopping,25405.04
C01369,Travel,75292.58
C01370,Bills & Utilities,9182.51
C01370,Dining,6292.610000000001
C01370,Electronics,159537.88
C01370,Entertainment,915.81
C01370,Fashion,39853.96
C01370,Fuel,6783.69
C01370,Groceries,5761.0
C01370,Healthcare,34114.85
C01370,Online Shopping,15978.650000000001
C01370,Travel,95160.71
C01371,Bills & Utilities,15099.87
C01371,Dining,4843.12
C01371,Electronics,39004.96
C01371,Entertainment,6326.51
C01371,Fashion,78050.11
C01371,Fuel,11303.29
C01371,Groceries,3652.97
C01371,Online Shopping,11307.23
C01371,Travel,103652.3
C01372,Bills & Utilities,9743.65
C01372,Dining,9648.81
C01372,Electronics,26153.190000000002
C01372,Entertainment,2511.92
C01372,Fashion,9147.25
C01372,Fuel,7337.8099999999995
C01372,Groceries,2408.38
C01372,Healthcare,64694.62
C01372,Online Shopping,24716.04
C01372,Travel,70379.94
C01373,Bills & Utilities,45803.83
C01373,Dining,8087.35
C01373,Electronics,37836.44
C01373,Entertainment,6752.04
C01373,Fashion,31672.35
C01373,Fuel,9878.33
C01373,Groceries,4893.2
C01373,Healthcare,92619.5
C01373,Online Shopping,14080.060000000001
C01373,Travel,47911.96
C01374,Dining,6700.15
C01374,Electronics,106241.0
C01374,Entertainment,12295.93
C01374,Fashion,9552.64
C01374,Fuel,10953.29
C01374,Groceries,3641.19
C01374,Healthcare,35918.04
C01374,Online Shopping,26559.77
C01374,Travel,12620.44
C01375,Bills & Utilities,16654.989999999998
C01375,Dining,3961.67
C01375,Electronics,13328.73
C01375,Entertainment,3912.92
C01375,Fashion,5857.03
C01375,Fuel,3794.85
C01375,Groceries,10751.25
C01375,Healthcare,19072.13
C01375,Online Shopping,9881.63
C01375,Travel,34388.88
C01376,Bills & Utilities,22023.85
C01376,Dining,3154.26
C01376,Electronics,136544.44
C01376,Entertainment,2789.54
C01376,Fashion,37621.79
C01376,Fuel,3160.07
C01376,Groceries,957.75
C01376,Healthcare,35110.55
C01376,Online Shopping,42105.479999999996
C01376,Travel,97947.8
C01377,Bills & Utilities,12961.59
C01377,Dining,5246.9800000000005
C01377,Electronics,112420.1
C01377,Entertainment,4254.38
C01377,Fashion,62897.329999999994
C01377,Fuel,3438.8399999999997
C01377,Groceries,1563.85
C01377,Healthcare,63254.21000000001
C01377,Online Shopping,3185.97
C01377,Travel,96699.48
C01378,Bills & Utilities,5897.96
C01378,Dining,3259.19
C01378,Electronics,71137.36
C01378,Entertainment,2675.1
C01378,Fashion,31076.85
C01378,Fuel,8726.1
C01378,Groceries,6406.84
C01378,Healthcare,19954.14
C01378,Online Shopping,12907.259999999998
C01378,Travel,94106.45
C01379,Bills & Utilities,16093.66
C01379,Dining,1566.11
C01379,Electronics,38026.77
C01379,Entertainment,5123.32
C01379,Fashion,26855.33
C01379,Fuel,913.9
C01379,Groceries,3331.46
C01379,Healthcare,29593.02
C01379,Online Shopping,29527.91
C01379,Travel,64505.369999999995
C01380,Bills & Utilities,18526.83
C01380,Dining,4325.75
C01380,Electronics,150175.23
C01380,Entertainment,3216.55
C01380,Fashion,27606.97
C01380,Fuel,1531.97
C01380,Groceries,6285.68
C01380,Healthcare,58011.72
C01380,Online Shopping,49257.83
C01380,Travel,70384.52
C01381,Bills & Utilities,19978.33
C01381,Dining,5183.64
C01381,Electronics,63771.619999999995
C01381,Entertainment,7152.91
C01381,Fashion,33195.020000000004
C01381,Fuel,15428.16
C01381,Groceries,8878.630000000001
C01381,Healthcare,38936.88
C01381,Online Shopping,4124.09
C01381,Travel,18088.23
C01382,Bills & Utilities,12535.29
C01382,Dining,10128.33
C01382,Electronics,35361.43
C01382,Entertainment,5257.33
C01382,Fashion,66205.54
C01382,Fuel,5016.6
C01382,Groceries,5142.27
C01382,Healthcare,19226.190000000002
C01382,Online Shopping,21038.91
C01382,Travel,68022.01999999999
C01383,Bills & Utilities,4063.06
C01383,Dining,5402.860000000001
C01383,Entertainment,3537.15
C01383,Fashion,21172.59
C01383,Fuel,10139.94
C01383,Groceries,582.04
C01383,Healthcare,32761.34
C01383,Online Shopping,36279.97
C01383,Travel,118782.39
C01384,Bills & Utilities,26252.62
C01384,Dining,2275.61
C01384,Electronics,132856.5
C01384,Entertainment,5165.95
C01384,Fashion,11248.18
C01384,Fuel,11939.48
C01384,Groceries,14478.98
C01384,Healthcare,9262.77
C01384,Online Shopping,34022.97
C01384,Travel,8253.15
C01385,Bills & Utilities,19894.42
C01385,Dining,7147.68
C01385,Electronics,127055.86
C01385,Entertainment,7304.42
C01385,Fashion,39339.79
C01385,Fuel,17710.44
C01385,Groceries,7399.639999999999
C01385,Healthcare,3640.76
C01385,Online Shopping,9678.77
C01385,Travel,65001.71
C01386,Bills & Utilities,9337.01
C01386,Dining,8569.81
C01386,Electronics,22637.04
C01386,Entertainment,3211.5600000000004
C01386,Fashion,27591.16
C01386,Fuel,2080.0
C01386,Groceries,4874.06
C01386,Healthcare,98444.91
C01386,Online Shopping,9172.28
C01386,Travel,73937.23
C01387,Bills & Utilities,11624.84
C01387,Dining,3777.38
C01387,Electronics,51414.4
C01387,Entertainment,3726.86
C01387,Fashion,25006.14
C01387,Fuel,951.35
C01387,Groceries,10368.89
C01387,Healthcare,57039.619999999995
C01387,Online Shopping,32012.77
C01387,Travel,119919.86
C01388,Bills & Utilities,26889.47
C01388,Dining,3695.17
C01388,Electronics,104262.9
C01388,Entertainment,4645.900000000001
C01388,Fashion,51556.52
C01388,Fuel,14526.76
C01388,Groceries,6966.360000000001
C01388,Healthcare,16586.49
C01388,Online Shopping,36977.93
C01388,Travel,52575.45
C01389,Bills & Utilities,21751.81
C01389,Dining,6293.16
C01389,Electronics,164817.9
C01389,Entertainment,3226.8199999999997
C01389,Fashion,9976.92
C01389,Fuel,2581.66
C01389,Healthcare,38681.47
C01389,Online Shopping,72588.09
C01389,Travel,39771.409999999996
C01390,Bills & Utilities,6256.29
C01390,Dining,6284.07
C01390,Electronics,96416.33
C01390,Entertainment,10468.72
C01390,Fashion,9164.7
C01390,Fuel,5516.66
C01390,Groceries,3527.46
C01390,Healthcare,23297.22
C01390,Online Shopping,24729.65
C01390,Travel,81441.27
C01391,Bills & Utilities,6569.82
C01391,Dining,3638.67
C01391,Electronics,105690.57
C01391,Entertainment,7566.75
C01391,Fashion,6149.33
C01391,Fuel,3939.29
C01391,Groceries,3910.4700000000003
C01391,Healthcare,37724.33
C01391,Online Shopping,15327.14
C01391,Travel,79468.8
C01392,Bills & Utilities,23343.309999999998
C01392,Dining,8689.710000000001
C01392,Electronics,81047.56
C01392,Entertainment,11018.509999999998
C01392,Fashion,33610.58
C01392,Fuel,1797.38
C01392,Groceries,1915.87
C01392,Healthcare,44077.25
C01392,Online Shopping,76372.99
C01392,Travel,65744.59
C01393,Bills & Utilities,10045.63
C01393,Dining,2901.17
C01393,Electronics,137425.68
C01393,Entertainment,4454.879999999999
C01393,Fashion,19034.31
C01393,Fuel,11647.28
C01393,Groceries,8068.469999999999
C01393,Healthcare,92508.35
C01393,Online Shopping,29798.15
C01393,Travel,82327.7
C01394,Bills & Utilities,1606.1
C01394,Dining,4583.16
C01394,Electronics,136077.12
C01394,Entertainment,6857.6
C01394,Fashion,12901.88
C01394,Groceries,10338.79
C01394,Healthcare,74697.15
C01394,Online Shopping,47024.979999999996
C01394,Travel,49292.56
C01395,Bills & Utilities,11590.34
C01395,Dining,7593.179999999999
C01395,Electronics,91330.26
C01395,Entertainment,10178.56
C01395,Fashion,16714.36
C01395,Fuel,9687.42
C01395,Groceries,6650.7300000000005
C01395,Healthcare,49043.94
C01395,Online Shopping,73307.01000000001
C01395,Travel,65843.47
C01396,Bills & Utilities,2514.56
C01396,Dining,2876.61
C01396,Electronics,16804.57
C01396,Entertainment,5405.97
C01396,Fashion,24037.04
C01396,Fuel,14542.35
C01396,Groceries,2096.12
C01396,Healthcare,87423.22
C01396,Online Shopping,3831.67
C01396,Travel,69051.86
C01397,Bills & Utilities,18960.64
C01397,Dining,2939.72
C01397,Electronics,106112.39
C01397,Entertainment,8367.63
C01397,Fashion,13330.119999999999
C01397,Fuel,5431.49
C01397,Groceries,8945.56
C01397,Healthcare,11708.96
C01397,Online Shopping,25856.59
C01397,Travel,125774.56
C01398,Bills & Utilities,1724.87
C01398,Dining,2096.82
C01398,Electronics,152535.4
C01398,Entertainment,8802.79
C01398,Fashion,41983.72
C01398,Fuel,5549.16
C01398,Groceries,4625.87
C01398,Healthcare,24946.66
C01398,Online Shopping,9533.98
C01398,Travel,77132.51999999999
C01399,Bills & Utilities,17965.11
C01399,Dining,13117.07
C01399,Electronics,75752.20999999999
C01399,Entertainment,1636.36
C01399,Fashion,38523.96
C01399,Fuel,6467.889999999999
C01399,Groceries,3600.56
C01399,Healthcare,49103.04
C01399,Online Shopping,19131.58
C01399,Travel,45616.6
C01400,Bills & Utilities,15266.05
C01400,Dining,4742.1900000000005
C01400,Electronics,48040.73
C01400,Entertainment,9390.67
C01400,Fashion,75991.95
C01400,Fuel,1242.09
C01400,Groceries,3892.8399999999997
C01400,Healthcare,26216.28
C01400,Online Shopping,11050.51
C01400,Travel,34959.77
C01401,Bills & Utilities,11864.05
C01401,Dining,3701.28
C01401,Electronics,132651.05
C01401,Entertainment,2870.12
C01401,Fashion,11086.71
C01401,Fuel,6350.87
C01401,Groceries,4102.44
C01401,Healthcare,63375.67
C01401,Online Shopping,70768.88
C01401,Travel,73678.08
C01402,Bills & Utilities,17678.329999999998
C01402,Dining,6158.46
C01402,Electronics,201133.02
C01402,Entertainment,12038.14
C01402,Fashion,36217.1
C01402,Fuel,4447.5
C01402,Groceries,9446.8
C01402,Healthcare,35822.479999999996
C01402,Online Shopping,17849.8
C01402,Travel,55223.340000000004
C01403,Bills & Utilities,31751.55
C01403,Dining,2603.2200000000003
C01403,Electronics,44668.490000000005
C01403,Entertainment,4148.66
C01403,Fashion,49739.26
C01403,Fuel,17061.8
C01403,Groceries,580.74
C01403,Healthcare,33381.16
C01403,Online Shopping,35723.36
C01403,Travel,142214.8
C01404,Bills & Utilities,28746.48
C01404,Dining,7077.8
C01404,Electronics,166293.66999999998
C01404,Entertainment,8179.8099999999995
C01404,Fashion,21027.239999999998
C01404,Fuel,9360.17
C01404,Groceries,1150.15
C01404,Healthcare,36449.28
C01404,Online Shopping,60795.8
C01404,Travel,72705.95
C01405,Bills & Utilities,17783.32
C01405,Dining,6484.63
C01405,Electronics,18395.36
C01405,Entertainment,4145.55
C01405,Fashion,40106.67
C01405,Fuel,3967.44
C01405,Groceries,2526.57
C01405,Healthcare,2278.1
C01405,Online Shopping,42017.130000000005
C01405,Travel,86125.51000000001
C01406,Bills & Utilities,19279.3
C01406,Dining,4262.18
C01406,Electronics,250120.99
C01406,Entertainment,12352.94
C01406,Fashion,45332.99
C01406,Fuel,3159.59
C01406,Groceries,6356.01
C01406,Healthcare,17121.01
C01406,Online Shopping,22731.809999999998
C01406,Travel,96048.23
C01407,Bills & Utilities,15647.83
C01407,Dining,9663.460000000001
C01407,Electronics,19108.66
C01407,Entertainment,14297.66
C01407,Fashion,36359.29
C01407,Fuel,3670.08
C01407,Groceries,945.72
C01407,Healthcare,51482.020000000004
C01407,Online Shopping,59351.13
C01407,Travel,96896.45
C01408,Bills & Utilities,11872.76
C01408,Dining,7102.85
C01408,Electronics,123686.97
C01408,Entertainment,7436.45
C01408,Fashion,23217.28
C01408,Fuel,16174.19
C01408,Groceries,6977.07
C01408,Healthcare,47904.729999999996
C01408,Online Shopping,39097.12
C01408,Travel,38264.26
C01409,Bills & Utilities,3626.9700000000003
C01409,Dining,1533.93
C01409,Electronics,88891.06
C01409,Entertainment,2795.5099999999998
C01409,Fashion,39328.88
C01409,Fuel,949.89
C01409,Groceries,2310.4300000000003
C01409,Healthcare,46546.37
C01409,Online Shopping,18861.28
C01409,Travel,30291.33
C01410,Bills & Utilities,5992.12
C01410,Dining,3886.79
C01410,Electronics,50166.369999999995
C01410,Entertainment,2382.25
C01410,Fashion,56665.61
C01410,Fuel,12637.029999999999
C01410,Groceries,7005.04
C01410,Healthcare,53769.14
C01410,Online Shopping,35671.24
C01410,Travel,10786.12
C01411,Bills & Utilities,19832.61
C01411,Dining,3537.25
C01411,Electronics,9339.52
C01411,Entertainment,5931.26
C01411,Fashion,27516.51
C01411,Fuel,11490.33
C01411,Groceries,2107.31
C01411,Healthcare,21689.489999999998
C01411,Online Shopping,77690.85
C01411,Travel,36456.45
C01412,Bills & Utilities,5119.12
C01412,Dining,4285.280000000001
C01412,Electronics,66011.06
C01412,Entertainment,1104.51
C01412,Fashion,51827.87
C01412,Fuel,6036.42
C01412,Groceries,6184.24
C01412,Healthcare,33832.79
C01412,Online Shopping,66961.20999999999
C01412,Travel,22875.47
C01413,Bills & Utilities,25932.89
C01413,Dining,2833.55
C01413,Electronics,133150.24
C01413,Entertainment,6138.63
C01413,Fashion,46448.92
C01413,Fuel,6916.68
C01413,Groceries,1433.49
C01413,Healthcare,32508.28
C01413,Online Shopping,33226.93
C01413,Travel,40555.02
C01414,Bills & Utilities,7993.03
C01414,Dining,13245.460000000001
C01414,Electronics,15240.13
C01414,Fashion,36141.29
C01414,Fuel,20725.77
C01414,Groceries,3867.48
C01414,Healthcare,8542.25
C01414,Online Shopping,31719.94
C01414,Travel,134412.17
C01415,Bills & Utilities,22930.559999999998
C01415,Dining,7160.150000000001
C01415,Electronics,45592.130000000005
C01415,Entertainment,7574.54
C01415,Fashion,11245.32
C01415,Fuel,7059.93
C01415,Groceries,4901.68
C01415,Healthcare,26470.55
C01415,Online Shopping,44637.58
C01415,Travel,18555.53
C01416,Bills & Utilities,12731.82
C01416,Dining,5350.47
C01416,Electronics,47255.18
C01416,Entertainment,1605.5
C01416,Fashion,46047.91
C01416,Fuel,9390.24
C01416,Groceries,7234.639999999999
C01416,Healthcare,27701.379999999997
C01416,Online Shopping,57076.990000000005
C01416,Travel,32721.21
C01417,Bills & Utilities,20147.5
C01417,Dining,2059.66
C01417,Electronics,103592.01
C01417,Entertainment,10352.71
C01417,Fashion,35825.45
C01417,Fuel,8480.07
C01417,Groceries,3204.7400000000002
C01417,Healthcare,68223.65
C01417,Online Shopping,34879.57000000001
C01417,Travel,70669.06999999999
C01418,Bills & Utilities,12914.359999999999
C01418,Dining,3925.01
C01418,Electronics,37774.450000000004
C01418,Entertainment,3171.73
C01418,Fuel,3657.7200000000003
C01418,Groceries,3117.72
C01418,Healthcare,4588.67
C01418,Online Shopping,40292.41
C01418,Travel,17225.33
C01419,Bills & Utilities,19579.21
C01419,Dining,3431.58
C01419,Electronics,13801.66
C01419,Entertainment,7518.09
C01419,Fashion,61713.58
C01419,Fuel,13272.3
C01419,Groceries,8644.44
C01419,Healthcare,35640.59
C01419,Online Shopping,67239.37
C01419,Travel,32832.31
C01420,Bills & Utilities,10868.68
C01420,Dining,3047.43
C01420,Electronics,104003.41
C01420,Entertainment,12729.26
C01420,Fashion,13973.91
C01420,Fuel,6877.389999999999
C01420,Groceries,5062.32
C01420,Healthcare,40304.57
C01420,Online Shopping,11386.31
C01420,Travel,64752.59
C01421,Bills & Utilities,17484.300000000003
C01421,Dining,4541.19
C01421,Electronics,273416.83
C01421,Entertainment,4730.17
C01421,Fashion,52567.87
C01421,Fuel,13931.99
C01421,Groceries,2230.8
C01421,Healthcare,20236.29
C01421,Online Shopping,22624.4
C01421,Travel,51186.16
C01422,Bills & Utilities,14574.140000000001
C01422,Dining,1772.44
C01422,Electronics,82939.55
C01422,Entertainment,8417.57
C01422,Fashion,32685.230000000003
C01422,Groceries,7342.820000000001
C01422,Healthcare,34323.61
C01422,Online Shopping,54212.600000000006
C01422,Travel,197793.2
C01423,Dining,5116.4400000000005
C01423,Electronics,236280.66
C01423,Entertainment,7061.62
C01423,Fashion,4222.23
C01423,Groceries,4988.58
C01423,Healthcare,35992.37
C01423,Online Shopping,69072.67
C01423,Travel,15377.38
C01424,Bills & Utilities,16539.23
C01424,Dining,4156.33
C01424,Electronics,49831.06
C01424,Entertainment,610.65
C01424,Fuel,7357.63
C01424,Groceries,4694.44
C01424,Healthcare,24769.45
C01424,Online Shopping,19756.25
C01424,Travel,34532.49
C01425,Bills & Utilities,38028.14
C01425,Dining,1018.42
C01425,Electronics,152379.74
C01425,Entertainment,5893.1900000000005
C01425,Fashion,26952.94
C01425,Fuel,11440.95
C01425,Groceries,8065.51
C01425,Healthcare,50215.13
C01425,Online Shopping,19206.57
C01425,Travel,80262.13
C01426,Bills & Utilities,19595.32
C01426,Dining,8747.369999999999
C01426,Electronics,126241.45
C01426,Entertainment,4167.23
C01426,Fashion,65621.70999999999
C01426,Fuel,2746.83
C01426,Groceries,6160.66
C01426,Healthcare,80041.59
C01426,Online Shopping,83570.4
C01426,Travel,13529.58
C01427,Bills & Utilities,7016.540000000001
C01427,Dining,3286.42
C01427,Electronics,178070.94999999998
C01427,Entertainment,4373.27
C01427,Fashion,44594.369999999995
C01427,Fuel,3982.41
C01427,Groceries,2396.27
C01427,Healthcare,18976.62
C01427,Online Shopping,39842.51
C01427,Travel,82280.98
C01428,Bills & Utilities,1590.91
C01428,Electronics,49962.56
C01428,Entertainment,8164.88
C01428,Fashion,49364.8
C01428,Fuel,3827.12
C01428,Groceries,6628.91
C01428,Healthcare,44754.81
C01428,Online Shopping,57101.02
C01428,Travel,87082.47
C01429,Bills & Utilities,23634.0
C01429,Dining,4422.97
C01429,Electronics,82309.65000000001
C01429,Entertainment,8544.58
C01429,Fashion,10193.54
C01429,Fuel,514.79
C01429,Groceries,10079.56
C01429,Healthcare,53227.39
C01429,Online Shopping,57000.619999999995
C01429,Travel,82205.06
C01430,Bills & Utilities,17834.27
C01430,Dining,4844.02
C01430,Electronics,97557.47
C01430,Entertainment,3826.59
C01430,Fashion,39703.8
C01430,Fuel,3984.83
C01430,Groceries,3524.51
C01430,Healthcare,28598.68
C01430,Online Shopping,39907.27
C01430,Travel,80919.82
C01431,Bills & Utilities,1574.2
C01431,Dining,2570.12
C01431,Electronics,97479.04000000001
C01431,Entertainment,4999.24
C01431,Fashion,37406.990000000005
C01431,Fuel,9147.36
C01431,Healthcare,97032.01
C01431,Online Shopping,19374.53
C01431,Travel,35177.16
C01432,Bills & Utilities,19893.43
C01432,Dining,2624.02
C01432,Electronics,50457.35
C01432,Entertainment,4543.46
C01432,Fashion,31532.45
C01432,Fuel,21359.760000000002
C01432,Groceries,5318.08
C01432,Healthcare,3349.13
C01432,Online Shopping,34320.14
C01432,Travel,165829.78
C01433,Bills & Utilities,20010.89
C01433,Dining,2108.0
C01433,Electronics,156606.46000000002
C01433,Entertainment,7223.96
C01433,Fashion,16245.619999999999
C01433,Fuel,9080.97
C01433,Groceries,8917.74
C01433,Online Shopping,106611.45
C01433,Travel,52170.72
C01434,Dining,4715.389999999999
C01434,Electronics,232034.1
C01434,Entertainment,8032.17
C01434,Fashion,8112.16
C01434,Fuel,8679.83
C01434,Healthcare,62411.99
C01434,Online Shopping,14321.4
C01434,Travel,46049.59
C01435,Bills & Utilities,825.5
C01435,Dining,2326.13
C01435,Electronics,131837.57
C01435,Entertainment,4505.610000000001
C01435,Fashion,22202.620000000003
C01435,Fuel,6043.860000000001
C01435,Groceries,8231.65
C01435,Healthcare,58142.229999999996
C01435,Online Shopping,64023.61
C01435,Travel,34755.77
C01436,Bills & Utilities,12323.36
C01436,Dining,5894.92
C01436,Electronics,46711.94
C01436,Entertainment,9503.05
C01436,Fashion,28406.53
C01436,Fuel,3181.35
C01436,Groceries,11883.37
C01436,Healthcare,66430.44
C01436,Online Shopping,20620.97
C01436,Travel,118328.43
C01437,Bills & Utilities,10397.68
C01437,Dining,6804.53
C01437,Electronics,18747.9
C01437,Entertainment,2499.22
C01437,Fashion,28851.43
C01437,Fuel,9953.83
C01437,Groceries,8357.529999999999
C01437,Healthcare,19235.38
C01437,Online Shopping,94061.25
C01437,Travel,48727.71
C01438,Bills & Utilities,17680.07
C01438,Dining,6622.42
C01438,Electronics,144079.62
C01438,Entertainment,3365.15
C01438,Fashion,59819.69
C01438,Fuel,1935.73
C01438,Groceries,3148.6000000000004
C01438,Healthcare,21782.949999999997
C01438,Online Shopping,12067.32
C01438,Travel,78384.92
C01439,Bills & Utilities,5836.58
C01439,Dining,4357.78
C01439,Electronics,59278.95
C01439,Fashion,18263.649999999998
C01439,Fuel,12662.93
C01439,Groceries,6611.9
C01439,Healthcare,46190.21
C01439,Online Shopping,28676.940000000002
C01439,Travel,124567.20999999999
C01440,Bills & Utilities,20065.62
C01440,Dining,6354.83
C01440,Electronics,119356.95999999999
C01440,Entertainment,5130.46
C01440,Fashion,5552.7
C01440,Groceries,5672.35
C01440,Healthcare,36043.85
C01441,Bills & Utilities,3187.71
C01441,Dining,1601.62
C01441,Electronics,27814.589999999997
C01441,Entertainment,10213.05
C01441,Fuel,4084.59
C01441,Groceries,4283.41
C01441,Healthcare,24242.129999999997
C01441,Travel,100907.18000000001
C01442,Bills & Utilities,4088.3499999999995
C01442,Dining,12110.349999999999
C01442,Electronics,174829.02000000002
C01442,Entertainment,5442.06
C01442,Fashion,51430.33
C01442,Fuel,6210.89
C01442,Groceries,8300.6
C01442,Healthcare,78671.65
C01442,Online Shopping,34576.81
C01442,Travel,36471.630000000005
C01443,Bills & Utilities,3104.8199999999997
C01443,Dining,4473.5599999999995
C01443,Entertainment,7660.06
C01443,Fashion,45561.05
C01443,Fuel,8602.96
C01443,Groceries,1981.3
C01443,Healthcare,43066.7
C01443,Online Shopping,27015.58
C01443,Travel,41271.270000000004
C01444,Bills & Utilities,14185.44
C01444,Dining,2811.6
C01444,Electronics,98049.03
C01444,Entertainment,2790.23
C01444,Fashion,18443.35
C01444,Fuel,8413.91
C01444,Groceries,4086.21
C01444,Healthcare,29088.2
C01444,Online Shopping,39151.39
C01444,Travel,92470.95999999999
C01445,Bills & Utilities,31606.14
C01445,Dining,3816.2
C01445,Electronics,37170.33
C01445,Entertainment,9997.9
C01445,Fashion,7293.73
C01445,Fuel,3674.2799999999997
C01445,Groceries,5300.93
C01445,Healthcare,56537.13
C01445,Online Shopping,41279.72
C01445,Travel,25792.65
C01446,Bills & Utilities,17610.15
C01446,Electronics,102770.9
C01446,Entertainment,10464.9
C01446,Fashion,12594.14
C01446,Fuel,12570.85
C01446,Groceries,4339.71
C01446,Healthcare,29771.89
C01446,Online Shopping,61482.479999999996
C01446,Travel,18558.08
C01447,Bills & Utilities,12174.86
C01447,Dining,4380.0599999999995
C01447,Electronics,115570.17
C01447,Entertainment,10192.68
C01447,Fashion,31489.149999999998
C01447,Fuel,1234.84
C01447,Groceries,2244.09
C01447,Healthcare,30900.42
C01447,Online Shopping,3894.78
C01447,Travel,34945.41
C01448,Bills & Utilities,7978.92
C01448,Dining,10565.41
C01448,Electronics,62512.33
C01448,Entertainment,6283.7699999999995
C01448,Fashion,56191.39
C01448,Fuel,5844.25
C01448,Groceries,5788.259999999999
C01448,Healthcare,18207.19
C01448,Online Shopping,28445.32
C01448,Travel,70911.96
C01449,Bills & Utilities,28226.420000000002
C01449,Dining,7823.7
C01449,Electronics,142799.02
C01449,Entertainment,2085.46
C01449,Fashion,59820.14
C01449,Fuel,6655.48
C01449,Groceries,6028.200000000001
C01449,Healthcare,19067.37
C01449,Online Shopping,9509.15
C01449,Travel,144057.39
C01450,Bills & Utilities,6995.2
C01450,Dining,10395.56
C01450,Electronics,100492.94
C01450,Entertainment,5616.9
C01450,Fashion,26868.96
C01450,Fuel,3117.23
C01450,Groceries,2770.67
C01450,Healthcare,13374.93
C01450,Online Shopping,62704.84
C01450,Travel,95729.32
C01451,Bills & Utilities,10525.259999999998
C01451,Dining,6127.88
C01451,Electronics,82277.03
C01451,Entertainment,6247.9
C01451,Fashion,6977.28
C01451,Fuel,6076.22
C01451,Groceries,3179.15
C01451,Healthcare,43971.1
C01451,Online Shopping,15485.71
C01451,Travel,34950.619999999995
C01452,Bills & Utilities,3770.24
C01452,Dining,3611.04
C01452,Electronics,73600.66
C01452,Entertainment,3911.95
C01452,Fashion,14091.78
C01452,Groceries,3677.82
C01452,Healthcare,37549.69
C01452,Online Shopping,10669.880000000001
C01452,Travel,25121.03
C01453,Bills & Utilities,7324.15
C01453,Dining,6210.55
C01453,Electronics,31895.38
C01453,Entertainment,2840.9700000000003
C01453,Fashion,32159.4
C01453,Fuel,5685.42
C01453,Groceries,6582.24
C01453,Healthcare,34156.97
C01453,Online Shopping,27840.289999999997
C01453,Travel,10041.67
C01454,Bills & Utilities,23422.46
C01454,Electronics,114758.26
C01454,Entertainment,10147.81
C01454,Fashion,12899.66
C01454,Fuel,3565.9300000000003
C01454,Groceries,5351.27
C01454,Healthcare,60517.97
C01454,Online Shopping,79086.59999999999
C01454,Travel,110347.20000000001
C01455,Bills & Utilities,15094.44
C01455,Dining,2667.29
C01455,Electronics,209915.17
C01455,Entertainment,785.78
C01455,Fashion,22944.48
C01455,Fuel,8395.84
C01455,Groceries,7093.84
C01455,Healthcare,64308.78999999999
C01455,Online Shopping,73768.64
C01455,Travel,92486.16
C01456,Bills & Utilities,17597.08
C01456,Dining,6531.1
C01456,Electronics,166721.96
C01456,Fashion,26433.28
C01456,Fuel,7393.1
C01456,Groceries,7263.72
C01456,Healthcare,2546.85
C01456,Online Shopping,38478.46
C01456,Travel,102992.1
C01457,Bills & Utilities,27190.45
C01457,Dining,4141.28
C01457,Electronics,44203.51
C01457,Entertainment,4407.32
C01457,Groceries,3253.36
C01457,Healthcare,11484.34
C01457,Online Shopping,15855.489999999998
C01457,Travel,12008.32
C01458,Bills & Utilities,40988.27
C01458,Dining,1686.29
C01458,Electronics,82949.67
C01458,Entertainment,2446.66
C01458,Fashion,26493.34
C01458,Fuel,10431.210000000001
C01458,Groceries,1265.12
C01458,Healthcare,45741.74
C01458,Online Shopping,4867.81
C01458,Travel,11186.38
C01459,Bills & Utilities,18244.480000000003
C01459,Dining,3011.6
C01459,Electronics,109030.44
C01459,Entertainment,2293.2
C01459,Fashion,22449.3
C01459,Fuel,9569.82
C01459,Groceries,7667.68
C01459,Healthcare,33387.58
C01459,Online Shopping,10728.32
C01459,Travel,91889.69
C01460,Bills & Utilities,13049.81
C01460,Dining,6508.389999999999
C01460,Electronics,199554.74
C01460,Entertainment,4703.3
C01460,Fashion,15200.9
C01460,Fuel,11496.48
C01460,Groceries,5528.44
C01460,Healthcare,59088.84
C01460,Online Shopping,66847.53
C01460,Travel,47450.0
C01461,Bills & Utilities,12240.43
C01461,Dining,3046.45
C01461,Electronics,75807.55
C01461,Entertainment,5313.01
C01461,Fashion,21609.75
C01461,Fuel,6009.32
C01461,Groceries,4142.17
C01461,Healthcare,56074.700000000004
C01461,Online Shopping,76960.09
C01461,Travel,144940.99
C01462,Bills & Utilities,16194.84
C01462,Electronics,100332.54000000001
C01462,Entertainment,8800.64
C01462,Fashion,55736.26
C01462,Fuel,4420.23
C01462,Groceries,3065.68
C01462,Healthcare,72981.07
C01462,Travel,150980.5
C01463,Bills & Utilities,15154.14
C01463,Dining,3281.5200000000004
C01463,Electronics,155175.47999999998
C01463,Entertainment,6890.47
C01463,Fashion,18712.48
C01463,Fuel,3226.57
C01463,Groceries,6490.74
C01463,Healthcare,54030.35
C01463,Online Shopping,90234.73000000001
C01463,Travel,141744.72
C01464,Bills & Utilities,6765.39
C01464,Dining,4935.1900000000005
C01464,Electronics,76899.95
C01464,Entertainment,3480.37
C01464,Fashion,31417.47
C01464,Fuel,16104.06
C01464,Groceries,9148.52
C01464,Healthcare,19819.29
C01464,Online Shopping,73772.71
C01464,Travel,66703.36
C01465,Bills & Utilities,22664.96
C01465,Dining,3325.07
C01465,Electronics,99545.86
C01465,Entertainment,9679.8
C01465,Fashion,32818.65
C01465,Groceries,772.26
C01465,Healthcare,16114.14
C01465,Online Shopping,17034.32
C01465,Travel,64426.89
C01466,Bills & Utilities,15082.89
C01466,Dining,7210.74
C01466,Electronics,115069.8
C01466,Entertainment,8791.83
C01466,Fashion,2276.16
C01466,Fuel,5989.6900000000005
C01466,Groceries,6584.5599999999995
C01466,Healthcare,55051.0
C01466,Online Shopping,30286.34
C01466,Travel,18118.32
C01467,Bills & Utilities,6400.39
C01467,Dining,10002.16
C01467,Electronics,123901.45999999999
C01467,Entertainment,2588.46
C01467,Fashion,25405.27
C01467,Fuel,4415.9400000000005
C01467,Groceries,7861.57
C01467,Healthcare,10498.08
C01467,Online Shopping,70170.3
C01467,Travel,74916.68
C01468,Bills & Utilities,5258.03
C01468,Dining,7817.59
C01468,Electronics,24347.37
C01468,Entertainment,6867.48
C01468,Fashion,13542.56
C01468,Fuel,11230.26
C01468,Groceries,6853.77
C01468,Healthcare,37630.840000000004
C01468,Online Shopping,74412.68
C01468,Travel,50563.87
C01469,Bills & Utilities,4906.360000000001
C01469,Dining,8534.69
C01469,Electronics,97011.32
C01469,Entertainment,3305.02
C01469,Fashion,41684.58
C01469,Fuel,13169.42
C01469,Groceries,4143.43
C01469,Healthcare,8515.5
C01469,Online Shopping,47605.08
C01469,Travel,355541.41
C01470,Bills & Utilities,17095.58
C01470,Dining,13418.83
C01470,Electronics,148912.42
C01470,Entertainment,7475.54
C01470,Fashion,8041.02
C01470,Fuel,8395.92
C01470,Groceries,6666.45
C01470,Healthcare,26053.899999999998
C01470,Online Shopping,20494.989999999998
C01470,Travel,70132.7
C01471,Bills & Utilities,34325.34
C01471,Dining,9340.54
C01471,Electronics,335346.21
C01471,Entertainment,10905.15
C01471,Fashion,6109.83
C01471,Fuel,7100.68
C01471,Groceries,11505.189999999999
C01471,Healthcare,21396.800000000003
C01471,Online Shopping,21956.39
C01471,Travel,39999.97
C01472,Bills & Utilities,17185.23
C01472,Dining,4474.92
C01472,Electronics,82603.72
C01472,Entertainment,1287.99
C01472,Fashion,36952.88
C01472,Groceries,4508.86
C01472,Healthcare,65674.56
C01472,Online Shopping,21399.989999999998
C01472,Travel,94552.08
C01473,Bills & Utilities,14103.79
C01473,Dining,1138.62
C01473,Electronics,144692.41
C01473,Entertainment,779.88
C01473,Fashion,3062.02
C01473,Fuel,4574.58
C01473,Groceries,7508.7300000000005
C01473,Healthcare,23816.83
C01473,Online Shopping,85520.78
C01473,Travel,56683.03
C01474,Bills & Utilities,12814.88
C01474,Dining,6647.34
C01474,Electronics,58568.119999999995
C01474,Entertainment,2534.61
C01474,Fuel,840.94
C01474,Groceries,8549.720000000001
C01474,Healthcare,9708.61
C01474,Online Shopping,54697.17
C01474,Travel,80742.93
C01475,Bills & Utilities,11248.97
C01475,Dining,4097.56
C01475,Electronics,170747.74
C01475,Entertainment,8402.64
C01475,Fashion,15369.900000000001
C01475,Groceries,5245.39
C01475,Healthcare,76313.2
C01475,Online Shopping,47119.33
C01475,Travel,158778.16
C01476,Bills & Utilities,6902.759999999999
C01476,Dining,1565.44
C01476,Electronics,140038.07
C01476,Entertainment,7197.65
C01476,Fashion,10388.07
C01476,Fuel,5939.52
C01476,Groceries,12229.96
C01476,Healthcare,51162.76
C01476,Online Shopping,35702.14
C01476,Travel,48799.52
C01477,Bills & Utilities,28230.670000000002
C01477,Dining,3632.62
C01477,Electronics,95067.77
C01477,Entertainment,1872.18
C01477,Fashion,27751.21
C01477,Fuel,5964.95
C01477,Groceries,3091.7599999999998
C01477,Healthcare,38051.83
C01477,Online Shopping,60273.64
C01477,Travel,135517.38
C01478,Bills & Utilities,16372.21
C01478,Dining,4568.24
C01478,Electronics,30194.58
C01478,Entertainment,4343.82
C01478,Fashion,32987.7
C01478,Fuel,22744.85
C01478,Groceries,13960.73
C01478,Healthcare,68144.15
C01478,Online Shopping,46661.060000000005
C01478,Travel,84099.39
C01479,Bills & Utilities,25449.739999999998
C01479,Dining,4126.67
C01479,Electronics,169433.38999999998
C01479,Entertainment,1663.96
C01479,Fashion,14358.050000000001
C01479,Fuel,5887.22
C01479,Groceries,2416.96
C01479,Healthcare,11618.9
C01479,Online Shopping,18943.46
C01479,Travel,82865.42
C01480,Bills & Utilities,17820.61
C01480,Dining,4386.460000000001
C01480,Electronics,182427.25
C01480,Entertainment,2425.75
C01480,Fashion,42494.8
C01480,Fuel,8287.77
C01480,Groceries,1925.95
C01480,Healthcare,20869.309999999998
C01480,Online Shopping,31587.32
C01480,Travel,54793.79000000001
C01481,Bills & Utilities,11809.36
C01481,Dining,2841.9300000000003
C01481,Electronics,194134.87
C01481,Entertainment,5282.88
C01481,Fashion,15148.21
C01481,Fuel,16726.739999999998
C01481,Groceries,3244.52
C01481,Healthcare,105288.87
C01481,Online Shopping,17002.53
C01481,Travel,91886.81
C01482,Bills & Utilities,22501.8
C01482,Dining,6625.780000000001
C01482,Electronics,108075.25
C01482,Entertainment,8579.46
C01482,Fashion,20042.9
C01482,Fuel,2462.07
C01482,Groceries,2617.54
C01482,Healthcare,28848.18
C01482,Online Shopping,63616.7
C01482,Travel,136124.57
C01483,Bills & Utilities,25049.96
C01483,Dining,4589.71
C01483,Electronics,32318.85
C01483,Fashion,35849.83
C01483,Fuel,1369.62
C01483,Groceries,5557.969999999999
C01483,Healthcare,56970.6
C01483,Travel,10662.63
C01484,Bills & Utilities,8971.36
C01484,Dining,7021.02
C01484,Electronics,143075.12
C01484,Entertainment,5900.57
C01484,Fashion,14676.07
C01484,Fuel,4817.93
C01484,Groceries,2546.09
C01484,Online Shopping,27823.47
C01484,Travel,3493.83
C01485,Bills & Utilities,27338.11
C01485,Dining,8097.0
C01485,Entertainment,6384.299999999999
C01485,Fashion,49357.29
C01485,Fuel,947.18
C01485,Groceries,4611.02
C01485,Healthcare,48792.36
C01485,Online Shopping,63641.12
C01485,Travel,146499.45
C01486,Bills & Utilities,13323.95
C01486,Dining,6946.27
C01486,Electronics,16339.970000000001
C01486,Entertainment,5821.26
C01486,Fashion,14873.43
C01486,Fuel,11644.619999999999
C01486,Groceries,4305.6
C01486,Healthcare,71409.48999999999
C01486,Online Shopping,2854.08
C01486,Travel,30475.11
C01487,Bills & Utilities,20833.39
C01487,Dining,2548.62
C01487,Electronics,178533.23
C01487,Entertainment,5201.26
C01487,Fashion,20997.81
C01487,Fuel,9780.710000000001
C01487,Groceries,7738.280000000001
C01487,Healthcare,39016.86
C01487,Online Shopping,59658.579999999994
C01487,Travel,53973.46
C01488,Bills & Utilities,18106.95
C01488,Dining,4557.57
C01488,Electronics,17500.05
C01488,Entertainment,8883.970000000001
C01488,Fashion,33932.45
C01488,Fuel,9032.6
C01488,Groceries,11288.26
C01488,Healthcare,47645.39
C01488,Travel,83857.37
C01489,Bills & Utilities,20228.57
C01489,Dining,6670.6
C01489,Electronics,35635.57
C01489,Entertainment,2805.31
C01489,Fashion,33400.86
C01489,Fuel,6886.32
C01489,Groceries,4912.0
C01489,Healthcare,29269.08
C01489,Online Shopping,51759.27
C01489,Travel,146499.94
C01490,Bills & Utilities,14890.019999999999
C01490,Dining,2655.45
C01490,Electronics,57674.34
C01490,Entertainment,5690.280000000001
C01490,Fashion,36804.11
C01490,Groceries,7938.0599999999995
C01490,Healthcare,54872.060000000005
C01490,Online Shopping,39522.17
C01490,Travel,80664.7
C01491,Bills & Utilities,15128.79
C01491,Dining,2480.37
C01491,Electronics,62004.07
C01491,Entertainment,3007.02
C01491,Fashion,13166.67
C01491,Fuel,11860.35
C01491,Groceries,10198.18
C01491,Healthcare,78820.62
C01491,Online Shopping,31525.49
C01491,Travel,144135.56
C01492,Bills & Utilities,14100.130000000001
C01492,Dining,4497.82
C01492,Electronics,79371.87
C01492,Entertainment,5436.33
C01492,Fashion,11244.26
C01492,Fuel,3606.21
C01492,Groceries,5733.26
C01492,Healthcare,67910.94
C01492,Online Shopping,23371.91
C01492,Travel,123382.8
C01493,Bills & Utilities,15788.400000000001
C01493,Dining,7106.86
C01493,Entertainment,11879.71
C01493,Fashion,14010.419999999998
C01493,Fuel,8022.700000000001
C01493,Groceries,2747.5899999999997
C01493,Healthcare,27666.730000000003
C01493,Online Shopping,48805.009999999995
C01493,Travel,71018.51000000001
C01494,Bills & Utilities,23553.13
C01494,Dining,5719.95
C01494,Electronics,21849.93
C01494,Entertainment,6842.58
C01494,Fashion,19564.36
C01494,Fuel,6536.36
C01494,Groceries,4814.76
C01494,Healthcare,14597.03
C01494,Online Shopping,7001.07
C01494,Travel,83222.93
C01495,Bills & Utilities,5046.09
C01495,Dining,4876.26
C01495,Electronics,76581.32999999999
C01495,Entertainment,779.13
C01495,Fashion,2814.41
C01495,Fuel,3026.36
C01495,Groceries,1537.51
C01495,Healthcare,35874.89
C01495,Travel,87918.93
C01496,Bills & Utilities,10515.04
C01496,Dining,510.66
C01496,Electronics,123141.29000000001
C01496,Entertainment,12556.92
C01496,Fashion,39903.770000000004
C01496,Groceries,8374.78
C01496,Healthcare,7604.01
C01496,Online Shopping,39669.119999999995
C01496,Travel,128410.14000000001
C01497,Bills & Utilities,9449.4
C01497,Dining,1794.49
C01497,Electronics,141475.39
C01497,Entertainment,3061.26
C01497,Fashion,46332.61
C01497,Fuel,3991.1499999999996
C01497,Groceries,10377.68
C01497,Healthcare,16639.45
C01497,Online Shopping,20741.64
C01497,Travel,74072.48999999999
C01498,Bills & Utilities,4821.38
C01498,Dining,7853.5599999999995
C01498,Electronics,127530.31
C01498,Entertainment,5043.29
C01498,Fashion,2226.65
C01498,Fuel,17805.02
C01498,Groceries,2390.06
C01498,Healthcare,4606.599999999999
C01498,Online Shopping,37492.84
C01498,Travel,86720.64
C01499,Bills & Utilities,16772.760000000002
C01499,Dining,5139.59
C01499,Electronics,158957.99
C01499,Entertainment,5634.65
C01499,Fashion,30510.38
C01499,Fuel,4303.099999999999
C01499,Groceries,6037.21
C01499,Healthcare,43723.42
C01499,Online Shopping,14301.529999999999
C01499,Travel,15539.21
C01500,Bills & Utilities,21137.24
C01500,Dining,317.77
C01500,Electronics,14544.16
C01500,Entertainment,8364.81
C01500,Fashion,21567.15
C01500,Fuel,6647.700000000001
C01500,Groceries,5675.34
C01500,Healthcare,63297.520000000004
C01500,Online Shopping,50339.19
C01500,Travel,140920.82
C01501,Bills & Utilities,11495.05
C01501,Dining,11379.25
C01501,Electronics,113427.42000000001
C01501,Entertainment,5525.91
C01501,Fashion,26062.16
C01501,Fuel,8018.93
C01501,Groceries,8812.15
C01501,Healthcare,23369.2
C01501,Online Shopping,24629.71
C01501,Travel,46232.93
C01502,Bills & Utilities,9756.380000000001
C01502,Dining,8177.41
C01502,Entertainment,3270.1200000000003
C01502,Fashion,29043.3
C01502,Fuel,3330.88
C01502,Groceries,7078.54
C01502,Healthcare,65794.66
C01502,Online Shopping,60831.21
C01502,Travel,64492.53
C01503,Bills & Utilities,17230.7
C01503,Dining,13309.380000000001
C01503,Electronics,258288.15
C01503,Entertainment,7226.4400000000005
C01503,Fashion,8151.41
C01503,Fuel,8161.54
C01503,Groceries,7355.18
C01503,Healthcare,28936.370000000003
C01503,Online Shopping,71573.59
C01503,Travel,126207.03
C01504,Bills & Utilities,4942.69
C01504,Dining,5408.12
C01504,Electronics,88881.29000000001
C01504,Entertainment,2409.49
C01504,Fashion,13844.33
C01504,Fuel,6646.6
C01504,Groceries,9724.31
C01504,Healthcare,58950.03999999999
C01504,Online Shopping,53510.25
C01504,Travel,37410.36
C01505,Bills & Utilities,30374.8
C01505,Dining,2918.19
C01505,Electronics,15232.16
C01505,Entertainment,2356.87
C01505,Fashion,45780.52
C01505,Fuel,3581.37
C01505,Groceries,6069.47
C01505,Healthcare,42492.85
C01505,Online Shopping,19187.82
C01505,Travel,47502.630000000005
C01506,Bills & Utilities,19714.94
C01506,Dining,6053.5599999999995
C01506,Electronics,56270.600000000006
C01506,Entertainment,7699.59
C01506,Fashion,42892.34
C01506,Fuel,1212.65
C01506,Groceries,11848.0
C01506,Healthcare,34630.079999999994
C01506,Online Shopping,26430.61
C01506,Travel,120300.23999999999
C01507,Bills & Utilities,10351.189999999999
C01507,Dining,542.58
C01507,Electronics,10344.12
C01507,Entertainment,3762.32
C01507,Fashion,23008.58
C01507,Fuel,7556.370000000001
C01507,Groceries,8706.76
C01507,Healthcare,5444.33
C01507,Online Shopping,36677.71
C01507,Travel,17703.3
C01508,Bills & Utilities,14842.470000000001
C01508,Dining,1944.95
C01508,Electronics,94994.8
C01508,Entertainment,2105.51
C01508,Fashion,8889.24
C01508,Fuel,12176.71
C01508,Groceries,6082.43
C01508,Healthcare,26247.98
C01508,Online Shopping,66710.44
C01508,Travel,66808.19
C01509,Bills & Utilities,23063.54
C01509,Dining,5888.04
C01509,Electronics,126027.9
C01509,Entertainment,9995.34
C01509,Fashion,23315.23
C01509,Fuel,8774.18
C01509,Healthcare,64616.399999999994
C01509,Online Shopping,29277.39
C01509,Travel,74544.77
C01510,Bills & Utilities,5222.44
C01510,Dining,3397.11
C01510,Electronics,74986.29000000001
C01510,Entertainment,4370.08
C01510,Fashion,33878.54
C01510,Fuel,10316.380000000001
C01510,Groceries,7817.68
C01510,Healthcare,29214.149999999998
C01510,Online Shopping,31857.78
C01510,Travel,119670.85999999999
C01511,Bills & Utilities,9781.58
C01511,Dining,2017.67
C01511,Electronics,201209.06
C01511,Entertainment,5290.6
C01511,Fashion,12723.93
C01511,Fuel,12923.16
C01511,Groceries,4274.54
C01511,Healthcare,35728.58
C01511,Online Shopping,21592.02
C01511,Travel,88133.16
C01512,Bills & Utilities,25466.52
C01512,Dining,11144.51
C01512,Electronics,96675.85
C01512,Entertainment,4263.15
C01512,Fashion,14939.21
C01512,Fuel,9415.86
C01512,Groceries,2116.16
C01512,Healthcare,8636.26
C01512,Online Shopping,68626.79000000001
C01512,Travel,15489.95
C01513,Bills & Utilities,7273.48
C01513,Dining,3951.51
C01513,Electronics,144229.72
C01513,Entertainment,3614.9300000000003
C01513,Fashion,21061.89
C01513,Fuel,5293.04
C01513,Groceries,1622.99
C01513,Healthcare,35102.32
C01513,Online Shopping,49060.399999999994
C01513,Travel,12932.21
C01514,Bills & Utilities,18992.1
C01514,Dining,8982.58
C01514,Electronics,219688.43
C01514,Entertainment,3095.65
C01514,Fashion,16722.12
C01514,Fuel,6238.77
C01514,Groceries,10643.619999999999
C01514,Healthcare,35006.59
C01514,Online Shopping,18042.15
C01514,Travel,121838.4
C01515,Bills & Utilities,34053.119999999995
C01515,Dining,11633.98
C01515,Electronics,131717.43
C01515,Entertainment,10681.619999999999
C01515,Fashion,71288.12
C01515,Fuel,5806.07
C01515,Groceries,5533.24
C01515,Healthcare,13393.93
C01515,Online Shopping,23370.17
C01515,Travel,23850.4
C01516,Bills & Utilities,21833.100000000002
C01516,Dining,2678.28
C01516,Electronics,43322.57
C01516,Entertainment,5712.47
C01516,Fashion,13222.13
C01516,Fuel,8307.14
C01516,Groceries,1485.19
C01516,Healthcare,58149.82
C01516,Online Shopping,123647.54999999999
C01516,Travel,172654.47999999998
C01517,Bills & Utilities,17386.37
C01517,Dining,5086.719999999999
C01517,Electronics,50978.32
C01517,Entertainment,8382.460000000001
C01517,Fashion,21951.98
C01517,Fuel,3166.37
C01517,Groceries,8695.04
C01517,Healthcare,28065.59
C01517,Online Shopping,10180.550000000001
C01517,Travel,79942.89
C01518,Bills & Utilities,41101.21
C01518,Dining,3927.2
C01518,Electronics,113010.54000000001
C01518,Entertainment,236.62
C01518,Fashion,30580.11
C01518,Fuel,8504.46
C01518,Groceries,6095.959999999999
C01518,Healthcare,35108.99
C01518,Online Shopping,47109.74
C01519,Bills & Utilities,14489.89
C01519,Dining,6498.08
C01519,Electronics,87280.29999999999
C01519,Entertainment,1768.21
C01519,Fashion,7193.959999999999
C01519,Fuel,3505.16
C01519,Groceries,5232.29
C01519,Healthcare,43846.229999999996
C01519,Online Shopping,3901.17
C01519,Travel,109917.51
C01520,Bills & Utilities,12951.48
C01520,Dining,3388.51
C01520,Electronics,177608.91
C01520,Entertainment,8989.05
C01520,Fashion,32260.35
C01520,Fuel,16683.55
C01520,Groceries,12685.43
C01520,Healthcare,71119.44
C01520,Online Shopping,17365.87
C01520,Travel,126016.39
C01521,Bills & Utilities,13760.67
C01521,Dining,2031.71
C01521,Electronics,161042.71
C01521,Entertainment,10535.82
C01521,Fashion,55445.22
C01521,Fuel,13654.65
C01521,Groceries,5232.24
C01521,Healthcare,71160.42
C01521,Online Shopping,39410.16
C01521,Travel,40311.89
C01522,Bills & Utilities,9816.470000000001
C01522,Dining,5353.4
C01522,Electronics,198532.86
C01522,Entertainment,6960.4
C01522,Fashion,11155.04
C01522,Fuel,5437.34
C01522,Groceries,4393.45
C01522,Healthcare,17684.8
C01522,Online Shopping,7986.44
C01522,Travel,3448.89
C01523,Bills & Utilities,5774.92
C01523,Dining,2161.99
C01523,Electronics,51845.63
C01523,Entertainment,7781.400000000001
C01523,Fashion,20395.510000000002
C01523,Fuel,3430.2
C01523,Groceries,9062.210000000001
C01523,Healthcare,54327.78
C01523,Online Shopping,20925.95
C01523,Travel,157225.62
C01524,Bills & Utilities,19710.31
C01524,Dining,4009.11
C01524,Electronics,232872.31
C01524,Entertainment,6678.83
C01524,Fashion,20822.1
C01524,Fuel,6143.03
C01524,Groceries,641.96
C01524,Healthcare,49832.02
C01524,Online Shopping,27582.489999999998
C01524,Travel,70997.58
C01525,Bills & Utilities,11334.46
C01525,Dining,2447.73
C01525,Electronics,159422.24
C01525,Entertainment,6040.2699999999995
C01525,Fashion,28850.43
C01525,Fuel,6982.96
C01525,Groceries,1992.12
C01525,Healthcare,15357.82
C01525,Online Shopping,27936.82
C01525,Travel,64588.6
C01526,Bills & Utilities,22555.79
C01526,Dining,2912.15
C01526,Electronics,193605.17
C01526,Entertainment,12710.64
C01526,Fashion,25493.29
C01526,Fuel,10641.94
C01526,Groceries,952.18
C01526,Healthcare,63042.79
C01526,Online Shopping,19028.95
C01526,Travel,123927.32999999999
C01527,Bills & Utilities,21282.760000000002
C01527,Dining,6946.33
C01527,Electronics,45215.21000000001
C01527,Entertainment,4137.8099999999995
C01527,Fashion,15202.279999999999
C01527,Fuel,19250.8
C01527,Groceries,8019.44
C01527,Healthcare,35392.899999999994
C01527,Online Shopping,16293.14
C01527,Travel,14414.72
C01528,Bills & Utilities,21287.41
C01528,Dining,2219.9500000000003
C01528,Electronics,65427.56
C01528,Entertainment,6412.22
C01528,Fashion,7537.8
C01528,Fuel,4687.29
C01528,Groceries,3998.0800000000004
C01528,Healthcare,25160.46
C01528,Online Shopping,53579.67
C01528,Travel,134121.09
C01529,Bills & Utilities,30006.94
C01529,Electronics,50358.24
C01529,Entertainment,1648.06
C01529,Fashion,24749.68
C01529,Fuel,8313.5
C01529,Groceries,8933.52
C01529,Healthcare,49098.94
C01529,Online Shopping,51198.31
C01529,Travel,34547.9
C01530,Bills & Utilities,17012.41
C01530,Dining,7671.0599999999995
C01530,Electronics,200734.53999999998
C01530,Entertainment,16636.63
C01530,Fashion,64725.55
C01530,Fuel,22546.61
C01530,Groceries,2811.39
C01530,Healthcare,55599.72
C01530,Online Shopping,7222.7699999999995
C01530,Travel,140667.31
C01531,Bills & Utilities,11133.81
C01531,Dining,14241.14
C01531,Electronics,91439.43
C01531,Entertainment,5222.63
C01531,Fashion,11195.74
C01531,Fuel,6720.51
C01531,Groceries,4232.05
C01531,Healthcare,34842.28
C01531,Online Shopping,14375.8
C01531,Travel,131298.83000000002
C01532,Bills & Utilities,11171.51
C01532,Dining,5070.08
C01532,Electronics,103039.70999999999
C01532,Entertainment,2181.38
C01532,Fashion,55577.49
C01532,Fuel,8771.91
C01532,Groceries,8492.35
C01532,Online Shopping,47293.27
C01532,Travel,144484.41999999998
C01533,Bills & Utilities,23706.71
C01533,Dining,5686.650000000001
C01533,Electronics,221694.22999999998
C01533,Entertainment,1902.03
C01533,Fashion,9539.59
C01533,Fuel,14530.46
C01533,Groceries,1498.28
C01533,Healthcare,57278.3
C01533,Online Shopping,70325.5
C01533,Travel,13971.75
C01534,Bills & Utilities,8034.04
C01534,Dining,5055.48
C01534,Electronics,184312.78
C01534,Entertainment,5777.110000000001
C01534,Fashion,58551.56
C01534,Fuel,2003.53
C01534,Groceries,9946.07
C01534,Healthcare,38187.14
C01534,Online Shopping,36888.96
C01534,Travel,29369.06
C01535,Bills & Utilities,14262.02
C01535,Dining,528.82
C01535,Electronics,111076.34
C01535,Entertainment,3509.55
C01535,Fashion,13449.4
C01535,Fuel,3615.52
C01535,Groceries,5523.09
C01535,Healthcare,4658.66
C01535,Online Shopping,20872.81
C01535,Travel,26439.88
C01536,Bills & Utilities,13202.029999999999
C01536,Dining,2423.05
C01536,Electronics,43186.23
C01536,Entertainment,6226.69
C01536,Fashion,37050.01
C01536,Fuel,12517.05
C01536,Groceries,7155.09
C01536,Healthcare,12556.49
C01536,Online Shopping,55370.61
C01536,Travel,80085.67
C01537,Bills & Utilities,26396.989999999998
C01537,Dining,6354.65
C01537,Electronics,335168.69
C01537,Entertainment,6051.57
C01537,Fashion,32532.63
C01537,Fuel,14885.44
C01537,Groceries,5561.69
C01537,Healthcare,51319.509999999995
C01537,Online Shopping,32985.85
C01537,Travel,57951.97
C01538,Bills & Utilities,5261.52
C01538,Dining,3263.82
C01538,Electronics,55017.4
C01538,Entertainment,2554.6099999999997
C01538,Fashion,44185.33
C01538,Fuel,16538.010000000002
C01538,Groceries,5349.41
C01538,Healthcare,24606.63
C01538,Online Shopping,30878.75
C01538,Travel,108105.28
C01539,Bills & Utilities,22796.78
C01539,Dining,1012.1800000000001
C01539,Electronics,39689.75
C01539,Fashion,32052.98
C01539,Fuel,19059.57
C01539,Groceries,5559.58
C01539,Healthcare,28704.09
C01539,Online Shopping,66516.84
C01539,Travel,97378.85
C01540,Bills & Utilities,23728.34
C01540,Electronics,95001.71
C01540,Entertainment,1312.01
C01540,Fashion,42867.48
C01540,Fuel,6516.74
C01540,Groceries,275.92
C01540,Healthcare,10921.509999999998
C01540,Online Shopping,13603.96
C01540,Travel,41141.619999999995
C01541,Bills & Utilities,17480.07
C01541,Dining,4152.84
C01541,Electronics,79875.62
C01541,Entertainment,4460.82
C01541,Fashion,41817.659999999996
C01541,Fuel,7860.8099999999995
C01541,Groceries,3830.91
C01541,Healthcare,16706.97
C01541,Online Shopping,47858.729999999996
C01541,Travel,87706.29
C01542,Bills & Utilities,779.52
C01542,Dining,1379.43
C01542,Electronics,69807.12
C01542,Entertainment,6597.38
C01542,Fashion,23745.579999999998
C01542,Fuel,8824.25
C01542,Groceries,10310.42
C01542,Healthcare,49228.57
C01542,Travel,121452.73
C01543,Bills & Utilities,3292.36
C01543,Dining,1121.31
C01543,Electronics,73648.03
C01543,Entertainment,7526.6900000000005
C01543,Fashion,15306.55
C01543,Fuel,12474.470000000001
C01543,Groceries,5862.29
C01543,Healthcare,42993.07
C01543,Online Shopping,42814.13
C01543,Travel,54862.25
C01544,Bills & Utilities,4640.01
C01544,Dining,3506.6800000000003
C01544,Electronics,59239.65
C01544,Entertainment,3122.31
C01544,Fashion,19748.71
C01544,Fuel,8129.01
C01544,Groceries,4494.96
C01544,Healthcare,15083.869999999999
C01544,Online Shopping,51967.91
C01544,Travel,34728.25
C01545,Bills & Utilities,19225.0
C01545,Dining,7879.360000000001
C01545,Electronics,141380.41
C01545,Entertainment,2784.57
C01545,Fashion,2082.68
C01545,Fuel,17541.61
C01545,Groceries,6850.5
C01545,Healthcare,45651.35
C01545,Online Shopping,40490.58
C01545,Travel,147411.85
C01546,Bills & Utilities,14485.65
C01546,Dining,3671.6400000000003
C01546,Electronics,178178.38
C01546,Entertainment,5302.07
C01546,Fashion,21676.39
C01546,Fuel,5924.53
C01546,Groceries,2564.85
C01546,Healthcare,26512.300000000003
C01546,Online Shopping,10338.75
C01546,Travel,97035.68000000001
C01547,Bills & Utilities,3814.91
C01547,Dining,2607.68
C01547,Electronics,66701.23
C01547,Entertainment,5010.51
C01547,Fashion,44846.95
C01547,Fuel,10056.6
C01547,Groceries,12222.1
C01547,Healthcare,45369.87
C01547,Online Shopping,48195.26
C01547,Travel,126082.88
C01548,Bills & Utilities,15728.57
C01548,Dining,3098.1
C01548,Electronics,55082.75
C01548,Entertainment,9050.4
C01548,Fashion,41330.82
C01548,Fuel,15432.16
C01548,Groceries,6998.700000000001
C01548,Healthcare,63090.35
C01548,Online Shopping,38077.51
C01548,Travel,43722.54
C01549,Bills & Utilities,5566.36
C01549,Dining,2023.46
C01549,Electronics,37341.09
C01549,Entertainment,9590.529999999999
C01549,Fashion,1524.23
C01549,Fuel,5800.39
C01549,Groceries,1840.27
C01549,Healthcare,14536.47
C01549,Online Shopping,30963.089999999997
C01549,Travel,43027.270000000004
C01550,Bills & Utilities,13557.64
C01550,Dining,8103.91
C01550,Electronics,12043.29
C01550,Entertainment,9702.3
C01550,Fashion,19751.37
C01550,Fuel,12188.11
C01550,Groceries,3931.65
C01550,Healthcare,56500.67999999999
C01550,Online Shopping,30076.21
C01550,Travel,73566.5
C01551,Bills & Utilities,3363.55
C01551,Dining,4528.5
C01551,Electronics,183438.65
C01551,Entertainment,8877.03
C01551,Fuel,7404.35
C01551,Groceries,6122.27
C01551,Healthcare,3361.97
C01551,Online Shopping,61156.95
C01551,Travel,205704.81
C01552,Bills & Utilities,12386.78
C01552,Dining,4904.88
C01552,Electronics,35819.77
C01552,Entertainment,5574.2
C01552,Fashion,28662.64
C01552,Fuel,3759.16
C01552,Groceries,10078.28
C01552,Healthcare,15576.97
C01552,Online Shopping,21282.73
C01552,Travel,16042.86
C01553,Bills & Utilities,21402.87
C01553,Dining,6786.71
C01553,Electronics,54805.18
C01553,Entertainment,6541.4
C01553,Fashion,15622.98
C01553,Fuel,6724.710000000001
C01553,Groceries,4771.44
C01553,Healthcare,57021.12
C01553,Travel,106360.92
C01554,Bills & Utilities,16926.5
C01554,Dining,1974.11
C01554,Electronics,117890.81
C01554,Entertainment,1951.64
C01554,Fashion,6762.92
C01554,Fuel,6182.08
C01554,Groceries,1857.35
C01554,Healthcare,90422.93000000001
C01554,Online Shopping,7356.02
C01554,Travel,54622.630000000005
C01555,Bills & Utilities,4355.65
C01555,Electronics,142445.66999999998
C01555,Entertainment,8480.74
C01555,Fashion,19740.39
C01555,Fuel,1807.18
C01555,Groceries,9290.77
C01555,Healthcare,38644.29
C01555,Online Shopping,12331.49
C01555,Travel,50803.21
C01556,Bills & Utilities,12037.86
C01556,Dining,6484.5
C01556,Electronics,97264.13
C01556,Entertainment,5456.8099999999995
C01556,Fashion,13759.45
C01556,Fuel,7221.58
C01556,Groceries,1556.0500000000002
C01556,Healthcare,56521.02
C01556,Online Shopping,12285.49
C01556,Travel,89590.22
C01557,Bills & Utilities,12288.27
C01557,Dining,6546.43
C01557,Electronics,189901.85
C01557,Entertainment,7102.030000000001
C01557,Fashion,33405.89
C01557,Fuel,6118.79
C01557,Groceries,9163.29
C01557,Healthcare,15081.59
C01557,Online Shopping,104652.72
C01558,Dining,2430.54
C01558,Entertainment,9045.59
C01558,Fashion,11467.150000000001
C01558,Fuel,4656.08
C01558,Groceries,4537.59
C01558,Healthcare,28495.4
C01558,Online Shopping,78760.32
C01558,Travel,42961.17
C01559,Bills & Utilities,11223.07
C01559,Dining,3880.36
C01559,Electronics,116326.37
C01559,Entertainment,4671.79
C01559,Fashion,48831.829999999994
C01559,Fuel,4385.97
C01559,Groceries,10584.94
C01559,Online Shopping,6461.42
C01559,Travel,9443.34
C01560,Bills & Utilities,12015.57
C01560,Dining,4770.12
C01560,Electronics,73258.53
C01560,Entertainment,2304.45
C01560,Fashion,23467.879999999997
C01560,Fuel,8278.2
C01560,Groceries,6603.72
C01560,Healthcare,61979.51
C01560,Online Shopping,15006.26
C01560,Travel,64865.71000000001
C01561,Bills & Utilities,5652.49
C01561,Dining,6064.59
C01561,Electronics,40427.2
C01561,Entertainment,469.79
C01561,Fashion,12667.59
C01561,Fuel,14271.119999999999
C01561,Groceries,4255.530000000001
C01561,Healthcare,26412.480000000003
C01561,Online Shopping,28530.89
C01561,Travel,86425.04000000001
C01562,Bills & Utilities,4552.49
C01562,Dining,1471.64
C01562,Electronics,157143.8
C01562,Entertainment,2058.49
C01562,Fashion,14806.59
C01562,Fuel,5199.64
C01562,Healthcare,37964.509999999995
C01562,Online Shopping,51366.55
C01562,Travel,29219.15
C01563,Bills & Utilities,17686.86
C01563,Dining,1353.25
C01563,Electronics,46073.71
C01563,Entertainment,7173.32
C01563,Fashion,36418.869999999995
C01563,Fuel,11149.89
C01563,Groceries,4220.54
C01563,Healthcare,12082.23
C01563,Online Shopping,17172.37
C01563,Travel,113523.12
C01564,Bills & Utilities,14926.84
C01564,Dining,1372.6100000000001
C01564,Electronics,31382.44
C01564,Entertainment,4017.45
C01564,Fashion,27704.44
C01564,Fuel,10769.380000000001
C01564,Groceries,4362.75
C01564,Healthcare,41381.46
C01564,Online Shopping,17328.09
C01564,Travel,53985.899999999994
C01565,Bills & Utilities,14650.25
C01565,Dining,2229.15
C01565,Electronics,126954.85
C01565,Entertainment,10097.61
C01565,Fashion,36963.51
C01565,Fuel,7346.79
C01565,Groceries,8059.77
C01565,Healthcare,15472.97
C01565,Online Shopping,22685.08
C01565,Travel,75718.18
C01566,Bills & Utilities,17890.68
C01566,Dining,4655.3
C01566,Electronics,120499.35
C01566,Entertainment,6006.14
C01566,Fashion,31131.4
C01566,Groceries,6707.82
C01566,Healthcare,89924.18
C01566,Online Shopping,60208.770000000004
C01566,Travel,65902.86
C01567,Bills & Utilities,34443.42
C01567,Dining,1219.38
C01567,Electronics,60175.549999999996
C01567,Entertainment,5779.94
C01567,Fuel,2281.0699999999997
C01567,Groceries,2960.59
C01567,Healthcare,76974.13
C01567,Online Shopping,49518.83
C01567,Travel,64603.490000000005
C01568,Bills & Utilities,16749.6
C01568,Dining,2064.36
C01568,Electronics,73959.99
C01568,Entertainment,6952.41
C01568,Fashion,32585.53
C01568,Fuel,8088.1
C01568,Groceries,1764.62
C01568,Healthcare,47778.21
C01568,Online Shopping,28602.46
C01568,Travel,94735.41
C01569,Bills & Utilities,23045.690000000002
C01569,Dining,2354.23
C01569,Electronics,147025.18
C01569,Entertainment,9234.939999999999
C01569,Fashion,24547.29
C01569,Groceries,3791.03
C01569,Healthcare,42445.270000000004
C01569,Online Shopping,42701.89
C01569,Travel,38053.97
C01570,Bills & Utilities,7831.79
C01570,Dining,4860.2300000000005
C01570,Electronics,152360.04
C01570,Entertainment,3622.5699999999997
C01570,Fashion,32076.15
C01570,Groceries,7710.14
C01570,Healthcare,50145.619999999995
C01570,Online Shopping,12834.619999999999
C01570,Travel,37983.6
C01571,Bills & Utilities,4382.46
C01571,Dining,2974.7799999999997
C01571,Electronics,127404.1
C01571,Entertainment,6874.76
C01571,Fashion,21068.96
C01571,Fuel,11100.39
C01571,Online Shopping,22293.79
C01571,Travel,183212.99
C01572,Bills & Utilities,10773.210000000001
C01572,Dining,2593.46
C01572,Electronics,129444.23000000001
C01572,Entertainment,14551.06
C01572,Fashion,9908.470000000001
C01572,Fuel,7368.29
C01572,Groceries,7178.0599999999995
C01572,Healthcare,59490.020000000004
C01572,Online Shopping,65347.92
C01572,Travel,16678.69
C01573,Bills & Utilities,14881.68
C01573,Dining,1814.65
C01573,Electronics,212279.78
C01573,Entertainment,3026.33
C01573,Fashion,30796.63
C01573,Fuel,2729.75
C01573,Groceries,2327.46
C01573,Healthcare,18177.19
C01573,Online Shopping,26157.31
C01573,Travel,5825.04
C01574,Bills & Utilities,7595.73
C01574,Dining,2367.36
C01574,Electronics,281972.57
C01574,Entertainment,4193.1
C01574,Fashion,8252.74
C01574,Fuel,9412.13
C01574,Groceries,6119.31
C01574,Healthcare,26992.0
C01574,Online Shopping,89939.49
C01574,Travel,54901.619999999995
C01575,Bills & Utilities,16117.55
C01575,Dining,4984.82
C01575,Electronics,54294.15
C01575,Entertainment,7540.2
C01575,Fashion,32652.159999999996
C01575,Fuel,8627.95
C01575,Groceries,12013.81
C01575,Healthcare,42081.38
C01575,Online Shopping,74195.34
C01575,Travel,120850.25
C01576,Bills & Utilities,8143.96
C01576,Dining,4284.5199999999995
C01576,Electronics,81567.15
C01576,Entertainment,2471.8199999999997
C01576,Fashion,10192.81
C01576,Fuel,6473.26
C01576,Groceries,1817.13
C01576,Healthcare,38573.74
C01576,Online Shopping,13220.76
C01576,Travel,55935.2
C01577,Bills & Utilities,16084.75
C01577,Dining,3848.19
C01577,Electronics,133355.22
C01577,Entertainment,2940.13
C01577,Fashion,46555.05
C01577,Fuel,2603.32
C01577,Groceries,5213.87
C01577,Healthcare,54129.03
C01577,Online Shopping,18572.8
C01577,Travel,40063.71
C01578,Bills & Utilities,16399.23
C01578,Dining,2397.88
C01578,Electronics,48920.35
C01578,Fashion,32025.4
C01578,Fuel,8037.4400000000005
C01578,Groceries,9487.21
C01578,Healthcare,63146.23
C01578,Online Shopping,14522.509999999998
C01578,Travel,64026.05
C01579,Dining,4940.110000000001
C01579,Electronics,6247.93
C01579,Entertainment,6914.33
C01579,Fashion,19422.85
C01579,Fuel,3179.55
C01579,Groceries,5155.31
C01579,Healthcare,15481.98
C01579,Online Shopping,14114.8
C01579,Travel,6581.0
C01580,Bills & Utilities,6414.26
C01580,Dining,2061.65
C01580,Electronics,101486.23000000001
C01580,Entertainment,10671.79
C01580,Fashion,21958.57
C01580,Fuel,4083.4800000000005
C01580,Groceries,2791.27
C01580,Healthcare,32671.37
C01580,Online Shopping,32418.809999999998
C01580,Travel,66359.45999999999
C01581,Bills & Utilities,7213.94
C01581,Dining,5594.5599999999995
C01581,Electronics,55205.08
C01581,Entertainment,4820.75
C01581,Fashion,37683.630000000005
C01581,Fuel,5305.1
C01581,Groceries,10852.3
C01581,Healthcare,32018.800000000003
C01581,Online Shopping,81570.42
C01581,Travel,92078.26000000001
C01582,Bills & Utilities,9293.16
C01582,Dining,2643.02
C01582,Electronics,142851.6
C01582,Entertainment,5336.27
C01582,Fashion,8950.08
C01582,Fuel,10445.07
C01582,Groceries,1261.79
C01582,Healthcare,19289.36
C01582,Online Shopping,54721.51
C01582,Travel,7462.7
C01583,Bills & Utilities,15742.89
C01583,Dining,5964.17
C01583,Electronics,138988.31
C01583,Entertainment,4098.12
C01583,Fashion,42791.100000000006
C01583,Fuel,5948.049999999999
C01583,Groceries,6697.19
C01583,Healthcare,109125.34999999999
C01583,Online Shopping,46906.06
C01583,Travel,170782.03
C01584,Bills & Utilities,12700.85
C01584,Dining,4532.96
C01584,Electronics,96999.76999999999
C01584,Entertainment,5316.12
C01584,Fashion,28236.93
C01584,Fuel,9450.78
C01584,Groceries,2499.79
C01584,Healthcare,30964.95
C01584,Online Shopping,47161.16
C01584,Travel,55304.12
C01585,Bills & Utilities,10222.08
C01585,Dining,3809.84
C01585,Electronics,196585.54
C01585,Entertainment,5489.05
C01585,Fashion,16317.13
C01585,Fuel,9792.91
C01585,Groceries,2287.81
C01585,Healthcare,23709.58
C01585,Online Shopping,30837.300000000003
C01585,Travel,93740.92
C01586,Bills & Utilities,11940.76
C01586,Dining,1530.63
C01586,Electronics,107017.51
C01586,Entertainment,5832.4
C01586,Fashion,49414.01
C01586,Fuel,6392.219999999999
C01586,Groceries,5043.26
C01586,Healthcare,63639.850000000006
C01586,Online Shopping,27387.28
C01586,Travel,85353.41
C01587,Bills & Utilities,23736.52
C01587,Dining,5777.35
C01587,Electronics,86065.45
C01587,Entertainment,792.58
C01587,Fashion,47009.49
C01587,Groceries,1173.48
C01587,Healthcare,48263.81
C01587,Online Shopping,37968.46
C01587,Travel,84730.92
C01588,Bills & Utilities,28247.55
C01588,Dining,2271.31
C01588,Electronics,45582.43
C01588,Entertainment,9805.36
C01588,Fashion,13224.19
C01588,Fuel,13609.75
C01588,Groceries,20677.28
C01588,Healthcare,4507.35
C01588,Online Shopping,42540.299999999996
C01588,Travel,72770.98
C01589,Bills & Utilities,2628.9300000000003
C01589,Dining,5647.48
C01589,Electronics,350448.41000000003
C01589,Entertainment,10267.82
C01589,Fashion,48775.59
C01589,Fuel,6842.219999999999
C01589,Groceries,10779.57
C01589,Healthcare,47893.64
C01589,Online Shopping,38456.18
C01589,Travel,39300.73
C01590,Bills & Utilities,9260.51
C01590,Dining,888.1300000000001
C01590,Electronics,148942.84
C01590,Entertainment,472.98
C01590,Fashion,28673.35
C01590,Fuel,9607.28
C01590,Groceries,7537.47
C01590,Healthcare,28769.38
C01590,Online Shopping,27577.260000000002
C01590,Travel,138840.37
C01591,Bills & Utilities,20214.71
C01591,Dining,2194.84
C01591,Electronics,133901.55
C01591,Entertainment,4524.74
C01591,Fashion,72217.65
C01591,Fuel,7310.27
C01591,Groceries,6721.95
C01591,Healthcare,54089.409999999996
C01591,Online Shopping,43060.759999999995
C01591,Travel,13808.12
C01592,Bills & Utilities,24437.62
C01592,Dining,2937.08
C01592,Electronics,256144.65
C01592,Entertainment,3253.67
C01592,Fashion,39412.31
C01592,Fuel,14133.06
C01592,Groceries,1310.72
C01592,Healthcare,45532.07
C01592,Online Shopping,75916.51000000001
C01592,Travel,12634.35
C01593,Bills & Utilities,35695.130000000005
C01593,Dining,4013.41
C01593,Electronics,26752.38
C01593,Entertainment,6731.13
C01593,Fashion,22562.47
C01593,Fuel,5397.610000000001
C01593,Groceries,4628.139999999999
C01593,Healthcare,90736.46
C01593,Online Shopping,45680.39
C01593,Travel,37205.83
C01594,Bills & Utilities,17495.08
C01594,Dining,2804.49
C01594,Electronics,72135.31999999999
C01594,Entertainment,5056.83
C01594,Fashion,21680.08
C01594,Fuel,9330.61
C01594,Groceries,4692.98
C01594,Healthcare,41356.46
C01595,Bills & Utilities,7879.77
C01595,Dining,5470.43
C01595,Electronics,198208.47
C01595,Entertainment,1972.23
C01595,Fashion,10142.49
C01595,Fuel,3423.89
C01595,Groceries,6308.1
C01595,Healthcare,25900.03
C01595,Online Shopping,76859.15
C01595,Travel,102843.16
C01596,Bills & Utilities,12942.900000000001
C01596,Dining,6339.0199999999995
C01596,Electronics,86029.93
C01596,Entertainment,6077.42
C01596,Fashion,27686.33
C01596,Fuel,4346.47
C01596,Groceries,2240.53
C01596,Healthcare,24230.559999999998
C01596,Online Shopping,10116.59
C01596,Travel,19474.24
C01597,Bills & Utilities,8929.61
C01597,Dining,2242.39
C01597,Electronics,62689.049999999996
C01597,Entertainment,3500.1099999999997
C01597,Fashion,13951.27
C01597,Fuel,2941.29
C01597,Groceries,6813.63
C01597,Healthcare,49162.84
C01597,Online Shopping,16315.689999999999
C01597,Travel,55354.15
C01598,Bills & Utilities,14827.380000000001
C01598,Electronics,188030.09
C01598,Entertainment,7344.57
C01598,Fashion,14031.2
C01598,Fuel,11601.97
C01598,Groceries,4454.07
C01598,Healthcare,29574.52
C01598,Online Shopping,24691.760000000002
C01598,Travel,85173.42
C01599,Bills & Utilities,12897.509999999998
C01599,Dining,6381.8
C01599,Electronics,70113.93000000001
C01599,Entertainment,3255.89
C01599,Fashion,30739.41
C01599,Fuel,10413.55
C01599,Groceries,7812.18
C01599,Healthcare,54298.71
C01599,Online Shopping,22150.25
C01599,Travel,67411.76999999999
C01600,Bills & Utilities,11340.32
C01600,Dining,8386.17
C01600,Electronics,83671.73999999999
C01600,Entertainment,1490.51
C01600,Fashion,42226.52
C01600,Fuel,15572.4
C01600,Groceries,7046.65
C01600,Healthcare,41523.39
C01600,Online Shopping,17602.25
C01600,Travel,119932.28
C01601,Bills & Utilities,7801.82
C01601,Dining,2622.04
C01601,Electronics,142457.2
C01601,Entertainment,3282.01
C01601,Fashion,31898.57
C01601,Fuel,5353.73
C01601,Groceries,8462.28
C01601,Healthcare,22995.05
C01601,Online Shopping,55307.8
C01601,Travel,83460.11
C01602,Bills & Utilities,15321.19
C01602,Dining,9666.78
C01602,Electronics,110200.88
C01602,Entertainment,7689.8
C01602,Fashion,30709.24
C01602,Fuel,13525.96
C01602,Groceries,5281.87
C01602,Healthcare,48858.020000000004
C01602,Online Shopping,35353.46
C01603,Bills & Utilities,10543.98
C01603,Dining,3833.79
C01603,Electronics,183416.68
C01603,Entertainment,6131.18
C01603,Fashion,23545.43
C01603,Fuel,3535.79
C01603,Groceries,8797.82
C01603,Healthcare,39410.01
C01603,Online Shopping,22750.699999999997
C01603,Travel,102793.49
C01604,Bills & Utilities,6339.35
C01604,Dining,7003.0599999999995
C01604,Electronics,124644.66
C01604,Entertainment,3952.6800000000003
C01604,Fashion,17368.34
C01604,Fuel,11223.53
C01604,Groceries,8649.34
C01604,Healthcare,63879.34
C01604,Online Shopping,57767.55
C01604,Travel,171256.12
C01605,Bills & Utilities,19583.35
C01605,Dining,4386.49
C01605,Electronics,38501.259999999995
C01605,Entertainment,7681.44
C01605,Fashion,25862.190000000002
C01605,Groceries,1885.88
C01605,Healthcare,28827.78
C01605,Online Shopping,62523.53
C01605,Travel,85691.22
C01606,Bills & Utilities,15149.920000000002
C01606,Dining,3361.5499999999997
C01606,Electronics,60878.619999999995
C01606,Entertainment,3736.54
C01606,Fashion,39226.46
C01606,Fuel,5672.39
C01606,Groceries,8213.1
C01606,Healthcare,23828.649999999998
C01606,Online Shopping,42697.38
C01606,Travel,46582.130000000005
C01607,Bills & Utilities,16411.19
C01607,Dining,4378.16
C01607,Electronics,135699.53
C01607,Entertainment,2416.54
C01607,Fashion,15119.92
C01607,Fuel,1468.49
C01607,Groceries,7830.9
C01607,Healthcare,20041.43
C01607,Online Shopping,26667.42
C01607,Travel,132153.87
C01608,Bills & Utilities,2296.31
C01608,Dining,4399.97
C01608,Electronics,66580.54
C01608,Entertainment,10950.7
C01608,Fashion,16212.86
C01608,Fuel,5386.18
C01608,Groceries,6577.13
C01608,Healthcare,28693.35
C01608,Online Shopping,42763.450000000004
C01608,Travel,78265.01
C01609,Bills & Utilities,22839.17
C01609,Dining,7345.4
C01609,Electronics,171962.3
C01609,Entertainment,3814.88
C01609,Fashion,16542.21
C01609,Fuel,1483.71
C01609,Groceries,7053.61
C01609,Healthcare,50994.93
C01609,Online Shopping,65842.15000000001
C01609,Travel,5961.15
C01610,Bills & Utilities,7115.450000000001
C01610,Dining,6329.02
C01610,Electronics,190804.38
C01610,Entertainment,7281.33
C01610,Fashion,28448.91
C01610,Fuel,7253.32
C01610,Groceries,9836.0
C01610,Healthcare,19724.67
C01610,Online Shopping,38911.47
C01610,Travel,24486.0
C01611,Bills & Utilities,15878.14
C01611,Dining,10261.869999999999
C01611,Electronics,94102.93
C01611,Entertainment,8715.75
C01611,Fashion,23341.04
C01611,Fuel,9146.2
C01611,Groceries,13009.25
C01611,Healthcare,57379.23
C01611,Online Shopping,34504.47
C01611,Travel,16735.78
C01612,Bills & Utilities,1678.6499999999999
C01612,Dining,6075.389999999999
C01612,Electronics,77893.99
C01612,Entertainment,3808.47
C01612,Fashion,31189.97
C01612,Fuel,2629.17
C01612,Groceries,1507.69
C01612,Healthcare,35651.649999999994
C01612,Online Shopping,77637.5
C01612,Travel,150280.47
C01613,Bills & Utilities,13320.1
C01613,Dining,1702.45
C01613,Electronics,146213.61
C01613,Entertainment,7454.42
C01613,Fashion,26129.3
C01613,Fuel,7639.679999999999
C01613,Groceries,2935.54
C01613,Healthcare,35192.14
C01613,Online Shopping,45905.25
C01613,Travel,103127.20999999999
C01614,Bills & Utilities,12554.4
C01614,Dining,4550.610000000001
C01614,Electronics,142584.29
C01614,Entertainment,4193.6
C01614,Fashion,35848.520000000004
C01614,Fuel,7356.61
C01614,Groceries,1450.12
C01614,Healthcare,31299.54
C01614,Online Shopping,55770.0
C01614,Travel,80075.72
C01615,Bills & Utilities,7640.5
C01615,Dining,11603.2
C01615,Electronics,10337.7
C01615,Entertainment,2675.7799999999997
C01615,Fashion,9595.87
C01615,Fuel,4760.68
C01615,Groceries,3719.69
C01615,Healthcare,30845.76
C01615,Online Shopping,12466.99
C01615,Travel,44113.119999999995
C01616,Bills & Utilities,15096.35
C01616,Dining,2339.2
C01616,Electronics,83444.08
C01616,Entertainment,5147.299999999999
C01616,Fashion,55942.42
C01616,Fuel,10521.08
C01616,Groceries,8494.9
C01616,Healthcare,43296.65
C01616,Online Shopping,19599.92
C01616,Travel,34493.95
C01617,Bills & Utilities,25323.71
C01617,Dining,6902.32
C01617,Electronics,74795.76
C01617,Entertainment,4240.9
C01617,Fashion,21880.02
C01617,Fuel,5202.52
C01617,Groceries,9212.97
C01617,Healthcare,9634.11
C01617,Online Shopping,43066.09
C01617,Travel,94617.93
C01618,Bills & Utilities,9201.8
C01618,Dining,4265.59
C01618,Electronics,30186.32
C01618,Entertainment,5787.76
C01618,Fashion,21589.1
C01618,Fuel,8702.91
C01618,Groceries,2570.96
C01618,Healthcare,24474.06
C01618,Online Shopping,45806.86
C01618,Travel,125193.43
C01619,Bills & Utilities,9440.98
C01619,Dining,7741.06
C01619,Electronics,133589.09
C01619,Entertainment,14258.369999999999
C01619,Fashion,29870.25
C01619,Fuel,9251.05
C01619,Groceries,5516.58
C01619,Healthcare,27896.190000000002
C01619,Online Shopping,23553.55
C01619,Travel,2251.33
C01620,Bills & Utilities,2361.86
C01620,Dining,4976.09
C01620,Electronics,117770.73999999999
C01620,Entertainment,2300.69
C01620,Fashion,27231.46
C01620,Groceries,4761.38
C01620,Healthcare,58763.76
C01620,Online Shopping,21841.44
C01620,Travel,47890.35
C01621,Bills & Utilities,661.13
C01621,Dining,6575.15
C01621,Electronics,59099.31
C01621,Entertainment,6541.05
C01621,Fashion,46306.19
C01621,Fuel,4395.49
C01621,Groceries,5234.9
C01621,Healthcare,7666.15
C01621,Online Shopping,42717.05
C01621,Travel,70539.83
C01622,Bills & Utilities,11941.6
C01622,Dining,2049.88
C01622,Electronics,65710.17
C01622,Entertainment,2074.23
C01622,Fashion,17588.09
C01622,Fuel,16379.24
C01622,Groceries,2433.3199999999997
C01622,Healthcare,17649.57
C01622,Online Shopping,116510.70999999999
C01622,Travel,34867.15
C01623,Bills & Utilities,4948.96
C01623,Dining,1911.1
C01623,Electronics,112135.52
C01623,Entertainment,5416.0
C01623,Fashion,19032.48
C01623,Fuel,11986.91
C01623,Groceries,243.4
C01623,Healthcare,20067.68
C01623,Online Shopping,17256.17
C01623,Travel,32582.69
C01624,Bills & Utilities,6228.46
C01624,Dining,1951.44
C01624,Electronics,164321.66999999998
C01624,Entertainment,4428.76
C01624,Fashion,34426.56
C01624,Fuel,4507.54
C01624,Groceries,1953.85
C01624,Healthcare,36101.92
C01624,Online Shopping,13357.69
C01624,Travel,84555.85
C01625,Bills & Utilities,6302.67
C01625,Dining,5753.96
C01625,Electronics,237448.6
C01625,Fashion,9130.77
C01625,Fuel,7774.47
C01625,Groceries,12147.82
C01625,Healthcare,84011.63
C01625,Online Shopping,36478.72
C01625,Travel,79694.51000000001
C01626,Bills & Utilities,13205.880000000001
C01626,Dining,2888.74
C01626,Electronics,62200.68999999999
C01626,Entertainment,425.19
C01626,Fashion,17116.670000000002
C01626,Fuel,3307.1099999999997
C01626,Groceries,11248.09
C01626,Healthcare,65364.07
C01626,Online Shopping,60606.99
C01626,Travel,45456.37
C01627,Bills & Utilities,15110.23
C01627,Dining,8014.349999999999
C01627,Electronics,250951.37
C01627,Entertainment,515.21
C01627,Fashion,24096.55
C01627,Fuel,5227.58
C01627,Groceries,5558.24
C01627,Healthcare,34137.14
C01627,Online Shopping,50141.46000000001
C01627,Travel,39060.43
C01628,Bills & Utilities,8480.48
C01628,Dining,3087.17
C01628,Electronics,115955.62
C01628,Entertainment,9478.32
C01628,Fashion,2687.44
C01628,Fuel,14051.73
C01628,Groceries,6900.1
C01628,Healthcare,41915.83
C01628,Online Shopping,77798.54
C01628,Travel,90431.28
C01629,Bills & Utilities,16806.17
C01629,Dining,2484.62
C01629,Electronics,148286.57
C01629,Entertainment,11026.29
C01629,Fashion,12166.66
C01629,Fuel,7603.71
C01629,Healthcare,33577.04
C01629,Online Shopping,39692.34
C01629,Travel,44906.759999999995
C01630,Bills & Utilities,20236.6
C01630,Dining,3915.89
C01630,Electronics,218440.07
C01630,Entertainment,11014.51
C01630,Fashion,34092.9
C01630,Fuel,4021.8599999999997
C01630,Groceries,5011.75
C01630,Healthcare,1790.0
C01630,Online Shopping,70317.23
C01630,Travel,150903.58
C01631,Bills & Utilities,12079.09
C01631,Dining,4577.24
C01631,Electronics,80542.78
C01631,Entertainment,6416.4400000000005
C01631,Fashion,25913.68
C01631,Fuel,8788.91
C01631,Groceries,7409.54
C01631,Healthcare,48023.68
C01631,Online Shopping,62140.37
C01631,Travel,115668.29000000001
C01632,Bills & Utilities,9383.14
C01632,Dining,672.82
C01632,Electronics,62101.149999999994
C01632,Entertainment,5014.78
C01632,Fashion,10588.61
C01632,Fuel,4535.43
C01632,Groceries,9171.65
C01632,Online Shopping,20613.4
C01632,Travel,21117.95
C01633,Bills & Utilities,10808.869999999999
C01633,Dining,3720.82
C01633,Electronics,77337.67
C01633,Entertainment,5676.04
C01633,Fashion,11444.42
C01633,Fuel,5049.99
C01633,Groceries,5967.379999999999
C01633,Healthcare,18620.97
C01633,Online Shopping,6244.95
C01633,Travel,25330.77
C01634,Bills & Utilities,20662.93
C01634,Dining,4121.91
C01634,Electronics,47344.85
C01634,Entertainment,6662.16
C01634,Fashion,59312.409999999996
C01634,Fuel,10681.03
C01634,Groceries,10064.91
C01634,Healthcare,29041.59
C01634,Online Shopping,31613.079999999998
C01634,Travel,115203.01
C01635,Bills & Utilities,23156.719999999998
C01635,Dining,1186.48
C01635,Electronics,203627.09
C01635,Entertainment,5548.35
C01635,Fashion,23433.449999999997
C01635,Fuel,11123.59
C01635,Groceries,7766.5
C01635,Healthcare,83720.87
C01635,Online Shopping,35422.44
C01635,Travel,2982.47
C01636,Bills & Utilities,3527.09
C01636,Dining,5295.37
C01636,Electronics,163067.03
C01636,Entertainment,5423.55
C01636,Fashion,58932.67
C01636,Fuel,8952.220000000001
C01636,Groceries,2815.81
C01636,Healthcare,42876.840000000004
C01636,Online Shopping,70671.37
C01636,Travel,81399.77
C01637,Bills & Utilities,6236.71
C01637,Electronics,52041.03999999999
C01637,Entertainment,3336.24
C01637,Fashion,26656.86
C01637,Fuel,3726.98
C01637,Groceries,6398.58
C01637,Healthcare,46820.18
C01637,Online Shopping,334.26
C01637,Travel,2496.98
C01638,Bills & Utilities,30140.8
C01638,Dining,3747.6499999999996
C01638,Electronics,99845.29000000001
C01638,Entertainment,6927.16
C01638,Fashion,47157.990000000005
C01638,Fuel,9231.5
C01638,Groceries,7123.0
C01638,Healthcare,22178.760000000002
C01638,Online Shopping,97360.32999999999
C01638,Travel,59490.18
C01639,Bills & Utilities,13959.59
C01639,Dining,2188.38
C01639,Electronics,46545.58
C01639,Entertainment,5480.52
C01639,Fuel,8443.59
C01639,Groceries,8789.789999999999
C01639,Healthcare,59109.69
C01639,Online Shopping,8948.279999999999
C01639,Travel,99153.74
C01640,Bills & Utilities,17105.61
C01640,Dining,2079.46
C01640,Electronics,74423.69
C01640,Entertainment,9256.82
C01640,Fashion,15596.82
C01640,Fuel,4937.08
C01640,Groceries,1084.29
C01640,Healthcare,52110.21
C01640,Online Shopping,61580.270000000004
C01640,Travel,73327.33
C01641,Bills & Utilities,9501.060000000001
C01641,Dining,7390.85
C01641,Electronics,94018.45000000001
C01641,Entertainment,4042.14
C01641,Fashion,15220.65
C01641,Fuel,19215.55
C01641,Groceries,7576.38
C01641,Healthcare,28280.27
C01641,Online Shopping,22656.39
C01641,Travel,71787.75
C01642,Bills & Utilities,17064.12
C01642,Dining,6333.54
C01642,Electronics,108796.73000000001
C01642,Entertainment,3323.07
C01642,Fashion,17137.85
C01642,Fuel,2490.87
C01642,Groceries,1280.44
C01642,Healthcare,93443.65
C01642,Online Shopping,25726.379999999997
C01642,Travel,124080.39
C01643,Bills & Utilities,8620.96
C01643,Dining,7542.28
C01643,Electronics,8660.24
C01643,Entertainment,7646.849999999999
C01643,Fashion,43136.94
C01643,Fuel,3074.02
C01643,Groceries,1590.87
C01643,Healthcare,36630.05
C01643,Online Shopping,16179.58
C01643,Travel,66496.36
C01644,Bills & Utilities,25956.18
C01644,Dining,9434.98
C01644,Electronics,95161.7
C01644,Entertainment,2278.67
C01644,Fashion,19976.55
C01644,Fuel,8622.99
C01644,Groceries,6250.389999999999
C01644,Healthcare,49581.71
C01644,Online Shopping,42794.409999999996
C01644,Travel,71619.55
C01645,Bills & Utilities,28968.25
C01645,Dining,1116.27
C01645,Electronics,80109.98999999999
C01645,Entertainment,4812.139999999999
C01645,Fashion,28765.5
C01645,Fuel,6048.91
C01645,Groceries,5268.46
C01645,Healthcare,48870.35
C01645,Online Shopping,9825.81
C01645,Travel,91447.14
C01646,Bills & Utilities,20989.1
C01646,Dining,8224.73
C01646,Electronics,101551.70999999999
C01646,Entertainment,14550.65
C01646,Fuel,19742.95
C01646,Groceries,1395.5
C01646,Healthcare,43430.3
C01646,Online Shopping,42137.01
C01646,Travel,20558.379999999997
C01647,Bills & Utilities,2498.71
C01647,Dining,2738.7999999999997
C01647,Electronics,108773.84
C01647,Entertainment,5224.28
C01647,Fashion,28358.0
C01647,Fuel,3793.81
C01647,Groceries,4579.41
C01647,Healthcare,18591.370000000003
C01647,Online Shopping,55518.509999999995
C01647,Travel,56774.520000000004
C01648,Bills & Utilities,4698.19
C01648,Dining,4383.860000000001
C01648,Electronics,62292.64
C01648,Entertainment,2050.8900000000003
C01648,Fashion,37308.009999999995
C01648,Fuel,13555.97
C01648,Groceries,5460.92
C01648,Healthcare,28333.98
C01648,Online Shopping,18316.85
C01648,Travel,39989.56
C01649,Bills & Utilities,15695.82
C01649,Dining,4977.97
C01649,Electronics,98753.13
C01649,Entertainment,5270.97
C01649,Fashion,54270.0
C01649,Fuel,10835.69
C01649,Groceries,7140.97
C01649,Healthcare,28637.15
C01649,Travel,5866.17
C01650,Bills & Utilities,7640.0
C01650,Dining,11858.72
C01650,Electronics,158418.63
C01650,Entertainment,4068.8199999999997
C01650,Fashion,7654.12
C01650,Fuel,752.71
C01650,Groceries,2887.81
C01650,Healthcare,35894.11
C01650,Online Shopping,25636.739999999998
C01650,Travel,81066.57
C01651,Bills & Utilities,4900.2
C01651,Dining,3439.92
C01651,Electronics,76240.98999999999
C01651,Entertainment,6392.34
C01651,Fashion,35386.39
C01651,Fuel,9692.17
C01651,Healthcare,61512.8
C01651,Online Shopping,47215.54
C01651,Travel,72400.33
C01652,Bills & Utilities,14614.71
C01652,Dining,3046.57
C01652,Electronics,97104.95999999999
C01652,Entertainment,1718.74
C01652,Fashion,40224.119999999995
C01652,Fuel,12700.98
C01652,Groceries,2417.7
C01652,Healthcare,42080.82
C01652,Online Shopping,32443.89
C01652,Travel,21981.74
C01653,Bills & Utilities,25811.73
C01653,Dining,231.43
C01653,Electronics,238787.52000000002
C01653,Entertainment,9287.710000000001
C01653,Fashion,2891.01
C01653,Fuel,17258.629999999997
C01653,Groceries,4405.549999999999
C01653,Healthcare,29586.039999999997
C01653,Online Shopping,13895.08
C01653,Travel,59438.020000000004
C01654,Bills & Utilities,6309.040000000001
C01654,Dining,1992.6100000000001
C01654,Electronics,152487.06
C01654,Entertainment,4937.93
C01654,Fashion,29440.550000000003
C01654,Fuel,2086.78
C01654,Groceries,8434.77
C01654,Healthcare,40333.9
C01654,Online Shopping,19180.35
C01654,Travel,138723.18
C01655,Bills & Utilities,5964.28
C01655,Dining,11947.49
C01655,Electronics,174897.91
C01655,Entertainment,5432.05
C01655,Fashion,6583.93
C01655,Fuel,17697.989999999998
C01655,Groceries,6207.3099999999995
C01655,Healthcare,43093.96
C01655,Online Shopping,39729.72
C01655,Travel,50867.08
C01656,Bills & Utilities,6283.37
C01656,Dining,4387.33
C01656,Electronics,59931.08
C01656,Entertainment,3884.3599999999997
C01656,Fashion,57035.86
C01656,Fuel,12223.31
C01656,Groceries,7315.320000000001
C01656,Healthcare,40273.94
C01656,Online Shopping,81767.65
C01656,Travel,14941.74
C01657,Bills & Utilities,14448.95
C01657,Dining,3834.5
C01657,Electronics,124780.31
C01657,Entertainment,5907.4400000000005
C01657,Fashion,25061.739999999998
C01657,Fuel,9861.44
C01657,Groceries,8756.779999999999
C01657,Healthcare,56178.020000000004
C01657,Online Shopping,40637.31
C01657,Travel,174489.11
C01658,Bills & Utilities,8165.38
C01658,Dining,6780.73
C01658,Electronics,104121.16999999998
C01658,Entertainment,2068.23
C01658,Fashion,51117.94
C01658,Fuel,6243.639999999999
C01658,Groceries,4843.87
C01658,Healthcare,22097.32
C01658,Online Shopping,47205.32
C01658,Travel,63053.83
C01659,Bills & Utilities,11644.67
C01659,Dining,3420.42
C01659,Electronics,12233.59
C01659,Entertainment,4502.0199999999995
C01659,Fashion,21410.010000000002
C01659,Fuel,12009.77
C01659,Groceries,4074.7699999999995
C01659,Healthcare,29525.170000000002
C01659,Online Shopping,18161.760000000002
C01659,Travel,122388.56
C01660,Bills & Utilities,19182.05
C01660,Dining,4313.68
C01660,Electronics,137427.95
C01660,Entertainment,4896.17
C01660,Fashion,12583.109999999999
C01660,Fuel,9633.67
C01660,Groceries,12443.7
C01660,Healthcare,11835.470000000001
C01660,Online Shopping,74031.14
C01660,Travel,66933.53
C01661,Bills & Utilities,14257.13
C01661,Dining,7820.07
C01661,Electronics,290658.92
C01661,Entertainment,5655.28
C01661,Fashion,22654.29
C01661,Fuel,2340.7599999999998
C01661,Groceries,2378.49
C01661,Healthcare,3961.83
C01661,Online Shopping,15157.16
C01661,Travel,75367.51000000001
C01662,Bills & Utilities,7784.45
C01662,Dining,7928.5599999999995
C01662,Electronics,53303.96
C01662,Entertainment,5363.49
C01662,Fashion,52391.12
C01662,Fuel,4285.76
C01662,Groceries,5429.96
C01662,Healthcare,48215.65
C01662,Online Shopping,35060.490000000005
C01663,Bills & Utilities,10796.54
C01663,Dining,6008.67
C01663,Electronics,54014.18
C01663,Entertainment,1679.31
C01663,Fashion,43567.04
C01663,Fuel,6726.3
C01663,Groceries,6517.82
C01663,Healthcare,42328.33
C01663,Online Shopping,24263.21
C01663,Travel,26547.47
C01664,Bills & Utilities,12728.05
C01664,Dining,2064.89
C01664,Electronics,153525.32
C01664,Entertainment,5761.200000000001
C01664,Fashion,20150.77
C01664,Fuel,2910.11
C01664,Groceries,4802.85
C01664,Healthcare,1633.05
C01664,Online Shopping,11091.25
C01664,Travel,46767.09
C01665,Bills & Utilities,5140.79
C01665,Dining,5264.44
C01665,Electronics,25071.760000000002
C01665,Entertainment,4461.29
C01665,Fashion,25293.41
C01665,Fuel,13114.380000000001
C01665,Groceries,6932.92
C01665,Healthcare,54865.54
C01665,Online Shopping,17432.86
C01665,Travel,73574.22
C01666,Bills & Utilities,27681.24
C01666,Dining,8922.84
C01666,Electronics,53960.99
C01666,Entertainment,8430.49
C01666,Fashion,9589.97
C01666,Fuel,4299.52
C01666,Groceries,3892.78
C01666,Healthcare,23113.93
C01666,Online Shopping,26628.949999999997
C01666,Travel,60521.73
C01667,Bills & Utilities,32301.9
C01667,Electronics,182513.66
C01667,Entertainment,7118.79
C01667,Fashion,28284.21
C01667,Fuel,1940.57
C01667,Groceries,3908.95
C01667,Healthcare,32212.54
C01667,Online Shopping,59994.9
C01667,Travel,240596.46
C01668,Bills & Utilities,4794.46
C01668,Dining,1498.9
C01668,Electronics,112653.72
C01668,Entertainment,3668.25
C01668,Fashion,25584.65
C01668,Fuel,13959.41
C01668,Groceries,4027.76
C01668,Healthcare,40738.68
C01668,Online Shopping,59694.97
C01668,Travel,15110.07
C01669,Bills & Utilities,7074.09
C01669,Dining,5391.78
C01669,Electronics,143254.85
C01669,Entertainment,4687.67
C01669,Fashion,31135.54
C01669,Fuel,8156.21
C01669,Groceries,6280.1900000000005
C01669,Healthcare,40712.04
C01669,Online Shopping,14500.35
C01669,Travel,120457.59
C01670,Bills & Utilities,13096.6
C01670,Dining,5879.65
C01670,Electronics,19247.489999999998
C01670,Entertainment,7595.1
C01670,Fashion,59396.68
C01670,Groceries,6485.41
C01670,Healthcare,36335.09
C01670,Online Shopping,27713.510000000002
C01670,Travel,83090.64
C01671,Bills & Utilities,20195.09
C01671,Dining,10282.56
C01671,Electronics,41171.64
C01671,Entertainment,293.59
C01671,Fashion,21358.57
C01671,Fuel,6921.02
C01671,Groceries,2376.7
C01671,Healthcare,35906.64
C01671,Online Shopping,60116.78
C01671,Travel,111236.79000000001
C01672,Bills & Utilities,23546.03
C01672,Dining,4708.36
C01672,Electronics,78257.62
C01672,Entertainment,4641.41
C01672,Fashion,33051.56
C01672,Fuel,8254.689999999999
C01672,Groceries,6231.0
C01672,Healthcare,35753.35
C01672,Online Shopping,18051.16
C01672,Travel,172325.42
C01673,Bills & Utilities,17073.77
C01673,Dining,7605.04
C01673,Electronics,250244.96000000002
C01673,Entertainment,6723.41
C01673,Fashion,5563.18
C01673,Fuel,3756.79
C01673,Groceries,2234.46
C01673,Healthcare,42791.83
C01673,Online Shopping,6891.59
C01673,Travel,116774.33
C01674,Bills & Utilities,10253.03
C01674,Electronics,136587.32
C01674,Entertainment,1788.59
C01674,Fuel,8039.23
C01674,Groceries,4207.02
C01674,Healthcare,49889.990000000005
C01674,Online Shopping,18107.03
C01674,Travel,58682.93000000001
C01675,Bills & Utilities,18637.760000000002
C01675,Dining,4991.75
C01675,Electronics,78482.95
C01675,Entertainment,9395.29
C01675,Fashion,11709.98
C01675,Fuel,10806.130000000001
C01675,Groceries,8993.59
C01675,Healthcare,39437.17
C01675,Online Shopping,92041.56999999999
C01675,Travel,67249.75
C01676,Bills & Utilities,12291.51
C01676,Dining,7364.58
C01676,Electronics,22464.52
C01676,Entertainment,2161.13
C01676,Fashion,4692.37
C01676,Groceries,4267.96
C01676,Healthcare,21948.82
C01676,Online Shopping,22377.69
C01676,Travel,140647.49
C01677,Bills & Utilities,14140.74
C01677,Electronics,73511.91
C01677,Entertainment,5815.91
C01677,Fashion,9477.04
C01677,Fuel,2761.76
C01677,Groceries,8234.61
C01677,Healthcare,12157.92
C01677,Online Shopping,43802.82
C01677,Travel,86368.90999999999
C01678,Bills & Utilities,17671.75
C01678,Dining,4193.0199999999995
C01678,Electronics,87322.51999999999
C01678,Entertainment,5415.11
C01678,Fashion,31768.11
C01678,Fuel,18549.34
C01678,Groceries,9019.35
C01678,Healthcare,104838.07
C01678,Online Shopping,46059.85
C01678,Travel,80017.7
C01679,Bills & Utilities,4792.52
C01679,Dining,5315.67
C01679,Electronics,78316.45
C01679,Entertainment,6168.12
C01679,Fashion,10993.82
C01679,Fuel,5640.3099999999995
C01679,Groceries,2880.89
C01679,Travel,78073.84999999999
C01680,Bills & Utilities,32920.54
C01680,Dining,4723.7
C01680,Electronics,94641.19
C01680,Entertainment,9955.23
C01680,Fashion,45539.63
C01680,Fuel,2921.74
C01680,Groceries,7595.9800000000005
C01680,Healthcare,49559.23
C01680,Online Shopping,11374.17
C01680,Travel,151401.57
C01681,Bills & Utilities,14489.69
C01681,Dining,3718.2
C01681,Electronics,148392.78
C01681,Entertainment,11984.69
C01681,Fashion,57843.369999999995
C01681,Fuel,687.07
C01681,Groceries,9776.86
C01681,Healthcare,59944.189999999995
C01681,Online Shopping,46198.07
C01681,Travel,8186.54
C01682,Bills & Utilities,14798.279999999999
C01682,Dining,3941.88
C01682,Electronics,183439.43
C01682,Entertainment,4934.23
C01682,Fashion,30205.13
C01682,Fuel,8901.630000000001
C01682,Groceries,14947.72
C01682,Healthcare,38337.06
C01682,Online Shopping,33605.95
C01682,Travel,39871.490000000005
C01683,Bills & Utilities,20621.95
C01683,Dining,3006.72
C01683,Electronics,159941.83000000002
C01683,Entertainment,6246.59
C01683,Fashion,32548.9
C01683,Fuel,7392.37
C01683,Groceries,7896.54
C01683,Healthcare,28660.58
C01683,Online Shopping,6350.86
C01683,Travel,81406.76000000001
C01684,Bills & Utilities,13674.99
C01684,Dining,2939.54
C01684,Electronics,190654.22999999998
C01684,Entertainment,4945.98
C01684,Fashion,31874.04
C01684,Fuel,6891.02
C01684,Groceries,11190.279999999999
C01684,Healthcare,29821.26
C01684,Online Shopping,31903.260000000002
C01684,Travel,32293.660000000003
C01685,Bills & Utilities,13007.210000000001
C01685,Dining,3721.6000000000004
C01685,Electronics,129585.95
C01685,Entertainment,1769.76
C01685,Fashion,16507.89
C01685,Fuel,14888.65
C01685,Groceries,7522.87
C01685,Healthcare,52940.149999999994
C01685,Online Shopping,22112.93
C01685,Travel,83231.58
C01686,Bills & Utilities,18875.14
C01686,Dining,3902.1099999999997
C01686,Electronics,245037.12
C01686,Entertainment,5148.88
C01686,Fashion,34523.08
C01686,Fuel,5387.18
C01686,Groceries,2308.0299999999997
C01686,Healthcare,81580.53
C01686,Online Shopping,26814.98
C01686,Travel,54654.759999999995
C01687,Bills & Utilities,12900.07
C01687,Dining,6205.71
C01687,Electronics,53971.1
C01687,Entertainment,3262.63
C01687,Fashion,8626.470000000001
C01687,Fuel,6485.66
C01687,Groceries,4892.4400000000005
C01687,Healthcare,15642.199999999999
C01687,Online Shopping,6137.39
C01688,Bills & Utilities,7730.120000000001
C01688,Dining,2646.71
C01688,Electronics,67599.73
C01688,Entertainment,4234.31
C01688,Fashion,41044.32
C01688,Fuel,6991.490000000001
C01688,Groceries,4335.91
C01688,Healthcare,21499.760000000002
C01688,Online Shopping,27718.800000000003
C01688,Travel,31053.769999999997
C01689,Bills & Utilities,20162.420000000002
C01689,Dining,5265.219999999999
C01689,Electronics,261116.54
C01689,Entertainment,4296.96
C01689,Fashion,37894.81
C01689,Fuel,9476.91
C01689,Groceries,5795.599999999999
C01689,Healthcare,32112.53
C01689,Online Shopping,10674.050000000001
C01689,Travel,54902.270000000004
C01690,Bills & Utilities,19449.63
C01690,Dining,6300.67
C01690,Electronics,118480.47
C01690,Entertainment,4164.26
C01690,Fashion,5699.09
C01690,Fuel,5709.39
C01690,Groceries,5825.68
C01690,Healthcare,31650.98
C01690,Online Shopping,3472.37
C01690,Travel,63150.0
C01691,Bills & Utilities,10528.509999999998
C01691,Dining,6402.790000000001
C01691,Electronics,178535.46000000002
C01691,Entertainment,7003.25
C01691,Fashion,39735.81
C01691,Fuel,6468.54
C01691,Groceries,5066.87
C01691,Healthcare,70364.38
C01691,Online Shopping,24757.52
C01691,Travel,62639.92
C01692,Bills & Utilities,38163.8
C01692,Dining,1895.63
C01692,Electronics,203315.98
C01692,Entertainment,7487.11
C01692,Fashion,4542.97
C01692,Fuel,20950.1
C01692,Groceries,2832.23
C01692,Healthcare,14261.99
C01692,Online Shopping,32546.35
C01692,Travel,58757.6
C01693,Bills & Utilities,11935.869999999999
C01693,Dining,4581.620000000001
C01693,Electronics,100482.2
C01693,Entertainment,6442.75
C01693,Fashion,44030.71
C01693,Fuel,15239.8
C01693,Groceries,5434.4
C01693,Healthcare,47093.17
C01693,Online Shopping,68807.13
C01693,Travel,66860.92
C01694,Bills & Utilities,12275.51
C01694,Dining,4318.42
C01694,Electronics,44964.479999999996
C01694,Entertainment,6179.29
C01694,Fashion,30044.969999999998
C01694,Fuel,12638.51
C01694,Groceries,7431.77
C01694,Healthcare,19233.92
C01694,Online Shopping,67676.01
C01694,Travel,27179.08
C01695,Bills & Utilities,31583.899999999998
C01695,Dining,6925.17
C01695,Electronics,171971.03
C01695,Entertainment,10640.9
C01695,Fashion,63067.64
C01695,Fuel,1510.59
C01695,Groceries,8883.47
C01695,Healthcare,22661.49
C01695,Online Shopping,27322.1
C01695,Travel,123396.07
C01696,Bills & Utilities,5311.51
C01696,Dining,2293.86
C01696,Electronics,38162.01
C01696,Entertainment,5497.73
C01696,Fashion,18189.84
C01696,Fuel,3136.7200000000003
C01696,Groceries,3007.55
C01696,Healthcare,31523.95
C01696,Online Shopping,24110.75
C01696,Travel,59342.490000000005
C01697,Bills & Utilities,2302.4
C01697,Dining,5870.47
C01697,Electronics,128175.88
C01697,Entertainment,2458.5299999999997
C01697,Fashion,13995.96
C01697,Fuel,8389.54
C01697,Groceries,4111.92
C01697,Healthcare,5459.96
C01697,Online Shopping,39209.07
C01697,Travel,73318.7
C01698,Bills & Utilities,23219.7
C01698,Dining,7007.62
C01698,Electronics,321514.67
C01698,Entertainment,3973.21
C01698,Fashion,34946.18
C01698,Fuel,10158.71
C01698,Groceries,7361.62
C01698,Healthcare,34703.16
C01698,Online Shopping,33276.899999999994
C01698,Travel,68823.86
C01699,Bills & Utilities,25596.44
C01699,Dining,2545.75
C01699,Electronics,50341.86
C01699,Entertainment,5454.54
C01699,Fashion,21601.08
C01699,Fuel,3408.96
C01699,Groceries,18652.17
C01699,Healthcare,72233.75
C01699,Online Shopping,33760.07
C01699,Travel,48271.99
C01700,Bills & Utilities,18527.46
C01700,Dining,9626.18
C01700,Electronics,55231.3
C01700,Entertainment,4246.150000000001
C01700,Fashion,51546.1
C01700,Fuel,24006.32
C01700,Groceries,7647.69
C01700,Online Shopping,7918.27
C01700,Travel,60388.03
C01701,Bills & Utilities,12485.31
C01701,Dining,11607.89
C01701,Electronics,163868.08000000002
C01701,Entertainment,9480.599999999999
C01701,Fashion,21031.6
C01701,Groceries,7864.39
C01701,Healthcare,82383.94
C01701,Online Shopping,5601.86
C01701,Travel,92007.39
C01702,Bills & Utilities,9036.09
C01702,Dining,3563.67
C01702,Electronics,62113.719999999994
C01702,Entertainment,7232.7
C01702,Fashion,38327.770000000004
C01702,Fuel,5609.87
C01702,Groceries,8159.26
C01702,Healthcare,26276.68
C01702,Online Shopping,33108.3
C01702,Travel,64957.71000000001
C01703,Bills & Utilities,4285.43
C01703,Dining,901.7
C01703,Electronics,106600.63
C01703,Entertainment,8040.8
C01703,Fashion,12212.439999999999
C01703,Fuel,3357.36
C01703,Groceries,601.13
C01703,Healthcare,30347.730000000003
C01703,Online Shopping,9997.74
C01703,Travel,81689.67000000001
C01704,Bills & Utilities,26832.24
C01704,Dining,2437.29
C01704,Electronics,128230.69
C01704,Entertainment,10771.25
C01704,Fashion,23873.98
C01704,Fuel,9851.46
C01704,Groceries,6350.04
C01704,Healthcare,47101.46
C01704,Online Shopping,23082.670000000002
C01704,Travel,73795.94
C01705,Bills & Utilities,45773.62
C01705,Dining,7942.74
C01705,Electronics,40257.27
C01705,Entertainment,1305.39
C01705,Fashion,18563.33
C01705,Fuel,11634.18
C01705,Groceries,3464.8999999999996
C01705,Online Shopping,49897.14
C01705,Travel,88644.35
C01706,Bills & Utilities,17577.83
C01706,Electronics,136257.32
C01706,Entertainment,1139.32
C01706,Fashion,35459.01
C01706,Fuel,7052.41
C01706,Groceries,7140.839999999999
C01706,Healthcare,12559.47
C01706,Online Shopping,104116.42
C01706,Travel,60200.3
C01707,Bills & Utilities,7007.99
C01707,Dining,9475.93
C01707,Electronics,75492.64000000001
C01707,Entertainment,7167.21
C01707,Fashion,35391.84
C01707,Fuel,8125.360000000001
C01707,Groceries,9411.21
C01707,Healthcare,95938.88
C01707,Online Shopping,50188.46
C01707,Travel,70092.03
C01708,Bills & Utilities,11184.57
C01708,Dining,1200.52
C01708,Entertainment,8495.43
C01708,Fashion,12301.539999999999
C01708,Fuel,19681.94
C01708,Groceries,3279.33
C01708,Healthcare,38446.880000000005
C01708,Online Shopping,22765.35
C01708,Travel,32153.99
C01709,Bills & Utilities,8679.29
C01709,Dining,2288.6499999999996
C01709,Electronics,106292.41
C01709,Entertainment,7400.950000000001
C01709,Fashion,4776.4400000000005
C01709,Fuel,4536.860000000001
C01709,Groceries,6582.73
C01709,Healthcare,62828.42999999999
C01709,Online Shopping,15086.61
C01709,Travel,78476.36
C01710,Bills & Utilities,16280.73
C01710,Dining,3801.29
C01710,Electronics,179621.68
C01710,Entertainment,3485.6800000000003
C01710,Fashion,18882.809999999998
C01710,Fuel,2719.39
C01710,Groceries,7153.12
C01710,Healthcare,44806.68
C01710,Online Shopping,17589.1
C01710,Travel,37449.25
C01711,Bills & Utilities,5119.79
C01711,Dining,6873.04
C01711,Electronics,91501.24
C01711,Entertainment,5192.83
C01711,Fashion,23911.49
C01711,Fuel,11006.43
C01711,Groceries,6469.24
C01711,Healthcare,12166.64
C01711,Online Shopping,74621.76
C01711,Travel,47613.79
C01712,Bills & Utilities,26079.59
C01712,Dining,10160.34
C01712,Electronics,141117.71
C01712,Entertainment,2140.1
C01712,Fashion,80627.93
C01712,Fuel,11246.36
C01712,Groceries,2159.3599999999997
C01712,Healthcare,2541.29
C01712,Online Shopping,39411.6
C01712,Travel,32654.07
C01713,Bills & Utilities,10964.560000000001
C01713,Dining,6485.55
C01713,Electronics,121730.75
C01713,Entertainment,12572.51
C01713,Fashion,56809.39
C01713,Fuel,8739.1
C01713,Healthcare,4120.29
C01713,Online Shopping,52543.21
C01713,Travel,83843.41
C01714,Bills & Utilities,16006.17
C01714,Dining,3294.97
C01714,Electronics,108537.9
C01714,Entertainment,1498.13
C01714,Fashion,13245.48
C01714,Fuel,8541.11
C01714,Groceries,10845.34
C01714,Healthcare,40340.659999999996
C01714,Online Shopping,50350.14
C01714,Travel,81646.9
C01715,Bills & Utilities,6525.83
C01715,Dining,6503.52
C01715,Electronics,139900.52
C01715,Entertainment,3551.56
C01715,Fashion,40104.08
C01715,Fuel,8016.95
C01715,Groceries,1238.1100000000001
C01715,Healthcare,82443.09
C01715,Online Shopping,67359.83
C01715,Travel,34334.59
C01716,Bills & Utilities,4865.83
C01716,Dining,5558.49
C01716,Electronics,77820.59
C01716,Entertainment,10342.62
C01716,Fashion,8208.03
C01716,Fuel,1901.1399999999999
C01716,Groceries,1780.02
C01716,Healthcare,51496.61
C01716,Online Shopping,19994.88
C01716,Travel,45432.350000000006
C01717,Bills & Utilities,10289.39
C01717,Dining,2852.91
C01717,Electronics,78141.70999999999
C01717,Entertainment,1897.6
C01717,Fashion,46316.34
C01717,Fuel,8084.650000000001
C01717,Groceries,7430.44
C01717,Healthcare,31743.83
C01717,Online Shopping,57284.899999999994
C01717,Travel,17082.96
C01718,Bills & Utilities,6178.34
C01718,Dining,932.52
C01718,Electronics,189512.08000000002
C01718,Entertainment,11201.84
C01718,Fashion,10715.460000000001
C01718,Fuel,10338.9
C01718,Groceries,403.51
C01718,Healthcare,51951.58
C01718,Online Shopping,29789.85
C01718,Travel,21861.83
C01719,Bills & Utilities,5150.86
C01719,Dining,3206.41
C01719,Electronics,88696.43
C01719,Entertainment,3934.5299999999997
C01719,Fashion,14652.91
C01719,Fuel,13315.130000000001
C01719,Groceries,17298.43
C01719,Online Shopping,63795.92
C01719,Travel,83647.9
C01720,Bills & Utilities,16569.2
C01720,Dining,3164.17
C01720,Electronics,179463.39
C01720,Entertainment,3917.6099999999997
C01720,Fashion,35840.62
C01720,Fuel,17501.42
C01720,Groceries,9167.0
C01720,Healthcare,58371.799999999996
C01720,Online Shopping,83253.15
C01720,Travel,74109.05
C01721,Bills & Utilities,11555.58
C01721,Dining,3934.2200000000003
C01721,Electronics,85015.22
C01721,Entertainment,5135.92
C01721,Fashion,39086.479999999996
C01721,Fuel,972.95
C01721,Groceries,878.26
C01721,Healthcare,18076.98
C01721,Online Shopping,24732.78
C01721,Travel,15554.5
C01722,Bills & Utilities,8624.98
C01722,Dining,2310.83
C01722,Electronics,43838.41
C01722,Entertainment,4559.02
C01722,Fashion,7373.28
C01722,Fuel,13185.94
C01722,Groceries,3877.87
C01722,Healthcare,61982.33
C01722,Online Shopping,68017.91
C01722,Travel,77414.43
C01723,Bills & Utilities,33674.1
C01723,Dining,6277.18
C01723,Electronics,175166.78
C01723,Entertainment,5495.93
C01723,Fashion,51411.72
C01723,Fuel,16396.63
C01723,Groceries,5747.889999999999
C01723,Healthcare,7383.25
C01723,Online Shopping,33733.14
C01723,Travel,27672.68
C01724,Bills & Utilities,17013.5
C01724,Dining,4892.120000000001
C01724,Electronics,124447.95
C01724,Entertainment,13867.1
C01724,Fuel,13148.1
C01724,Groceries,2231.39
C01724,Healthcare,22750.95
C01724,Online Shopping,28155.129999999997
C01724,Travel,104439.44
C01725,Bills & Utilities,562.79
C01725,Dining,766.7
C01725,Electronics,113384.77
C01725,Entertainment,9866.3
C01725,Fashion,38808.42
C01725,Fuel,10778.52
C01725,Groceries,1841.9
C01725,Healthcare,73609.83
C01725,Online Shopping,35961.68
C01725,Travel,101856.88
C01726,Bills & Utilities,6937.37
C01726,Dining,2003.66
C01726,Electronics,40346.28
C01726,Entertainment,1444.92
C01726,Fashion,53522.78
C01726,Fuel,17760.43
C01726,Groceries,4000.0299999999997
C01726,Healthcare,25354.47
C01726,Online Shopping,31447.85
C01726,Travel,74726.83
C01727,Bills & Utilities,15980.07
C01727,Dining,11854.71
C01727,Electronics,119423.37
C01727,Entertainment,4335.8
C01727,Fashion,14016.239999999998
C01727,Fuel,5612.549999999999
C01727,Groceries,8827.53
C01727,Healthcare,53385.64
C01727,Online Shopping,8790.79
C01727,Travel,135804.15
C01728,Bills & Utilities,30688.33
C01728,Electronics,248292.91
C01728,Entertainment,394.32
C01728,Fashion,8482.71
C01728,Fuel,17772.6
C01728,Groceries,4283.62
C01728,Healthcare,39283.65
C01728,Online Shopping,35326.020000000004
C01728,Travel,28394.9
C01729,Bills & Utilities,11125.82
C01729,Dining,4883.18
C01729,Electronics,75046.59
C01729,Entertainment,12845.099999999999
C01729,Fashion,47982.65
C01729,Fuel,6148.37
C01729,Groceries,684.78
C01729,Healthcare,44582.909999999996
C01729,Online Shopping,66925.79000000001
C01729,Travel,40017.509999999995
C01730,Bills & Utilities,38343.83
C01730,Dining,5055.54
C01730,Electronics,16833.86
C01730,Entertainment,8646.52
C01730,Fashion,39098.46
C01730,Fuel,3356.83
C01730,Groceries,756.71
C01730,Healthcare,19998.16
C01730,Online Shopping,41969.08
C01730,Travel,122065.94
C01731,Bills & Utilities,4604.16
C01731,Dining,4913.4800000000005
C01731,Electronics,132519.33
C01731,Entertainment,12633.27
C01731,Fashion,20432.64
C01731,Fuel,3646.46
C01731,Groceries,4621.15
C01731,Healthcare,26894.04
C01731,Online Shopping,4382.46
C01731,Travel,126303.34
C01732,Bills & Utilities,21365.72
C01732,Dining,2570.2299999999996
C01732,Electronics,16550.46
C01732,Fashion,40657.36
C01732,Fuel,8810.14
C01732,Groceries,7020.08
C01732,Healthcare,57557.56
C01732,Online Shopping,68995.75
C01732,Travel,64796.26
C01733,Bills & Utilities,13575.59
C01733,Dining,4206.76
C01733,Electronics,70167.76999999999
C01733,Entertainment,2177.75
C01733,Fashion,20067.64
C01733,Fuel,14438.29
C01733,Groceries,6739.76
C01733,Healthcare,42904.18
C01733,Online Shopping,28941.6
C01733,Travel,170405.14
C01734,Bills & Utilities,15543.24
C01734,Dining,3306.34
C01734,Electronics,69260.95
C01734,Entertainment,13023.2
C01734,Fashion,34287.95
C01734,Fuel,6925.9
C01734,Groceries,4713.64
C01734,Healthcare,14976.810000000001
C01734,Online Shopping,8658.96
C01734,Travel,86108.1
C01735,Bills & Utilities,11970.46
C01735,Dining,5897.19
C01735,Electronics,191896.62
C01735,Entertainment,10219.52
C01735,Fashion,8457.31
C01735,Fuel,7456.49
C01735,Groceries,11900.1
C01735,Healthcare,7179.47
C01735,Online Shopping,46221.75
C01735,Travel,51086.75
C01736,Bills & Utilities,5955.24
C01736,Dining,5379.2
C01736,Electronics,112634.45999999999
C01736,Entertainment,6662.799999999999
C01736,Fashion,16942.98
C01736,Fuel,10007.609999999999
C01736,Groceries,8455.62
C01736,Healthcare,30831.89
C01736,Online Shopping,42026.200000000004
C01736,Travel,54359.08
C01737,Bills & Utilities,9371.67
C01737,Dining,3470.61
C01737,Electronics,125287.82
C01737,Entertainment,5299.58
C01737,Fashion,29769.68
C01737,Fuel,13477.27
C01737,Groceries,1978.96
C01737,Healthcare,5149.96
C01737,Online Shopping,41109.37
C01737,Travel,137000.91
C01738,Bills & Utilities,17840.489999999998
C01738,Dining,2858.7799999999997
C01738,Electronics,233825.46
C01738,Entertainment,4867.3099999999995
C01738,Fashion,21373.91
C01738,Fuel,10052.39
C01738,Groceries,3993.14
C01738,Healthcare,49532.82
C01738,Online Shopping,36377.3
C01738,Travel,76727.95
C01739,Bills & Utilities,18608.53
C01739,Dining,1103.48
C01739,Electronics,45823.88
C01739,Entertainment,6878.24
C01739,Fashion,5390.79
C01739,Fuel,3849.29
C01739,Groceries,7598.1
C01739,Healthcare,10955.33
C01739,Online Shopping,13158.789999999999
C01739,Travel,69809.27
C01740,Bills & Utilities,15309.29
C01740,Dining,17399.73
C01740,Electronics,65331.55
C01740,Entertainment,12108.22
C01740,Fashion,10769.56
C01740,Fuel,18128.48
C01740,Groceries,6539.41
C01740,Online Shopping,29108.99
C01740,Travel,38380.479999999996
C01741,Bills & Utilities,30562.239999999998
C01741,Dining,4773.860000000001
C01741,Electronics,177628.19
C01741,Entertainment,12406.59
C01741,Fashion,13887.91
C01741,Fuel,5598.65
C01741,Groceries,7938.83
C01741,Healthcare,139697.98
C01741,Online Shopping,12588.95
C01741,Travel,29814.3
C01742,Bills & Utilities,9074.61
C01742,Dining,10727.59
C01742,Electronics,149979.51
C01742,Entertainment,2483.27
C01742,Fashion,1601.73
C01742,Fuel,13244.26
C01742,Groceries,5245.820000000001
C01742,Healthcare,332.71
C01742,Online Shopping,37513.17
C01742,Travel,74162.18
C01743,Bills & Utilities,17049.7
C01743,Dining,4208.96
C01743,Electronics,50275.71000000001
C01743,Entertainment,2348.96
C01743,Fashion,4666.92
C01743,Fuel,8161.08
C01743,Healthcare,43249.380000000005
C01743,Online Shopping,12009.36
C01743,Travel,136412.26
C01744,Bills & Utilities,31364.260000000002
C01744,Dining,4894.51
C01744,Electronics,106132.07
C01744,Entertainment,7270.51
C01744,Fashion,24610.49
C01744,Fuel,595.74
C01744,Groceries,3090.19
C01744,Healthcare,32884.79
C01744,Online Shopping,810.37
C01744,Travel,22542.940000000002
C01745,Bills & Utilities,21148.260000000002
C01745,Dining,6446.25
C01745,Electronics,70120.23000000001
C01745,Entertainment,1780.1599999999999
C01745,Fashion,37080.17
C01745,Fuel,12138.47
C01745,Groceries,6271.79
C01745,Healthcare,91109.37
C01745,Online Shopping,35532.02
C01745,Travel,20325.11
C01746,Bills & Utilities,10586.43
C01746,Dining,8910.16
C01746,Electronics,62529.86
C01746,Entertainment,4615.58
C01746,Fashion,40598.26
C01746,Fuel,705.17
C01746,Groceries,12276.68
C01746,Healthcare,73220.36
C01746,Online Shopping,29182.63
C01746,Travel,51562.08
C01747,Dining,4773.57
C01747,Electronics,189114.58000000002
C01747,Entertainment,6760.52
C01747,Fashion,38390.31
C01747,Fuel,6413.07
C01747,Groceries,4437.77
C01747,Healthcare,41725.18
C01747,Online Shopping,62952.54
C01747,Travel,40249.52
C01748,Bills & Utilities,27021.95
C01748,Dining,2928.1400000000003
C01748,Electronics,68986.17
C01748,Entertainment,3282.43
C01748,Fashion,51881.29
C01748,Fuel,5165.91
C01748,Groceries,3683.5299999999997
C01748,Healthcare,52532.45
C01748,Online Shopping,43018.2
C01748,Travel,182317.75
C01749,Bills & Utilities,22352.05
C01749,Dining,2777.64
C01749,Electronics,80240.92
C01749,Entertainment,6737.6
C01749,Fashion,41494.729999999996
C01749,Fuel,5357.62
C01749,Groceries,17670.89
C01749,Healthcare,72003.36
C01749,Online Shopping,17895.46
C01749,Travel,100167.68
C01750,Bills & Utilities,16997.829999999998
C01750,Dining,2268.25
C01750,Electronics,189891.7
C01750,Entertainment,3102.7799999999997
C01750,Fashion,15151.98
C01750,Fuel,11593.77
C01750,Groceries,7070.22
C01750,Healthcare,31900.86
C01750,Online Shopping,64549.3
C01750,Travel,17579.62
C01751,Bills & Utilities,41344.53
C01751,Electronics,74565.15
C01751,Entertainment,5710.79
C01751,Fashion,24034.37
C01751,Fuel,6377.629999999999
C01751,Groceries,13151.52
C01751,Healthcare,7345.02
C01751,Online Shopping,76088.73000000001
C01751,Travel,60349.6
C01752,Bills & Utilities,12285.33
C01752,Dining,5057.780000000001
C01752,Electronics,148961.22
C01752,Entertainment,1467.6
C01752,Fashion,26684.93
C01752,Fuel,5490.74
C01752,Groceries,9010.72
C01752,Healthcare,17712.350000000002
C01752,Online Shopping,74651.19
C01752,Travel,136767.28
C01753,Bills & Utilities,28903.61
C01753,Dining,9106.880000000001
C01753,Electronics,64742.899999999994
C01753,Entertainment,4711.42
C01753,Fashion,8288.45
C01753,Fuel,9901.69
C01753,Groceries,7615.43
C01753,Healthcare,12157.81
C01753,Online Shopping,15900.87
C01753,Travel,75703.74
C01754,Bills & Utilities,17978.55
C01754,Dining,8190.1
C01754,Electronics,133855.72
C01754,Entertainment,7521.32
C01754,Fashion,19160.260000000002
C01754,Fuel,6240.290000000001
C01754,Groceries,4617.08
C01754,Healthcare,5332.48
C01754,Online Shopping,18449.260000000002
C01754,Travel,85886.23000000001
C01755,Bills & Utilities,8441.08
C01755,Dining,7677.61
C01755,Electronics,91087.55
C01755,Entertainment,2888.9399999999996
C01755,Fuel,4311.65
C01755,Groceries,4945.67
C01755,Healthcare,16177.9
C01755,Online Shopping,60909.01
C01755,Travel,73910.34
C01756,Bills & Utilities,18675.9
C01756,Dining,6210.13
C01756,Electronics,179688.89
C01756,Entertainment,3351.98
C01756,Fashion,12033.73
C01756,Fuel,11157.33
C01756,Groceries,8468.94
C01756,Healthcare,42428.46
C01756,Online Shopping,41668.990000000005
C01756,Travel,48503.59
C01757,Electronics,107845.13
C01757,Entertainment,4588.33
C01757,Fashion,21810.760000000002
C01757,Fuel,12622.47
C01757,Groceries,8322.01
C01757,Healthcare,52948.35
C01757,Travel,55030.689999999995
C01758,Bills & Utilities,20662.4
C01758,Dining,7577.66
C01758,Electronics,37094.15
C01758,Entertainment,6857.54
C01758,Fashion,61047.78
C01758,Fuel,7052.68
C01758,Groceries,1297.2800000000002
C01758,Healthcare,32710.28
C01758,Online Shopping,25556.18
C01758,Travel,30267.15
C01759,Bills & Utilities,11860.699999999999
C01759,Dining,5233.74
C01759,Electronics,42450.07
C01759,Entertainment,2878.82
C01759,Fashion,9307.07
C01759,Fuel,12246.08
C01759,Groceries,1194.27
C01759,Healthcare,48087.45
C01759,Online Shopping,32670.96
C01759,Travel,84049.04999999999
C01760,Bills & Utilities,7680.3
C01760,Dining,7078.77
C01760,Electronics,58031.27
C01760,Entertainment,8836.61
C01760,Fashion,28006.670000000002
C01760,Fuel,1608.26
C01760,Groceries,2154.06
C01760,Healthcare,88294.02
C01760,Online Shopping,36812.52
C01760,Travel,116096.73999999999
C01761,Bills & Utilities,13705.69
C01761,Dining,5404.86
C01761,Electronics,225363.7
C01761,Entertainment,10491.41
C01761,Fashion,17149.760000000002
C01761,Fuel,20388.45
C01761,Groceries,11867.62
C01761,Healthcare,36996.270000000004
C01761,Online Shopping,30429.63
C01761,Travel,112617.98
C01762,Bills & Utilities,22260.43
C01762,Dining,1359.97
C01762,Electronics,194713.79
C01762,Entertainment,5844.299999999999
C01762,Fashion,54331.0
C01762,Fuel,13595.4
C01762,Groceries,11104.62
C01762,Healthcare,21182.54
C01762,Online Shopping,27571.510000000002
C01762,Travel,26995.44
C01763,Bills & Utilities,13035.5
C01763,Dining,2698.8999999999996
C01763,Electronics,85215.05
C01763,Entertainment,2595.02
C01763,Fashion,11349.990000000002
C01763,Fuel,1319.13
C01763,Groceries,4776.9
C01763,Healthcare,17241.06
C01763,Online Shopping,53812.68
C01763,Travel,7398.21
C01764,Bills & Utilities,2556.08
C01764,Dining,3071.51
C01764,Electronics,3058.46
C01764,Entertainment,5714.1
C01764,Fashion,34373.59
C01764,Fuel,2382.5
C01764,Groceries,3246.34
C01764,Healthcare,29014.28
C01764,Online Shopping,30381.08
C01764,Travel,77273.43
C01765,Bills & Utilities,22030.989999999998
C01765,Dining,2298.2
C01765,Electronics,108629.95
C01765,Entertainment,744.62
C01765,Fashion,18749.87
C01765,Fuel,7663.01
C01765,Groceries,2255.42
C01765,Healthcare,35874.51
C01765,Online Shopping,28464.47
C01765,Travel,86628.26
C01766,Bills & Utilities,2543.05
C01766,Dining,6842.32
C01766,Electronics,94509.98
C01766,Entertainment,2930.47
C01766,Fashion,792.71
C01766,Fuel,1043.47
C01766,Groceries,390.46
C01766,Healthcare,44328.08
C01766,Online Shopping,28544.43
C01766,Travel,48924.1
C01767,Bills & Utilities,12556.89
C01767,Dining,5195.16
C01767,Electronics,177454.08
C01767,Entertainment,10739.51
C01767,Fashion,22350.71
C01767,Fuel,3306.85
C01767,Groceries,5607.16
C01767,Healthcare,35145.45
C01767,Online Shopping,24980.15
C01767,Travel,49623.7
C01768,Bills & Utilities,21544.02
C01768,Dining,7285.92
C01768,Electronics,161353.82
C01768,Entertainment,2147.66
C01768,Fashion,17253.16
C01768,Fuel,11535.470000000001
C01768,Groceries,6891.1900000000005
C01768,Healthcare,66846.86
C01768,Online Shopping,24955.98
C01768,Travel,32976.759999999995
C01769,Bills & Utilities,16534.72
C01769,Dining,5794.77
C01769,Electronics,255581.29
C01769,Entertainment,10805.61
C01769,Fashion,14817.53
C01769,Fuel,4017.01
C01769,Groceries,2653.2000000000003
C01769,Healthcare,18912.7
C01769,Online Shopping,40678.42
C01769,Travel,52898.08
C01770,Bills & Utilities,8967.029999999999
C01770,Dining,10591.47
C01770,Electronics,93324.87
C01770,Entertainment,5486.780000000001
C01770,Fashion,13229.119999999999
C01770,Groceries,11163.57
C01770,Healthcare,47397.82
C01770,Travel,224114.08
C01771,Bills & Utilities,5559.67
C01771,Dining,5283.07
C01771,Electronics,74372.17
C01771,Entertainment,5038.57
C01771,Fashion,17677.18
C01771,Fuel,10112.9
C01771,Groceries,5249.64
C01771,Healthcare,59683.76
C01771,Online Shopping,45446.91
C01771,Travel,56437.54
C01772,Dining,4859.54
C01772,Electronics,83003.43000000001
C01772,Entertainment,7203.49
C01772,Fashion,8248.35
C01772,Fuel,10341.21
C01772,Groceries,5523.88
C01772,Healthcare,13938.810000000001
C01772,Online Shopping,26658.1
C01772,Travel,128976.47
C01773,Bills & Utilities,22452.87
C01773,Dining,1881.17
C01773,Electronics,41302.95
C01773,Entertainment,5232.5599999999995
C01773,Fashion,39808.229999999996
C01773,Fuel,2753.65
C01773,Groceries,10470.97
C01773,Healthcare,17990.0
C01773,Online Shopping,61439.740000000005
C01773,Travel,49609.36
C01774,Bills & Utilities,42448.0
C01774,Dining,5425.18
C01774,Electronics,73711.78
C01774,Entertainment,1761.02
C01774,Fuel,9032.05
C01774,Groceries,7390.5
C01774,Healthcare,42239.96
C01774,Online Shopping,37932.35
C01774,Travel,79898.0
C01775,Bills & Utilities,14038.18
C01775,Dining,3712.51
C01775,Electronics,88827.35
C01775,Entertainment,2166.21
C01775,Fashion,31891.0
C01775,Fuel,10864.599999999999
C01775,Groceries,4142.74
C01775,Healthcare,49436.83
C01775,Online Shopping,70567.49
C01775,Travel,73634.63
C01776,Bills & Utilities,8855.85
C01776,Dining,5061.19
C01776,Electronics,148129.4
C01776,Entertainment,6998.87
C01776,Fashion,27479.56
C01776,Fuel,5841.6900000000005
C01776,Groceries,2231.62
C01776,Healthcare,62871.1
C01776,Online Shopping,29612.270000000004
C01776,Travel,63009.43000000001
C01777,Bills & Utilities,12464.2
C01777,Dining,3609.1400000000003
C01777,Electronics,234228.9
C01777,Entertainment,8245.529999999999
C01777,Fashion,26325.64
C01777,Fuel,1772.49
C01777,Groceries,3909.5699999999997
C01777,Healthcare,55109.72
C01777,Online Shopping,6607.389999999999
C01777,Travel,16494.62
C01778,Bills & Utilities,24283.22
C01778,Dining,2707.89
C01778,Electronics,54499.56
C01778,Entertainment,3135.29
C01778,Fashion,19582.09
C01778,Fuel,14396.779999999999
C01778,Groceries,8112.04
C01778,Healthcare,31442.78
C01778,Online Shopping,41475.229999999996
C01778,Travel,91629.39
C01779,Bills & Utilities,16170.720000000001
C01779,Dining,7038.8099999999995
C01779,Electronics,98095.94
C01779,Entertainment,3128.16
C01779,Fashion,5701.46
C01779,Fuel,8890.51
C01779,Groceries,7921.53
C01779,Healthcare,20943.23
C01779,Online Shopping,61583.29
C01779,Travel,98989.35
C01780,Bills & Utilities,4922.21
C01780,Dining,2699.29
C01780,Electronics,74280.98000000001
C01780,Entertainment,5936.58
C01780,Fashion,6421.18
C01780,Fuel,5116.72
C01780,Groceries,3322.65
C01780,Healthcare,26294.55
C01780,Online Shopping,6545.0
C01780,Travel,52741.39
C01781,Bills & Utilities,23519.3
C01781,Dining,6428.5599999999995
C01781,Electronics,51677.08
C01781,Entertainment,7292.0599999999995
C01781,Fashion,28062.809999999998
C01781,Fuel,5810.46
C01781,Groceries,1986.87
C01781,Healthcare,49038.71
C01781,Online Shopping,27503.870000000003
C01781,Travel,105096.82999999999
C01782,Bills & Utilities,8418.32
C01782,Dining,287.41
C01782,Electronics,81509.39
C01782,Entertainment,5672.6900000000005
C01782,Fashion,27699.5
C01782,Fuel,11680.199999999999
C01782,Groceries,6402.849999999999
C01782,Healthcare,47650.47
C01782,Online Shopping,1997.09
C01782,Travel,80800.26
C01783,Bills & Utilities,17051.53
C01783,Dining,4728.1
C01783,Electronics,234817.94
C01783,Entertainment,5667.35
C01783,Fashion,32935.340000000004
C01783,Fuel,12741.11
C01783,Groceries,2385.62
C01783,Healthcare,59768.81
C01783,Online Shopping,38935.42
C01783,Travel,6589.17
C01784,Bills & Utilities,10586.83
C01784,Dining,5816.55
C01784,Electronics,89788.37
C01784,Entertainment,9447.25
C01784,Fashion,22940.21
C01784,Fuel,5517.19
C01784,Groceries,2590.97
C01784,Healthcare,18807.85
C01784,Online Shopping,13001.99
C01784,Travel,79755.84
C01785,Bills & Utilities,9547.76
C01785,Dining,12195.619999999999
C01785,Electronics,167319.77000000002
C01785,Fashion,22533.98
C01785,Fuel,11763.78
C01785,Groceries,8497.71
C01785,Healthcare,3560.2000000000003
C01785,Online Shopping,45519.45
C01785,Travel,74012.91
C01786,Bills & Utilities,4193.57
C01786,Dining,5108.799999999999
C01786,Electronics,10806.95
C01786,Entertainment,7857.3
C01786,Fashion,27526.769999999997
C01786,Fuel,3774.1
C01786,Groceries,2424.24
C01786,Healthcare,10716.35
C01786,Online Shopping,34498.06
C01786,Travel,59764.23
C01787,Bills & Utilities,9655.63
C01787,Dining,4241.87
C01787,Electronics,96105.01
C01787,Entertainment,2542.54
C01787,Fashion,14857.77
C01787,Fuel,12509.52
C01787,Groceries,10338.99
C01787,Healthcare,58142.93
C01787,Online Shopping,27558.28
C01787,Travel,70236.33
C01788,Bills & Utilities,11323.02
C01788,Dining,1404.77
C01788,Electronics,174671.53
C01788,Entertainment,6432.09
C01788,Fashion,14617.65
C01788,Fuel,13242.57
C01788,Groceries,8059.73
C01788,Healthcare,27327.42
C01788,Online Shopping,62497.299999999996
C01788,Travel,21411.6
C01789,Bills & Utilities,9053.550000000001
C01789,Dining,3717.0
C01789,Electronics,46533.799999999996
C01789,Entertainment,11894.76
C01789,Fashion,50397.25
C01789,Fuel,14321.48
C01789,Groceries,1960.73
C01789,Healthcare,46683.36
C01789,Online Shopping,17534.97
C01789,Travel,145971.52
C01790,Bills & Utilities,35535.33
C01790,Dining,8016.379999999999
C01790,Electronics,160569.7
C01790,Entertainment,9422.08
C01790,Fashion,33975.15
C01790,Fuel,15671.02
C01790,Groceries,4481.77
C01790,Healthcare,37953.78
C01790,Online Shopping,4993.49
C01790,Travel,158319.7
C01791,Bills & Utilities,25200.12
C01791,Dining,10063.98
C01791,Electronics,101866.45000000001
C01791,Entertainment,6142.49
C01791,Fashion,35434.990000000005
C01791,Fuel,7686.45
C01791,Groceries,8748.21
C01791,Healthcare,36789.18
C01791,Online Shopping,66499.37
C01791,Travel,53405.06
C01792,Bills & Utilities,22819.15
C01792,Dining,1438.46
C01792,Electronics,194701.6
C01792,Entertainment,3890.68
C01792,Fashion,41272.69
C01792,Groceries,17596.87
C01792,Healthcare,88533.9
C01792,Online Shopping,13259.3
C01792,Travel,80958.88
C01793,Bills & Utilities,5583.49
C01793,Dining,2562.38
C01793,Electronics,186206.02
C01793,Entertainment,7098.7
C01793,Fashion,35272.81
C01793,Fuel,14216.56
C01793,Groceries,6057.15
C01793,Healthcare,31516.11
C01793,Online Shopping,48793.91
C01793,Travel,28882.15
C01794,Bills & Utilities,17137.739999999998
C01794,Dining,3388.95
C01794,Electronics,58407.399999999994
C01794,Entertainment,8634.279999999999
C01794,Fashion,35336.69
C01794,Fuel,3093.37
C01794,Groceries,4434.82
C01794,Healthcare,41232.21
C01794,Online Shopping,27460.3
C01794,Travel,86401.23
C01795,Bills & Utilities,18566.0
C01795,Dining,2373.9
C01795,Electronics,29215.85
C01795,Entertainment,1244.83
C01795,Fashion,29291.37
C01795,Fuel,4339.65
C01795,Groceries,1418.97
C01795,Healthcare,15107.0
C01795,Online Shopping,10610.98
C01795,Travel,109566.3
C01796,Bills & Utilities,12467.54
C01796,Dining,10624.55
C01796,Electronics,147570.99
C01796,Entertainment,3329.29
C01796,Fashion,24208.84
C01796,Groceries,3957.96
C01796,Healthcare,13291.09
C01796,Online Shopping,22093.7
C01796,Travel,133695.49
C01797,Bills & Utilities,26857.71
C01797,Dining,3338.35
C01797,Electronics,220266.94
C01797,Fashion,30815.710000000003
C01797,Fuel,8085.92
C01797,Groceries,5104.48
C01797,Healthcare,9020.21
C01797,Online Shopping,25113.18
C01797,Travel,77957.44
C01798,Bills & Utilities,20902.809999999998
C01798,Dining,2792.42
C01798,Electronics,100317.43
C01798,Entertainment,6560.83
C01798,Fashion,33580.0
C01798,Fuel,3050.74
C01798,Groceries,7899.21
C01798,Healthcare,111316.86
C01798,Online Shopping,40003.11
C01798,Travel,3466.68
C01799,Bills & Utilities,31259.0
C01799,Dining,9060.85
C01799,Electronics,32594.05
C01799,Entertainment,5989.19
C01799,Fashion,54137.67
C01799,Fuel,6518.49
C01799,Groceries,3419.92
C01799,Healthcare,35878.25
C01799,Online Shopping,2546.59
C01799,Travel,47237.64
C01800,Bills & Utilities,11387.93
C01800,Electronics,134607.12
C01800,Entertainment,7513.02
C01800,Fashion,31685.89
C01800,Fuel,7265.76
C01800,Groceries,1900.65
C01800,Healthcare,51302.9
C01800,Online Shopping,18708.35
C01800,Travel,67309.68
C01801,Bills & Utilities,28950.2
C01801,Dining,2154.22
C01801,Electronics,73806.79000000001
C01801,Entertainment,8836.57
C01801,Fashion,8180.21
C01801,Fuel,12323.58
C01801,Groceries,1466.25
C01801,Healthcare,10711.61
C01801,Online Shopping,14775.75
C01801,Travel,45790.69
C01802,Bills & Utilities,16128.46
C01802,Dining,6122.9400000000005
C01802,Electronics,114067.69
C01802,Entertainment,6202.76
C01802,Fashion,4993.18
C01802,Fuel,11032.32
C01802,Groceries,2932.6499999999996
C01802,Healthcare,25662.83
C01802,Online Shopping,44108.87
C01802,Travel,41486.41
C01803,Bills & Utilities,3417.96
C01803,Dining,808.45
C01803,Electronics,87455.77
C01803,Entertainment,6927.35
C01803,Fashion,35206.86
C01803,Groceries,4463.6900000000005
C01803,Healthcare,65042.479999999996
C01803,Online Shopping,24765.36
C01803,Travel,128916.74
C01804,Bills & Utilities,2428.67
C01804,Dining,8478.37
C01804,Electronics,144830.65
C01804,Entertainment,3922.5299999999997
C01804,Fashion,52047.92
C01804,Fuel,2818.6499999999996
C01804,Groceries,7075.75
C01804,Healthcare,37506.62
C01804,Online Shopping,44960.11
C01804,Travel,136792.46000000002
C01805,Bills & Utilities,8531.029999999999
C01805,Dining,4368.55
C01805,Electronics,68563.95
C01805,Entertainment,9933.27
C01805,Fashion,18325.62
C01805,Fuel,6381.25
C01805,Groceries,9986.04
C01805,Healthcare,35641.29
C01805,Online Shopping,40569.27
C01805,Travel,89281.85
C01806,Bills & Utilities,7643.09
C01806,Dining,4202.89
C01806,Electronics,130256.04999999999
C01806,Entertainment,2697.7
C01806,Fashion,13767.27
C01806,Fuel,12085.92
C01806,Groceries,6459.07
C01806,Healthcare,31667.03
C01806,Online Shopping,40863.36
C01806,Travel,9570.05
C01807,Bills & Utilities,8149.65
C01807,Dining,3437.63
C01807,Electronics,79314.04000000001
C01807,Entertainment,7753.77
C01807,Fashion,6180.94
C01807,Fuel,16159.59
C01807,Groceries,6516.6
C01807,Healthcare,50576.520000000004
C01807,Online Shopping,53376.17
C01807,Travel,43270.869999999995
C01808,Bills & Utilities,23877.31
C01808,Dining,7618.13
C01808,Electronics,46509.13
C01808,Entertainment,2705.9300000000003
C01808,Fashion,42303.990000000005
C01808,Fuel,6206.66
C01808,Groceries,5415.639999999999
C01808,Healthcare,3273.44
C01808,Online Shopping,23635.0
C01808,Travel,63316.56
C01809,Bills & Utilities,18994.97
C01809,Dining,3803.75
C01809,Electronics,111467.8
C01809,Fashion,20637.94
C01809,Fuel,11073.279999999999
C01809,Groceries,4963.27
C01809,Healthcare,69736.06999999999
C01809,Online Shopping,62118.25
C01809,Travel,128479.20999999999
C01810,Bills & Utilities,12421.77
C01810,Dining,5367.71
C01810,Electronics,159032.68
C01810,Fashion,37366.82
C01810,Fuel,3997.2700000000004
C01810,Groceries,4002.71
C01810,Healthcare,47664.28
C01810,Online Shopping,33847.88
C01810,Travel,32645.440000000002
C01811,Bills & Utilities,11214.130000000001
C01811,Dining,4989.78
C01811,Electronics,25996.72
C01811,Entertainment,2249.21
C01811,Fashion,51884.8
C01811,Fuel,15747.25
C01811,Groceries,3598.38
C01811,Healthcare,9534.31
C01811,Online Shopping,38678.98
C01811,Travel,20519.61
C01812,Bills & Utilities,19898.47
C01812,Dining,7368.110000000001
C01812,Electronics,26473.34
C01812,Entertainment,15552.5
C01812,Fashion,22297.42
C01812,Fuel,10219.4
C01812,Groceries,5968.43
C01812,Healthcare,48454.74
C01812,Online Shopping,82413.64
C01812,Travel,24401.66
C01813,Bills & Utilities,19794.33
C01813,Dining,2242.5299999999997
C01813,Electronics,96012.4
C01813,Entertainment,8827.65
C01813,Fashion,14519.060000000001
C01813,Fuel,7919.459999999999
C01813,Groceries,12691.38
C01813,Healthcare,16829.69
C01813,Travel,53871.53999999999
C01814,Bills & Utilities,25929.27
C01814,Dining,4446.7300000000005
C01814,Electronics,145647.42
C01814,Entertainment,1836.54
C01814,Fashion,25576.62
C01814,Fuel,11362.19
C01814,Groceries,8167.63
C01814,Healthcare,15809.21
C01814,Online Shopping,16381.619999999999
C01814,Travel,76676.23999999999
C01815,Bills & Utilities,12106.619999999999
C01815,Dining,906.95
C01815,Electronics,24823.78
C01815,Fashion,43800.54
C01815,Fuel,4179.38
C01815,Groceries,5481.88
C01815,Healthcare,30843.11
C01815,Online Shopping,47409.770000000004
C01815,Travel,31705.21
C01816,Bills & Utilities,13060.34
C01816,Dining,5027.95
C01816,Electronics,176887.58
C01816,Entertainment,4547.21
C01816,Fashion,26922.86
C01816,Fuel,1069.39
C01816,Groceries,2983.73
C01816,Healthcare,49869.25
C01816,Online Shopping,63400.19
C01816,Travel,27475.910000000003
C01817,Bills & Utilities,346.24
C01817,Dining,5765.98
C01817,Electronics,145620.63999999998
C01817,Entertainment,1459.16
C01817,Fashion,41356.729999999996
C01817,Fuel,6240.3099999999995
C01817,Groceries,7046.01
C01817,Healthcare,57076.11
C01817,Online Shopping,2349.27
C01817,Travel,57894.759999999995
C01818,Bills & Utilities,13715.29
C01818,Dining,5981.219999999999
C01818,Electronics,68666.25
C01818,Entertainment,5133.99
C01818,Fashion,42902.94
C01818,Fuel,16330.61
C01818,Groceries,2644.63
C01818,Healthcare,23266.48
C01818,Online Shopping,33705.62
C01818,Travel,27123.04
C01819,Bills & Utilities,32286.81
C01819,Dining,3085.33
C01819,Electronics,11704.47
C01819,Entertainment,10189.25
C01819,Fashion,14838.900000000001
C01819,Fuel,4484.9
C01819,Groceries,12925.72
C01819,Healthcare,38598.229999999996
C01819,Online Shopping,14239.75
C01819,Travel,26593.14
C01820,Bills & Utilities,21453.68
C01820,Dining,4456.26
C01820,Electronics,102695.20999999999
C01820,Entertainment,4928.610000000001
C01820,Fashion,35598.8
C01820,Fuel,10191.0
C01820,Groceries,1891.66
C01820,Healthcare,17080.06
C01820,Online Shopping,25711.9
C01820,Travel,116003.57
C01821,Bills & Utilities,3215.45
C01821,Dining,5765.02
C01821,Electronics,32402.94
C01821,Entertainment,4934.4
C01821,Fashion,11991.32
C01821,Fuel,10513.789999999999
C01821,Groceries,7050.8099999999995
C01821,Healthcare,39598.37
C01821,Online Shopping,32913.48
C01821,Travel,34568.48
C01822,Bills & Utilities,23310.93
C01822,Dining,6589.1
C01822,Electronics,179846.15
C01822,Entertainment,7184.68
C01822,Fashion,30958.33
C01822,Fuel,15450.93
C01822,Groceries,6475.139999999999
C01822,Healthcare,84342.65
C01822,Online Shopping,19750.54
C01822,Travel,50517.979999999996
C01823,Bills & Utilities,18549.120000000003
C01823,Dining,3613.21
C01823,Electronics,156733.77000000002
C01823,Entertainment,7699.71
C01823,Fashion,34852.72
C01823,Fuel,3382.44
C01823,Groceries,10148.98
C01823,Healthcare,17962.09
C01823,Online Shopping,18854.7
C01824,Bills & Utilities,11272.66
C01824,Dining,2886.64
C01824,Electronics,136500.47
C01824,Entertainment,2871.79
C01824,Fashion,15462.29
C01824,Fuel,12997.49
C01824,Groceries,5213.52
C01824,Healthcare,46768.85
C01824,Online Shopping,62552.270000000004
C01824,Travel,73733.09
C01825,Bills & Utilities,40103.21
C01825,Dining,4796.12
C01825,Electronics,169989.98
C01825,Entertainment,1359.65
C01825,Fashion,34011.17
C01825,Fuel,1812.94
C01825,Groceries,4930.65
C01825,Healthcare,20832.7
C01825,Online Shopping,14085.73
C01825,Travel,38739.35
C01826,Bills & Utilities,28577.120000000003
C01826,Dining,4512.83
C01826,Electronics,142868.19
C01826,Entertainment,5025.54
C01826,Fashion,27498.44
C01826,Fuel,14912.29
C01826,Groceries,8924.7
C01826,Healthcare,20896.449999999997
C01826,Online Shopping,50234.729999999996
C01826,Travel,104579.42
C01827,Bills & Utilities,14792.800000000001
C01827,Dining,7893.12
C01827,Electronics,208619.73
C01827,Entertainment,10346.39
C01827,Fuel,10782.21
C01827,Groceries,2080.38
C01827,Healthcare,71749.66
C01827,Online Shopping,33770.76
C01827,Travel,122528.51000000001
C01828,Bills & Utilities,9371.93
C01828,Dining,4516.400000000001
C01828,Electronics,123987.81
C01828,Entertainment,6506.139999999999
C01828,Fashion,39177.380000000005
C01828,Fuel,7137.76
C01828,Groceries,7621.57
C01828,Healthcare,41144.7
C01828,Online Shopping,30360.31
C01828,Travel,14705.63
C01829,Bills & Utilities,25319.550000000003
C01829,Dining,6246.0199999999995
C01829,Electronics,50444.56
C01829,Entertainment,4793.969999999999
C01829,Fashion,49550.700000000004
C01829,Fuel,6122.950000000001
C01829,Groceries,5913.43
C01829,Healthcare,12711.67
C01829,Online Shopping,78453.9
C01829,Travel,20321.98
C01830,Bills & Utilities,5280.16
C01830,Dining,5368.93
C01830,Electronics,183112.39
C01830,Entertainment,5707.849999999999
C01830,Fashion,57597.45
C01830,Fuel,5070.75
C01830,Groceries,5710.26
C01830,Healthcare,69939.39
C01830,Online Shopping,50024.0
C01830,Travel,103916.21
C01831,Bills & Utilities,11463.08
C01831,Dining,1873.05
C01831,Electronics,15786.93
C01831,Entertainment,5175.84
C01831,Fashion,48485.68
C01831,Fuel,7487.45
C01831,Groceries,3262.7
C01831,Healthcare,30261.96
C01831,Online Shopping,17622.879999999997
C01831,Travel,176259.82
C01832,Bills & Utilities,15488.720000000001
C01832,Dining,5324.1
C01832,Electronics,91759.18
C01832,Entertainment,1633.1999999999998
C01832,Fashion,57604.87
C01832,Fuel,3804.98
C01832,Groceries,7868.49
C01832,Healthcare,25553.739999999998
C01832,Online Shopping,65122.36
C01832,Travel,168670.08
C01833,Bills & Utilities,15192.77
C01833,Dining,2588.3
C01833,Electronics,161168.33
C01833,Entertainment,17435.9
C01833,Fashion,14864.69
C01833,Fuel,5499.469999999999
C01833,Groceries,2263.25
C01833,Healthcare,713.9
C01833,Online Shopping,19446.21
C01833,Travel,77387.0
C01834,Bills & Utilities,5356.22
C01834,Dining,2104.93
C01834,Electronics,198105.0
C01834,Entertainment,5870.04
C01834,Fashion,50456.71
C01834,Fuel,10295.2
C01834,Groceries,7223.46
C01834,Healthcare,43682.509999999995
C01834,Online Shopping,35604.15
C01834,Travel,49812.41
C01835,Bills & Utilities,8933.64
C01835,Dining,10340.55
C01835,Entertainment,4600.18
C01835,Fashion,33480.8
C01835,Fuel,3505.69
C01835,Groceries,9487.619999999999
C01835,Healthcare,31223.82
C01835,Online Shopping,19313.379999999997
C01835,Travel,116403.61
C01836,Bills & Utilities,37210.48
C01836,Dining,6990.05
C01836,Electronics,90169.19
C01836,Entertainment,2764.55
C01836,Fashion,14561.91
C01836,Healthcare,48421.62
C01836,Online Shopping,31933.71
C01836,Travel,68181.93
C01837,Bills & Utilities,32857.05
C01837,Dining,3111.09
C01837,Electronics,25020.399999999998
C01837,Entertainment,1482.25
C01837,Fashion,30531.190000000002
C01837,Fuel,12663.4
C01837,Groceries,5008.42
C01837,Healthcare,5604.45
C01837,Online Shopping,22689.59
C01837,Travel,38072.65
C01838,Bills & Utilities,1618.8
C01838,Dining,2972.37
C01838,Electronics,73324.24
C01838,Entertainment,1887.85
C01838,Fashion,7232.6
C01838,Fuel,18930.09
C01838,Groceries,5702.73
C01838,Healthcare,48293.57
C01838,Online Shopping,23452.31
C01838,Travel,49845.740000000005
C01839,Bills & Utilities,10253.16
C01839,Dining,3038.75
C01839,Electronics,209428.88
C01839,Entertainment,3495.39
C01839,Fashion,56568.17
C01839,Fuel,8530.08
C01839,Groceries,6330.74
C01839,Healthcare,53895.25
C01839,Online Shopping,37610.48
C01839,Travel,54931.17
C01840,Bills & Utilities,3582.09
C01840,Dining,3808.79
C01840,Electronics,144581.22
C01840,Entertainment,8924.01
C01840,Fashion,48713.17
C01840,Fuel,12218.47
C01840,Groceries,2261.59
C01840,Healthcare,26125.25
C01840,Online Shopping,15330.07
C01840,Travel,44976.84
C01841,Bills & Utilities,9506.86
C01841,Dining,947.3
C01841,Electronics,94134.45
C01841,Entertainment,2468.59
C01841,Fashion,10869.720000000001
C01841,Fuel,9832.33
C01841,Groceries,2978.2200000000003
C01841,Healthcare,45091.8
C01841,Online Shopping,25066.699999999997
C01841,Travel,33107.55
C01842,Bills & Utilities,10013.0
C01842,Dining,1552.53
C01842,Electronics,68593.43
C01842,Entertainment,593.99
C01842,Fuel,9949.23
C01842,Groceries,3396.2200000000003
C01842,Healthcare,57553.62
C01842,Online Shopping,16296.99
C01842,Travel,74476.5
C01843,Bills & Utilities,18560.76
C01843,Dining,3938.31
C01843,Electronics,82780.38
C01843,Entertainment,637.86
C01843,Fashion,66006.58
C01843,Fuel,2761.73
C01843,Groceries,12859.67
C01843,Healthcare,53480.81
C01843,Online Shopping,9430.68
C01843,Travel,57115.090000000004
C01844,Bills & Utilities,7474.96
C01844,Dining,2165.18
C01844,Electronics,286670.78
C01844,Entertainment,4159.2
C01844,Fashion,32840.36
C01844,Fuel,5546.49
C01844,Groceries,9289.6
C01844,Healthcare,10840.62
C01844,Online Shopping,84031.18000000001
C01845,Bills & Utilities,21906.64
C01845,Dining,1962.63
C01845,Electronics,122355.06
C01845,Fashion,54037.850000000006
C01845,Fuel,9829.01
C01845,Groceries,4824.629999999999
C01845,Healthcare,34099.25
C01845,Online Shopping,46308.79
C01845,Travel,124505.73999999999
C01846,Bills & Utilities,9171.19
C01846,Dining,16356.23
C01846,Electronics,70774.12
C01846,Entertainment,4686.03
C01846,Fashion,53259.59
C01846,Fuel,7985.59
C01846,Groceries,8603.68
C01846,Healthcare,6420.88
C01846,Online Shopping,1877.38
C01846,Travel,119012.23000000001
C01847,Bills & Utilities,36856.229999999996
C01847,Dining,7050.889999999999
C01847,Electronics,94518.3
C01847,Entertainment,5492.37
C01847,Fashion,54471.49
C01847,Fuel,10268.98
C01847,Groceries,10242.26
C01847,Healthcare,14288.33
C01847,Online Shopping,47282.21
C01847,Travel,23345.97
C01848,Bills & Utilities,7903.24
C01848,Dining,1320.44
C01848,Electronics,115090.26000000001
C01848,Entertainment,5281.01
C01848,Fashion,16251.880000000001
C01848,Fuel,1219.5
C01848,Groceries,8459.12
C01848,Healthcare,29507.309999999998
C01848,Online Shopping,19608.84
C01848,Travel,115249.11
C01849,Bills & Utilities,758.01
C01849,Dining,3036.6
C01849,Electronics,121273.11
C01849,Entertainment,1610.5300000000002
C01849,Fashion,8739.55
C01849,Fuel,7215.8
C01849,Groceries,3085.65
C01849,Healthcare,12114.43
C01849,Online Shopping,53785.59
C01849,Travel,49197.69
C01850,Bills & Utilities,18510.3
C01850,Dining,5824.71
C01850,Electronics,188367.1
C01850,Entertainment,11823.050000000001
C01850,Fashion,109458.75
C01850,Fuel,3385.27
C01850,Groceries,6234.56
C01850,Healthcare,76060.42
C01850,Online Shopping,15570.06
C01850,Travel,46700.55
C01851,Bills & Utilities,7916.93
C01851,Dining,4361.139999999999
C01851,Electronics,137917.24
C01851,Entertainment,5022.49
C01851,Fashion,8778.39
C01851,Fuel,8600.27
C01851,Groceries,6514.74
C01851,Healthcare,61572.36
C01851,Online Shopping,50685.0
C01851,Travel,157657.29
C01852,Bills & Utilities,19871.66
C01852,Dining,791.5
C01852,Electronics,185160.82
C01852,Entertainment,6746.46
C01852,Fashion,37564.29
C01852,Fuel,8260.75
C01852,Groceries,7017.63
C01852,Healthcare,41439.37
C01852,Online Shopping,44332.64
C01852,Travel,53114.43000000001
C01853,Bills & Utilities,36125.83
C01853,Dining,9888.32
C01853,Electronics,122454.42
C01853,Entertainment,7547.49
C01853,Fashion,33828.8
C01853,Fuel,6772.639999999999
C01853,Groceries,11072.74
C01853,Healthcare,3526.04
C01853,Online Shopping,54911.50000000001
C01853,Travel,108079.01999999999
C01854,Bills & Utilities,7299.59
C01854,Dining,2837.88
C01854,Electronics,94908.82
C01854,Entertainment,10165.11
C01854,Fashion,35269.07
C01854,Fuel,7382.889999999999
C01854,Groceries,8583.939999999999
C01854,Healthcare,44061.78
C01854,Online Shopping,15054.67
C01854,Travel,86659.03
C01855,Bills & Utilities,1723.19
C01855,Dining,2442.51
C01855,Electronics,115555.12
C01855,Entertainment,8686.57
C01855,Fashion,20697.71
C01855,Fuel,1843.42
C01855,Groceries,3929.65
C01855,Online Shopping,3786.81
C01855,Travel,54222.62
C01856,Bills & Utilities,30126.63
C01856,Dining,7196.63
C01856,Electronics,137943.53
C01856,Entertainment,4499.94
C01856,Fashion,12495.41
C01856,Fuel,2540.51
C01856,Groceries,8313.73
C01856,Healthcare,40182.04
C01856,Online Shopping,34168.15
C01856,Travel,128612.47
C01857,Bills & Utilities,12668.099999999999
C01857,Dining,1710.78
C01857,Electronics,88231.28
C01857,Entertainment,9638.24
C01857,Fashion,53747.67
C01857,Fuel,7555.62
C01857,Groceries,7815.23
C01857,Healthcare,31042.84
C01857,Online Shopping,15516.0
C01857,Travel,119695.28
C01858,Bills & Utilities,24106.81
C01858,Dining,5604.2699999999995
C01858,Entertainment,10279.83
C01858,Fashion,51915.32
C01858,Fuel,17162.47
C01858,Groceries,8772.970000000001
C01858,Healthcare,11130.85
C01858,Travel,74374.39
C01859,Bills & Utilities,2274.16
C01859,Dining,793.82
C01859,Electronics,141513.14
C01859,Entertainment,1811.82
C01859,Fashion,25138.2
C01859,Fuel,15174.85
C01859,Groceries,11823.64
C01859,Healthcare,16786.87
C01859,Online Shopping,10209.63
C01859,Travel,75415.94
C01860,Bills & Utilities,25932.94
C01860,Dining,4350.42
C01860,Electronics,24172.95
C01860,Entertainment,3032.63
C01860,Fashion,12684.61
C01860,Fuel,7976.38
C01860,Groceries,3909.1099999999997
C01860,Healthcare,13722.28
C01860,Online Shopping,37494.36
C01860,Travel,96665.68
C01861,Bills & Utilities,26646.89
C01861,Dining,3797.09
C01861,Electronics,71277.61
C01861,Entertainment,315.97
C01861,Fashion,21195.58
C01861,Fuel,11211.32
C01861,Groceries,9464.1
C01861,Healthcare,19594.04
C01861,Online Shopping,18611.8
C01861,Travel,67499.46
C01862,Bills & Utilities,15245.45
C01862,Dining,5166.97
C01862,Electronics,167365.96
C01862,Entertainment,3182.09
C01862,Fashion,24239.06
C01862,Fuel,9572.79
C01862,Groceries,1278.78
C01862,Healthcare,7739.91
C01862,Online Shopping,18394.11
C01862,Travel,93022.8
C01863,Bills & Utilities,13674.57
C01863,Dining,7235.39
C01863,Electronics,229088.22
C01863,Entertainment,3466.05
C01863,Fashion,31287.399999999998
C01863,Fuel,3136.27
C01863,Groceries,3729.42
C01863,Healthcare,13525.6
C01863,Online Shopping,31139.979999999996
C01863,Travel,29960.61
C01864,Bills & Utilities,9277.42
C01864,Dining,5217.639999999999
C01864,Electronics,55686.04
C01864,Entertainment,5497.97
C01864,Fashion,15131.7
C01864,Fuel,14319.82
C01864,Groceries,8108.26
C01864,Healthcare,33567.82
C01864,Online Shopping,51220.74
C01864,Travel,9215.15
C01865,Bills & Utilities,20371.28
C01865,Dining,2763.66
C01865,Electronics,122810.20999999999
C01865,Entertainment,479.15
C01865,Fashion,24326.14
C01865,Fuel,7975.18
C01865,Groceries,5229.34
C01865,Healthcare,37900.45
C01865,Online Shopping,39659.64
C01865,Travel,103867.15
C01866,Bills & Utilities,18256.56
C01866,Dining,5430.67
C01866,Electronics,110766.44
C01866,Entertainment,1799.81
C01866,Fashion,46356.3
C01866,Fuel,18823.46
C01866,Groceries,6351.43
C01866,Healthcare,44218.2
C01866,Online Shopping,41688.229999999996
C01866,Travel,174675.75
C01867,Bills & Utilities,8986.99
C01867,Dining,8239.99
C01867,Electronics,80661.58
C01867,Entertainment,5681.06
C01867,Fashion,19831.35
C01867,Fuel,568.66
C01867,Groceries,2435.13
C01867,Online Shopping,27728.77
C01867,Travel,55319.28
C01868,Bills & Utilities,9964.19
C01868,Dining,7724.01
C01868,Electronics,65166.44
C01868,Entertainment,1746.37
C01868,Fashion,41911.28
C01868,Fuel,5146.43
C01868,Groceries,13187.96
C01868,Healthcare,33151.14
C01868,Online Shopping,49071.82
C01868,Travel,59432.590000000004
C01869,Bills & Utilities,23385.2
C01869,Dining,5237.76
C01869,Electronics,189952.94
C01869,Entertainment,8281.09
C01869,Fashion,48423.0
C01869,Fuel,13126.220000000001
C01869,Healthcare,53498.91
C01869,Online Shopping,38337.55
C01869,Travel,104478.11
C01870,Bills & Utilities,14575.09
C01870,Dining,2045.8
C01870,Electronics,122435.95000000001
C01870,Entertainment,3131.51
C01870,Fashion,10420.01
C01870,Fuel,12290.61
C01870,Groceries,9116.21
C01870,Healthcare,36793.32
C01870,Online Shopping,2798.1
C01871,Bills & Utilities,15482.85
C01871,Dining,1741.9299999999998
C01871,Electronics,186117.2
C01871,Entertainment,5328.4800000000005
C01871,Fashion,18248.27
C01871,Fuel,8380.880000000001
C01871,Groceries,6379.54
C01871,Healthcare,50017.4
C01871,Online Shopping,24311.64
C01871,Travel,70771.25
C01872,Bills & Utilities,14407.14
C01872,Dining,5027.9
C01872,Electronics,130875.35
C01872,Fashion,30532.06
C01872,Fuel,15331.43
C01872,Groceries,968.98
C01872,Healthcare,40702.8
C01872,Online Shopping,14827.41
C01872,Travel,4314.34
C01873,Bills & Utilities,5074.969999999999
C01873,Dining,3633.7000000000003
C01873,Electronics,259870.82
C01873,Entertainment,7775.450000000001
C01873,Fashion,36646.45
C01873,Fuel,2056.29
C01873,Groceries,8203.369999999999
C01873,Healthcare,52411.04
C01873,Online Shopping,59191.24
C01873,Travel,59518.88
C01874,Bills & Utilities,11203.4
C01874,Dining,1946.82
C01874,Electronics,100992.70000000001
C01874,Entertainment,13637.74
C01874,Fashion,32020.629999999997
C01874,Fuel,4769.25
C01874,Groceries,9150.18
C01874,Healthcare,23643.44
C01874,Travel,53684.090000000004
C01875,Bills & Utilities,16530.6
C01875,Dining,7623.17
C01875,Electronics,133816.26
C01875,Entertainment,2418.0299999999997
C01875,Fashion,16646.95
C01875,Groceries,7226.780000000001
C01875,Healthcare,44559.54
C01875,Online Shopping,30674.04
C01875,Travel,35497.07
C01876,Bills & Utilities,19000.58
C01876,Dining,2172.0
C01876,Electronics,184619.69
C01876,Fashion,32593.94
C01876,Fuel,20014.79
C01876,Groceries,4683.65
C01876,Healthcare,43461.05
C01876,Online Shopping,15278.27
C01876,Travel,73308.98
C01877,Bills & Utilities,31555.1
C01877,Dining,8508.82
C01877,Electronics,129061.70999999999
C01877,Entertainment,2879.5299999999997
C01877,Fashion,20540.77
C01877,Fuel,15538.93
C01877,Groceries,11894.77
C01877,Healthcare,8104.45
C01877,Online Shopping,34113.03
C01877,Travel,56090.72
C01878,Bills & Utilities,4796.0599999999995
C01878,Dining,946.48
C01878,Electronics,17468.63
C01878,Entertainment,8436.4
C01878,Fashion,16220.41
C01878,Fuel,5806.53
C01878,Groceries,4248.11
C01878,Healthcare,29428.92
C01878,Online Shopping,37818.82
C01878,Travel,114792.4
C01879,Bills & Utilities,8675.39
C01879,Dining,11070.77
C01879,Electronics,44555.44
C01879,Entertainment,2956.33
C01879,Fashion,60926.42
C01879,Fuel,13484.06
C01879,Groceries,4826.6900000000005
C01879,Healthcare,55498.36
C01879,Online Shopping,19967.22
C01879,Travel,67524.03
C01880,Bills & Utilities,10952.01
C01880,Dining,5638.23
C01880,Electronics,34023.9
C01880,Entertainment,5643.54
C01880,Fashion,35983.39
C01880,Fuel,13785.17
C01880,Groceries,3184.1400000000003
C01880,Healthcare,57400.9
C01880,Online Shopping,32402.47
C01880,Travel,32911.57
C01881,Bills & Utilities,1530.49
C01881,Dining,2546.37
C01881,Electronics,103191.0
C01881,Entertainment,6753.22
C01881,Fashion,31951.09
C01881,Fuel,3520.96
C01881,Groceries,7632.799999999999
C01881,Healthcare,90657.95
C01881,Online Shopping,33389.94
C01881,Travel,58105.630000000005
C01882,Bills & Utilities,4844.89
C01882,Dining,5047.860000000001
C01882,Electronics,203141.21
C01882,Entertainment,7509.03
C01882,Fashion,19629.04
C01882,Fuel,3794.77
C01882,Groceries,759.19
C01882,Healthcare,27101.010000000002
C01882,Online Shopping,28534.58
C01882,Travel,146322.65
C01883,Bills & Utilities,34723.82
C01883,Dining,5931.55
C01883,Electronics,164152.26
C01883,Entertainment,9087.99
C01883,Fashion,11476.640000000001
C01883,Fuel,2156.21
C01883,Groceries,7016.58
C01883,Online Shopping,9795.84
C01883,Travel,61842.09
C01884,Bills & Utilities,2500.12
C01884,Dining,2160.3
C01884,Electronics,109120.26
C01884,Entertainment,8291.82
C01884,Fashion,34318.96
C01884,Fuel,15947.25
C01884,Groceries,2377.95
C01884,Healthcare,13743.44
C01884,Online Shopping,36815.11
C01884,Travel,113204.43
C01885,Bills & Utilities,19674.03
C01885,Dining,5600.35
C01885,Electronics,137679.47
C01885,Entertainment,4139.12
C01885,Fashion,20384.71
C01885,Groceries,12795.17
C01885,Healthcare,32652.77
C01885,Online Shopping,87383.58
C01885,Travel,105773.34
C01886,Bills & Utilities,27493.11
C01886,Dining,2203.88
C01886,Electronics,248162.27000000002
C01886,Entertainment,10879.710000000001
C01886,Fuel,10645.51
C01886,Groceries,5043.639999999999
C01886,Healthcare,46311.28
C01886,Online Shopping,41015.979999999996
C01886,Travel,39763.31
C01887,Bills & Utilities,14767.5
C01887,Dining,5417.15
C01887,Electronics,58467.63
C01887,Entertainment,6281.93
C01887,Fashion,41395.1
C01887,Fuel,11887.18
C01887,Groceries,1949.1499999999999
C01887,Healthcare,34840.31
C01887,Online Shopping,41685.11
C01887,Travel,43499.14
C01888,Bills & Utilities,27239.62
C01888,Dining,4002.87
C01888,Electronics,64225.0
C01888,Entertainment,6088.85
C01888,Fuel,5727.94
C01888,Groceries,4350.93
C01888,Healthcare,72898.37
C01888,Online Shopping,44518.96
C01888,Travel,25768.309999999998
C01889,Bills & Utilities,18990.35
C01889,Dining,2460.08
C01889,Electronics,32335.839999999997
C01889,Entertainment,7075.7
C01889,Fashion,27532.75
C01889,Fuel,7921.57
C01889,Groceries,4145.13
C01889,Healthcare,15835.8
C01889,Online Shopping,54047.649999999994
C01889,Travel,29651.91
C01890,Bills & Utilities,6999.6
C01890,Dining,6564.82
C01890,Electronics,180920.03
C01890,Fashion,13330.740000000002
C01890,Fuel,5051.99
C01890,Groceries,16384.74
C01890,Healthcare,99019.25
C01890,Online Shopping,17419.48
C01890,Travel,93201.55
C01891,Bills & Utilities,16245.490000000002
C01891,Dining,3713.44
C01891,Electronics,158457.83
C01891,Fashion,21203.14
C01891,Fuel,6446.82
C01891,Groceries,4414.22
C01891,Healthcare,34236.19
C01891,Online Shopping,17660.54
C01892,Bills & Utilities,8583.62
C01892,Dining,3703.3199999999997
C01892,Electronics,12218.04
C01892,Entertainment,3586.7
C01892,Fashion,23804.51
C01892,Fuel,5941.5
C01892,Groceries,4920.05
C01892,Healthcare,13275.16
C01892,Online Shopping,83575.76
C01892,Travel,100553.27
C01893,Bills & Utilities,33860.74
C01893,Dining,1318.75
C01893,Electronics,68706.87
C01893,Entertainment,5552.69
C01893,Fashion,15270.32
C01893,Fuel,3751.98
C01893,Groceries,4042.1
C01893,Healthcare,48289.89
C01893,Online Shopping,34836.07
C01893,Travel,89311.73999999999
C01894,Bills & Utilities,24381.09
C01894,Dining,5538.74
C01894,Electronics,109295.72
C01894,Entertainment,5506.79
C01894,Fashion,38154.64
C01894,Fuel,12287.98
C01894,Groceries,6509.48
C01894,Healthcare,13451.25
C01894,Online Shopping,31311.1
C01894,Travel,118364.05
C01895,Bills & Utilities,7269.77
C01895,Dining,6568.72
C01895,Electronics,140089.36
C01895,Entertainment,4225.21
C01895,Fashion,22059.61
C01895,Fuel,6164.33
C01895,Groceries,7153.99
C01895,Healthcare,34461.68
C01895,Online Shopping,29179.15
C01895,Travel,47221.95
C01896,Bills & Utilities,38013.91
C01896,Dining,2691.84
C01896,Electronics,13923.09
C01896,Entertainment,4009.56
C01896,Fashion,17588.010000000002
C01896,Fuel,8808.76
C01896,Healthcare,29541.97
C01896,Online Shopping,44460.48
C01896,Travel,63983.99
C01897,Bills & Utilities,26032.58
C01897,Dining,8878.039999999999
C01897,Electronics,313343.59
C01897,Entertainment,2907.6899999999996
C01897,Fashion,34901.62
C01897,Fuel,1308.2
C01897,Groceries,6410.91
C01897,Healthcare,49633.93
C01897,Travel,98981.72
C01898,Bills & Utilities,10476.060000000001
C01898,Dining,3459.2
C01898,Electronics,197776.91
C01898,Entertainment,5445.34
C01898,Fashion,31295.03
C01898,Fuel,10108.99
C01898,Groceries,4764.04
C01898,Healthcare,19231.22
C01898,Online Shopping,69446.02
C01898,Travel,46747.73
C01899,Bills & Utilities,11622.880000000001
C01899,Dining,5675.27
C01899,Electronics,62908.55
C01899,Entertainment,4468.09
C01899,Fashion,28538.37
C01899,Fuel,5787.76
C01899,Groceries,10467.82
C01899,Healthcare,63094.78
C01899,Online Shopping,27168.760000000002
C01899,Travel,80216.18
C01900,Bills & Utilities,8996.49
C01900,Dining,5474.17
C01900,Electronics,204382.56
C01900,Entertainment,5732.7
C01900,Fashion,7680.32
C01900,Fuel,7793.54
C01900,Groceries,5650.24
C01900,Healthcare,48563.33
C01900,Online Shopping,37463.19
C01900,Travel,45635.89
C01901,Bills & Utilities,14283.04
C01901,Dining,6772.21
C01901,Electronics,168379.41
C01901,Entertainment,4161.42
C01901,Fashion,10156.96
C01901,Fuel,3008.49
C01901,Groceries,10450.710000000001
C01901,Healthcare,47159.29
C01901,Online Shopping,52178.46
C01901,Travel,181273.38
C01902,Bills & Utilities,24009.19
C01902,Dining,6603.139999999999
C01902,Electronics,126702.07
C01902,Entertainment,6744.85
C01902,Fashion,12391.32
C01902,Fuel,12435.3
C01902,Groceries,3376.0899999999997
C01902,Healthcare,21330.65
C01902,Online Shopping,18617.75
C01902,Travel,53917.490000000005
C01903,Bills & Utilities,4553.1900000000005
C01903,Dining,3255.39
C01903,Electronics,113418.93000000001
C01903,Entertainment,6586.68
C01903,Fashion,11033.17
C01903,Fuel,11205.91
C01903,Groceries,1053.36
C01903,Healthcare,89877.02
C01903,Online Shopping,49522.83
C01903,Travel,80273.99
C01904,Bills & Utilities,24778.809999999998
C01904,Dining,5650.17
C01904,Electronics,174729.56
C01904,Entertainment,3367.36
C01904,Fashion,11349.83
C01904,Fuel,18308.7
C01904,Groceries,2313.75
C01904,Healthcare,2471.1800000000003
C01904,Online Shopping,25201.61
C01904,Travel,24696.76
C01905,Bills & Utilities,6130.85
C01905,Dining,3258.34
C01905,Electronics,191617.1
C01905,Entertainment,11251.14
C01905,Fashion,40943.4
C01905,Fuel,3203.28
C01905,Groceries,4453.51
C01905,Online Shopping,18780.9
C01905,Travel,2495.58
C01906,Bills & Utilities,17487.45
C01906,Dining,5934.66
C01906,Electronics,89559.71
C01906,Entertainment,10035.9
C01906,Fashion,26716.43
C01906,Fuel,9240.17
C01906,Groceries,4234.9
C01906,Healthcare,2268.41
C01906,Online Shopping,23637.08
C01906,Travel,161641.6
C01907,Bills & Utilities,15152.88
C01907,Dining,6531.95
C01907,Electronics,254858.76
C01907,Entertainment,5076.450000000001
C01907,Fashion,23052.260000000002
C01907,Fuel,851.32
C01907,Groceries,3397.96
C01907,Healthcare,21714.13
C01907,Online Shopping,44753.799999999996
C01908,Bills & Utilities,8070.4
C01908,Dining,1870.38
C01908,Electronics,108409.96
C01908,Fashion,13388.51
C01908,Fuel,11779.75
C01908,Groceries,5669.29
C01908,Healthcare,2096.17
C01908,Online Shopping,17723.09
C01908,Travel,72794.08
C01909,Bills & Utilities,36217.77
C01909,Dining,4380.77
C01909,Electronics,120068.49
C01909,Entertainment,5549.75
C01909,Fuel,7585.87
C01909,Groceries,2858.79
C01909,Healthcare,26766.920000000002
C01909,Online Shopping,54122.08
C01909,Travel,41097.600000000006
C01910,Bills & Utilities,26845.67
C01910,Dining,6296.650000000001
C01910,Electronics,236771.29
C01910,Entertainment,2127.07
C01910,Fashion,20749.79
C01910,Groceries,12143.44
C01910,Healthcare,39717.4
C01910,Online Shopping,18461.16
C01910,Travel,108612.35
C01911,Bills & Utilities,5572.45
C01911,Dining,5019.740000000001
C01911,Electronics,253104.12
C01911,Entertainment,9170.16
C01911,Fashion,37922.33
C01911,Fuel,9950.49
C01911,Groceries,1627.23
C01911,Healthcare,11773.96
C01911,Online Shopping,42131.43
C01911,Travel,37728.68
C01912,Bills & Utilities,31409.2
C01912,Dining,2311.36
C01912,Electronics,124961.56
C01912,Entertainment,9060.23
C01912,Fashion,16615.35
C01912,Fuel,13750.55
C01912,Groceries,6091.47
C01912,Healthcare,34138.22
C01912,Online Shopping,45470.189999999995
C01912,Travel,50848.17
C01913,Bills & Utilities,1427.86
C01913,Dining,4375.32
C01913,Electronics,54434.43
C01913,Entertainment,4981.55
C01913,Fashion,8886.539999999999
C01913,Groceries,3459.11
C01913,Healthcare,54115.920000000006
C01913,Online Shopping,16091.86
C01913,Travel,16176.41
C01914,Bills & Utilities,15770.32
C01914,Dining,9007.51
C01914,Electronics,159688.15999999997
C01914,Entertainment,4827.16
C01914,Groceries,827.25
C01914,Healthcare,4524.2
C01914,Online Shopping,43359.82
C01914,Travel,57665.67
C01915,Bills & Utilities,14114.310000000001
C01915,Dining,3494.9399999999996
C01915,Entertainment,9322.12
C01915,Fashion,20934.53
C01915,Fuel,4545.33
C01915,Groceries,9268.279999999999
C01915,Healthcare,33935.78
C01915,Online Shopping,81020.93
C01915,Travel,106351.42000000001
C01916,Bills & Utilities,772.81
C01916,Dining,2677.31
C01916,Electronics,221651.49
C01916,Entertainment,6992.78
C01916,Fashion,1602.97
C01916,Fuel,7670.41
C01916,Groceries,9878.86
C01916,Healthcare,24299.96
C01916,Online Shopping,75302.23
C01916,Travel,6530.31
C01917,Bills & Utilities,11306.32
C01917,Dining,5863.889999999999
C01917,Electronics,185389.15000000002
C01917,Entertainment,3234.1800000000003
C01917,Fashion,19995.32
C01917,Fuel,8378.78
C01917,Groceries,4799.360000000001
C01917,Healthcare,51215.47
C01917,Online Shopping,15785.55
C01917,Travel,25133.7
C01918,Bills & Utilities,17662.68
C01918,Dining,3426.1800000000003
C01918,Electronics,70519.0
C01918,Entertainment,8195.02
C01918,Fashion,19184.02
C01918,Groceries,4061.71
C01918,Healthcare,28246.13
C01918,Online Shopping,21462.22
C01918,Travel,20913.66
C01919,Bills & Utilities,7103.32
C01919,Dining,3984.33
C01919,Electronics,103605.67000000001
C01919,Entertainment,8411.05
C01919,Fashion,28466.8
C01919,Fuel,2404.29
C01919,Groceries,1330.13
C01919,Healthcare,34561.26
C01919,Online Shopping,26050.42
C01919,Travel,42334.73
C01920,Bills & Utilities,16334.64
C01920,Dining,10777.66
C01920,Electronics,156485.47999999998
C01920,Entertainment,6691.62
C01920,Fashion,46309.05
C01920,Fuel,3860.21
C01920,Groceries,4324.38
C01920,Healthcare,58005.520000000004
C01920,Online Shopping,23967.53
C01920,Travel,111367.67
C01921,Bills & Utilities,33023.92
C01921,Dining,10134.45
C01921,Electronics,116799.06
C01921,Entertainment,369.14
C01921,Fashion,21583.26
C01921,Fuel,5613.8099999999995
C01921,Groceries,4406.22
C01921,Healthcare,26766.329999999998
C01921,Online Shopping,36734.42
C01921,Travel,84927.34
C01922,Bills & Utilities,3686.83
C01922,Electronics,72894.85
C01922,Entertainment,8549.54
C01922,Fashion,47205.38
C01922,Fuel,9680.24
C01922,Groceries,9793.050000000001
C01922,Healthcare,29732.96
C01922,Online Shopping,62274.72
C01922,Travel,88918.96
C01923,Bills & Utilities,21778.46
C01923,Dining,4143.34
C01923,Electronics,184626.59
C01923,Entertainment,12112.130000000001
C01923,Fashion,33795.56
C01923,Fuel,13389.01
C01923,Groceries,1592.35
C01923,Healthcare,1618.42
C01923,Online Shopping,74932.08
C01923,Travel,80473.65
C01924,Bills & Utilities,21286.559999999998
C01924,Dining,7951.14
C01924,Electronics,105634.41
C01924,Entertainment,6281.93
C01924,Fashion,1615.23
C01924,Fuel,4429.92
C01924,Groceries,4238.07
C01924,Healthcare,29779.7
C01924,Online Shopping,5352.79
C01924,Travel,29811.809999999998
C01925,Bills & Utilities,18022.95
C01925,Dining,7984.379999999999
C01925,Electronics,114323.94
C01925,Entertainment,4755.3
C01925,Fashion,82353.44
C01925,Fuel,15123.5
C01925,Groceries,3013.57
C01925,Healthcare,47075.5
C01925,Online Shopping,6649.49
C01925,Travel,102178.43
C01926,Bills & Utilities,24137.86
C01926,Dining,4349.57
C01926,Electronics,134521.33000000002
C01926,Entertainment,4993.59
C01926,Fashion,10618.7
C01926,Fuel,10331.56
C01926,Groceries,1396.32
C01926,Healthcare,50996.84
C01926,Online Shopping,31749.14
C01926,Travel,9917.36
C01927,Bills & Utilities,27510.239999999998
C01927,Dining,6775.92
C01927,Electronics,58006.0
C01927,Entertainment,3746.24
C01927,Fashion,21219.78
C01927,Fuel,12398.689999999999
C01927,Groceries,3910.25
C01927,Healthcare,34896.369999999995
C01927,Online Shopping,53218.17999999999
C01927,Travel,44266.95
C01928,Bills & Utilities,21129.82
C01928,Dining,3459.31
C01928,Electronics,215274.67
C01928,Entertainment,2025.32
C01928,Fashion,39678.03
C01928,Fuel,5897.93
C01928,Groceries,15956.550000000001
C01928,Healthcare,27788.839999999997
C01928,Travel,120444.99
C01929,Bills & Utilities,3351.6
C01929,Dining,11548.91
C01929,Electronics,49983.09
C01929,Entertainment,2665.11
C01929,Fashion,25439.35
C01929,Fuel,8329.59
C01929,Groceries,4428.24
C01929,Online Shopping,10929.09
C01929,Travel,8907.08
C01930,Bills & Utilities,18146.67
C01930,Dining,5269.99
C01930,Electronics,110041.1
C01930,Entertainment,3962.8599999999997
C01930,Fashion,14305.88
C01930,Fuel,6436.66
C01930,Groceries,9561.109999999999
C01930,Healthcare,32989.369999999995
C01930,Online Shopping,33341.45
C01930,Travel,95049.97
C01931,Bills & Utilities,18541.17
C01931,Dining,6338.62
C01931,Electronics,33291.08
C01931,Entertainment,2532.96
C01931,Fashion,21155.81
C01931,Fuel,7216.969999999999
C01931,Groceries,5405.0
C01931,Healthcare,31157.61
C01931,Online Shopping,7142.339999999999
C01931,Travel,24399.03
C01932,Bills & Utilities,1541.46
C01932,Dining,2095.3
C01932,Electronics,73726.43000000001
C01932,Entertainment,5733.82
C01932,Fashion,32589.76
C01932,Fuel,9122.57
C01932,Groceries,3903.15
C01932,Healthcare,30507.68
C01932,Online Shopping,30673.980000000003
C01932,Travel,67747.53
C01933,Bills & Utilities,13772.22
C01933,Dining,2313.26
C01933,Electronics,46727.810000000005
C01933,Entertainment,6312.27
C01933,Fashion,34749.520000000004
C01933,Fuel,3580.37
C01933,Groceries,4620.6
C01933,Online Shopping,39849.38
C01933,Travel,80202.97
C01934,Bills & Utilities,8685.74
C01934,Dining,6367.0
C01934,Electronics,45219.62
C01934,Entertainment,7927.78
C01934,Fashion,33925.740000000005
C01934,Fuel,6890.95
C01934,Groceries,1400.14
C01934,Healthcare,28980.019999999997
C01934,Online Shopping,5258.67
C01934,Travel,108001.11
C01935,Bills & Utilities,4910.96
C01935,Dining,1324.8600000000001
C01935,Electronics,175538.82
C01935,Entertainment,4461.219999999999
C01935,Fashion,18822.37
C01935,Fuel,13618.4
C01935,Groceries,5652.54
C01935,Healthcare,57221.46000000001
C01935,Online Shopping,32636.78
C01935,Travel,82952.72
C01936,Bills & Utilities,15207.630000000001
C01936,Dining,4429.83
C01936,Electronics,80946.83
C01936,Entertainment,7897.79
C01936,Fashion,33920.69
C01936,Fuel,4123.47
C01936,Groceries,6884.78
C01936,Healthcare,40650.81
C01936,Online Shopping,43184.759999999995
C01936,Travel,73546.47
C01937,Bills & Utilities,3480.15
C01937,Dining,4544.73
C01937,Electronics,105957.94
C01937,Entertainment,4059.9799999999996
C01937,Fashion,64358.54
C01937,Fuel,7532.639999999999
C01937,Groceries,2910.81
C01937,Healthcare,84476.53
C01937,Online Shopping,12131.56
C01937,Travel,30985.12
C01938,Bills & Utilities,18031.35
C01938,Dining,1513.56
C01938,Electronics,73679.38
C01938,Entertainment,6599.360000000001
C01938,Fashion,30499.43
C01938,Fuel,2931.1
C01938,Groceries,8388.57
C01938,Healthcare,50181.94
C01938,Online Shopping,9730.47
C01938,Travel,107313.78
C01939,Bills & Utilities,12150.42
C01939,Dining,6162.52
C01939,Electronics,134332.93
C01939,Entertainment,7542.2300000000005
C01939,Fashion,19505.86
C01939,Fuel,4492.39
C01939,Groceries,4858.16
C01939,Healthcare,43934.79
C01939,Online Shopping,43222.41
C01939,Travel,128335.18
C01940,Bills & Utilities,15693.869999999999
C01940,Dining,1702.03
C01940,Electronics,65284.049999999996
C01940,Entertainment,2916.7599999999998
C01940,Fashion,23667.45
C01940,Fuel,6743.200000000001
C01940,Groceries,2366.85
C01940,Healthcare,43555.229999999996
C01940,Online Shopping,18887.82
C01941,Bills & Utilities,8103.87
C01941,Dining,4856.71
C01941,Electronics,63173.740000000005
C01941,Entertainment,4913.14
C01941,Fashion,31532.6
C01941,Fuel,5952.9400000000005
C01941,Groceries,4592.85
C01941,Healthcare,37187.49
C01941,Online Shopping,56261.41
C01941,Travel,52147.090000000004
C01942,Bills & Utilities,14937.740000000002
C01942,Dining,4979.27
C01942,Electronics,119994.31
C01942,Entertainment,4979.4800000000005
C01942,Fashion,15829.14
C01942,Fuel,3131.65
C01942,Healthcare,61290.76
C01942,Online Shopping,18408.33
C01942,Travel,175729.17
C01943,Bills & Utilities,25524.11
C01943,Dining,4570.02
C01943,Electronics,155141.47999999998
C01943,Entertainment,5731.8
C01943,Fashion,23282.62
C01943,Fuel,6699.79
C01943,Groceries,7435.9800000000005
C01943,Healthcare,33030.34
C01943,Online Shopping,25671.16
C01943,Travel,114117.3
C01944,Bills & Utilities,6849.11
C01944,Dining,8480.68
C01944,Electronics,57023.51
C01944,Entertainment,9796.7
C01944,Fashion,8967.16
C01944,Fuel,6675.82
C01944,Healthcare,40769.84
C01944,Online Shopping,15027.07
C01944,Travel,64758.43
C01945,Bills & Utilities,8815.59
C01945,Dining,4989.91
C01945,Electronics,183104.69
C01945,Entertainment,8841.77
C01945,Fashion,16772.02
C01945,Fuel,15130.55
C01945,Groceries,8429.03
C01945,Healthcare,20124.989999999998
C01945,Online Shopping,21893.44
C01945,Travel,115304.14
C01946,Bills & Utilities,20418.93
C01946,Dining,5043.8
C01946,Electronics,42235.24
C01946,Entertainment,1947.61
C01946,Fashion,23914.96
C01946,Fuel,13022.78
C01946,Groceries,5415.78
C01946,Healthcare,22454.370000000003
C01946,Online Shopping,59452.58
C01946,Travel,29009.36
C01947,Bills & Utilities,7396.65
C01947,Dining,6488.11
C01947,Electronics,34161.14
C01947,Entertainment,2964.32
C01947,Fashion,33939.11
C01947,Fuel,8105.54
C01947,Groceries,6682.299999999999
C01947,Healthcare,29214.129999999997
C01947,Online Shopping,50944.83
C01947,Travel,120234.73
C01948,Bills & Utilities,14028.99
C01948,Dining,3265.91
C01948,Electronics,25303.46
C01948,Entertainment,10161.91
C01948,Fashion,42712.34
C01948,Fuel,4367.28
C01948,Groceries,5595.93
C01948,Healthcare,48015.21000000001
C01948,Online Shopping,57467.57
C01948,Travel,82954.76
C01949,Bills & Utilities,16291.43
C01949,Dining,6435.16
C01949,Electronics,163568.28999999998
C01949,Entertainment,5090.8
C01949,Fashion,23953.27
C01949,Fuel,9225.51
C01949,Groceries,4743.93
C01949,Healthcare,18848.86
C01949,Online Shopping,35419.84
C01949,Travel,35463.72
C01950,Bills & Utilities,14031.78
C01950,Dining,7566.8
C01950,Electronics,127300.35999999999
C01950,Entertainment,8020.02
C01950,Fashion,67916.37
C01950,Fuel,6249.41
C01950,Groceries,6083.34
C01950,Healthcare,38375.25
C01950,Online Shopping,62358.229999999996
C01950,Travel,40951.979999999996
C01951,Bills & Utilities,12005.95
C01951,Dining,6274.27
C01951,Electronics,148844.16999999998
C01951,Entertainment,4251.75
C01951,Fashion,25484.58
C01951,Fuel,4191.32
C01951,Groceries,8232.75
C01951,Healthcare,43047.130000000005
C01951,Online Shopping,49749.27
C01951,Travel,158578.27
C01952,Bills & Utilities,4054.24
C01952,Dining,226.69
C01952,Electronics,17698.34
C01952,Entertainment,3201.75
C01952,Fashion,23064.48
C01952,Fuel,16958.55
C01952,Groceries,4219.98
C01952,Healthcare,11612.57
C01952,Online Shopping,45450.21
C01952,Travel,95086.19
C01953,Bills & Utilities,8891.35
C01953,Dining,3601.81
C01953,Electronics,39003.89
C01953,Entertainment,679.23
C01953,Fashion,24624.45
C01953,Fuel,3225.86
C01953,Groceries,7251.7
C01953,Healthcare,52792.71
C01953,Online Shopping,26686.760000000002
C01953,Travel,159246.6
C01954,Bills & Utilities,16659.24
C01954,Dining,6222.72
C01954,Electronics,73026.54000000001
C01954,Entertainment,3973.96
C01954,Fashion,12054.35
C01954,Fuel,8018.92
C01954,Groceries,1521.0
C01954,Healthcare,61392.37
C01954,Online Shopping,63245.0
C01954,Travel,70372.83
C01955,Bills & Utilities,26289.379999999997
C01955,Dining,509.64
C01955,Electronics,109306.78
C01955,Entertainment,1221.75
C01955,Fashion,20952.61
C01955,Fuel,14808.17
C01955,Groceries,3454.0
C01955,Healthcare,34615.770000000004
C01955,Online Shopping,29536.73
C01956,Bills & Utilities,5740.08
C01956,Dining,1752.31
C01956,Electronics,60937.380000000005
C01956,Entertainment,8018.219999999999
C01956,Fashion,61736.54
C01956,Fuel,5286.07
C01956,Groceries,13419.31
C01956,Healthcare,33915.229999999996
C01956,Online Shopping,39638.369999999995
C01957,Bills & Utilities,30401.09
C01957,Dining,3411.58
C01957,Electronics,99867.76
C01957,Entertainment,5359.12
C01957,Fashion,23963.73
C01957,Fuel,3606.8100000000004
C01957,Groceries,10443.64
C01957,Healthcare,18522.0
C01957,Online Shopping,83639.68
C01957,Travel,4285.91
C01958,Bills & Utilities,5917.04
C01958,Dining,6200.32
C01958,Electronics,149060.1
C01958,Entertainment,6834.05
C01958,Fashion,40888.84
C01958,Fuel,2169.48
C01958,Groceries,7164.99
C01958,Healthcare,16597.38
C01958,Online Shopping,35955.92
C01958,Travel,20593.0
C01959,Bills & Utilities,13981.2
C01959,Dining,3043.35
C01959,Electronics,13454.73
C01959,Entertainment,6872.87
C01959,Fashion,16549.61
C01959,Fuel,16144.34
C01959,Groceries,4683.17
C01959,Healthcare,31569.45
C01959,Online Shopping,50175.8
C01959,Travel,6096.37
C01960,Bills & Utilities,23077.82
C01960,Dining,4585.74
C01960,Electronics,263067.63
C01960,Entertainment,9299.779999999999
C01960,Fuel,10713.880000000001
C01960,Groceries,3937.2200000000003
C01960,Healthcare,41803.39
C01960,Online Shopping,75305.47
C01961,Bills & Utilities,24053.6
C01961,Dining,3153.55
C01961,Electronics,105774.2
C01961,Entertainment,4346.22
C01961,Fashion,43156.630000000005
C01961,Fuel,9972.7
C01961,Groceries,4559.2
C01961,Healthcare,23856.96
C01961,Online Shopping,14930.38
C01961,Travel,71796.86
C01962,Bills & Utilities,1022.09
C01962,Dining,3499.64
C01962,Electronics,30413.03
C01962,Entertainment,8670.21
C01962,Fashion,12757.310000000001
C01962,Fuel,9062.04
C01962,Groceries,5954.92
C01962,Healthcare,39890.979999999996
C01962,Online Shopping,41434.56
C01962,Travel,37137.05
C01963,Bills & Utilities,6738.81
C01963,Dining,5820.5
C01963,Electronics,164532.16999999998
C01963,Entertainment,3298.3199999999997
C01963,Fashion,41445.770000000004
C01963,Fuel,4969.47
C01963,Groceries,942.18
C01963,Healthcare,38127.89
C01963,Online Shopping,9008.75
C01963,Travel,44552.380000000005
C01964,Bills & Utilities,9787.52
C01964,Dining,6230.15
C01964,Electronics,100722.43
C01964,Entertainment,4359.49
C01964,Fashion,14655.140000000001
C01964,Fuel,7157.91
C01964,Groceries,5166.3099999999995
C01964,Healthcare,10016.34
C01964,Online Shopping,18938.3
C01964,Travel,115737.84999999999
C01965,Bills & Utilities,32692.739999999998
C01965,Dining,3270.24
C01965,Electronics,115233.45
C01965,Entertainment,5285.92
C01965,Fuel,8374.9
C01965,Groceries,5296.63
C01965,Healthcare,31442.26
C01965,Online Shopping,41589.74
C01965,Travel,182961.0
C01966,Bills & Utilities,20058.37
C01966,Dining,1457.69
C01966,Electronics,130242.55
C01966,Entertainment,6047.86
C01966,Fashion,28538.129999999997
C01966,Fuel,11676.16
C01966,Groceries,6588.51
C01966,Healthcare,21125.690000000002
C01966,Online Shopping,40285.56
C01966,Travel,90999.9
C01967,Bills & Utilities,23648.98
C01967,Dining,2541.0099999999998
C01967,Electronics,124287.44
C01967,Entertainment,6510.96
C01967,Fashion,43722.96
C01967,Fuel,5246.02
C01967,Groceries,8767.539999999999
C01967,Healthcare,4674.73
C01967,Online Shopping,37407.06
C01967,Travel,40411.57
C01968,Bills & Utilities,15792.67
C01968,Dining,7260.68
C01968,Electronics,169056.8
C01968,Entertainment,9811.71
C01968,Fashion,11395.779999999999
C01968,Fuel,3988.3
C01968,Groceries,9143.720000000001
C01968,Online Shopping,21518.739999999998
C01968,Travel,70471.62
C01969,Bills & Utilities,5037.63
C01969,Dining,921.82
C01969,Electronics,59754.66
C01969,Entertainment,9566.36
C01969,Fashion,33606.11
C01969,Fuel,10032.24
C01969,Groceries,1807.49
C01969,Healthcare,5366.31
C01969,Online Shopping,44814.92
C01969,Travel,74272.45
C01970,Bills & Utilities,36551.19
C01970,Dining,3778.02
C01970,Electronics,91547.16
C01970,Entertainment,12544.150000000001
C01970,Fashion,28888.23
C01970,Fuel,4641.98
C01970,Groceries,3283.8199999999997
C01970,Healthcare,50754.54
C01970,Online Shopping,23997.04
C01970,Travel,98974.87
C01971,Bills & Utilities,15031.41
C01971,Dining,2164.27
C01971,Electronics,72747.6
C01971,Entertainment,3455.62
C01971,Fashion,19269.12
C01971,Fuel,2672.36
C01971,Groceries,1083.65
C01971,Healthcare,63039.61
C01971,Online Shopping,30010.08
C01971,Travel,48043.86
C01972,Bills & Utilities,27585.0
C01972,Dining,1772.9
C01972,Electronics,96818.25
C01972,Entertainment,5702.06
C01972,Fashion,15296.35
C01972,Fuel,10990.27
C01972,Groceries,4426.03
C01972,Healthcare,31671.420000000002
C01972,Online Shopping,43664.7
C01972,Travel,90270.28
C01973,Bills & Utilities,13798.849999999999
C01973,Dining,5411.29
C01973,Electronics,85869.95
C01973,Entertainment,6755.54
C01973,Fashion,27302.86
C01973,Fuel,17585.24
C01973,Groceries,4538.78
C01973,Healthcare,66652.52
C01973,Online Shopping,66817.31
C01973,Travel,133418.47999999998
C01974,Bills & Utilities,21464.94
C01974,Dining,3380.99
C01974,Electronics,106727.70999999999
C01974,Entertainment,5782.5
C01974,Fashion,27952.37
C01974,Fuel,3918.49
C01974,Groceries,3936.73
C01974,Healthcare,38883.02
C01974,Online Shopping,45454.95
C01974,Travel,31895.83
C01975,Bills & Utilities,12791.54
C01975,Dining,2932.7
C01975,Electronics,137906.07
C01975,Entertainment,8346.77
C01975,Fashion,7971.0
C01975,Groceries,6923.0
C01975,Healthcare,36230.8
C01975,Online Shopping,16308.46
C01975,Travel,87467.43
C01976,Bills & Utilities,2712.58
C01976,Dining,7817.89
C01976,Electronics,167923.96000000002
C01976,Entertainment,4490.62
C01976,Fashion,4886.59
C01976,Fuel,636.17
C01976,Groceries,10350.599999999999
C01976,Healthcare,36747.21
C01976,Online Shopping,27128.04
C01976,Travel,63471.990000000005
C01977,Bills & Utilities,14209.41
C01977,Dining,9507.75
C01977,Electronics,80404.8
C01977,Entertainment,2474.35
C01977,Fashion,7859.38
C01977,Fuel,6768.31
C01977,Groceries,4543.79
C01977,Healthcare,56488.240000000005
C01977,Online Shopping,21896.14
C01977,Travel,15452.470000000001
C01978,Bills & Utilities,22249.38
C01978,Dining,1563.64
C01978,Electronics,67300.52
C01978,Entertainment,825.5699999999999
C01978,Fashion,57223.78
C01978,Fuel,8182.8099999999995
C01978,Groceries,11618.83
C01978,Healthcare,33853.270000000004
C01978,Online Shopping,32361.63
C01978,Travel,58590.35
C01979,Bills & Utilities,27261.14
C01979,Electronics,220387.9
C01979,Entertainment,11062.15
C01979,Fashion,16557.07
C01979,Fuel,13900.34
C01979,Groceries,248.55
C01979,Healthcare,32333.97
C01979,Online Shopping,50571.07
C01979,Travel,52009.020000000004
C01980,Bills & Utilities,16831.44
C01980,Dining,3293.45
C01980,Electronics,17886.67
C01980,Entertainment,2069.0
C01980,Fashion,20884.35
C01980,Fuel,4228.31
C01980,Groceries,10295.14
C01980,Healthcare,21432.41
C01980,Online Shopping,51830.87
C01980,Travel,134455.16
C01981,Bills & Utilities,13140.44
C01981,Dining,2801.91
C01981,Electronics,12820.599999999999
C01981,Entertainment,6922.799999999999
C01981,Fashion,12710.26
C01981,Fuel,3246.72
C01981,Groceries,5000.55
C01981,Healthcare,55038.73
C01981,Online Shopping,5198.99
C01981,Travel,44105.03999999999
C01982,Bills & Utilities,26625.72
C01982,Dining,8146.43
C01982,Electronics,111495.79000000001
C01982,Entertainment,4596.46
C01982,Fashion,9979.19
C01982,Groceries,12820.59
C01982,Healthcare,78987.9
C01982,Online Shopping,70748.03
C01982,Travel,159519.41999999998
C01983,Bills & Utilities,14559.0
C01983,Dining,7211.9
C01983,Electronics,272585.15
C01983,Entertainment,6899.95
C01983,Fashion,18960.440000000002
C01983,Groceries,7025.83
C01983,Healthcare,40961.7
C01983,Online Shopping,33644.35
C01983,Travel,18104.23
C01984,Bills & Utilities,8561.970000000001
C01984,Dining,5524.86
C01984,Electronics,209357.48
C01984,Entertainment,7257.11
C01984,Fashion,49823.67
C01984,Fuel,11427.93
C01984,Groceries,1367.44
C01984,Healthcare,17014.07
C01984,Online Shopping,13171.04
C01984,Travel,156521.59
C01985,Bills & Utilities,18370.92
C01985,Dining,9837.14
C01985,Electronics,97137.31999999999
C01985,Fashion,48870.18
C01985,Fuel,4164.54
C01985,Groceries,2785.09
C01985,Healthcare,43464.86
C01985,Online Shopping,13767.580000000002
C01985,Travel,70320.1
C01986,Bills & Utilities,15127.77
C01986,Dining,1928.44
C01986,Electronics,52043.55
C01986,Entertainment,1834.8899999999999
C01986,Fashion,32919.86
C01986,Fuel,8623.97
C01986,Groceries,944.82
C01986,Healthcare,29308.58
C01986,Online Shopping,74822.33
C01986,Travel,120820.87
C01987,Bills & Utilities,21360.010000000002
C01987,Electronics,134500.01
C01987,Entertainment,8862.47
C01987,Fashion,9636.21
C01987,Fuel,9163.22
C01987,Groceries,8761.67
C01987,Healthcare,16795.09
C01987,Online Shopping,24185.190000000002
C01987,Travel,11037.38
C01988,Bills & Utilities,25990.37
C01988,Dining,1500.75
C01988,Electronics,94836.15
C01988,Entertainment,11519.74
C01988,Fashion,32360.16
C01988,Fuel,4630.59
C01988,Groceries,10015.34
C01988,Online Shopping,26140.5
C01988,Travel,89456.97
C01989,Bills & Utilities,17347.43
C01989,Dining,7923.68
C01989,Electronics,115808.54999999999
C01989,Entertainment,15211.14
C01989,Fashion,43353.2
C01989,Fuel,11262.39
C01989,Groceries,9979.11
C01989,Healthcare,71204.23
C01989,Online Shopping,43915.94
C01989,Travel,145029.89
C01990,Bills & Utilities,17073.64
C01990,Dining,4731.68
C01990,Electronics,143245.06
C01990,Entertainment,5820.43
C01990,Fashion,37014.0
C01990,Fuel,6925.2
C01990,Groceries,6611.77
C01990,Healthcare,31298.46
C01990,Online Shopping,4239.03
C01990,Travel,12149.69
C01991,Bills & Utilities,26595.21
C01991,Dining,4822.08
C01991,Electronics,65016.45
C01991,Entertainment,2558.01
C01991,Fashion,20417.84
C01991,Fuel,7400.7300000000005
C01991,Groceries,6827.6900000000005
C01991,Healthcare,11247.289999999999
C01991,Online Shopping,12833.37
C01991,Travel,67774.98
C01992,Bills & Utilities,16941.25
C01992,Dining,5763.53
C01992,Electronics,65258.05
C01992,Entertainment,5197.3099999999995
C01992,Fashion,3330.89
C01992,Fuel,4540.35
C01992,Groceries,9547.74
C01992,Healthcare,40711.06
C01992,Online Shopping,95770.82
C01992,Travel,159294.93
C01993,Bills & Utilities,10091.810000000001
C01993,Dining,3593.77
C01993,Electronics,64864.950000000004
C01993,Entertainment,3523.5299999999997
C01993,Fashion,47472.09
C01993,Fuel,6576.73
C01993,Groceries,2711.95
C01993,Healthcare,2505.35
C01993,Online Shopping,37971.990000000005
C01993,Travel,48324.42
C01994,Bills & Utilities,16175.24
C01994,Dining,10313.19
C01994,Electronics,152252.18000000002
C01994,Entertainment,2641.63
C01994,Fashion,68973.05
C01994,Fuel,9685.33
C01994,Groceries,11459.9
C01994,Healthcare,15636.66
C01994,Online Shopping,17759.07
C01995,Bills & Utilities,15466.36
C01995,Dining,960.5
C01995,Electronics,247380.72
C01995,Entertainment,3846.4800000000005
C01995,Fashion,28019.95
C01995,Fuel,10087.83
C01995,Groceries,10937.32
C01995,Healthcare,18959.31
C01995,Online Shopping,23419.66
C01995,Travel,53054.9
C01996,Bills & Utilities,5357.87
C01996,Dining,2843.59
C01996,Electronics,102158.06
C01996,Entertainment,1083.12
C01996,Fashion,42871.130000000005
C01996,Fuel,7204.43
C01996,Groceries,2589.91
C01996,Healthcare,9114.77
C01996,Online Shopping,54976.47
C01996,Travel,11058.86
C01997,Bills & Utilities,16523.55
C01997,Dining,6828.66
C01997,Entertainment,7365.49
C01997,Fashion,46019.729999999996
C01997,Fuel,8960.47
C01997,Groceries,600.02
C01997,Healthcare,15805.2
C01997,Online Shopping,57564.72
C01997,Travel,88297.47
C01998,Bills & Utilities,8316.5
C01998,Dining,7726.92
C01998,Electronics,89091.64
C01998,Entertainment,5773.16
C01998,Fashion,37685.729999999996
C01998,Fuel,6672.82
C01998,Groceries,3389.93
C01998,Healthcare,49256.66
C01998,Online Shopping,67163.93
C01999,Bills & Utilities,10791.960000000001
C01999,Dining,4293.1
C01999,Electronics,63209.23
C01999,Entertainment,3383.7799999999997
C01999,Fashion,47820.57
C01999,Fuel,10893.74
C01999,Groceries,1728.92
C01999,Healthcare,58027.27
C01999,Online Shopping,29346.46
C01999,Travel,58965.899999999994
C02000,Bills & Utilities,23007.59
C02000,Dining,10532.99
C02000,Electronics,72242.44
C02000,Entertainment,7573.62
C02000,Fashion,8169.79
C02000,Fuel,10243.08
C02000,Groceries,2335.39
C02000,Healthcare,21860.52
C02000,Online Shopping,11034.58
C02000,Travel,51772.57
